path,curFrame,Deleted,pixelSpacingX,pixelSpacingY,pixelSpacingZ,tra_UL_x,tra_UL_y,tra_LL_x,tra_LL_y,tra_LR_x,tra_LR_y,tra_UR_x,tra_UR_y,cor_UL_x,cor_UL_y,cor_LL_x,cor_LL_y,cor_LR_x,cor_LR_y,cor_UR_x,cor_UR_y,Dirty
./data/train/PICAI/10837/,7,0,0.5625,0.5625,3.5999999576145,57.30027430792768,32.192581796800994,284.8220312909924,164.90976267154417,219.69972569207232,276.8074182031989,-7.822031290992328,144.09023732845583,175.56539703189176,21.80829714825984,263.86809220656494,73.95840764563789,128.43460296810824,307.1917028517401,40.13190779343502,255.0415923543621,True
./data/train/PICAI/10837/,8,0,0.5625,0.5625,3.5999999576145,57.30027430792768,32.192581796800994,284.8220312909924,164.90976267154417,219.69972569207232,276.8074182031989,-7.822031290992328,144.09023732845583,175.56539703189176,21.80829714825984,263.86809220656494,73.95840764563789,128.43460296810824,307.1917028517401,40.13190779343502,255.0415923543621,True
./data/train/PICAI/10837/,9,0,0.5625,0.5625,3.5999999576145,57.30027430792768,32.192581796800994,284.8220312909924,164.90976267154417,219.69972569207232,276.8074182031989,-7.822031290992328,144.09023732845583,175.56539703189176,21.80829714825984,263.86809220656494,73.95840764563789,128.43460296810824,307.1917028517401,40.13190779343502,255.0415923543621,True
