path,curFrame,Deleted,pixelSpacingX,pixelSpacingY,pixelSpacingZ,tra_UL_x,tra_UL_y,tra_LL_x,tra_LL_y,tra_LR_x,tra_LR_y,tra_UR_x,tra_UR_y,cor_UL_x,cor_UL_y,cor_LL_x,cor_LL_y,cor_LR_x,cor_LR_y,cor_UR_x,cor_UR_y,Dirty
./data/train/PICAI/10365/,9,0,0.5625,0.5625,3.599999957614445,35.96165336162328,49.03703091823196,304.2489042245157,131.4503248970037,259.0383466383767,279.96296908176805,-8.2495133974966,197.5845745996988,130.04380271458726,26.040736008175173,257.7437370154631,65.52145002846613,179.95619728541274,315.9592639918248,52.2562629845369,276.4785499715339,True
./data/train/PICAI/10365/,8,0,0.5625,0.5625,3.599999957614445,35.96165336162328,49.03703091823196,304.2489042245157,131.4503248970037,259.0383466383767,279.96296908176805,-8.2495133974966,197.5845745996988,130.04380271458726,26.040736008175173,257.7437370154631,65.52145002846613,179.95619728541274,315.9592639918248,52.2562629845369,276.4785499715339,True
./data/train/PICAI/10365/,10,0,0.5625,0.5625,3.599999957614445,35.96165336162328,49.03703091823196,304.2489042245157,131.4503248970037,259.0383466383767,279.96296908176805,-8.2495133974966,197.5845745996988,130.04380271458726,26.040736008175173,257.7437370154631,65.52145002846613,179.95619728541274,315.9592639918248,52.2562629845369,276.4785499715339,True
