path,curFrame,Deleted,pixelSpacingX,pixelSpacingY,pixelSpacingZ,tra_UL_x,tra_UL_y,tra_LL_x,tra_LL_y,tra_LR_x,tra_LR_y,tra_UR_x,tra_UR_y,cor_UL_x,cor_UL_y,cor_LL_x,cor_LL_y,cor_LR_x,cor_LR_y,cor_UR_x,cor_UR_y,Dirty
./data/train/PICAI/11204/,8,0,0.5625,0.5625,3.599999957614445,-14.319853403090876,74.80572591717831,282.00111892574995,107.4841799517616,264.3198534030909,260.1942740828217,-32.00111892574991,227.5158200482384,83.10780209504986,33.72616973532507,216.68987252593715,48.07296238725523,186.8921979049501,312.2738302646749,53.31012747406287,297.92703761274475,True
./data/train/PICAI/11204/,9,0,0.5625,0.5625,3.599999957614445,-14.319853403090876,74.80572591717831,282.00111892574995,107.4841799517616,264.3198534030909,260.1942740828217,-32.00111892574991,227.5158200482384,83.10780209504986,33.72616973532507,216.68987252593715,48.07296238725523,186.8921979049501,312.2738302646749,53.31012747406287,297.92703761274475,True
./data/train/PICAI/11204/,10,0,0.5625,0.5625,3.599999957614445,-14.319853403090876,74.80572591717831,282.00111892574995,107.4841799517616,264.3198534030909,260.1942740828217,-32.00111892574991,227.5158200482384,83.10780209504986,33.72616973532507,216.68987252593715,48.07296238725523,186.8921979049501,312.2738302646749,53.31012747406287,297.92703761274475,True
