path,curFrame,Deleted,pixelSpacingX,pixelSpacingY,pixelSpacingZ,tra_UL_x,tra_UL_y,tra_LL_x,tra_LL_y,tra_LR_x,tra_LR_y,tra_UR_x,tra_UR_y,cor_UL_x,cor_UL_y,cor_LL_x,cor_LL_y,cor_LR_x,cor_LR_y,cor_UR_x,cor_UR_y,Dirty
./data/train/PICAI/11012/,9,0,0.5625,0.5625,3.6000000635782774,15.065986027593183,68.43581961888299,267.32385023627626,135.0013508259093,234.9340139724068,259.56418038111696,-16.32628618601649,192.92889270034652,122.31359394852726,32.617622908860966,216.25193725849903,57.12451288245596,149.68640605147274,309.382377091139,55.74806274150099,284.875487117544,True
./data/train/PICAI/11012/,10,0,0.5625,0.5625,3.6000000635782774,15.065986027593183,68.43581961888299,267.32385023627626,135.0013508259093,234.9340139724068,259.56418038111696,-16.32628618601649,192.92889270034652,122.31359394852726,32.617622908860966,216.25193725849903,57.12451288245596,149.68640605147274,309.382377091139,55.74806274150099,284.875487117544,True
./data/train/PICAI/11012/,11,0,0.5625,0.5625,3.6000000635782774,15.065986027593183,68.43581961888299,267.32385023627626,135.0013508259093,234.9340139724068,259.56418038111696,-16.32628618601649,192.92889270034652,122.31359394852726,32.617622908860966,216.25193725849903,57.12451288245596,149.68640605147274,309.382377091139,55.74806274150099,284.875487117544,True
