path,curFrame,Deleted,pixelSpacingX,pixelSpacingY,pixelSpacingZ,tra_UL_x,tra_UL_y,tra_LL_x,tra_LL_y,tra_LR_x,tra_LR_y,tra_UR_x,tra_UR_y,cor_UL_x,cor_UL_y,cor_LL_x,cor_LL_y,cor_LR_x,cor_LR_y,cor_UR_x,cor_UR_y,Dirty,h_par_cor,h_orth_cor,h_par_tra,h_orth_tra
./data/train/PICAI/10179/,-1,0,-1.0,-1.0,-1.0,-1.0,-1.0,-1.0,-1.0,-1.0,-1.0,-1.0,-1.0,-1.0,-1.0,-1.0,-1.0,-1.0,-1.0,-1.0,-1.0,False,80.0,60.0,30.0,160.0
./data/train/PICAI/10179/,11,0,0.5625,0.5625,3.6000000190620165,67.41713328863045,21.201046335742205,299.8437841930057,148.4953979361794,226.5828667113695,281.7989536642578,-4.8589764399935405,154.67825024148752,151.3960066126273,18.72231613639724,266.21894452413,81.61661579360934,140.6039933873727,310.2776838636028,25.78105547586993,247.3833842063908,True,,,,
./data/train/PICAI/10179/,10,0,0.5625,0.5625,3.6000000190620165,56.36366803734049,28.632977050981594,299.00029912481784,135.1856178184422,237.63633196265943,274.36702294901846,-4.0041044267261725,167.90153792430544,142.6701108652017,18.806751270789448,262.53771223317653,71.45424069135241,157.3298891347983,310.1932487292107,37.46228776682342,257.5457593086477,True,,,,
./data/train/PICAI/10179/,12,0,0.5625,0.5625,3.6000000190620165,67.41713328863045,21.201046335742205,299.8437841930057,148.4953979361794,226.5828667113695,281.7989536642578,-4.8589764399935405,154.67825024148752,151.3960066126273,18.72231613639724,266.21894452413,81.61661579360934,140.6039933873727,310.2776838636028,25.78105547586993,247.3833842063908,True,,,,
