path,curFrame,Deleted,pixelSpacingX,pixelSpacingY,pixelSpacingZ,tra_UL_x,tra_UL_y,tra_LL_x,tra_LL_y,tra_LR_x,tra_LR_y,tra_UR_x,tra_UR_y,cor_UL_x,cor_UL_y,cor_LL_x,cor_LL_y,cor_LR_x,cor_LR_y,cor_UR_x,cor_UR_y,Dirty
./data/train/PICAI/10044/,10,0,0.5625,0.5625,3.6000000635783334,38.0,32.0,281.0,149.0,225.0,263.0,-16.0,146.0,165.0,15.0,249.0,56.0,132.0,300.0,47.0,259.0,True
./data/train/PICAI/10044/,11,0,0.5625,0.5625,3.6000000635783334,40.029993446383656,30.385791207550795,280.9510518162245,151.60890630510846,222.9700065536164,264.6142087924492,-15.951356425911795,143.42599850776608,167.48445488739335,15.30966814642943,250.7561126166016,57.76942578857329,129.51554511260665,299.69033185357057,45.24403968824201,257.21312180498944,True
./data/train/PICAI/10044/,12,0,0.5625,0.5625,3.6000000635783334,38.0,32.0,281.0,149.0,225.0,263.0,-16.0,146.0,165.0,15.0,249.0,56.0,132.0,300.0,47.0,259.0,True
