path,curFrame,Deleted,pixelSpacingX,pixelSpacingY,pixelSpacingZ,tra_UL_x,tra_UL_y,tra_LL_x,tra_LL_y,tra_LR_x,tra_LR_y,tra_UR_x,tra_UR_y,cor_UL_x,cor_UL_y,cor_LL_x,cor_LL_y,cor_LR_x,cor_LR_y,cor_UR_x,cor_UR_y,Dirty
./data/train/PICAI/11077/,8,0,0.5625,0.5625,3.599999904632555,111.122694614402,17.56214038484032,272.44024943811166,225.1618670361524,165.87730538559808,307.4378596151596,5.134963038840255,101.13008133989008,204.88946629405308,52.216044967139695,270.710260357259,137.46640020915072,63.11053370594681,298.7839550328604,-3.6438407837561897,213.175231841304,True
./data/train/PICAI/11077/,7,0,0.5625,0.5625,3.599999904632555,111.122694614402,17.56214038484032,272.44024943811166,225.1618670361524,165.87730538559808,307.4378596151596,5.134963038840255,101.13008133989008,204.88946629405308,52.216044967139695,270.710260357259,137.46640020915072,63.11053370594681,298.7839550328604,-3.6438407837561897,213.175231841304,True
./data/train/PICAI/11077/,9,0,0.5625,0.5625,3.599999904632555,111.122694614402,17.56214038484032,272.44024943811166,225.1618670361524,165.87730538559808,307.4378596151596,5.134963038840255,101.13008133989008,204.88946629405308,52.216044967139695,270.710260357259,137.46640020915072,63.11053370594681,298.7839550328604,-3.6438407837561897,213.175231841304,True
