path,curFrame,Deleted,pixelSpacingX,pixelSpacingY,pixelSpacingZ,tra_UL_x,tra_UL_y,tra_LL_x,tra_LL_y,tra_LR_x,tra_LR_y,tra_UR_x,tra_UR_y,cor_UL_x,cor_UL_y,cor_LL_x,cor_LL_y,cor_LR_x,cor_LR_y,cor_UR_x,cor_UR_y,Dirty
./data/train/PICAI/11363/,10,0,0.5625,0.5625,3.5999999046325497,91.32960121897634,-0.6863308648037787,304.5737831318428,182.66829514804712,198.67039878102364,306.68633086480384,-14.57378313184276,123.33170485195288,187.52432492790257,13.12996463648318,285.0740397717585,96.6407611473678,101.47567507209746,311.8700353635168,3.055283420005225,227.24482335758583,True
./data/train/PICAI/11363/,9,0,0.5625,0.5625,3.5999999046325497,91.32960121897634,-0.6863308648037787,304.5737831318428,182.66829514804712,198.67039878102364,306.68633086480384,-14.57378313184276,123.33170485195288,187.52432492790257,13.12996463648318,285.0740397717585,96.6407611473678,101.47567507209746,311.8700353635168,3.055283420005225,227.24482335758583,True
./data/train/PICAI/11363/,11,0,0.5625,0.5625,3.5999999046325497,91.32960121897634,-0.6863308648037787,304.5737831318428,182.66829514804712,198.67039878102364,306.68633086480384,-14.57378313184276,123.33170485195288,187.52432492790257,13.12996463648318,285.0740397717585,96.6407611473678,101.47567507209746,311.8700353635168,3.055283420005225,227.24482335758583,True
