path,curFrame,Deleted,pixelSpacingX,pixelSpacingY,pixelSpacingZ,tra_UL_x,tra_UL_y,tra_LL_x,tra_LL_y,tra_LR_x,tra_LR_y,tra_UR_x,tra_UR_y,cor_UL_x,cor_UL_y,cor_LL_x,cor_LL_y,cor_LR_x,cor_LR_y,cor_UR_x,cor_UR_y,Dirty
./data/train/PICAI/11319/,13,0,0.5625,0.5625,3.5999999841054167,91.61644429435688,-7.204884603927671,312.85439548778174,177.33265652850923,189.02700226167573,324.95406168134,-31.39304831298608,141.67285341201512,175.38031992390376,10.91714266413507,292.5979770393129,107.76765046029678,103.61968007609624,335.0828573358649,-13.373025984969132,237.25797947491805,True
./data/train/PICAI/11319/,12,0,0.5625,0.5625,3.5999999841054167,91.61644429435688,-7.204884603927671,312.85439548778174,177.33265652850923,189.02700226167573,324.95406168134,-31.39304831298608,141.67285341201512,175.38031992390376,10.91714266413507,292.5979770393129,107.76765046029678,103.61968007609624,335.0828573358649,-13.373025984969132,237.25797947491805,True
./data/train/PICAI/11319/,14,0,0.5625,0.5625,3.5999999841054167,91.61644429435688,-7.204884603927671,312.85439548778174,177.33265652850923,189.02700226167573,324.95406168134,-31.39304831298608,141.67285341201512,175.38031992390376,10.91714266413507,292.5979770393129,107.76765046029678,103.61968007609624,335.0828573358649,-13.373025984969132,237.25797947491805,True
