path,curFrame,Deleted,pixelSpacingX,pixelSpacingY,pixelSpacingZ,tra_UL_x,tra_UL_y,tra_LL_x,tra_LL_y,tra_LR_x,tra_LR_y,tra_UR_x,tra_UR_y,cor_UL_x,cor_UL_y,cor_LL_x,cor_LL_y,cor_LR_x,cor_LR_y,cor_UR_x,cor_UR_y,Dirty
./data/train/PICAI/10773/,8,0,0.5625,0.5625,3.599999957614445,75.24964469453053,31.214331176618856,280.5627598650244,184.67939149650903,204.75035530546947,285.7856688233812,0.4358696697301809,132.26827254724802,184.9473675097865,32.67083121060307,263.08941190344217,90.66066564716586,103.05263249021344,304.32916878939693,24.91058809655786,246.33933435283416,True
./data/train/PICAI/10773/,9,0,0.5625,0.5625,3.599999957614445,75.24964469453053,31.214331176618856,280.5627598650244,184.67939149650903,204.75035530546947,285.7856688233812,0.4358696697301809,132.26827254724802,184.9473675097865,32.67083121060307,263.08941190344217,90.66066564716586,103.05263249021344,304.32916878939693,24.91058809655786,246.33933435283416,True
./data/train/PICAI/10773/,10,0,0.5625,0.5625,3.599999957614445,75.24964469453053,31.214331176618856,280.5627598650244,184.67939149650903,204.75035530546947,285.7856688233812,0.4358696697301809,132.26827254724802,184.9473675097865,32.67083121060307,263.08941190344217,90.66066564716586,103.05263249021344,304.32916878939693,24.91058809655786,246.33933435283416,True
