path,curFrame,Deleted,pixelSpacingX,pixelSpacingY,pixelSpacingZ,tra_UL_x,tra_UL_y,tra_LL_x,tra_LL_y,tra_LR_x,tra_LR_y,tra_UR_x,tra_UR_y,cor_UL_x,cor_UL_y,cor_LL_x,cor_LL_y,cor_LR_x,cor_LR_y,cor_UR_x,cor_UR_y,Dirty
./data/train/PICAI/11088/,8,0,0.5625,0.5625,3.5999999576145,50.21362447608415,20.34375939231544,301.307683861862,131.7429216026821,237.78637552391584,275.6562406076846,-12.307836166705442,164.2745308037552,148.6013985406387,6.909252779855336,265.7108062472287,58.961021497274345,156.3986014593613,305.0907472201447,40.2890414479277,253.05643090916297,True
./data/train/PICAI/11088/,9,0,0.5625,0.5625,3.5999999576145,54.72589515017181,17.14842682160102,301.77922012508424,137.2427839698053,233.2741048498282,278.851573178399,-12.780590590329496,158.80955198643767,153.80696550429394,6.864015605989351,269.02845279318643,62.971135180385374,151.19303449570606,305.1359843940107,36.97017674156814,249.08120077585755,True
./data/train/PICAI/11088/,10,0,0.5625,0.5625,3.5999999576145,43.66114402165168,25.427107479033992,300.2412694046506,123.53235330434453,244.3388559783484,270.572892520966,-11.24187857763144,172.43274719895297,140.8039346157032,7.317613502720974,260.4770270390816,53.16901424278065,164.1960653842968,304.682386497279,45.52236378793751,258.79608626051686,True
