path,curFrame,Deleted,pixelSpacingX,pixelSpacingY,pixelSpacingZ,tra_UL_x,tra_UL_y,tra_LL_x,tra_LL_y,tra_LR_x,tra_LR_y,tra_UR_x,tra_UR_y,cor_UL_x,cor_UL_y,cor_LL_x,cor_LL_y,cor_LR_x,cor_LR_y,cor_UR_x,cor_UR_y,Dirty
./data/train/PICAI/10761/,11,0,0.3125,0.3125,3.3000000606883684,117.93708771552218,85.55808614830897,516.0943432225733,399.4542471428214,358.0629122844779,599.441913851691,-38.1019538263898,285.72006434267405,343.1351288947395,106.11843186215016,497.0982391650388,228.00100106667463,179.86487110526045,629.8815681378499,26.897955533053025,508.086154676073,True
./data/train/PICAI/10761/,12,0,0.3125,0.3125,3.3000000606883684,117.93708771552218,85.55808614830897,516.0943432225733,399.4542471428214,358.0629122844779,599.441913851691,-38.1019538263898,285.72006434267405,343.1351288947395,106.11843186215016,497.0982391650388,228.00100106667463,179.86487110526045,629.8815681378499,26.897955533053025,508.086154676073,True
./data/train/PICAI/10761/,13,0,0.3125,0.3125,3.3000000606883684,117.93708771552218,85.55808614830897,516.0943432225733,399.4542471428214,358.0629122844779,599.441913851691,-38.1019538263898,285.72006434267405,343.1351288947395,106.11843186215016,497.0982391650388,228.00100106667463,179.86487110526045,629.8815681378499,26.897955533053025,508.086154676073,True
