path,curFrame,Deleted,pixelSpacingX,pixelSpacingY,pixelSpacingZ,tra_UL_x,tra_UL_y,tra_LL_x,tra_LL_y,tra_LR_x,tra_LR_y,tra_UR_x,tra_UR_y,cor_UL_x,cor_UL_y,cor_LL_x,cor_LL_y,cor_LR_x,cor_LR_y,cor_UR_x,cor_UR_y,Dirty,h_par_cor,h_orth_cor,h_par_tra,h_orth_tra
./data/train/PICAI/11021/,-1,0,-1.0,-1.0,-1.0,-1.0,-1.0,-1.0,-1.0,-1.0,-1.0,-1.0,-1.0,-1.0,-1.0,-1.0,-1.0,-1.0,-1.0,-1.0,-1.0,False,80.0,60.0,30.0,160.0
./data/train/PICAI/11021/,10,0,0.5625,0.5625,3.599999878762122,43.15400118635284,44.66287553421867,301.66310922998537,140.69954071208613,256.8459988136471,261.3371244657813,-0.6637184029661114,165.26555979121127,163.16702887968447,27.11926995455761,263.53760011937766,64.63924368879302,174.83297112031553,303.88073004544253,73.46300905360319,266.3956558079096,True,,,,
./data/train/PICAI/11021/,11,0,0.5625,0.5625,3.599999878762122,50.971488447713085,37.47357921350349,302.1517021838204,151.30898770964643,249.02851155228683,268.5264207864965,-1.1523113568010783,154.725911787056,170.83418946627728,27.049470961152625,268.3430019763653,71.47954504248321,163.16581053372272,303.9505290388476,64.6576071966155,259.4855554608144,True,,,,
./data/train/PICAI/11021/,12,0,0.5625,0.5625,3.599999878762122,72.53690649600696,22.0325645635844,300.1338171472631,177.75554379916284,227.46309350399292,283.9674354364156,0.8443304534709455,128.45236789165494,190.8176215775259,29.81864560755008,279.12985472664457,90.50595462859432,135.1823784224741,301.18135439245015,45.89199767262156,240.286133680588,True,,,,
