path,curFrame,Deleted,pixelSpacingX,pixelSpacingY,pixelSpacingZ,tra_UL_x,tra_UL_y,tra_LL_x,tra_LL_y,tra_LR_x,tra_LR_y,tra_UR_x,tra_UR_y,cor_UL_x,cor_UL_y,cor_LL_x,cor_LL_y,cor_LR_x,cor_LR_y,cor_UR_x,cor_UR_y,Dirty
./data/train/PICAI/10117/,11,0,0.5625,0.5625,4.000404282238352,27.210909575760738,8.83969192796286,269.056042271385,156.93064975941155,187.7890904242393,289.160308072037,-53.06152037601676,141.17387870385608,118.83036184278536,7.938701861615669,242.63196541343467,83.2922880625112,104.16963815721464,310.0612981383844,-19.527436950166987,233.7131900421205,True
./data/train/PICAI/10117/,10,0,0.5625,0.5625,4.000404282238352,27.210909575760738,8.83969192796286,269.056042271385,156.93064975941155,187.7890904242393,289.160308072037,-53.06152037601676,141.17387870385608,118.83036184278536,7.938701861615669,242.63196541343467,83.2922880625112,104.16963815721464,310.0612981383844,-19.527436950166987,233.7131900421205,True
./data/train/PICAI/10117/,12,0,0.5625,0.5625,4.000404282238352,27.210909575760738,8.83969192796286,269.056042271385,156.93064975941155,187.7890904242393,289.160308072037,-53.06152037601676,141.17387870385608,118.83036184278536,7.938701861615669,242.63196541343467,83.2922880625112,104.16963815721464,310.0612981383844,-19.527436950166987,233.7131900421205,True
