path,curFrame,Deleted,pixelSpacingX,pixelSpacingY,pixelSpacingZ,tra_UL_x,tra_UL_y,tra_LL_x,tra_LL_y,tra_LR_x,tra_LR_y,tra_UR_x,tra_UR_y,cor_UL_x,cor_UL_y,cor_LL_x,cor_LL_y,cor_LR_x,cor_LR_y,cor_UR_x,cor_UR_y,Dirty
./data/train/PICAI/11376/,8,0,0.5625,0.5625,3.599999957614445,8.489496371396314,77.98118573981955,277.22498300195,97.63413018688752,267.5105036286037,239.01881426018045,-1.2249830019499657,219.36586981311245,104.05830989433,32.490329567713616,214.21233535578813,40.92185817387028,195.94169010567003,302.50967043228644,84.79146994612016,294.1652975688774,True
./data/train/PICAI/11376/,7,0,0.5625,0.5625,3.599999957614445,8.489496371396314,77.98118573981955,277.22498300195,97.63413018688752,267.5105036286037,239.01881426018045,-1.2249830019499657,219.36586981311245,104.05830989433,32.490329567713616,214.21233535578813,40.92185817387028,195.94169010567003,302.50967043228644,84.79146994612016,294.1652975688774,True
./data/train/PICAI/11376/,9,0,0.5625,0.5625,3.599999957614445,8.489496371396314,77.98118573981955,277.22498300195,97.63413018688752,267.5105036286037,239.01881426018045,-1.2249830019499657,219.36586981311245,104.05830989433,32.490329567713616,214.21233535578813,40.92185817387028,195.94169010567003,302.50967043228644,84.79146994612016,294.1652975688774,True
