path,curFrame,Deleted,pixelSpacingX,pixelSpacingY,pixelSpacingZ,tra_UL_x,tra_UL_y,tra_LL_x,tra_LL_y,tra_LR_x,tra_LR_y,tra_UR_x,tra_UR_y,cor_UL_x,cor_UL_y,cor_LL_x,cor_LL_y,cor_LR_x,cor_LR_y,cor_UR_x,cor_UR_y,Dirty
./data/train/PICAI/11180/,12,0,0.5625,0.5625,3.600000034679091,80.73430724391929,9.749229732993712,303.43165171577994,174.0382822142274,201.2656927560808,313.25077026700626,-21.43165171577988,148.9617177857726,164.36484674440018,16.456722705893014,282.96499429184814,103.9553227045422,122.63515325559972,320.543277294107,4.0350057081518855,233.0446772954577,True
./data/train/PICAI/11180/,11,0,0.5625,0.5625,3.600000034679091,80.73430724391929,9.749229732993712,303.43165171577994,174.0382822142274,201.2656927560808,313.25077026700626,-21.43165171577988,148.9617177857726,164.36484674440018,16.456722705893014,282.96499429184814,103.9553227045422,122.63515325559972,320.543277294107,4.0350057081518855,233.0446772954577,True
./data/train/PICAI/11180/,13,0,0.5625,0.5625,3.600000034679091,80.73430724391929,9.749229732993712,303.43165171577994,174.0382822142274,201.2656927560808,313.25077026700626,-21.43165171577988,148.9617177857726,164.36484674440018,16.456722705893014,282.96499429184814,103.9553227045422,122.63515325559972,320.543277294107,4.0350057081518855,233.0446772954577,True
