path,curFrame,Deleted,pixelSpacingX,pixelSpacingY,pixelSpacingZ,tra_UL_x,tra_UL_y,tra_LL_x,tra_LL_y,tra_LR_x,tra_LR_y,tra_UR_x,tra_UR_y,cor_UL_x,cor_UL_y,cor_LL_x,cor_LL_y,cor_LR_x,cor_LR_y,cor_UR_x,cor_UR_y,Dirty,h_par_cor,h_orth_cor,h_par_tra,h_orth_tra
./data/train/PICAI/11385/,-1,0,-1.0,-1.0,-1.0,-1.0,-1.0,-1.0,-1.0,-1.0,-1.0,-1.0,-1.0,-1.0,-1.0,-1.0,-1.0,-1.0,-1.0,-1.0,-1.0,False,80.0,60.0,30.0,160.0
./data/train/PICAI/11385/,13,0,0.392857134342,0.392857134342,3.299999930619896,-61.96981467802499,254.11083753920056,391.8583192787521,266.95703656107867,385.969814678025,492.8891624607994,-67.82341978204957,479.04357261190216,120.81600396021196,151.22143301359236,284.7509990880463,155.94555964578336,272.1839960397881,601.7785669864077,107.2147105882322,598.0189316845333,True,,,,
./data/train/PICAI/11385/,14,0,0.392857134342,0.392857134342,3.299999930619896,-48.263318916030755,231.35364331641995,401.7359035955225,291.5674269460648,372.26331891603076,515.64635668358,-77.59673049456242,454.44230498519346,144.77863122369342,144.54440077483505,307.32176759827115,166.3785212635442,248.2213687763067,608.455599225165,84.54879123202727,587.4725737042372,True,,,,
./data/train/PICAI/11385/,15,0,0.392857134342,0.392857134342,3.299999930619896,-48.263318916030755,231.35364331641995,401.7359035955225,291.5674269460648,372.26331891603076,515.64635668358,-77.59673049456242,454.44230498519346,144.77863122369342,144.54440077483505,307.32176759827115,166.3785212635442,248.2213687763067,608.455599225165,84.54879123202727,587.4725737042372,True,,,,
