path,curFrame,Deleted,pixelSpacingX,pixelSpacingY,pixelSpacingZ,tra_UL_x,tra_UL_y,tra_LL_x,tra_LL_y,tra_LR_x,tra_LR_y,tra_UR_x,tra_UR_y,cor_UL_x,cor_UL_y,cor_LL_x,cor_LL_y,cor_LR_x,cor_LR_y,cor_UR_x,cor_UR_y,Dirty
./data/train/PICAI/11400/,10,0,0.5625,0.5625,3.5999999311235444,-14.81426103443772,155.38738459006672,239.51219254878023,53.99677847794523,283.81426103443766,166.61261540993328,28.506180267772137,268.1940305174314,65.68441761481911,54.62921293549813,153.73199275405065,20.196314246869264,249.3155823851809,260.3707870645019,161.4588162413259,295.7853129365784,True
./data/train/PICAI/11400/,9,0,0.5625,0.5625,3.5999999311235444,-14.81426103443772,155.38738459006672,239.51219254878023,53.99677847794523,283.81426103443766,166.61261540993328,28.506180267772137,268.1940305174314,65.68441761481911,54.62921293549813,153.73199275405065,20.196314246869264,249.3155823851809,260.3707870645019,161.4588162413259,295.7853129365784,True
./data/train/PICAI/11400/,11,0,0.5625,0.5625,3.5999999311235444,-14.81426103443772,155.38738459006672,239.51219254878023,53.99677847794523,283.81426103443766,166.61261540993328,28.506180267772137,268.1940305174314,65.68441761481911,54.62921293549813,153.73199275405065,20.196314246869264,249.3155823851809,260.3707870645019,161.4588162413259,295.7853129365784,True
