path,curFrame,Deleted,pixelSpacingX,pixelSpacingY,pixelSpacingZ,tra_UL_x,tra_UL_y,tra_LL_x,tra_LL_y,tra_LR_x,tra_LR_y,tra_UR_x,tra_UR_y,cor_UL_x,cor_UL_y,cor_LL_x,cor_LL_y,cor_LR_x,cor_LR_y,cor_UR_x,cor_UR_y,Dirty
./data/train/PICAI/10842/,11,0,0.3125,0.3125,3.300000072270437,104.4190275740761,102.3635872985788,604.9304087752528,366.5308776433346,475.5809724259239,611.636412701421,-23.87944328425528,348.41541593517707,354.36632638381184,77.97409144521731,552.1218320246286,182.76798434334813,292.63367361618816,677.0259085547827,94.87816797537135,572.2320156566518,True
./data/train/PICAI/10842/,12,0,0.3125,0.3125,3.300000072270437,104.4190275740761,102.3635872985788,604.9304087752528,366.5308776433346,475.5809724259239,611.636412701421,-23.87944328425528,348.41541593517707,354.36632638381184,77.97409144521731,552.1218320246286,182.76798434334813,292.63367361618816,677.0259085547827,94.87816797537135,572.2320156566518,True
./data/train/PICAI/10842/,13,0,0.3125,0.3125,3.300000072270437,104.4190275740761,102.3635872985788,604.9304087752528,366.5308776433346,475.5809724259239,611.636412701421,-23.87944328425528,348.41541593517707,354.36632638381184,77.97409144521731,552.1218320246286,182.76798434334813,292.63367361618816,677.0259085547827,94.87816797537135,572.2320156566518,True
