path,curFrame,Deleted,pixelSpacingX,pixelSpacingY,pixelSpacingZ,tra_UL_x,tra_UL_y,tra_LL_x,tra_LL_y,tra_LR_x,tra_LR_y,tra_UR_x,tra_UR_y,cor_UL_x,cor_UL_y,cor_LL_x,cor_LL_y,cor_LR_x,cor_LR_y,cor_UR_x,cor_UR_y,Dirty,h_par_cor,h_orth_cor,h_par_tra,h_orth_tra
./data/train/PICAI/10639/,-1,0,-1.0,-1.0,-1.0,-1.0,-1.0,-1.0,-1.0,-1.0,-1.0,-1.0,-1.0,-1.0,-1.0,-1.0,-1.0,-1.0,-1.0,-1.0,-1.0,False,80.0,60.0,30.0,160.0
./data/train/PICAI/10639/,15,0,0.392857134342,0.392857134342,3.29999991823207,27.58848091736229,132.78557856909308,441.800968394046,215.88199978191213,395.4115190826377,449.2144214309069,-17.803404343786156,366.187756691832,174.89762272846275,62.349667320826086,373.5690408043014,101.55051680877946,284.1803997568869,548.4035920490608,85.58883938649097,508.1546703443922,True,,,,
./data/train/PICAI/10639/,14,0,0.392857134342,0.392857134342,3.29999991823207,27.58848091736229,132.78557856909308,441.800968394046,215.88199978191213,395.4115190826377,449.2144214309069,-17.803404343786156,366.187756691832,174.89762272846275,62.349667320826086,373.5690408043014,101.55051680877946,284.1803997568869,548.4035920490608,85.58883938649097,508.1546703443922,True,,,,
./data/train/PICAI/10639/,16,0,0.392857134342,0.392857134342,3.29999991823207,27.58848091736229,132.78557856909308,441.800968394046,215.88199978191213,395.4115190826377,449.2144214309069,-17.803404343786156,366.187756691832,174.89762272846275,62.349667320826086,373.5690408043014,101.55051680877946,284.1803997568869,548.4035920490608,85.58883938649097,508.1546703443922,True,,,,
