path,curFrame,Deleted,pixelSpacingX,pixelSpacingY,pixelSpacingZ,tra_UL_x,tra_UL_y,tra_LL_x,tra_LL_y,tra_LR_x,tra_LR_y,tra_UR_x,tra_UR_y,cor_UL_x,cor_UL_y,cor_LL_x,cor_LL_y,cor_LR_x,cor_LR_y,cor_UR_x,cor_UR_y,Dirty
./data/train/PICAI/10971/,10,0,0.5625,0.5625,2.99999995231625,79.0558696514152,10.732504092964774,290.70604308923635,194.659674689754,197.9441303485848,301.26749590703525,-12.76052451363691,117.66589346470326,171.5952978920607,8.828302299080093,279.9916506082974,103.28157420528888,103.75337216739138,304.8877973537468,-4.642980548845344,210.43452544753808,True
./data/train/PICAI/10971/,11,0,0.5625,0.5625,2.99999995231625,76.5296558996954,11.792072159364691,291.3575657270661,191.9974249078423,200.4703441003046,300.2079278406353,-13.40650921077082,120.31159208653268,169.0066562464614,8.258845516009217,279.0349365637883,100.80595452748908,106.34201381299069,305.4572541368177,-3.68626650433626,212.91014512533783,True
./data/train/PICAI/10971/,12,0,0.5625,0.5625,2.99999995231625,91.94296901693524,6.104393439827675,286.75744048105264,207.77819369200893,185.05703098306475,305.8956065601724,-8.843895023409942,104.62854295106688,184.36786098184388,12.348006892806822,284.11958778230945,115.88922021531076,90.9808090776082,301.3680927600202,-8.770917722857503,197.8268794375162,True
