path,curFrame,Deleted,pixelSpacingX,pixelSpacingY,pixelSpacingZ,tra_UL_x,tra_UL_y,tra_LL_x,tra_LL_y,tra_LR_x,tra_LR_y,tra_UR_x,tra_UR_y,cor_UL_x,cor_UL_y,cor_LL_x,cor_LL_y,cor_LR_x,cor_LR_y,cor_UR_x,cor_UR_y,Dirty
./data/train/PICAI/10073/,9,0,0.5625,0.5625,3.600000010596389,28.22932876898966,84.1011738157252,302.3745131844199,147.32631012898145,270.7706712310103,284.8988261842748,-2.3572130828261493,222.6560851597377,135.51691585619912,47.46673980436492,249.9882204842717,73.47290093489352,191.48308414380088,331.5332601956351,77.01177951572829,305.5270990651065,True
./data/train/PICAI/10073/,8,0,0.5625,0.5625,3.600000010596389,28.22932876898966,84.1011738157252,302.3745131844199,147.32631012898145,270.7706712310103,284.8988261842748,-2.3572130828261493,222.6560851597377,137.51691585619912,47.46673980436492,251.9882204842717,73.47290093489352,193.48308414380088,331.5332601956351,79.01177951572829,305.5270990651065,True
./data/train/PICAI/10073/,10,0,0.5625,0.5625,3.600000010596389,21.521269946401404,92.80515470394114,299.4090130322889,136.75287640406918,277.4787300535985,276.1948452960589,0.6743374085506275,233.1561625512749,123.6773418571192,49.76472696199147,239.68389823651265,67.72242383532726,199.3226581428808,329.2352730380085,83.31610176348735,311.2775761646727,True
