path,curFrame,Deleted,pixelSpacingX,pixelSpacingY,pixelSpacingZ,tra_UL_x,tra_UL_y,tra_LL_x,tra_LL_y,tra_LR_x,tra_LR_y,tra_UR_x,tra_UR_y,cor_UL_x,cor_UL_y,cor_LL_x,cor_LL_y,cor_LR_x,cor_LR_y,cor_UR_x,cor_UR_y,Dirty
./data/train/PICAI/11469/,9,0,0.5625,0.5625,3.599999884392097,29.14530386415055,30.854463574350007,278.8955316780971,135.20878167801956,230.8546961358494,253.14553642565,-19.05196614313729,149.77890666257557,148.69622238771618,7.323356340101128,246.67369430804987,47.14062641352824,148.30377761228382,284.6766436598989,50.4827401569904,243.87168524587668,True
./data/train/PICAI/11469/,8,0,0.5625,0.5625,3.599999884392097,37.14410152845073,24.08994055195562,279.0065610889603,145.61175199064724,222.8558984715492,259.9100594480444,-19.2315121433042,139.362618074138,158.36933805222696,7.674853456029609,253.33062942085348,54.22969360829342,138.63066194777304,284.3251465439704,43.89432163349042,236.79593632692144,True
./data/train/PICAI/11469/,10,0,0.5625,0.5625,3.599999884392097,13.0,48.0,276.0,112.0,247.0,236.0,-16.0,173.0,127.0,9.0,230.0,33.0,170.0,283.0,67.0,258.0,True
