path,curFrame,Deleted,pixelSpacingX,pixelSpacingY,pixelSpacingZ,tra_UL_x,tra_UL_y,tra_LL_x,tra_LL_y,tra_LR_x,tra_LR_y,tra_UR_x,tra_UR_y,cor_UL_x,cor_UL_y,cor_LL_x,cor_LL_y,cor_LR_x,cor_LR_y,cor_UR_x,cor_UR_y,Dirty
./data/train/PICAI/10584/,9,0,0.5625,0.5625,3.599999984105416,33.39045866750426,43.73947645088097,275.650211787478,157.0320711702606,223.60954133249572,268.26052354911906,-17.66252344688249,155.12436329477964,148.9229097019626,26.44302091419246,244.2992670809451,69.89817541991962,134.0770902980374,305.5569790858075,39.84485572469035,261.2705707045255,True
./data/train/PICAI/10584/,8,0,0.5625,0.5625,3.599999984105416,33.39045866750426,43.73947645088097,275.650211787478,157.0320711702606,223.60954133249572,268.26052354911906,-17.66252344688249,155.12436329477964,148.9229097019626,26.44302091419246,244.2992670809451,69.89817541991962,134.0770902980374,305.5569790858075,39.84485572469035,261.2705707045255,True
./data/train/PICAI/10584/,10,0,0.5625,0.5625,3.599999984105416,33.39045866750426,43.73947645088097,275.650211787478,157.0320711702606,223.60954133249572,268.26052354911906,-17.66252344688249,155.12436329477964,148.9229097019626,26.44302091419246,244.2992670809451,69.89817541991962,134.0770902980374,305.5569790858075,39.84485572469035,261.2705707045255,True
