path,curFrame,Deleted,pixelSpacingX,pixelSpacingY,pixelSpacingZ,tra_UL_x,tra_UL_y,tra_LL_x,tra_LL_y,tra_LR_x,tra_LR_y,tra_UR_x,tra_UR_y,cor_UL_x,cor_UL_y,cor_LL_x,cor_LL_y,cor_LR_x,cor_LR_y,cor_UR_x,cor_UR_y,Dirty
./data/train/PICAI/11298/,9,0,0.5625,0.5625,3.600000023841877,49.852280006318864,45.58999069890265,283.7933543128962,173.00888157574508,222.1477199936812,286.4100093010974,-11.79335431289607,158.99111842425492,169.12139318074443,39.75219318662738,260.83042698266206,89.9762224865426,139.87860681925557,312.2478068133726,48.16957301733795,262.0237775134574,True
./data/train/PICAI/11298/,8,0,0.5625,0.5625,3.600000023841877,49.852280006318864,45.58999069890265,283.7933543128962,173.00888157574508,222.1477199936812,286.4100093010974,-11.79335431289607,158.99111842425492,169.12139318074443,39.75219318662738,260.83042698266206,89.9762224865426,139.87860681925557,312.2478068133726,48.16957301733795,262.0237775134574,True
./data/train/PICAI/11298/,10,0,0.5625,0.5625,3.600000023841877,49.852280006318864,45.58999069890265,283.7933543128962,173.00888157574508,222.1477199936812,286.4100093010974,-11.79335431289607,158.99111842425492,169.12139318074443,39.75219318662738,260.83042698266206,89.9762224865426,139.87860681925557,312.2478068133726,48.16957301733795,262.0237775134574,True
