path,curFrame,Deleted,pixelSpacingX,pixelSpacingY,pixelSpacingZ,tra_UL_x,tra_UL_y,tra_LL_x,tra_LL_y,tra_LR_x,tra_LR_y,tra_UR_x,tra_UR_y,cor_UL_x,cor_UL_y,cor_LL_x,cor_LL_y,cor_LR_x,cor_LR_y,cor_UR_x,cor_UR_y,Dirty,h_par_cor,h_orth_cor,h_par_tra,h_orth_tra
./data/train/PICAI/11160/,15,0,0.392857134342,0.392857134342,3.2999999999999767,27.76111506492228,238.44919749459527,447.5873720637517,282.12887165034954,425.23888493507775,491.5508025054047,5.412627936248356,447.87112834965046,194.3007303799592,164.1056877751598,366.6410344820415,182.1006754662312,324.6992696200408,586.8943122248402,151.35911782280218,568.9167769402061,True,,,,
./data/train/PICAI/11160/,16,0,0.392857134342,0.392857134342,3.2999999999999767,27.76111506492228,238.44919749459527,447.5873720637517,282.12887165034954,425.23888493507775,491.5508025054047,5.412627936248356,447.87112834965046,194.3007303799592,164.1056877751598,366.6410344820415,182.1006754662312,324.6992696200408,586.8943122248402,151.35911782280218,568.9167769402061,True,,,,
./data/train/PICAI/11160/,-1,0,-1.0,-1.0,-1.0,-1.0,-1.0,-1.0,-1.0,-1.0,-1.0,-1.0,-1.0,-1.0,-1.0,-1.0,-1.0,-1.0,-1.0,-1.0,-1.0,False,80.0,60.0,30.0,160.0
./data/train/PICAI/11160/,17,0,0.392857134342,0.392857134342,3.2999999999999767,27.76111506492228,238.44919749459527,447.5873720637517,282.12887165034954,425.23888493507775,491.5508025054047,5.412627936248356,447.87112834965046,194.3007303799592,164.1056877751598,366.6410344820415,182.1006754662312,324.6992696200408,586.8943122248402,151.35911782280218,568.9167769402061,True,,,,
