path,curFrame,Deleted,pixelSpacingX,pixelSpacingY,pixelSpacingZ,tra_UL_x,tra_UL_y,tra_LL_x,tra_LL_y,tra_LR_x,tra_LR_y,tra_UR_x,tra_UR_y,cor_UL_x,cor_UL_y,cor_LL_x,cor_LL_y,cor_LR_x,cor_LR_y,cor_UR_x,cor_UR_y,Dirty,h_par_cor,h_orth_cor,h_par_tra,h_orth_tra,cor_mid_x,cor_mid_y,tra_mid_x,tra_mid_y,Alpha,cor_U_mid_x,cor_U_mid_y,tra_U_mid_x,tra_U_mid_y,tra_L_mid_x,tra_L_mid_y
./data/train/PICAI/11058/,14,0,0.392857134342,0.392857134342,-1.0,45.3947939694211,210.98113008292063,447.4846375140911,277.1155214252687,422.60520603057887,427.01886991707937,20.515362485908867,360.8844785747313,217.11620665789147,108.48919450778737,368.0181846844566,133.42096194754262,301.88379334210856,535.5108054922126,150.98181531554334,510.57903805245735,True,80.0,60.0,30.0,160.0,336.0,331.0,336.0,331.0,-3.0324391906809156,184.0,314.0,32.0,297.0,437.0,342.0
./data/train/PICAI/11058/,15,0,0.392857134342,0.392857134342,-1.0,45.3947939694211,210.98113008292063,447.4846375140911,277.1155214252687,422.60520603057887,427.01886991707937,20.515362485908867,360.8844785747313,217.11620665789147,108.48919450778737,368.0181846844566,133.42096194754262,301.88379334210856,535.5108054922126,150.98181531554334,510.57903805245735,True,80.0,60.0,30.0,160.0,336.0,331.0,336.0,331.0,-3.0324391906809156,184.0,314.0,32.0,297.0,437.0,342.0
./data/train/PICAI/11058/,16,0,0.392857134342,0.392857134342,-1.0,45.3947939694211,210.98113008292063,447.4846375140911,277.1155214252687,422.60520603057887,427.01886991707937,20.515362485908867,360.8844785747313,217.11620665789147,108.48919450778737,368.0181846844566,133.42096194754262,301.88379334210856,535.5108054922126,150.98181531554334,510.57903805245735,True,80.0,60.0,30.0,160.0,336.0,331.0,336.0,331.0,-3.0324391906809156,184.0,314.0,32.0,297.0,437.0,342.0
./data/train/PICAI/11058/,-1,0,-1.0,-1.0,-1.0,-1.0,-1.0,-1.0,-1.0,-1.0,-1.0,-1.0,-1.0,-1.0,-1.0,-1.0,-1.0,-1.0,-1.0,-1.0,-1.0,False,80.0,60.0,30.0,160.0,,,,,,,,,,,
