path,curFrame,Deleted,pixelSpacingX,pixelSpacingY,pixelSpacingZ,tra_UL_x,tra_UL_y,tra_LL_x,tra_LL_y,tra_LR_x,tra_LR_y,tra_UR_x,tra_UR_y,cor_UL_x,cor_UL_y,cor_LL_x,cor_LL_y,cor_LR_x,cor_LR_y,cor_UR_x,cor_UR_y,Dirty
./data/train/PICAI/10053/,11,0,0.5625,0.5625,3.599999851650639,0.4385922036144052,100.37837101603682,269.5506429346925,92.5870841317252,273.56140779638565,221.6216289839632,4.519113539051574,230.41047991853463,94.09199128381417,38.83370467293892,209.09834307902585,34.945847130661605,216.9106033811795,290.0222446843582,101.90425158596786,293.9101022266355,True
./data/train/PICAI/10053/,10,0,0.5625,0.5625,3.599999851650639,0.4385922036144052,100.37837101603682,269.5506429346925,92.5870841317252,273.56140779638565,221.6216289839632,4.519113539051574,230.41047991853463,94.09199128381417,38.83370467293892,209.09834307902585,34.945847130661605,216.9106033811795,290.0222446843582,101.90425158596786,293.9101022266355,True
./data/train/PICAI/10053/,12,0,0.5625,0.5625,3.599999851650639,0.4385922036144052,100.37837101603682,269.5506429346925,92.5870841317252,273.56140779638565,221.6216289839632,4.519113539051574,230.41047991853463,94.09199128381417,38.83370467293892,209.09834307902585,34.945847130661605,216.9106033811795,290.0222446843582,101.90425158596786,293.9101022266355,True
