path,curFrame,Deleted,pixelSpacingX,pixelSpacingY,pixelSpacingZ,tra_UL_x,tra_UL_y,tra_LL_x,tra_LL_y,tra_LR_x,tra_LR_y,tra_UR_x,tra_UR_y,cor_UL_x,cor_UL_y,cor_LL_x,cor_LL_y,cor_LR_x,cor_LR_y,cor_UR_x,cor_UR_y,Dirty
./data/train/PICAI/10242/,10,0,0.5625,0.5625,3.600000074722216,46.6650612862116,10.71929567562276,262.6498816129462,168.44867590780447,168.3349387137884,297.2807043243772,-46.81862773739135,140.6954468978308,133.2718003127798,17.303740646445164,238.457579919402,94.71143902682022,80.72819968722018,310.69625935355486,-24.61401438444221,234.2762493137749,True
./data/train/PICAI/10242/,11,0,0.5625,0.5625,3.600000074722216,46.6650612862116,10.71929567562276,262.6498816129462,168.44867590780447,168.3349387137884,297.2807043243772,-46.81862773739135,140.6954468978308,133.2718003127798,17.303740646445164,238.457579919402,94.71143902682022,80.72819968722018,310.69625935355486,-24.61401438444221,234.2762493137749,True
./data/train/PICAI/10242/,12,0,0.5625,0.5625,3.600000074722216,46.6650612862116,10.71929567562276,262.6498816129462,168.44867590780447,168.3349387137884,297.2807043243772,-46.81862773739135,140.6954468978308,133.2718003127798,17.303740646445164,238.457579919402,94.71143902682022,80.72819968722018,310.69625935355486,-24.61401438444221,234.2762493137749,True
