path,curFrame,Deleted,pixelSpacingX,pixelSpacingY,pixelSpacingZ,tra_UL_x,tra_UL_y,tra_LL_x,tra_LL_y,tra_LR_x,tra_LR_y,tra_UR_x,tra_UR_y,cor_UL_x,cor_UL_y,cor_LL_x,cor_LL_y,cor_LR_x,cor_LR_y,cor_UR_x,cor_UR_y,Dirty,h_par_cor,h_orth_cor,h_par_tra,h_orth_tra
./data/train/PICAI/10859/,13,0,0.254629641771,0.254629641771,3.299999925032796,188.84277713018705,146.68746916431564,726.5257721497317,523.4380456294517,524.1572228698128,810.3125308356844,-12.538083809136822,433.7183888355886,452.761817659662,150.77272361891704,683.0926597002033,313.81168584848774,297.238182340338,864.2272763810831,65.91965195920159,701.031879686472,True,,,,
./data/train/PICAI/10859/,14,0,0.254629641771,0.254629641771,3.299999925032796,188.84277713018705,146.68746916431564,726.5257721497317,523.4380456294517,524.1572228698128,810.3125308356844,-12.538083809136822,433.7183888355886,452.761817659662,150.77272361891704,683.0926597002033,313.81168584848774,297.238182340338,864.2272763810831,65.91965195920159,701.031879686472,True,,,,
./data/train/PICAI/10859/,-1,0,-1.0,-1.0,-1.0,-1.0,-1.0,-1.0,-1.0,-1.0,-1.0,-1.0,-1.0,-1.0,-1.0,-1.0,-1.0,-1.0,-1.0,-1.0,-1.0,False,80.0,60.0,30.0,160.0
./data/train/PICAI/10859/,15,0,0.254629641771,0.254629641771,3.299999925032796,188.84277713018705,146.68746916431564,726.5257721497317,523.4380456294517,524.1572228698128,810.3125308356844,-12.538083809136822,433.7183888355886,452.761817659662,150.77272361891704,683.0926597002033,313.81168584848774,297.238182340338,864.2272763810831,65.91965195920159,701.031879686472,True,,,,
