path,curFrame,Deleted,pixelSpacingX,pixelSpacingY,pixelSpacingZ,tra_UL_x,tra_UL_y,tra_LL_x,tra_LL_y,tra_LR_x,tra_LR_y,tra_UR_x,tra_UR_y,cor_UL_x,cor_UL_y,cor_LL_x,cor_LL_y,cor_LR_x,cor_LR_y,cor_UR_x,cor_UR_y,Dirty
./data/train/PICAI/10542/,15,0,0.392857134342,0.392857134342,3.3000000213539464,47.956307144641926,126.90005196131847,447.7860811786959,248.94984424249208,380.0436928553582,472.09994803868165,-18.79839283810074,350.20659022254813,230.81005067160345,73.5777550814662,383.42325025475037,120.02354405091583,249.18994932839658,558.4222449185338,96.73318421028998,510.98876760848896,True
./data/train/PICAI/10542/,14,0,0.392857134342,0.392857134342,3.3000000213539464,47.956307144641926,126.90005196131847,447.7860811786959,248.94984424249208,380.0436928553582,472.09994803868165,-18.79839283810074,350.20659022254813,230.81005067160345,73.5777550814662,383.42325025475037,120.02354405091583,249.18994932839658,558.4222449185338,96.73318421028998,510.98876760848896,True
./data/train/PICAI/10542/,13,0,0.392857134342,0.392857134342,3.3000000213539464,47.956307144641926,126.90005196131847,447.7860811786959,248.94984424249208,380.0436928553582,472.09994803868165,-18.79839283810074,350.20659022254813,230.81005067160345,73.5777550814662,383.42325025475037,120.02354405091583,249.18994932839658,558.4222449185338,96.73318421028998,510.98876760848896,True
