path,curFrame,Deleted,pixelSpacingX,pixelSpacingY,pixelSpacingZ,tra_UL_x,tra_UL_y,tra_LL_x,tra_LL_y,tra_LR_x,tra_LR_y,tra_UR_x,tra_UR_y,cor_UL_x,cor_UL_y,cor_LL_x,cor_LL_y,cor_LR_x,cor_LR_y,cor_UR_x,cor_UR_y,Dirty
./data/train/PICAI/10515/,9,0,0.5625,0.5625,3.600000090069239,-0.3533673734563791,65.0379497889345,263.0204920305292,106.78971840596031,242.3533673734564,239.9620502110655,-20.030223961787627,198.07110849307963,100.85590658901972,27.226709342253343,206.177615730422,43.72936317531536,166.14409341098028,297.7732906577467,60.82238426957805,281.2706368246846,True
./data/train/PICAI/10515/,8,0,0.5625,0.5625,3.600000090069239,1.1915385803044387,62.93336239287905,263.7966160344431,109.2752796525896,240.8084614196956,242.06663760712087,-20.8040698828018,195.6028510040053,103.22172289122922,26.677594133646323,208.23938000420367,45.01585180720228,163.7782771087708,298.32240586635373,58.76061999579635,279.98414819279765,True
./data/train/PICAI/10515/,10,0,0.5625,0.5625,3.600000090069239,-0.3533673734563791,65.0379497889345,263.0204920305292,106.78971840596031,242.3533673734564,239.9620502110655,-20.030223961787627,198.07110849307963,100.85590658901972,27.226709342253343,206.177615730422,43.72936317531536,166.14409341098028,297.7732906577467,60.82238426957805,281.2706368246846,True
