path,curFrame,Deleted,pixelSpacingX,pixelSpacingY,pixelSpacingZ,tra_UL_x,tra_UL_y,tra_LL_x,tra_LL_y,tra_LR_x,tra_LR_y,tra_UR_x,tra_UR_y,cor_UL_x,cor_UL_y,cor_LL_x,cor_LL_y,cor_LR_x,cor_LR_y,cor_UR_x,cor_UR_y,Dirty
./data/train/PICAI/10272/,9,0,0.5625,0.5625,3.6000000635783334,-19.997553445335853,41.90242563660816,241.5488850359953,54.29034385281115,233.99755344533588,202.09757436339189,-25.90199899993572,188.1971197396165,54.32534255418935,-9.938185026097516,186.5713960158993,-3.9722463724267527,172.68481758980872,270.4875192392493,41.12961683421968,263.18079038607084,True
./data/train/PICAI/10272/,10,0,0.5625,0.5625,3.6000000635783334,-19.997553445335853,41.90242563660816,241.5488850359953,54.29034385281115,233.99755344533588,202.09757436339189,-25.90199899993572,188.1971197396165,54.32534255418935,-9.938185026097516,186.5713960158993,-3.9722463724267527,172.68481758980872,270.4875192392493,41.12961683421968,263.18079038607084,True
./data/train/PICAI/10272/,11,0,0.5625,0.5625,3.6000000635783334,-19.997553445335853,41.90242563660816,241.5488850359953,54.29034385281115,233.99755344533588,202.09757436339189,-25.90199899993572,188.1971197396165,54.32534255418935,-9.938185026097516,186.5713960158993,-3.9722463724267527,172.68481758980872,270.4875192392493,41.12961683421968,263.18079038607084,True
