path,curFrame,Deleted,pixelSpacingX,pixelSpacingY,pixelSpacingZ,tra_UL_x,tra_UL_y,tra_LL_x,tra_LL_y,tra_LR_x,tra_LR_y,tra_UR_x,tra_UR_y,cor_UL_x,cor_UL_y,cor_LL_x,cor_LL_y,cor_LR_x,cor_LR_y,cor_UR_x,cor_UR_y,Dirty
./data/train/PICAI/10445/,11,0,0.5625,0.5625,3.600000034679091,48.02383769276695,38.47449297297497,297.1132658620817,126.22104147651386,245.97616230723307,272.52550702702507,-2.113875035062477,184.81385802018863,113.43521464540548,7.36020927076828,261.3780563057749,60.01824593916895,173.5268093121285,312.1058465895411,24.46002222596873,260.668099956073,True
./data/train/PICAI/10445/,10,0,0.5625,0.5625,3.600000034679091,40.10165194129918,45.66378929369017,294.70520058960903,115.82099145916855,253.89834805870083,265.3362107063099,0.2941902374100777,195.14410904412892,102.87941417348118,9.827270671597404,254.1351134594237,52.03706405934464,184.0826097840528,309.63878518871195,31.79082607666986,268.7247117402877,True
./data/train/PICAI/10445/,12,0,0.5625,0.5625,3.600000034679091,63.023412700767,27.28462344330808,299.5625517925636,144.73348754046222,230.976587299233,283.71537655669204,-4.574863451968355,166.42294692457807,132.22874682535493,4.834311561938826,272.6514446244539,75.12954018478842,154.73327713217904,314.63174429837045,13.046295680736002,245.41073536251525,True
