path,curFrame,Deleted,pixelSpacingX,pixelSpacingY,pixelSpacingZ,tra_UL_x,tra_UL_y,tra_LL_x,tra_LL_y,tra_LR_x,tra_LR_y,tra_UR_x,tra_UR_y,cor_UL_x,cor_UL_y,cor_LL_x,cor_LL_y,cor_LR_x,cor_LR_y,cor_UR_x,cor_UR_y,Dirty
./data/train/PICAI/10050/,10,0,0.5625,0.5625,3.600000010596389,47.39707293772655,30.81159858732076,278.46138239972595,147.1012580280872,220.60292706227344,264.18840141267924,-10.461382399725975,147.8987419719128,159.1037346524649,11.470806213348794,247.42647938269644,56.133655831780416,129.45068636838823,292.0101325365276,40.128402975150266,247.22652129397903,True
./data/train/PICAI/10050/,9,0,0.5625,0.5625,3.600000010596389,49.44675639095979,29.317941314299645,278.44633923842946,149.6225175185527,218.55324360904007,265.6820586857003,-10.446339238429516,145.3774824814473,161.5495196733411,11.750928487838706,249.0793382175613,57.94842017663253,127.00490134751205,291.7300102620377,38.47780395581131,245.39433098671063,True
./data/train/PICAI/10050/,11,0,0.5625,0.5625,3.600000010596389,47.39707293772655,30.81159858732076,278.46138239972595,147.1012580280872,220.60292706227344,264.18840141267924,-10.461382399725975,147.8987419719128,159.1037346524649,11.470806213348794,247.42647938269644,56.133655831780416,129.45068636838823,292.0101325365276,40.128402975150266,247.22652129397903,True
