path,curFrame,Deleted,pixelSpacingX,pixelSpacingY,pixelSpacingZ,tra_UL_x,tra_UL_y,tra_LL_x,tra_LL_y,tra_LR_x,tra_LR_y,tra_UR_x,tra_UR_y,cor_UL_x,cor_UL_y,cor_LL_x,cor_LL_y,cor_LR_x,cor_LR_y,cor_UR_x,cor_UR_y,Dirty
./data/train/PICAI/11055/,8,0,0.5625,0.5625,3.5999999576145,-16,85,236,148,203,279,-48,216,87.30436329128321,39.5516068917382,196,67,129,335,20.30436329128323,307.55160689173806,True
./data/train/PICAI/11055/,9,0,0.5625,0.5625,3.5999999576145,-16,85,236,148,203,279,-48,216,87.30436329128321,39.5516068917382,196,67,129,335,20.30436329128323,307.55160689173806,True
./data/train/PICAI/11055/,10,0,0.5625,0.5625,3.5999999576145,-16,85,236,148,203,279,-48,216,87.30436329128321,39.5516068917382,196,67,129,335,20.30436329128323,307.55160689173806,True
