path,curFrame,Deleted,pixelSpacingX,pixelSpacingY,pixelSpacingZ,tra_UL_x,tra_UL_y,tra_LL_x,tra_LL_y,tra_LR_x,tra_LR_y,tra_UR_x,tra_UR_y,cor_UL_x,cor_UL_y,cor_LL_x,cor_LL_y,cor_LR_x,cor_LR_y,cor_UR_x,cor_UR_y,Dirty
./data/train/PICAI/11099/,10,0,0.5625,0.5625,2.9999999046326,119.12801975686205,7.1883065108653454,299.8211155537188,199.4173499235297,205.87198024313795,287.8116934891347,25.17888444628128,95.58265007647024,225.978944138649,24.80348228701789,299.7911474394241,104.88318410892212,106.021055861351,287.19651771298214,30.960176099890305,207.7807489423182,True
./data/train/PICAI/11099/,9,0,0.5625,0.5625,2.9999999046326,119.12801975686205,7.1883065108653454,299.8211155537188,199.4173499235297,205.87198024313795,287.8116934891347,25.17888444628128,95.58265007647024,225.978944138649,24.80348228701789,299.7911474394241,104.88318410892212,106.021055861351,287.19651771298214,30.960176099890305,207.7807489423182,True
./data/train/PICAI/11099/,11,0,0.5625,0.5625,2.9999999046326,119.12801975686205,7.1883065108653454,299.8211155537188,199.4173499235297,205.87198024313795,287.8116934891347,25.17888444628128,95.58265007647024,225.978944138649,24.80348228701789,299.7911474394241,104.88318410892212,106.021055861351,287.19651771298214,30.960176099890305,207.7807489423182,True
