path,curFrame,Deleted,pixelSpacingX,pixelSpacingY,pixelSpacingZ,tra_UL_x,tra_UL_y,tra_LL_x,tra_LL_y,tra_LR_x,tra_LR_y,tra_UR_x,tra_UR_y,cor_UL_x,cor_UL_y,cor_LL_x,cor_LL_y,cor_LR_x,cor_LR_y,cor_UR_x,cor_UR_y,Dirty
./data/train/PICAI/10025/,10,0,0.5625,0.5625,3.600000063578272,65.75419173521136,50.30328651209391,263.9416197676919,215.14789021470344,184.24580826478868,310.6967134879061,-12.95999258424422,146.04291878067312,172.77904501062594,64.65977829803344,247.24933282097984,127.01502052707995,89.22095498937406,316.3402217019665,14.55985818364367,254.9666066563677,True
./data/train/PICAI/10025/,9,0,0.5625,0.5625,3.600000063578272,65.75419173521136,50.30328651209391,263.9416197676919,215.14789021470344,184.24580826478868,310.6967134879061,-12.95999258424422,146.04291878067312,172.77904501062594,64.65977829803344,247.24933282097984,127.01502052707995,89.22095498937406,316.3402217019665,14.55985818364367,254.9666066563677,True
./data/train/PICAI/10025/,11,0,0.5625,0.5625,3.600000063578272,65.75419173521136,50.30328651209391,263.9416197676919,215.14789021470344,184.24580826478868,310.6967134879061,-12.95999258424422,146.04291878067312,172.77904501062594,64.65977829803344,247.24933282097984,127.01502052707995,89.22095498937406,316.3402217019665,14.55985818364367,254.9666066563677,True
