path,curFrame,Deleted,pixelSpacingX,pixelSpacingY,pixelSpacingZ,tra_UL_x,tra_UL_y,tra_LL_x,tra_LL_y,tra_LR_x,tra_LR_y,tra_UR_x,tra_UR_y,cor_UL_x,cor_UL_y,cor_LL_x,cor_LL_y,cor_LR_x,cor_LR_y,cor_UR_x,cor_UR_y,Dirty
./data/train/PICAI/11347/,8,0,0.5625,0.5625,3.600000169542078,72.84802696459639,16.283126243088986,289.3332787056067,175.9687638528288,200.1038665746691,297.93349798773994,-16.685318838670412,139.21535445077438,171.28358447741442,12.443807338799305,289.0091187476145,98.79598496505298,133.6248088347142,309.34934217621657,16.916032698728905,223.2344306548196,True
./data/train/PICAI/11347/,7,0,0.5625,0.5625,3.600000169542078,72.84802696459639,16.283126243088986,289.3332787056067,175.9687638528288,200.1038665746691,297.93349798773994,-16.685318838670412,139.21535445077438,171.28358447741442,12.443807338799305,289.0091187476145,98.79598496505298,133.6248088347142,309.34934217621657,16.916032698728905,223.2344306548196,True
./data/train/PICAI/11347/,9,0,0.5625,0.5625,3.600000169542078,72.84802696459639,16.283126243088986,289.3332787056067,175.9687638528288,200.1038665746691,297.93349798773994,-16.685318838670412,139.21535445077438,171.28358447741442,12.443807338799305,289.0091187476145,98.79598496505298,133.6248088347142,309.34934217621657,16.916032698728905,223.2344306548196,True
