path,curFrame,Deleted,pixelSpacingX,pixelSpacingY,pixelSpacingZ,tra_UL_x,tra_UL_y,tra_LL_x,tra_LL_y,tra_LR_x,tra_LR_y,tra_UR_x,tra_UR_y,cor_UL_x,cor_UL_y,cor_LL_x,cor_LL_y,cor_LR_x,cor_LR_y,cor_UR_x,cor_UR_y,Dirty
./data/train/PICAI/10828/,8,0,0.5625,0.5625,3.5999999311235444,27.022595710259083,52.89917053750399,290.97266738427186,134.51019714104262,251.9774042897409,262.100829462496,-12.042423858016036,181.4873669092172,136.03242056430406,26.70906367985816,242.025426148762,59.18186410071931,162.96757943569594,315.29093632014184,56.97457385123805,282.8181358992807,True
./data/train/PICAI/10828/,9,0,0.5625,0.5625,3.5999999311235444,27.022595710259083,52.89917053750399,290.97266738427186,134.51019714104262,251.9774042897409,262.100829462496,-12.042423858016036,181.4873669092172,136.03242056430406,26.70906367985816,242.025426148762,59.18186410071931,162.96757943569594,315.29093632014184,56.97457385123805,282.8181358992807,True
./data/train/PICAI/10828/,10,0,0.5625,0.5625,3.5999999311235444,27.022595710259083,52.89917053750399,290.97266738427186,134.51019714104262,251.9774042897409,262.100829462496,-12.042423858016036,181.4873669092172,136.03242056430406,26.70906367985816,242.025426148762,59.18186410071931,162.96757943569594,315.29093632014184,56.97457385123805,282.8181358992807,True
