path,curFrame,Deleted,pixelSpacingX,pixelSpacingY,pixelSpacingZ,tra_UL_x,tra_UL_y,tra_LL_x,tra_LL_y,tra_LR_x,tra_LR_y,tra_UR_x,tra_UR_y,cor_UL_x,cor_UL_y,cor_LL_x,cor_LL_y,cor_LR_x,cor_LR_y,cor_UR_x,cor_UR_y,Dirty
./data/train/PICAI/10568/,9,0,0.5625,0.5625,3.6000000635782774,41.05080704383438,47.70243744392712,291.4452027026828,145.8994161277956,244.94919295616563,264.2975625560729,-4.361852261843353,165.1915449168603,154.94813046081677,30.342821183383364,250.95673328946984,68.85708065815386,158.05186953918323,304.6571788166167,62.04326671053015,266.1429193418461,True
./data/train/PICAI/10568/,8,0,0.5625,0.5625,3.6000000635782774,41.05080704383438,47.70243744392712,291.4452027026828,145.8994161277956,244.94919295616563,264.2975625560729,-4.361852261843353,165.1915449168603,154.94813046081677,30.342821183383364,250.95673328946984,68.85708065815386,158.05186953918323,304.6571788166167,62.04326671053015,266.1429193418461,True
./data/train/PICAI/10568/,10,0,0.5625,0.5625,3.6000000635782774,41.05080704383438,47.70243744392712,291.4452027026828,145.8994161277956,244.94919295616563,264.2975625560729,-4.361852261843353,165.1915449168603,154.94813046081677,30.342821183383364,250.95673328946984,68.85708065815386,158.05186953918323,304.6571788166167,62.04326671053015,266.1429193418461,True
