path,curFrame,Deleted,pixelSpacingX,pixelSpacingY,pixelSpacingZ,tra_UL_x,tra_UL_y,tra_LL_x,tra_LL_y,tra_LR_x,tra_LR_y,tra_UR_x,tra_UR_y,cor_UL_x,cor_UL_y,cor_LL_x,cor_LL_y,cor_LR_x,cor_LR_y,cor_UR_x,cor_UR_y,Dirty,h_par_cor,h_orth_cor,h_par_tra,h_orth_tra
./data/train/PICAI/10718/,-1,0,-1.0,-1.0,-1.0,-1.0,-1.0,-1.0,-1.0,-1.0,-1.0,-1.0,-1.0,-1.0,-1.0,-1.0,-1.0,-1.0,-1.0,-1.0,-1.0,False,80.0,60.0,30.0,160.0
./data/train/PICAI/10718/,8,0,0.5625,0.5625,3.599999911478615,49.95160992225945,90.3676534293172,287.9952920516923,204.5394774414684,235.04839007774052,315.63234657068284,-1.9954443565358704,201.4779749649689,163.32867782062849,79.15995194811998,250.59972633046223,121.68951921601298,142.67132217937146,345.8400480518801,55.40027366953771,303.31048078398715,True,,,,
./data/train/PICAI/10718/,9,0,0.5625,0.5625,3.599999911478615,47.99999999999994,91.99999999999991,288.00000000000006,202.00000000000009,237.00000000000009,314.0000000000001,-2.000000000000057,204.0,161.0,78.99999999999991,249.0,119.99999999999996,144.99999999999994,346.00000000000017,56.99999999999999,305.00000000000017,True,,,,
./data/train/PICAI/10718/,10,0,0.5625,0.5625,3.599999911478615,66.52767743322508,78.58353724763784,286.3650880216328,224.77352632275853,218.4723225667749,327.4164627523622,-0.3773996810376445,181.38290814228176,181.78550780763192,81.89508225087096,262.28826871335457,136.1565371388119,124.21449219236806,343.1049177491291,43.7117312866454,288.8434628611882,True,,,,
