path,curFrame,Deleted,pixelSpacingX,pixelSpacingY,pixelSpacingZ,tra_UL_x,tra_UL_y,tra_LL_x,tra_LL_y,tra_LR_x,tra_LR_y,tra_UR_x,tra_UR_y,cor_UL_x,cor_UL_y,cor_LL_x,cor_LL_y,cor_LR_x,cor_LR_y,cor_UR_x,cor_UR_y,Dirty
./data/train/PICAI/11281/,9,0,0.5625,0.5625,3.6000000286953298,6.556609752104492,86.65256147624679,266.3601376171917,81.44421155953856,269.4433902478955,218.34743852375323,9.639862382808246,223.55578844046136,97.35322124425451,26.33864025133797,201.02090953615703,23.88702767735009,206.64677875574543,286.661359748662,102.97909046384297,289.11297232265,True
./data/train/PICAI/11281/,8,0,0.5625,0.5625,3.6000000286953298,6.556609752104492,86.65256147624679,266.3601376171917,81.44421155953856,269.4433902478955,218.34743852375323,9.639862382808246,223.55578844046136,97.35322124425451,26.33864025133797,201.02090953615703,23.88702767735009,206.64677875574543,286.661359748662,102.97909046384297,289.11297232265,True
./data/train/PICAI/11281/,10,0,0.5625,0.5625,3.6000000286953298,6.556609752104492,86.65256147624679,266.3601376171917,81.44421155953856,269.4433902478955,218.34743852375323,9.639862382808246,223.55578844046136,97.35322124425451,26.33864025133797,201.02090953615703,23.88702767735009,206.64677875574543,286.661359748662,102.97909046384297,289.11297232265,True
