path,curFrame,Deleted,pixelSpacingX,pixelSpacingY,pixelSpacingZ,tra_UL_x,tra_UL_y,tra_LL_x,tra_LL_y,tra_LR_x,tra_LR_y,tra_UR_x,tra_UR_y,cor_UL_x,cor_UL_y,cor_LL_x,cor_LL_y,cor_LR_x,cor_LR_y,cor_UR_x,cor_UR_y,Dirty,h_par_cor,h_orth_cor,h_par_tra,h_orth_tra,cor_mid_x,cor_mid_y,tra_mid_x,tra_mid_y,Alpha,cor_U_mid_x,cor_U_mid_y,tra_U_mid_x,tra_U_mid_y,tra_L_mid_x,tra_L_mid_y
./data/train/PICAI/10413/,8,0,0.5625,0.5625,-1.0,84.35509298497006,-18.070358411837226,283.2132034355966,182.7867965644034,187,279,-12,77,205.57109737636944,-8.541287991945609,289,76,86,275,2.5710973763694636,190.45871200805442,True,80.0,60.0,30.0,160.0,188.0,176.0,188.0,176.0,-2.3502065378084316,113.0,100.0,38.0,24.0,237.0,226.0
./data/train/PICAI/10413/,9,0,0.5625,0.5625,-1.0,84.35509298497006,-18.070358411837226,283.2132034355966,182.7867965644034,187,279,-12,77,205.57109737636944,-8.541287991945609,289,76,86,275,2.5710973763694636,190.45871200805442,True,80.0,60.0,30.0,160.0,188.0,176.0,188.0,176.0,-2.3502065378084316,113.0,100.0,38.0,24.0,237.0,226.0
./data/train/PICAI/10413/,10,0,0.5625,0.5625,-1.0,84.35509298497006,-18.070358411837226,283.2132034355966,182.7867965644034,187,279,-12,77,205.57109737636944,-8.541287991945609,289,76,86,275,2.5710973763694636,190.45871200805442,True,80.0,60.0,30.0,160.0,188.0,176.0,188.0,176.0,-2.3502065378084316,113.0,100.0,38.0,24.0,237.0,226.0
