path,curFrame,Deleted,pixelSpacingX,pixelSpacingY,pixelSpacingZ,tra_UL_x,tra_UL_y,tra_LL_x,tra_LL_y,tra_LR_x,tra_LR_y,tra_UR_x,tra_UR_y,cor_UL_x,cor_UL_y,cor_LL_x,cor_LL_y,cor_LR_x,cor_LR_y,cor_UR_x,cor_UR_y,Dirty
./data/train/PICAI/10735/,14,0,0.254629641771,0.254629641771,3.3000000306713715,45,271,677,493,572,792,-59,570,350,204,571,282,353,905,131,827,True
./data/train/PICAI/10735/,13,0,0.254629641771,0.254629641771,3.3000000306713715,45,271,677,493,572,792,-59,570,350,204,571,282,353,905,131,827,True
./data/train/PICAI/10735/,15,0,0.254629641771,0.254629641771,3.3000000306713715,45,271,677,493,572,792,-59,570,350,204,571,282,353,905,131,827,True
