path,curFrame,Deleted,pixelSpacingX,pixelSpacingY,pixelSpacingZ,tra_UL_x,tra_UL_y,tra_LL_x,tra_LL_y,tra_LR_x,tra_LR_y,tra_UR_x,tra_UR_y,cor_UL_x,cor_UL_y,cor_LL_x,cor_LL_y,cor_LR_x,cor_LR_y,cor_UR_x,cor_UR_y,Dirty
./data/train/PICAI/10361/,9,0,0.5625,0.5625,2.999999952316285,29.8336944682531,36.86760187579401,288.37195919733074,133.76943710546024,228.1663055317469,294.132398124206,-29.46292024198669,198.3139133353792,107.29180007073116,23.567727463352185,245.3523732326004,74.79543615909773,149.70819992926883,330.4322725366478,11.647626767399627,279.20456384090227,True
./data/train/PICAI/10361/,8,0,0.5625,0.5625,2.999999952316285,29.8336944682531,36.86760187579401,288.37195919733074,133.76943710546024,228.1663055317469,294.132398124206,-29.46292024198669,198.3139133353792,107.29180007073116,23.567727463352185,245.3523732326004,74.79543615909773,149.70819992926883,330.4322725366478,11.647626767399627,279.20456384090227,True
./data/train/PICAI/10361/,10,0,0.5625,0.5625,2.999999952316285,29.8336944682531,36.86760187579401,288.37195919733074,133.76943710546024,228.1663055317469,294.132398124206,-29.46292024198669,198.3139133353792,107.29180007073116,23.567727463352185,245.3523732326004,74.79543615909773,149.70819992926883,330.4322725366478,11.647626767399627,279.20456384090227,True
