path,curFrame,Deleted,pixelSpacingX,pixelSpacingY,pixelSpacingZ,tra_UL_x,tra_UL_y,tra_LL_x,tra_LL_y,tra_LR_x,tra_LR_y,tra_UR_x,tra_UR_y,cor_UL_x,cor_UL_y,cor_LL_x,cor_LL_y,cor_LR_x,cor_LR_y,cor_UR_x,cor_UR_y,Dirty
./data/train/PICAI/10409/,8,0,0.5625,0.5625,3.599999957614445,51.294804877194636,15.320010901572942,294.02692801626836,145.405046153125,222.70519512280538,278.6799890984271,-18.927877657632564,147.70496041477435,162.3024636594478,16.01159925508327,257.4689862023013,67.2398432919478,127.6975363405522,306.9884007449168,32.53101379769866,255.7601567080522,True
./data/train/PICAI/10409/,9,0,0.5625,0.5625,3.599999957614445,51.294804877194636,15.320010901572942,294.02692801626836,145.405046153125,222.70519512280538,278.6799890984271,-18.927877657632564,147.70496041477435,162.3024636594478,16.01159925508327,257.4689862023013,67.2398432919478,127.6975363405522,306.9884007449168,32.53101379769866,255.7601567080522,True
./data/train/PICAI/10409/,10,0,0.5625,0.5625,3.599999957614445,51.294804877194636,15.320010901572942,294.02692801626836,145.405046153125,222.70519512280538,278.6799890984271,-18.927877657632564,147.70496041477435,162.3024636594478,16.01159925508327,257.4689862023013,67.2398432919478,127.6975363405522,306.9884007449168,32.53101379769866,255.7601567080522,True
