path,curFrame,Deleted,pixelSpacingX,pixelSpacingY,pixelSpacingZ,tra_UL_x,tra_UL_y,tra_LL_x,tra_LL_y,tra_LR_x,tra_LR_y,tra_UR_x,tra_UR_y,cor_UL_x,cor_UL_y,cor_LL_x,cor_LL_y,cor_LR_x,cor_LR_y,cor_UR_x,cor_UR_y,Dirty
./data/train/PICAI/10707/,8,0,0.5625,0.5625,3.600000023841877,52.56450559184475,27.37667780754672,294.2017226286637,154.26424750096194,234.4354944081552,268.6233221924532,-6.216914875651582,141.90940067670508,167.88592493352098,14.552576407262393,270.13709154652133,68.12214730605211,148.11407506647902,299.44742359273766,46.84771620649087,246.0515008716148,True
./data/train/PICAI/10707/,9,0,0.5625,0.5625,3.600000023841877,44.37176227837408,34.01384958599213,294.2715926229099,143.73656735114872,242.6282377216259,261.9861504140078,-6.277070727541684,152.36796111211896,157.9252133534827,14.209963908690328,263.66412562962495,60.51636120602184,158.0747866465173,299.79003609130973,53.33039626574339,253.5881672572458,True
./data/train/PICAI/10707/,10,0,0.5625,0.5625,3.600000023841877,44.37176227837408,34.01384958599213,294.2715926229099,143.73656735114872,242.6282377216259,261.9861504140078,-6.277070727541684,152.36796111211896,157.9252133534827,14.209963908690328,263.66412562962495,60.51636120602184,158.0747866465173,299.79003609130973,53.33039626574339,253.5881672572458,True
