path,curFrame,Deleted,pixelSpacingX,pixelSpacingY,pixelSpacingZ,tra_UL_x,tra_UL_y,tra_LL_x,tra_LL_y,tra_LR_x,tra_LR_y,tra_UR_x,tra_UR_y,cor_UL_x,cor_UL_y,cor_LL_x,cor_LL_y,cor_LR_x,cor_LR_y,cor_UR_x,cor_UR_y,Dirty
./data/train/PICAI/10162/,12,0,0.5625,0.5625,3.600000063578291,35.77700811957651,82.80560802778416,304.6447766146632,150.17862239164157,263.22299188042336,316.1943919722159,-5.852688305480939,249.79952520909217,117.177776482952,55.87763612312705,258.9477677359988,91.12348098618904,192.822223517048,354.122363876873,51.05223226400115,318.87651901381093,True
./data/train/PICAI/10162/,13,0,0.5625,0.5625,3.600000063578291,35.77700811957651,82.80560802778416,304.6447766146632,150.17862239164157,263.22299188042336,316.1943919722159,-5.852688305480939,249.79952520909217,117.177776482952,55.87763612312705,258.9477677359988,91.12348098618904,192.822223517048,354.122363876873,51.05223226400115,318.87651901381093,True
./data/train/PICAI/10162/,14,0,0.5625,0.5625,3.600000063578291,35.77700811957651,82.80560802778416,304.6447766146632,150.17862239164157,263.22299188042336,316.1943919722159,-5.852688305480939,249.79952520909217,117.177776482952,55.87763612312705,258.9477677359988,91.12348098618904,192.822223517048,354.122363876873,51.05223226400115,318.87651901381093,True
