path,curFrame,Deleted,pixelSpacingX,pixelSpacingY,pixelSpacingZ,tra_UL_x,tra_UL_y,tra_LL_x,tra_LL_y,tra_LR_x,tra_LR_y,tra_UR_x,tra_UR_y,cor_UL_x,cor_UL_y,cor_LL_x,cor_LL_y,cor_LR_x,cor_LR_y,cor_UR_x,cor_UR_y,Dirty
./data/train/PICAI/10766/,10,0,0.5625,0.5625,3.600000034679045,59.97738043791131,32.57665211414397,291.033586960133,168.23073213962803,219.02261956208872,291.42334788585606,-11.124548004789034,156.85261830121138,168.65262080547237,30.207339498258392,264.17577070550703,85.74406458333628,128.34737919452763,318.7926605017416,32.824229294492994,263.2559354166637,True
./data/train/PICAI/10766/,11,0,0.5625,0.5625,3.600000034679045,59.97738043791131,32.57665211414397,291.033586960133,168.23073213962803,219.02261956208872,291.42334788585606,-11.124548004789034,156.85261830121138,168.65262080547237,30.207339498258392,264.17577070550703,85.74406458333628,128.34737919452763,318.7926605017416,32.824229294492994,263.2559354166637,True
./data/train/PICAI/10766/,12,0,0.5625,0.5625,3.600000034679045,59.97738043791131,32.57665211414397,291.033586960133,168.23073213962803,219.02261956208872,291.42334788585606,-11.124548004789034,156.85261830121138,168.65262080547237,30.207339498258392,264.17577070550703,85.74406458333628,128.34737919452763,318.7926605017416,32.824229294492994,263.2559354166637,True
