path,curFrame,Deleted,pixelSpacingX,pixelSpacingY,pixelSpacingZ,tra_UL_x,tra_UL_y,tra_LL_x,tra_LL_y,tra_LR_x,tra_LR_y,tra_UR_x,tra_UR_y,cor_UL_x,cor_UL_y,cor_LL_x,cor_LL_y,cor_LR_x,cor_LR_y,cor_UR_x,cor_UR_y,Dirty
./data/train/PICAI/10688/,9,0,0.5625,0.5625,3.599999904632545,45.08888225241867,25.92660624487368,280.96394346661646,140.922064838674,219.91111774758133,265.07339375512635,-14.967748768524784,150.16509090407362,151.21702519230516,14.184119296164964,247.43742103432103,61.75128679650888,134.78297480769484,293.815880703835,38.56257896567894,246.24871320349115,True
./data/train/PICAI/10688/,10,0,0.5625,0.5625,3.599999904632545,45.08888225241867,25.92660624487368,280.96394346661646,140.922064838674,219.91111774758133,265.07339375512635,-14.967748768524784,150.16509090407362,151.21702519230516,14.184119296164964,247.43742103432103,61.75128679650888,134.78297480769484,293.815880703835,38.56257896567894,246.24871320349115,True
./data/train/PICAI/10688/,11,0,0.5625,0.5625,3.599999904632545,45.08888225241867,25.92660624487368,280.96394346661646,140.922064838674,219.91111774758133,265.07339375512635,-14.967748768524784,150.16509090407362,151.21702519230516,14.184119296164964,247.43742103432103,61.75128679650888,134.78297480769484,293.815880703835,38.56257896567894,246.24871320349115,True
