path,curFrame,Deleted,pixelSpacingX,pixelSpacingY,pixelSpacingZ,tra_UL_x,tra_UL_y,tra_LL_x,tra_LL_y,tra_LR_x,tra_LR_y,tra_UR_x,tra_UR_y,cor_UL_x,cor_UL_y,cor_LL_x,cor_LL_y,cor_LR_x,cor_LR_y,cor_UR_x,cor_UR_y,Dirty
./data/train/PICAI/10986/,8,0,0.5625,0.5625,3.599999957614473,34.87605652461751,40.6024545826221,286.918282807164,141.93219439546115,235.12394347538248,270.3975454173779,-15.919653272409391,169.12014156078178,144.4185572282081,23.69672924791982,246.39193441793785,65.09033194835064,148.5814427717919,307.3032707520801,46.60806558206218,265.90966805164936,True
./data/train/PICAI/10986/,9,0,0.5625,0.5625,3.599999957614473,34.87605652461751,40.6024545826221,286.918282807164,141.93219439546115,235.12394347538248,270.3975454173779,-15.919653272409391,169.12014156078178,144.4185572282081,23.69672924791982,246.39193441793785,65.09033194835064,148.5814427717919,307.3032707520801,46.60806558206218,265.90966805164936,True
./data/train/PICAI/10986/,10,0,0.5625,0.5625,3.599999957614473,34.87605652461751,40.6024545826221,286.918282807164,141.93219439546115,235.12394347538248,270.3975454173779,-15.919653272409391,169.12014156078178,144.4185572282081,23.69672924791982,246.39193441793785,65.09033194835064,148.5814427717919,307.3032707520801,46.60806558206218,265.90966805164936,True
