path,curFrame,Deleted,pixelSpacingX,pixelSpacingY,pixelSpacingZ,tra_UL_x,tra_UL_y,tra_LL_x,tra_LL_y,tra_LR_x,tra_LR_y,tra_UR_x,tra_UR_y,cor_UL_x,cor_UL_y,cor_LL_x,cor_LL_y,cor_LR_x,cor_LR_y,cor_UR_x,cor_UR_y,Dirty
./data/train/PICAI/10736/,10,0,0.5625,0.5625,3.6000000369229213,49.97609511060644,45.39705738280856,283.3708539740068,159.41410231511367,223.02390488939352,284.6029426171914,-10.370853974006708,170.5858976848864,146.9055631854913,32.46757264445381,255.3193934376316,85.15952089141206,141.09443681450873,319.53242735554625,33.6587541631022,267.04839079940564,True
./data/train/PICAI/10736/,9,0,0.5625,0.5625,3.6000000369229213,49.97609511060644,45.39705738280856,283.3708539740068,159.41410231511367,223.02390488939352,284.6029426171914,-10.370853974006708,170.5858976848864,146.9055631854913,32.46757264445381,255.3193934376316,85.15952089141206,141.09443681450873,319.53242735554625,33.6587541631022,267.04839079940564,True
./data/train/PICAI/10736/,11,0,0.5625,0.5625,3.6000000369229213,49.97609511060644,45.39705738280856,283.3708539740068,159.41410231511367,223.02390488939352,284.6029426171914,-10.370853974006708,170.5858976848864,146.9055631854913,32.46757264445381,255.3193934376316,85.15952089141206,141.09443681450873,319.53242735554625,33.6587541631022,267.04839079940564,True
