path,curFrame,Deleted,pixelSpacingX,pixelSpacingY,pixelSpacingZ,tra_UL_x,tra_UL_y,tra_LL_x,tra_LL_y,tra_LR_x,tra_LR_y,tra_UR_x,tra_UR_y,cor_UL_x,cor_UL_y,cor_LL_x,cor_LL_y,cor_LR_x,cor_LR_y,cor_UR_x,cor_UR_y,Dirty
./data/train/PICAI/10430/,9,0,0.5625,0.5625,3.599999957614461,95.30797261938994,8.191725306171264,284.9104067001882,198.0756819497926,191.69202738061009,290.8082746938287,3.040649816106992,101.2333350445823,201.95239082316616,26.495525866644925,284.4843678159901,109.03928864528272,98.04760917683384,294.5044741333551,15.515632184009974,211.9607113547173,True
./data/train/PICAI/10430/,8,0,0.5625,0.5625,3.599999957614461,95.30797261938994,8.191725306171264,284.9104067001882,198.0756819497926,191.69202738061009,290.8082746938287,3.040649816106992,101.2333350445823,201.95239082316616,26.495525866644925,284.4843678159901,109.03928864528272,98.04760917683384,294.5044741333551,15.515632184009974,211.9607113547173,True
./data/train/PICAI/10430/,10,0,0.5625,0.5625,3.599999957614461,95.30797261938994,8.191725306171264,284.9104067001882,198.0756819497926,191.69202738061009,290.8082746938287,3.040649816106992,101.2333350445823,201.95239082316616,26.495525866644925,284.4843678159901,109.03928864528272,98.04760917683384,294.5044741333551,15.515632184009974,211.9607113547173,True
