path,curFrame,Deleted,pixelSpacingX,pixelSpacingY,pixelSpacingZ,tra_UL_x,tra_UL_y,tra_LL_x,tra_LL_y,tra_LR_x,tra_LR_y,tra_UR_x,tra_UR_y,cor_UL_x,cor_UL_y,cor_LL_x,cor_LL_y,cor_LR_x,cor_LR_y,cor_UR_x,cor_UR_y,Dirty
./data/train/PICAI/10356/,11,0,0.5625,0.5625,3.600000034679045,65.76544160814385,43.30552979085613,278.84493574103567,215.1110278986609,193.23455839185624,320.6944702091438,-18.88863098507281,149.18134380606176,165.29270814878018,42.63056955831718,266.97174179361616,123.91017411599408,96.70729185121982,335.3694304416827,-4.015437037653044,254.3821975887285,True
./data/train/PICAI/10356/,12,0,0.5625,0.5625,3.600000034679045,65.76544160814385,43.30552979085613,278.84493574103567,215.1110278986609,193.23455839185624,320.6944702091438,-18.88863098507281,149.18134380606176,165.29270814878018,42.63056955831718,266.97174179361616,123.91017411599408,96.70729185121982,335.3694304416827,-4.015437037653044,254.3821975887285,True
./data/train/PICAI/10356/,13,0,0.5625,0.5625,3.600000034679045,60.963899773346895,45.61432272514028,279.90951705031307,209.87879446266555,198.0361002266532,318.38567727485963,-19.94359122402417,154.3800245824369,160.16359850248745,41.52293560561444,264.6173093185438,119.20447972489475,101.83640149751255,336.4770643943855,-1.651383492254638,259.05433932020765,True
