path,curFrame,Deleted,pixelSpacingX,pixelSpacingY,pixelSpacingZ,tra_UL_x,tra_UL_y,tra_LL_x,tra_LL_y,tra_LR_x,tra_LR_y,tra_UR_x,tra_UR_y,cor_UL_x,cor_UL_y,cor_LL_x,cor_LL_y,cor_LR_x,cor_LR_y,cor_UR_x,cor_UR_y,Dirty,h_par_cor,h_orth_cor,h_par_tra,h_orth_tra
./data/train/PICAI/10938/,-1,0,-1.0,-1.0,-1.0,-1.0,-1.0,-1.0,-1.0,-1.0,-1.0,-1.0,-1.0,-1.0,-1.0,-1.0,-1.0,-1.0,-1.0,-1.0,-1.0,False,80.0,60.0,30.0,160.0
./data/train/PICAI/10938/,15,0,0.39285713434219,0.39285713434219,3.2999999999999834,-12.636886417091716,131.46815952953912,460.7315118689976,234.55239452239607,414.636886417092,446.531840470461,-57.73698997362919,343.34307701433613,188.97068891439625,59.41229397592471,355.72777298050994,96.18286527645164,260.0293110856037,534.5877060240753,93.37675548275767,498.81165661891663,True,,,,
./data/train/PICAI/10938/,14,0,0.39285713434219,0.39285713434219,3.2999999999999834,-15.353658191220688,135.2206301636122,459.7417117613701,230.0277472467253,417.3536581912209,442.7793698363879,-56.74916560972878,347.8503834098694,184.8296229905307,60.06855171183668,352.2030441003029,93.92321026883424,264.1703770094693,533.9314482881632,96.91882524310218,501.0693358828072,True,,,,
./data/train/PICAI/10938/,16,0,0.39285713434219,0.39285713434219,3.2999999999999834,-15.353658191220688,135.22063016361224,459.7417117613701,230.0277472467253,417.3536581912209,442.7793698363879,-56.74916560972866,347.8503834098694,184.82962299053068,60.068551711836704,352.2030441003029,93.92321026883424,264.1703770094693,533.9314482881632,96.9188252431022,501.0693358828071,True,,,,
