path,curFrame,Deleted,pixelSpacingX,pixelSpacingY,pixelSpacingZ,tra_UL_x,tra_UL_y,tra_LL_x,tra_LL_y,tra_LR_x,tra_LR_y,tra_UR_x,tra_UR_y,cor_UL_x,cor_UL_y,cor_LL_x,cor_LL_y,cor_LR_x,cor_LR_y,cor_UR_x,cor_UR_y,Dirty
./data/train/PICAI/10188/,11,0,0.5625,0.5625,3.599999947981409,32.73958613086231,47.76591431816438,261.7913006216677,132.7147935857725,216.2604138691377,254.2340856818356,-10.810764484184489,169.00686021230737,127.42964151593596,19.1308347951898,225.4929588881637,55.840312943942365,134.57035848406403,299.8691652048103,36.50704111183624,263.15968705605763,True
./data/train/PICAI/10188/,12,0,0.5625,0.5625,3.599999947981409,32.73958613086231,47.76591431816438,261.7913006216677,132.7147935857725,216.2604138691377,254.2340856818356,-10.810764484184489,169.00686021230737,127.42964151593596,19.1308347951898,225.4929588881637,55.840312943942365,134.57035848406403,299.8691652048103,36.50704111183624,263.15968705605763,True
./data/train/PICAI/10188/,13,0,0.5625,0.5625,3.599999947981409,32.73958613086231,47.76591431816438,261.7913006216677,132.7147935857725,216.2604138691377,254.2340856818356,-10.810764484184489,169.00686021230737,127.42964151593596,19.1308347951898,225.4929588881637,55.840312943942365,134.57035848406403,299.8691652048103,36.50704111183624,263.15968705605763,True
