path,curFrame,Deleted,pixelSpacingX,pixelSpacingY,pixelSpacingZ,tra_UL_x,tra_UL_y,tra_LL_x,tra_LL_y,tra_LR_x,tra_LR_y,tra_UR_x,tra_UR_y,cor_UL_x,cor_UL_y,cor_LL_x,cor_LL_y,cor_LR_x,cor_LR_y,cor_UR_x,cor_UR_y,Dirty
./data/train/PICAI/10284/,9,0,0.5625,0.5625,3.599999957614445,10.549964926277283,74.60145236674316,285.0259960933163,122.1714882590008,261.45003507372274,261.39854763325684,-12.031474197948,213.7239832777315,105.183904263887,34.292052080760584,228.08049945918003,55.56238093116342,182.81609573611303,313.7079479192395,60.02402900408761,293.4321409642048,True
./data/train/PICAI/10284/,10,0,0.5625,0.5625,3.599999957614445,10.549964926277283,74.60145236674316,285.0259960933163,122.1714882590008,261.45003507372274,261.39854763325684,-12.031474197948,213.7239832777315,105.183904263887,34.292052080760584,228.08049945918003,55.56238093116342,182.81609573611303,313.7079479192395,60.02402900408761,293.4321409642048,True
./data/train/PICAI/10284/,11,0,0.5625,0.5625,3.599999957614445,10.549964926277283,74.60145236674316,285.0259960933163,122.1714882590008,261.45003507372274,261.39854763325684,-12.031474197948,213.7239832777315,105.183904263887,34.292052080760584,228.08049945918003,55.56238093116342,182.81609573611303,313.7079479192395,60.02402900408761,293.4321409642048,True
