path,curFrame,Deleted,pixelSpacingX,pixelSpacingY,pixelSpacingZ,tra_UL_x,tra_UL_y,tra_LL_x,tra_LL_y,tra_LR_x,tra_LR_y,tra_UR_x,tra_UR_y,cor_UL_x,cor_UL_y,cor_LL_x,cor_LL_y,cor_LR_x,cor_LR_y,cor_UR_x,cor_UR_y,Dirty
./data/train/PICAI/11107/,12,0,0.5625,0.5625,3.600000034679045,79.1208606106462,19.42625886558633,315.71499370628806,160.30995623587023,235.87913938935372,293.5737411344137,-0.5931243628828611,151.69749761248843,176.27164377758032,11.26126492578632,291.7738758855849,79.84868635325084,153.72835622241968,309.7387350742137,38.226124114415015,241.1513136467492,True
./data/train/PICAI/11107/,11,0,0.5625,0.5625,3.600000034679045,79.1208606106462,19.42625886558633,315.71499370628806,160.30995623587023,235.87913938935372,293.5737411344137,-0.5931243628828611,151.69749761248843,176.27164377758032,11.26126492578632,291.7738758855849,79.84868635325084,153.72835622241968,309.7387350742137,38.226124114415015,241.1513136467492,True
./data/train/PICAI/11107/,13,0,0.5625,0.5625,3.600000034679045,79.1208606106462,19.42625886558633,315.71499370628806,160.30995623587023,235.87913938935372,293.5737411344137,-0.5931243628828611,151.69749761248843,176.27164377758032,11.26126492578632,291.7738758855849,79.84868635325084,153.72835622241968,309.7387350742137,38.226124114415015,241.1513136467492,True
