path,curFrame,Deleted,pixelSpacingX,pixelSpacingY,pixelSpacingZ,tra_UL_x,tra_UL_y,tra_LL_x,tra_LL_y,tra_LR_x,tra_LR_y,tra_UR_x,tra_UR_y,cor_UL_x,cor_UL_y,cor_LL_x,cor_LL_y,cor_LR_x,cor_LR_y,cor_UR_x,cor_UR_y,Dirty
./data/train/PICAI/11375/,8,0,0.5625,0.5625,3.0,14.925017204056816,45.37754763976815,269.41762286325115,89.7229382096334,243.0749827959432,238.62245236023188,-10.30320736820454,193.4063849821304,109.83207131619923,7.999599742719747,225.10601807935305,29.01878758323,180.39501947927224,286.4890316973481,65.12107271611856,265.46984385683777,True
./data/train/PICAI/11375/,7,0,0.5625,0.5625,3.0,14.925017204056816,45.37754763976815,269.41762286325115,89.7229382096334,243.0749827959432,238.62245236023188,-10.30320736820454,193.4063849821304,109.83207131619923,7.999599742719747,225.10601807935305,29.01878758323,180.39501947927224,286.4890316973481,65.12107271611856,265.46984385683777,True
./data/train/PICAI/11375/,9,0,0.5625,0.5625,3.0,14.925017204056816,45.37754763976815,269.41762286325115,89.7229382096334,243.0749827959432,238.62245236023188,-10.30320736820454,193.4063849821304,109.83207131619923,7.999599742719747,225.10601807935305,29.01878758323,180.39501947927224,286.4890316973481,65.12107271611856,265.46984385683777,True
