path,curFrame,Deleted,pixelSpacingX,pixelSpacingY,pixelSpacingZ,tra_UL_x,tra_UL_y,tra_LL_x,tra_LL_y,tra_LR_x,tra_LR_y,tra_UR_x,tra_UR_y,cor_UL_x,cor_UL_y,cor_LL_x,cor_LL_y,cor_LR_x,cor_LR_y,cor_UR_x,cor_UR_y,Dirty
./data/train/PICAI/11324/,8,0,0.5625,0.5625,2.9999998940362222,64.78767707666756,37.16100631900549,274.4849292397893,180.9005709323581,200.2123229233325,289.8389936809946,-8.29886994823778,145.3291931577258,175.67674078877408,31.644672322110125,262.24059042724286,90.938010360785,111.32325921122592,310.3553276778898,23.78126197202326,250.8540779483972,True
./data/train/PICAI/11324/,7,0,0.5625,0.5625,2.9999998940362222,64.78767707666756,37.16100631900549,274.4849292397893,180.9005709323581,200.2123229233325,289.8389936809946,-8.29886994823778,145.3291931577258,175.67674078877408,31.644672322110125,262.24059042724286,90.938010360785,111.32325921122592,310.3553276778898,23.78126197202326,250.8540779483972,True
./data/train/PICAI/11324/,9,0,0.5625,0.5625,2.9999998940362222,64.78767707666756,37.16100631900549,274.4849292397893,180.9005709323581,200.2123229233325,289.8389936809946,-8.29886994823778,145.3291931577258,175.67674078877408,31.644672322110125,262.24059042724286,90.938010360785,111.32325921122592,310.3553276778898,23.78126197202326,250.8540779483972,True
