path,curFrame,Deleted,pixelSpacingX,pixelSpacingY,pixelSpacingZ,tra_UL_x,tra_UL_y,tra_LL_x,tra_LL_y,tra_LR_x,tra_LR_y,tra_UR_x,tra_UR_y,cor_UL_x,cor_UL_y,cor_LL_x,cor_LL_y,cor_LR_x,cor_LR_y,cor_UR_x,cor_UR_y,Dirty
./data/train/PICAI/10836/,8,0,0.5625,0.5625,3.5999999576145,30.285842448792422,27.415476084756435,257.8802046351332,156.74376495069936,193.7141575512076,270.5845239152436,-32.88400993704144,141.3433907920483,135.17326422036024,21.18641033776308,224.0716742047433,72.1282664312403,95.82673577963976,298.81358966223684,7.924520493348453,247.95888931150736,True
./data/train/PICAI/10836/,9,0,0.5625,0.5625,3.5999999576145,30.285842448792422,27.415476084756435,257.8802046351332,156.74376495069936,193.7141575512076,270.5845239152436,-32.88400993704144,141.3433907920483,135.17326422036024,21.18641033776308,224.0716742047433,72.1282664312403,95.82673577963976,298.81358966223684,7.924520493348453,247.95888931150736,True
./data/train/PICAI/10836/,10,0,0.5625,0.5625,3.5999999576145,30.285842448792422,27.415476084756435,257.8802046351332,156.74376495069936,193.7141575512076,270.5845239152436,-32.88400993704144,141.3433907920483,135.17326422036024,21.18641033776308,224.0716742047433,72.1282664312403,95.82673577963976,298.81358966223684,7.924520493348453,247.95888931150736,True
