path,curFrame,Deleted,pixelSpacingX,pixelSpacingY,pixelSpacingZ,tra_UL_x,tra_UL_y,tra_LL_x,tra_LL_y,tra_LR_x,tra_LR_y,tra_UR_x,tra_UR_y,cor_UL_x,cor_UL_y,cor_LL_x,cor_LL_y,cor_LR_x,cor_LR_y,cor_UR_x,cor_UR_y,Dirty
./data/train/PICAI/10396/,8,0,0.5625,0.5625,3.600000078789883,14.777501825261368,64.5152878954036,272.10185605045183,122.73192402794528,244.2224981747387,244.4847121045964,-11.217340722982868,187.4716547939583,121.30307620324363,24.081047910915203,219.5009241808592,46.46815698209983,162.69692379675638,299.9189520890849,65.49359771450912,277.63637148116777,True
./data/train/PICAI/10396/,9,0,0.5625,0.5625,3.600000078789883,14.777501825261368,64.5152878954036,272.10185605045183,122.73192402794528,244.2224981747387,244.4847121045964,-11.217340722982868,187.4716547939583,121.30307620324363,24.081047910915203,219.5009241808592,46.46815698209983,162.69692379675638,299.9189520890849,65.49359771450912,277.63637148116777,True
./data/train/PICAI/10396/,10,0,0.5625,0.5625,3.600000078789883,14.777501825261368,64.5152878954036,272.10185605045183,122.73192402794528,244.2224981747387,244.4847121045964,-11.217340722982868,187.4716547939583,121.30307620324363,24.081047910915203,219.5009241808592,46.46815698209983,162.69692379675638,299.9189520890849,65.49359771450912,277.63637148116777,True
