path,curFrame,Deleted,pixelSpacingX,pixelSpacingY,pixelSpacingZ,tra_UL_x,tra_UL_y,tra_LL_x,tra_LL_y,tra_LR_x,tra_LR_y,tra_UR_x,tra_UR_y,cor_UL_x,cor_UL_y,cor_LL_x,cor_LL_y,cor_LR_x,cor_LR_y,cor_UR_x,cor_UR_y,Dirty,h_par_cor,h_orth_cor,h_par_tra,h_orth_tra
./data/train/PICAI/11075/,14,0,0.392857134342,0.392857134342,3.2999999999999763,-36.66661464219942,90.47899069103563,417.6554177034736,167.76088330048017,376.66661464219936,407.5210093089642,-77.65541770347349,330.23911669951974,128.366105652368,20.69235773616478,301.10462738173135,50.14406584884157,224.63389434763204,503.3076422638351,52.8801803712809,473.6822859734914,True,,,,
./data/train/PICAI/11075/,15,0,0.392857134342,0.392857134342,3.2999999999999763,-44.67973383622365,101.5123331257549,413.064287703868,154.910935582229,384.67973383622353,396.48766687424495,-73.0642877038679,343.08906441777094,115.8030052750904,23.54219486172326,289.8461781709423,43.91310471731441,237.1969947249096,500.4578051382766,64.12819189384288,479.8619442283416,True,,,,
./data/train/PICAI/11075/,-1,0,-1.0,-1.0,-1.0,-1.0,-1.0,-1.0,-1.0,-1.0,-1.0,-1.0,-1.0,-1.0,-1.0,-1.0,-1.0,-1.0,-1.0,-1.0,-1.0,False,80.0,60.0,30.0,160.0
./data/train/PICAI/11075/,16,0,0.392857134342,0.392857134342,3.2999999999999763,-44.67973383622365,101.5123331257549,413.064287703868,154.910935582229,384.67973383622353,396.48766687424495,-73.0642877038679,343.08906441777094,115.8030052750904,23.54219486172326,289.8461781709423,43.91310471731441,237.1969947249096,500.4578051382766,64.12819189384288,479.8619442283416,True,,,,
