path,curFrame,Deleted,pixelSpacingX,pixelSpacingY,pixelSpacingZ,tra_UL_x,tra_UL_y,tra_LL_x,tra_LL_y,tra_LR_x,tra_LR_y,tra_UR_x,tra_UR_y,cor_UL_x,cor_UL_y,cor_LL_x,cor_LL_y,cor_LR_x,cor_LR_y,cor_UR_x,cor_UR_y,Dirty
./data/train/PICAI/10040/,10,0,0.5625,0.5625,3.599999957614445,33.8660311145896,46.382593954232505,284.91752660896896,126.08922234883768,245.1339688854104,250.6174060457675,-3.9921549821933695,172.0478546489104,135.58887450027294,28.51809208347517,241.40614370915543,61.915792894953285,166.59660567426317,300.2779816309313,59.77917433495341,266.8187872612404,True
./data/train/PICAI/10040/,9,0,0.5625,0.5625,3.599999957614445,22.208429475152187,64.01730404302391,281.1024196593859,112.53433039961384,256.7915705248478,240.98269595697604,-0.0528246336336621,193.3596272226548,119.1448383118298,31.42036650613275,228.24351751143632,51.67324480082144,183.0406418627063,297.3757072082737,72.94176140996379,277.1836828211641,True
./data/train/PICAI/10040/,11,0,0.5625,0.5625,3.599999957614445,26.99999999999996,53.99999999999997,283.00000000000017,115.99999999999996,252.00000000000009,243.0,-2.0000000000000284,182.00000000000003,126.14813533765955,29.930583792393463,234.03734483687663,55.86548992201297,176.03734483687654,298.86548992201307,67.14611997813508,272.9390078127889,True
