path,curFrame,Deleted,pixelSpacingX,pixelSpacingY,pixelSpacingZ,tra_UL_x,tra_UL_y,tra_LL_x,tra_LL_y,tra_LR_x,tra_LR_y,tra_UR_x,tra_UR_y,cor_UL_x,cor_UL_y,cor_LL_x,cor_LL_y,cor_LR_x,cor_LR_y,cor_UR_x,cor_UR_y,Dirty
./data/train/PICAI/10055/,10,0,0.5625,0.5625,3.60000009536745,38.37894002962223,45.76139640397342,283.9816648373652,131.8386963558894,239.62105997037776,257.23860359602656,-4.984100787105319,171.09154717036654,140.30019622495632,19.233962303268243,240.9912450476724,54.29551798725656,156.69980377504368,296.7660376967317,55.011190902067824,261.77423848648755,True
./data/train/PICAI/10055/,9,0,0.5625,0.5625,3.60000009536745,45.99999999999997,38.99999999999999,285.0,142.00000000000006,232.0,264.0,-6.0,161.00000000000006,150.0,18.99999999999997,248.0,60.99999999999997,147.0,297.00000000000006,47.99999999999999,255.00000000000009,True
./data/train/PICAI/10055/,11,0,0.5625,0.5625,3.60000009536745,38.37894002962223,45.76139640397342,283.9816648373652,131.8386963558894,239.62105997037776,257.23860359602656,-4.984100787105319,171.09154717036654,140.30019622495632,19.233962303268243,240.9912450476724,54.29551798725656,156.69980377504368,296.7660376967317,55.011190902067824,261.77423848648755,True
