path,curFrame,Deleted,pixelSpacingX,pixelSpacingY,pixelSpacingZ,tra_UL_x,tra_UL_y,tra_LL_x,tra_LL_y,tra_LR_x,tra_LR_y,tra_UR_x,tra_UR_y,cor_UL_x,cor_UL_y,cor_LL_x,cor_LL_y,cor_LR_x,cor_LR_y,cor_UR_x,cor_UR_y,Dirty
./data/train/PICAI/10509/,12,0,0.625,0.625,3.500000133006442,71.51598279593782,69.90122896339949,266.02370930213294,257.98829478503256,165.48401720406218,361.09877103660045,-28.06740454616988,173.30407691969023,185.3532604019855,80.9165612098561,269.02088296711344,162.96367532302472,75.64673959801456,361.08343879014376,-7.356949915873173,280.2850011376612,True
./data/train/PICAI/10509/,13,0,0.625,0.625,3.500000133006442,71.51598279593782,69.90122896339949,266.02370930213294,257.98829478503256,165.48401720406218,361.09877103660045,-28.06740454616988,173.30407691969023,185.3532604019855,80.9165612098561,269.02088296711344,162.96367532302472,75.64673959801456,361.08343879014376,-7.356949915873173,280.2850011376612,True
./data/train/PICAI/10509/,14,0,0.625,0.625,3.500000133006442,71.51598279593782,69.90122896339949,266.02370930213294,257.98829478503256,165.48401720406218,361.09877103660045,-28.06740454616988,173.30407691969023,185.3532604019855,80.9165612098561,269.02088296711344,162.96367532302472,75.64673959801456,361.08343879014376,-7.356949915873173,280.2850011376612,True
