path,curFrame,Deleted,pixelSpacingX,pixelSpacingY,pixelSpacingZ,tra_UL_x,tra_UL_y,tra_LL_x,tra_LL_y,tra_LR_x,tra_LR_y,tra_UR_x,tra_UR_y,cor_UL_x,cor_UL_y,cor_LL_x,cor_LL_y,cor_LR_x,cor_LR_y,cor_UR_x,cor_UR_y,Dirty
./data/train/PICAI/10554/,9,0,0.5625,0.5625,3.6000000635782783,-7.602628920685589,61.77092500286611,245.3105089267054,95.51917983458443,226.6026289206856,233.22907499713392,-25.31598703133716,199.3762917021479,92.1841265015194,15.296292627401954,187.07881742592485,28.449149136980523,150.81587349848058,295.70370737259805,56.025711037342745,283.5453727583877,True
./data/train/PICAI/10554/,8,0,0.5625,0.5625,3.6000000635782783,-6.0886149627593085,59.74025928142808,246.19701472885308,97.89731696551355,225.08861496275927,235.25974071857195,-26.20082003076135,197.0155272917388,94.6354835361284,14.806013791767242,189.28617254185684,29.613007772345227,148.3645164638716,296.1939862082328,53.80098320089076,282.3831869257465,True
./data/train/PICAI/10554/,10,0,0.5625,0.5625,3.6000000635782783,2.0,50.0,250.0,110.0,217.0,245.0,-30.0,185.0,107.0,13.0,200.0,36.0,136.0,298.0,43.0,276.0,True
