path,curFrame,Deleted,pixelSpacingX,pixelSpacingY,pixelSpacingZ,tra_UL_x,tra_UL_y,tra_LL_x,tra_LL_y,tra_LR_x,tra_LR_y,tra_UR_x,tra_UR_y,cor_UL_x,cor_UL_y,cor_LL_x,cor_LL_y,cor_LR_x,cor_LR_y,cor_UR_x,cor_UR_y,Dirty,h_par_cor,h_orth_cor,h_par_tra,h_orth_tra
./data/train/PICAI/10573/,13,0,0.392857134342,0.392857134342,3.3000000084004544,-1.5413260508283884,156.53764316451787,427.07361956626505,252.63773886507465,378.54132605082833,467.46235683548207,-49.10912823594839,370.32797081120384,172.8168934643394,96.19014055158738,346.317492559939,136.1594051616355,249.1831065356606,563.8098594484127,75.71740693676347,524.8399856653834,True,,,,
./data/train/PICAI/10573/,14,0,0.392857134342,0.392857134342,3.3000000084004544,-1.5413260508283884,156.53764316451787,427.07361956626505,252.63773886507465,378.54132605082833,467.46235683548207,-49.10912823594839,370.32797081120384,172.8168934643394,96.19014055158738,346.317492559939,136.1594051616355,249.1831065356606,563.8098594484127,75.71740693676347,524.8399856653834,True,,,,
./data/train/PICAI/10573/,-1,0,-1.0,-1.0,-1.0,-1.0,-1.0,-1.0,-1.0,-1.0,-1.0,-1.0,-1.0,-1.0,-1.0,-1.0,-1.0,-1.0,-1.0,-1.0,-1.0,False,80.0,60.0,30.0,160.0
./data/train/PICAI/10573/,15,0,0.392857134342,0.392857134342,3.3000000084004544,18.821308527193537,134.53622437219428,432.52976777119545,282.1550265281328,358.1786914728064,489.46377562780566,-54.44641733035596,340.9359345165232,197.5957586029473,93.27957366600992,364.9320825083354,154.09531753082734,216.40424139705263,566.7204263339902,48.98076174891702,506.9008771672642,True,,,,
