path,curFrame,Deleted,pixelSpacingX,pixelSpacingY,pixelSpacingZ,tra_UL_x,tra_UL_y,tra_LL_x,tra_LL_y,tra_LR_x,tra_LR_y,tra_UR_x,tra_UR_y,cor_UL_x,cor_UL_y,cor_LL_x,cor_LL_y,cor_LR_x,cor_LR_y,cor_UR_x,cor_UR_y,Dirty,h_par_cor,h_orth_cor,h_par_tra,h_orth_tra,cor_mid_x,cor_mid_y,tra_mid_x,tra_mid_y,Alpha,cor_U_mid_x,cor_U_mid_y,tra_U_mid_x,tra_U_mid_y,tra_L_mid_x,tra_L_mid_y
./data/train/PICAI/11100/,13,0,0.392857134342,0.392857134342,-1.0,132.26959934856197,198.6110149033444,491.2695993485623,391.6110149033439,404,553,45,360,290.3702805764543,161.6817072746756,450,248,257,607,97.37028057645465,520.681707274676,True,80.0,60.0,30.0,160.0,354.0,428.0,354.0,428.0,-2.649449197152239,219.0,355.0,84.0,283.0,443.0,476.0
./data/train/PICAI/11100/,14,0,0.392857134342,0.392857134342,-1.0,132.26959934856197,198.6110149033444,491.2695993485623,391.6110149033439,404,553,45,360,290.3702805764543,161.6817072746756,450,248,257,607,97.37028057645465,520.681707274676,True,80.0,60.0,30.0,160.0,354.0,428.0,354.0,428.0,-2.649449197152239,219.0,355.0,84.0,283.0,443.0,476.0
./data/train/PICAI/11100/,-1,0,-1.0,-1.0,-1.0,-1.0,-1.0,-1.0,-1.0,-1,-1,-1,-1,-1.0,-1.0,-1,-1,-1,-1,-1.0,-1.0,False,80.0,60.0,30.0,160.0,,,,,,,,,,,
./data/train/PICAI/11100/,15,0,0.392857134342,0.392857134342,-1.0,132.26959934856197,198.6110149033444,491.2695993485623,391.6110149033439,404,553,45,360,290.3702805764543,161.6817072746756,450,248,257,607,97.37028057645465,520.681707274676,True,80.0,60.0,30.0,160.0,354.0,428.0,354.0,428.0,-2.649449197152239,219.0,355.0,84.0,283.0,443.0,476.0
