path,curFrame,Deleted,pixelSpacingX,pixelSpacingY,pixelSpacingZ,tra_UL_x,tra_UL_y,tra_LL_x,tra_LL_y,tra_LR_x,tra_LR_y,tra_UR_x,tra_UR_y,cor_UL_x,cor_UL_y,cor_LL_x,cor_LL_y,cor_LR_x,cor_LR_y,cor_UR_x,cor_UR_y,Dirty,h_par_cor,h_orth_cor,h_par_tra,h_orth_tra
./data/train/PICAI/10789/,10,0,0.5625,0.5625,3.600000169542111,18.38746585371285,23.00554406207786,268.35020264905774,99.75598519293476,226.61253414628715,233.99445593792217,-21.35507454853814,157.104501859577,125.80824698413718,-3.8536207591668017,221.0231802393453,24.573768941723472,140.19175301586282,287.8536207591668,44.90706328691063,258.4286670080168,True,,,,
./data/train/PICAI/10789/,9,0,0.5625,0.5625,3.600000169542111,18.38746585371285,23.00554406207786,268.35020264905774,99.75598519293476,226.61253414628715,233.99445593792217,-21.35507454853814,157.104501859577,125.80824698413718,-3.8536207591668017,221.0231802393453,24.573768941723472,140.19175301586282,287.8536207591668,44.90706328691063,258.4286670080168,True,,,,
./data/train/PICAI/10789/,11,0,0.5625,0.5625,3.600000169542111,18.38746585371285,23.00554406207786,268.35020264905774,99.75598519293476,226.61253414628715,233.99445593792217,-21.35507454853814,157.104501859577,125.80824698413718,-3.8536207591668017,221.0231802393453,24.573768941723472,140.19175301586282,287.8536207591668,44.90706328691063,258.4286670080168,True,,,,
