path,curFrame,Deleted,pixelSpacingX,pixelSpacingY,pixelSpacingZ,tra_UL_x,tra_UL_y,tra_LL_x,tra_LL_y,tra_LR_x,tra_LR_y,tra_UR_x,tra_UR_y,cor_UL_x,cor_UL_y,cor_LL_x,cor_LL_y,cor_LR_x,cor_LR_y,cor_UR_x,cor_UR_y,Dirty
./data/train/PICAI/10348/,10,0,0.5625,0.5625,3.600000169542111,23.084029884343835,14.660272399846718,273.7570285722966,103.90178588314504,220.9159701156562,252.3397276001533,-28.75839903754189,163.1505500730979,104.80409543534466,-2.026380882763533,226.8023992764089,39.41531140777167,136.1959045646553,297.0263808827634,14.30227263607702,253.5874295227192,True
./data/train/PICAI/10348/,9,0,0.5625,0.5625,3.600000169542111,25.17313449267665,12.952050552376749,274.2504753043785,106.55481917687538,218.82686550732336,254.0479494476233,-29.25291125411852,160.51493729686874,107.41608116989671,-2.277538596570963,228.67254682107065,41.28700590679449,133.58391883010324,297.2775385965709,12.466966126417615,251.71786599268583,True
./data/train/PICAI/10348/,11,0,0.5625,0.5625,3.600000169542111,33.81799974110254,6.491398597024883,275.7592015972382,117.24091256620092,210.1820002588975,260.5086014029752,-30.768933528496447,149.89826053475912,117.8959058771428,-2.825376080684805,235.8180878674953,49.09147084431832,123.10409412285716,297.8253760806848,5.460258334424822,243.9279930181985,True
