path,curFrame,Deleted,pixelSpacingX,pixelSpacingY,pixelSpacingZ,tra_UL_x,tra_UL_y,tra_LL_x,tra_LL_y,tra_LR_x,tra_LR_y,tra_UR_x,tra_UR_y,cor_UL_x,cor_UL_y,cor_LL_x,cor_LL_y,cor_LR_x,cor_LR_y,cor_UR_x,cor_UR_y,Dirty
./data/train/PICAI/10235/,8,0,0.5625,0.5625,3.5999999533985934,12.653723110905858,57.83883092990044,273.6558305441138,115.30969237658724,246.3462768890941,239.1611690700996,-12.66344114793037,181.51599613791743,131.82483312868564,14.142832466389136,226.99845659090016,34.92699463551757,170.1751668713144,291.85716753361083,75.0015434090999,271.0730053644824,True
./data/train/PICAI/10235/,9,0,0.5625,0.5625,3.5999999533985934,11.089263794143063,59.891887780028895,273.05462417446523,112.79888127623911,247.9107362058569,237.1081122199711,-12.06558038372873,183.9920617972256,129.4043618749506,14.498633891315222,224.92622357896207,33.6186217731034,172.59563812504942,291.50136610868475,77.07377642103799,272.3813782268965,True
./data/train/PICAI/10235/,10,0,0.5625,0.5625,3.5999999533985934,9.56087353469914,61.97193551950559,272.4096896756482,110.29894508249872,249.4391264653008,235.0280644804944,-11.42459737236561,186.45731623069096,126.99046886179008,14.896624174050856,222.8314719231824,32.34661363497051,175.00953113820992,291.1033758259491,79.16852807681764,273.6533863650294,True
