path,curFrame,Deleted,pixelSpacingX,pixelSpacingY,pixelSpacingZ,tra_UL_x,tra_UL_y,tra_LL_x,tra_LL_y,tra_LR_x,tra_LR_y,tra_UR_x,tra_UR_y,cor_UL_x,cor_UL_y,cor_LL_x,cor_LL_y,cor_LR_x,cor_LR_y,cor_UR_x,cor_UR_y,Dirty,h_par_cor,h_orth_cor,h_par_tra,h_orth_tra
./data/train/PICAI/10822/,14,0,0.625,0.625,3.6,42.4472884881728,21.10130729882573,292.9826790282833,136.85975445027285,231.5527115118272,269.89869270117424,-17.985114978023432,154.2100020234713,145.26638138908731,11.009302243085187,248.1481552931196,59.30361452061527,134.73361861091269,304.99069775691487,30.78452418287651,257.6241930559004,True,,,,
./data/train/PICAI/10822/,13,0,0.625,0.625,3.6,42.4472884881728,21.10130729882573,292.9826790282833,136.85975445027285,231.5527115118272,269.89869270117424,-17.985114978023432,154.2100020234713,145.26638138908731,11.009302243085187,248.1481552931196,59.30361452061527,134.73361861091269,304.99069775691487,30.78452418287651,257.6241930559004,True,,,,
./data/train/PICAI/10822/,-1,0,-1.0,-1.0,-1.0,-1.0,-1.0,-1.0,-1.0,-1.0,-1.0,-1.0,-1.0,-1.0,-1.0,-1.0,-1.0,-1.0,-1.0,-1.0,-1.0,False,80.0,60.0,30.0,160.0
./data/train/PICAI/10822/,15,0,0.625,0.625,3.6,42.4472884881728,21.10130729882573,292.9826790282833,136.85975445027285,231.5527115118272,269.89869270117424,-17.985114978023432,154.2100020234713,145.26638138908731,11.009302243085187,248.1481552931196,59.30361452061527,134.73361861091269,304.99069775691487,30.78452418287651,257.6241930559004,True,,,,
