path,curFrame,Deleted,pixelSpacingX,pixelSpacingY,pixelSpacingZ,tra_UL_x,tra_UL_y,tra_LL_x,tra_LL_y,tra_LR_x,tra_LR_y,tra_UR_x,tra_UR_y,cor_UL_x,cor_UL_y,cor_LL_x,cor_LL_y,cor_LR_x,cor_LR_y,cor_UR_x,cor_UR_y,Dirty
./data/train/PICAI/11140/,8,0,0.5625,0.5625,3.599999902672319,111.86975803702003,-0.0826298472246946,265.31313827115616,217.74098930901465,155.13024196298002,295.08262984722467,2.6323803044431884,77.58457884544255,215.4793820009508,41.15322281557901,276.60875392614827,127.77423578605216,64.52061799904925,276.8467771844209,3.7168142283087775,189.28024563834845,True
./data/train/PICAI/11140/,9,0,0.5625,0.5625,3.599999902672319,111.86975803702003,-0.0826298472246946,265.31313827115616,217.74098930901465,155.13024196298002,295.08262984722467,2.6323803044431884,77.58457884544255,215.4793820009508,41.15322281557901,276.60875392614827,127.77423578605216,64.52061799904925,276.8467771844209,3.7168142283087775,189.28024563834845,True
./data/train/PICAI/11140/,10,0,0.5625,0.5625,3.599999902672319,111.86975803702003,-0.0826298472246946,265.31313827115616,217.74098930901465,155.13024196298002,295.08262984722467,2.6323803044431884,77.58457884544255,215.4793820009508,41.15322281557901,276.60875392614827,127.77423578605216,64.52061799904925,276.8467771844209,3.7168142283087775,189.28024563834845,True
