path,curFrame,Deleted,pixelSpacingX,pixelSpacingY,pixelSpacingZ,tra_UL_x,tra_UL_y,tra_LL_x,tra_LL_y,tra_LR_x,tra_LR_y,tra_UR_x,tra_UR_y,cor_UL_x,cor_UL_y,cor_LL_x,cor_LL_y,cor_LR_x,cor_LR_y,cor_UR_x,cor_UR_y,Dirty,h_par_cor,h_orth_cor,h_par_tra,h_orth_tra
./data/train/PICAI/10860/,8,0,-1.0,-1.0,-1.0,-1.0,-1.0,-1.0,-1.0,-1.0,-1.0,-1.0,-1.0,-1.0,-1.0,-1.0,-1.0,-1.0,-1.0,-1.0,-1.0,True,80.0,60.0,30.0,160.0
./data/train/PICAI/10860/,9,0,0.5625,0.5625,3.599999957614445,29.763309813460022,46.40012518221323,279.60783233287634,141.17730897158822,232.23669018654,265.5998748177867,-16.573542009154608,169.85819969809518,139.9642569534878,23.59790960945336,250.5698487049316,65.4835046668591,158.0357430465122,308.4020903905466,47.43015129506848,266.51649533314094,True,,,,
./data/train/PICAI/10860/,10,0,0.5625,0.5625,3.599999957614445,27.86594709093096,48.18364163750773,279.3265070118917,138.5860022495901,234.134052909069,263.8163583624922,-16.309206910297917,172.43160246169077,137.48037398190476,23.77729359767045,248.80012439480387,63.72617553458906,160.51962601809524,308.22270640232955,49.19987560519614,268.273824465411,True,,,,
./data/train/PICAI/10860/,11,0,0.5625,0.5625,3.599999957614445,27.86594709093096,48.18364163750773,279.3265070118917,138.5860022495901,234.134052909069,263.8163583624922,-16.309206910297917,172.43160246169077,137.48037398190476,23.77729359767045,248.80012439480387,63.72617553458906,160.51962601809524,308.22270640232955,49.19987560519614,268.273824465411,True,,,,
