path,curFrame,Deleted,pixelSpacingX,pixelSpacingY,pixelSpacingZ,tra_UL_x,tra_UL_y,tra_LL_x,tra_LL_y,tra_LR_x,tra_LR_y,tra_UR_x,tra_UR_y,cor_UL_x,cor_UL_y,cor_LL_x,cor_LL_y,cor_LR_x,cor_LR_y,cor_UR_x,cor_UR_y,Dirty,cor_mid_x,cor_mid_y,tra_mid_x,tra_mid_y,Alpha,h_par_cor,h_orth_cor,h_par_tra,h_orth_tra,cor_U_mid_x,cor_U_mid_y,tra_U_mid_x,tra_U_mid_y,tra_L_mid_x,tra_L_mid_y
./data/train/PICAI/10557/,9,0,0.5625,0.5625,4.000404357910153,-2.435764516816461,96.58828686044792,270.5642354831833,169.58828686044805,239.0,290.0,-34.0,217.0,109.41261089775196,51.88031831862554,225.0,83.0,152.0,358.0,36.41261089775196,326.88031831862554,True,185.0,221.0,185.0,221.0,-2.8809902618424523,80.0,60.0,30.0,160.0,81.0,193.0,-21.0,166.0,253.0,239.0
./data/train/PICAI/10557/,8,0,0.5625,0.5625,4.000404357910153,2.790868623192324,90.40293307228906,271.59620680545584,177.59060516369675,233.7733668599912,296.18535378815886,-35.0319713222726,208.9976816967513,117.45232629887114,50.97565564468991,231.25262860277425,88.1020654221627,143.96028459888083,358.9046626739357,30.15998229497771,321.77825289646285,True,185.0,221.0,185.0,221.0,-2.8809902618424523,80.0,60.0,30.0,160.0,81.0,193.0,-21.0,166.0,253.0,239.0
./data/train/PICAI/10557/,10,0,0.5625,0.5625,4.000404357910153,-2.435764516816461,96.58828686044792,270.5642354831833,169.58828686044805,239.0,290.0,-34.0,217.0,109.41261089775196,51.88031831862554,225.0,83.0,152.0,358.0,36.41261089775196,326.88031831862554,True,185.0,221.0,185.0,221.0,-2.8809902618424523,80.0,60.0,30.0,160.0,81.0,193.0,-21.0,166.0,253.0,239.0
