path,curFrame,Deleted,pixelSpacingX,pixelSpacingY,pixelSpacingZ,tra_UL_x,tra_UL_y,tra_LL_x,tra_LL_y,tra_LR_x,tra_LR_y,tra_UR_x,tra_UR_y,cor_UL_x,cor_UL_y,cor_LL_x,cor_LL_y,cor_LR_x,cor_LR_y,cor_UR_x,cor_UR_y,Dirty
./data/train/PICAI/11034/,10,0,0.5625,0.5625,3.6,84.98425573207237,10.088324014973123,282.12581043392527,201.3060203972284,187.01574426792763,299.9116759850268,-10.125810433925295,108.69397960277163,186.79580153335783,30.484946181590573,268.4916513226415,109.37593506629663,77.20419846664211,307.51505381840946,-4.491651322641474,228.62406493370327,True
./data/train/PICAI/11034/,9,0,0.5625,0.5625,3.6,95.21705504213342,6.882643148874536,278.5397106079316,211.3864425177463,176.78294495786656,303.1173568511254,-6.539710607931653,98.6135574822537,196.3246434297,34.64472378189993,272.3183290401318,119.04235258356027,67.6753565703,303.35527621810013,-8.318329040131857,218.95764741643973,True
./data/train/PICAI/11034/,11,0,0.5625,0.5625,3.6,84.98425573207237,10.088324014973123,282.12581043392527,201.3060203972284,187.01574426792763,299.9116759850268,-10.125810433925295,108.69397960277163,186.79580153335783,30.484946181590573,268.4916513226415,109.37593506629663,77.20419846664211,307.51505381840946,-4.491651322641474,228.62406493370327,True
