path,curFrame,Deleted,pixelSpacingX,pixelSpacingY,pixelSpacingZ,tra_UL_x,tra_UL_y,tra_LL_x,tra_LL_y,tra_LR_x,tra_LR_y,tra_UR_x,tra_UR_y,cor_UL_x,cor_UL_y,cor_LL_x,cor_LL_y,cor_LR_x,cor_LR_y,cor_UR_x,cor_UR_y,Dirty,h_par_cor,h_orth_cor,h_par_tra,h_orth_tra
./data/train/PICAI/10955/,16,0,0.392857134342,0.392857134342,3.3000000435345247,55.88846954452197,58.88904936975592,455.41041076053307,196.59242074094016,389.1115304554779,391.1109506302441,-9.501371805189052,252.3242288182204,231.2264908107913,0.208415912183284,399.9685958203249,58.72424280501235,256.77350918920865,475.7915840878168,87.94424843692738,416.27956249689584,True,,,,
./data/train/PICAI/10955/,15,0,0.392857134342,0.392857134342,3.3000000435345247,77.37419911305702,39.822377386133695,457.136344909598,225.18880536058367,367.6258008869429,410.1776226138665,-11.102054585876544,223.84670330909967,260.301206831348,0.424179143075122,420.654248376178,79.06832747797674,227.698793168652,475.5758208569249,67.38065112052433,395.9322816950041,True,,,,
./data/train/PICAI/10955/,-1,0,-1.0,-1.0,-1.0,-1.0,-1.0,-1.0,-1.0,-1.0,-1.0,-1.0,-1.0,-1.0,-1.0,-1.0,-1.0,-1.0,-1.0,-1.0,-1.0,False,80.0,60.0,30.0,160.0
./data/train/PICAI/10955/,17,0,0.392857134342,0.392857134342,3.3000000435345247,55.88846954452197,58.88904936975592,455.41041076053307,196.59242074094016,389.1115304554779,391.1109506302441,-9.501371805189052,252.3242288182204,231.2264908107913,0.208415912183284,399.9685958203249,58.72424280501235,256.77350918920865,475.7915840878168,87.94424843692738,416.27956249689584,True,,,,
