path,curFrame,Deleted,pixelSpacingX,pixelSpacingY,pixelSpacingZ,tra_UL_x,tra_UL_y,tra_LL_x,tra_LL_y,tra_LR_x,tra_LR_y,tra_UR_x,tra_UR_y,cor_UL_x,cor_UL_y,cor_LL_x,cor_LL_y,cor_LR_x,cor_LR_y,cor_UR_x,cor_UR_y,Dirty
./data/train/PICAI/11068/,9,0,0.5625,0.5625,4.000404357910126,63.03576476435924,9.130056212027997,288.9184619916816,150.50193139698058,210.9642352356408,275.86994378797203,-13.933654238669533,134.67171678068627,158.01790481875665,3.6139871133450754,267.686074474542,72.70734833097497,124.98209518124337,300.3860128866549,15.313925525457904,231.292651669025,True
./data/train/PICAI/11068/,10,0,0.5625,0.5625,4.000404357910126,63.03576476435924,9.130056212027997,288.9184619916816,150.50193139698058,210.9642352356408,275.86994378797203,-13.933654238669533,134.67171678068627,158.01790481875665,3.6139871133450754,267.686074474542,72.70734833097497,124.98209518124337,300.3860128866549,15.313925525457904,231.292651669025,True
./data/train/PICAI/11068/,11,0,0.5625,0.5625,4.000404357910126,63.03576476435924,9.130056212027997,288.9184619916816,150.50193139698058,210.9642352356408,275.86994378797203,-13.933654238669533,134.67171678068627,158.01790481875665,3.6139871133450754,267.686074474542,72.70734833097497,124.98209518124337,300.3860128866549,15.313925525457904,231.292651669025,True
