path,curFrame,Deleted,pixelSpacingX,pixelSpacingY,pixelSpacingZ,tra_UL_x,tra_UL_y,tra_LL_x,tra_LL_y,tra_LR_x,tra_LR_y,tra_UR_x,tra_UR_y,cor_UL_x,cor_UL_y,cor_LL_x,cor_LL_y,cor_LR_x,cor_LR_y,cor_UR_x,cor_UR_y,Dirty
./data/train/PICAI/10994/,7,0,0.5625,0.5625,3.5999999576145,98.18495399327388,-5.930804939143485,308.5902558222882,170.9154813160152,199.8150460067261,299.9308049391436,-9.628994126349768,123.36015603980186,179.49955641083255,8.599943099602285,291.084757977426,101.97415148362404,118.5004435891675,308.40005690039754,6.229617682452528,213.7889494646206,True
./data/train/PICAI/10994/,6,0,0.5625,0.5625,3.5999999576145,98.18495399327388,-5.930804939143485,308.5902558222882,170.9154813160152,199.8150460067261,299.9308049391436,-9.628994126349768,123.36015603980186,179.49955641083255,8.599943099602285,291.084757977426,101.97415148362404,118.5004435891675,308.40005690039754,6.229617682452528,213.7889494646206,True
./data/train/PICAI/10994/,8,0,0.5625,0.5625,3.5999999576145,98.18495399327388,-5.930804939143485,308.5902558222882,170.9154813160152,199.8150460067261,299.9308049391436,-9.628994126349768,123.36015603980186,179.49955641083255,8.599943099602285,291.084757977426,101.97415148362404,118.5004435891675,308.40005690039754,6.229617682452528,213.7889494646206,True
