path,curFrame,Deleted,pixelSpacingX,pixelSpacingY,pixelSpacingZ,tra_UL_x,tra_UL_y,tra_LL_x,tra_LL_y,tra_LR_x,tra_LR_y,tra_UR_x,tra_UR_y,cor_UL_x,cor_UL_y,cor_LL_x,cor_LL_y,cor_LR_x,cor_LR_y,cor_UR_x,cor_UR_y,Dirty,h_par_cor,h_orth_cor,h_par_tra,h_orth_tra
./data/train/PICAI/10640/,15,0,0.392857134342,0.392857134342,3.299999999999987,126.09162758939276,102.51631372477271,493.1656689277865,343.7416195604153,375.9083724106072,522.4836862752272,8.575512027110989,282.22430626587374,340.55384991725384,86.26058311150257,480.4186469067821,178.60688007612396,229.44615008274616,562.7394168884975,88.6154272669288,470.1343008787735,True,,,,
./data/train/PICAI/10640/,16,0,0.392857134342,0.392857134342,3.299999999999987,122.4459311014439,104.72824694000076,493.6740273657804,339.5104876311497,379.554068898556,520.2717530599992,8.084050738619965,286.4598080951263,336.38753766391085,85.32731976072145,477.8426976750119,175.2185746536964,233.61246233608915,563.6726802392786,91.18700659871206,473.53950345070393,True,,,,
./data/train/PICAI/10640/,-1,0,-1.0,-1.0,-1.0,-1.0,-1.0,-1.0,-1.0,-1.0,-1.0,-1.0,-1.0,-1.0,-1.0,-1.0,-1.0,-1.0,-1.0,-1.0,-1.0,False,80.0,60.0,30.0,160.0
./data/train/PICAI/10640/,17,0,0.392857134342,0.392857134342,3.299999999999987,98.08314651334626,121.9437460492538,495.1569223578672,309.7346311757028,403.91685348665374,503.05625395074617,6.721208298727674,316.25791497593855,306.85668524942804,80.84751117645558,458.2124481599254,152.82968281486404,263.143314750572,568.1524888235444,110.79500568843326,496.0484478417308,True,,,,
