path,curFrame,Deleted,pixelSpacingX,pixelSpacingY,pixelSpacingZ,tra_UL_x,tra_UL_y,tra_LL_x,tra_LL_y,tra_LR_x,tra_LR_y,tra_UR_x,tra_UR_y,cor_UL_x,cor_UL_y,cor_LL_x,cor_LL_y,cor_LR_x,cor_LR_y,cor_UR_x,cor_UR_y,Dirty,h_par_cor,h_orth_cor,h_par_tra,h_orth_tra
./data/train/PICAI/10935/,-1,0,-1.0,-1.0,-1.0,-1.0,-1.0,-1.0,-1.0,-1.0,-1.0,-1.0,-1.0,-1.0,-1.0,-1.0,-1.0,-1.0,-1.0,-1.0,-1.0,False,80.0,60.0,30.0,160.0
./data/train/PICAI/10935/,13,0,0.392857134342,0.392857134342,3.299999999999987,60.49346388016036,188.7878844471449,443.5781113254892,396.98527369996026,349.50653611983944,570.212115552855,-32.59996372475538,362.22263799085744,274.46496246201525,161.8866838761705,408.3343094639873,234.30213756711703,198.53503753798475,620.1133161238293,64.66569053601276,547.6978624328829,True,,,,
./data/train/PICAI/10935/,14,0,0.392857134342,0.392857134342,3.299999999999987,60.49346388016036,188.7878844471449,443.5781113254892,396.98527369996026,349.50653611983944,570.212115552855,-32.59996372475538,362.22263799085744,274.46496246201525,161.8866838761705,408.3343094639873,234.30213756711703,198.53503753798475,620.1133161238293,64.66569053601276,547.6978624328829,True,,,,
./data/train/PICAI/10935/,15,0,0.392857134342,0.392857134342,3.299999999999987,32.43863136144279,213.7416697309364,443.3761183147297,359.448161750054,377.5613686385572,545.2583302690637,-32.37748877997515,399.6041742061889,238.15633173344,158.76842039638788,381.7057976891612,209.35054000230443,234.84366826656003,623.2315796036121,91.29420231083884,572.6494599976955,True,,,,
