path,curFrame,Deleted,pixelSpacingX,pixelSpacingY,pixelSpacingZ,tra_UL_x,tra_UL_y,tra_LL_x,tra_LL_y,tra_LR_x,tra_LR_y,tra_UR_x,tra_UR_y,cor_UL_x,cor_UL_y,cor_LL_x,cor_LL_y,cor_LR_x,cor_LR_y,cor_UR_x,cor_UR_y,Dirty,h_par_cor,h_orth_cor,h_par_tra,h_orth_tra
./data/train/PICAI/11146/,8,0,0.5625,0.5625,3.599999957614445,47.889536518245535,38.48056100420701,272.9351986106452,152.42550373267338,220.11046348175444,256.519438995793,-3.9528033219261545,143.59179636892028,165.3450640931605,21.28227109802464,245.66953595621143,60.69012843538742,130.6549359068395,289.71772890197536,51.34776414538224,249.3274762758935,True,,,,
./data/train/PICAI/11146/,9,0,0.5625,0.5625,3.599999957614445,47.889536518245535,38.48056100420701,272.9351986106452,152.42550373267338,220.11046348175444,256.519438995793,-3.9528033219261545,143.59179636892028,165.3450640931605,21.28227109802464,245.66953595621143,60.69012843538742,130.6549359068395,289.71772890197536,51.34776414538224,249.3274762758935,True,,,,
./data/train/PICAI/11146/,10,0,0.5625,0.5625,3.599999957614445,40.49448564548104,44.75288916326237,272.9403452214931,142.72187591911725,227.5055143545189,250.24711083673765,-3.88937973049562,153.22441765939436,155.94025690664267,20.39928823186565,238.81801555899503,54.107998096861,140.05974309335733,290.6007117681343,58.12827801951661,255.84103641214148,True,,,,
