path,curFrame,Deleted,pixelSpacingX,pixelSpacingY,pixelSpacingZ,tra_UL_x,tra_UL_y,tra_LL_x,tra_LL_y,tra_LR_x,tra_LR_y,tra_UR_x,tra_UR_y,cor_UL_x,cor_UL_y,cor_LL_x,cor_LL_y,cor_LR_x,cor_LR_y,cor_UR_x,cor_UR_y,Dirty
./data/train/PICAI/10090/,10,0,0.5625,0.5625,3.6000000635782774,-14.0,59.0,266.0,75.0,258.0,211.0,-22.0,194.0,87.0,10.0,200.0,17.0,185.0,269.0,72.0,263.0,True
./data/train/PICAI/10090/,9,0,0.5625,0.5625,3.6000000635782774,-14.0,59.0,266.0,75.0,258.0,211.0,-22.0,194.0,87.0,10.0,200.0,17.0,185.0,269.0,72.0,263.0,True
./data/train/PICAI/10090/,11,0,0.5625,0.5625,3.6000000635782774,-17.79114940108576,66.22184540769274,262.66249563008205,67.54585021574167,261.79114940108576,203.7781545923073,-18.714831586324976,201.45552024950376,82.28964646356468,12.741937105186937,195.5011355845321,13.818380793016289,193.7103535364353,266.25806289481307,80.55120037171082,266.1802487417383,True
