path,curFrame,Deleted,pixelSpacingX,pixelSpacingY,pixelSpacingZ,tra_UL_x,tra_UL_y,tra_LL_x,tra_LL_y,tra_LR_x,tra_LR_y,tra_UR_x,tra_UR_y,cor_UL_x,cor_UL_y,cor_LL_x,cor_LL_y,cor_LR_x,cor_LR_y,cor_UR_x,cor_UR_y,Dirty
./data/train/PICAI/10622/,9,0,0.5625,0.5625,3.6000001165601665,-5.842800124706031,91.24938385105962,274.50617299397595,90.5761295895994,274.842800124706,230.7506161489404,-4.507543459221324,231.37153445415768,86.24690376403967,38.10965926413292,210.3909818110645,37.61177789853535,211.7530962359603,292.890340735867,87.60901818893547,293.38822210146463,True
./data/train/PICAI/10622/,10,0,0.5625,0.5625,3.6000001165601665,0.7704133579860013,79.28312501963825,280.11125196949774,103.04645567460584,268.22958664201394,242.71687498036167,-10.111861142478688,218.98844382209663,97.588498006607,33.125125258667936,221.30356357675987,43.44900781189264,200.41150199339296,297.87487474133206,76.69643642324012,287.55099218810733,True
./data/train/PICAI/10622/,11,0,0.5625,0.5625,3.6000001165601665,-3.3230456845182346,86.39398095164705,276.8786426493933,95.50517488139717,272.3230456845182,235.6060190483529,-6.878794954236895,226.4773727121656,90.73099003117656,35.997210542578784,214.8168186691928,39.832198315294,207.2690099688234,295.0027894574212,83.18318133080717,291.167801684706,True
