path,curFrame,Deleted,pixelSpacingX,pixelSpacingY,pixelSpacingZ,tra_UL_x,tra_UL_y,tra_LL_x,tra_LL_y,tra_LR_x,tra_LR_y,tra_UR_x,tra_UR_y,cor_UL_x,cor_UL_y,cor_LL_x,cor_LL_y,cor_LR_x,cor_LR_y,cor_UR_x,cor_UR_y,Dirty
./data/train/PICAI/11345/,8,0,0.5625,0.5625,4.00040427797415,27.208023280668087,55.11361492824507,285.6041320993039,130.74066661867994,246.7919767193319,259.88638507175494,-9.659208986037726,185.3626348285605,145.70019979850673,22.092670803254663,248.1424538535296,52.42915103062833,171.46443667209718,311.7715534277758,70.0234242161717,281.4786255312922,True
./data/train/PICAI/11345/,9,0,0.5625,0.5625,4.00040427797415,27.208023280668087,55.11361492824507,285.6041320993039,130.74066661867994,246.7919767193319,259.88638507175494,-9.659208986037726,185.3626348285605,145.70019979850673,22.092670803254663,248.1424538535296,52.42915103062833,171.46443667209718,311.7715534277758,70.0234242161717,281.4786255312922,True
./data/train/PICAI/11345/,10,0,0.5625,0.5625,4.00040427797415,27.208023280668087,55.11361492824507,285.6041320993039,130.74066661867994,246.7919767193319,259.88638507175494,-9.659208986037726,185.3626348285605,145.70019979850673,22.092670803254663,248.1424538535296,52.42915103062833,171.46443667209718,311.7715534277758,70.0234242161717,281.4786255312922,True
