path,curFrame,Deleted,pixelSpacingX,pixelSpacingY,pixelSpacingZ,tra_UL_x,tra_UL_y,tra_LL_x,tra_LL_y,tra_LR_x,tra_LR_y,tra_UR_x,tra_UR_y,cor_UL_x,cor_UL_y,cor_LL_x,cor_LL_y,cor_LR_x,cor_LR_y,cor_UR_x,cor_UR_y,Dirty
./data/train/PICAI/11207/,9,0,0.5625,0.5625,3.599999910643396,15.288278132942564,57.78813942847224,274.72602314594326,94.68063815882748,253.71172186705743,241.21186057152772,-5.726023145943231,204.3193618411725,97.77399599363108,20.747589747456544,221.59852626198605,37.96634997638262,183.2260040063689,301.25241025254337,59.401473738013934,284.0336500236173,True
./data/train/PICAI/11207/,8,0,0.5625,0.5625,3.599999910643396,15.288278132942564,57.78813942847224,274.72602314594326,94.68063815882748,253.71172186705743,241.21186057152772,-5.726023145943231,204.3193618411725,97.77399599363108,20.747589747456544,221.59852626198605,37.96634997638262,183.2260040063689,301.25241025254337,59.401473738013934,284.0336500236173,True
./data/train/PICAI/11207/,10,0,0.5625,0.5625,3.599999910643396,15.288278132942564,57.78813942847224,274.72602314594326,94.68063815882748,253.71172186705743,241.21186057152772,-5.726023145943231,204.3193618411725,97.77399599363108,20.747589747456544,221.59852626198605,37.96634997638262,183.2260040063689,301.25241025254337,59.401473738013934,284.0336500236173,True
