path,curFrame,Deleted,pixelSpacingX,pixelSpacingY,pixelSpacingZ,tra_UL_x,tra_UL_y,tra_LL_x,tra_LL_y,tra_LR_x,tra_LR_y,tra_UR_x,tra_UR_y,cor_UL_x,cor_UL_y,cor_LL_x,cor_LL_y,cor_LR_x,cor_LR_y,cor_UR_x,cor_UR_y,Dirty,h_par_cor,h_orth_cor,h_par_tra,h_orth_tra
./data/train/PICAI/10529/,8,0,0.5625,0.5625,3.599999957614478,37.587523532658594,25.62108500189372,283.4767183718101,110.606400564959,237.41247646734143,244.3789149981063,-7.53042479329855,160.44456492603854,146.49774639519524,2.672616967666471,239.00818779980864,33.55656475812212,151.50225360480476,289.3273830323336,59.04414815643428,257.4448057071234,True,,,,
./data/train/PICAI/10529/,9,0,0.5625,0.5625,3.599999957614478,37.587523532658594,25.62108500189372,283.4767183718101,110.606400564959,237.41247646734143,244.3789149981063,-7.53042479329855,160.44456492603854,146.49774639519524,2.672616967666471,239.00818779980864,33.55656475812212,151.50225360480476,289.3273830323336,59.04414815643428,257.4448057071234,True,,,,
./data/train/PICAI/10529/,-1,0,-1.0,-1.0,-1.0,-1.0,-1.0,-1.0,-1.0,-1.0,-1.0,-1.0,-1.0,-1.0,-1.0,-1.0,-1.0,-1.0,-1.0,-1.0,-1.0,False,80.0,60.0,30.0,160.0
./data/train/PICAI/10529/,10,0,0.5625,0.5625,3.599999957614478,37.587523532658594,25.62108500189372,283.4767183718101,110.606400564959,237.41247646734143,244.3789149981063,-7.53042479329855,160.44456492603854,146.49774639519524,2.672616967666471,239.00818779980864,33.55656475812212,151.50225360480476,289.3273830323336,59.04414815643428,257.4448057071234,True,,,,
