path,curFrame,Deleted,pixelSpacingX,pixelSpacingY,pixelSpacingZ,tra_UL_x,tra_UL_y,tra_LL_x,tra_LL_y,tra_LR_x,tra_LR_y,tra_UR_x,tra_UR_y,cor_UL_x,cor_UL_y,cor_LL_x,cor_LL_y,cor_LR_x,cor_LR_y,cor_UR_x,cor_UR_y,Dirty,cor_mid_x,cor_mid_y,tra_mid_x,tra_mid_y,Alpha,h_par_cor,h_orth_cor,h_par_tra,h_orth_tra,cor_U_mid_x,cor_U_mid_y,tra_U_mid_x,tra_U_mid_y,tra_L_mid_x,tra_L_mid_y
./data/train/PICAI/11380/,14,0,0.254629641771,0.254629641771,3.2999999631902344,234.98567466394823,223.30326414328744,678.7870959793179,668.1518883273556,458.5790498202069,886.8084025434965,14.777628504839072,441.959778359427,520.1812003858329,248.37150875688212,687.6674237982369,415.8270699277499,242.8187996141672,859.6284912431175,75.332576201763,692.1729300722501,True,443.0,656.0,443.0,656.0,-2.1112158270654806,80.0,60.0,30.0,160.0,321.0,453.0,200.0,251.0,523.0,790.0
./data/train/PICAI/11380/,15,0,0.254629641771,0.254629641771,3.2999999631902344,217.776300193687,229.60890605865205,684.2510852153046,650.6211088972829,475.7884242904682,880.5027606281319,9.313639268852512,459.4905577894996,503.9957832762133,241.532348747031,680.0164195624192,399.9928662313533,259.0042167237867,866.4676512529688,82.98358043758071,708.0071337686467,True,443.0,656.0,443.0,656.0,-2.1112158270654806,80.0,60.0,30.0,160.0,321.0,453.0,200.0,251.0,523.0,790.0
./data/train/PICAI/11380/,-1,0,-1.0,-1.0,-1.0,-1.0,-1.0,-1.0,-1.0,-1.0,-1.0,-1.0,-1.0,-1.0,-1.0,-1.0,-1.0,-1.0,-1.0,-1.0,-1.0,False,,,,,,80.0,60.0,30.0,160.0,,,,,,
./data/train/PICAI/11380/,16,0,0.254629641771,0.254629641771,3.2999999631902344,252.50147608396875,217.906932960262,672.4131048455238,685.3726793319277,441.06324840018647,892.2047337265219,21.15161963863329,424.738987354855,535.9865019648068,256.0483752172548,694.4792444068603,432.039996021192,227.0134980351932,851.9516247827451,68.52075559313954,675.960003978808,True,443.0,656.0,443.0,656.0,-2.1112158270654806,80.0,60.0,30.0,160.0,321.0,453.0,200.0,251.0,523.0,790.0
