path,curFrame,Deleted,pixelSpacingX,pixelSpacingY,pixelSpacingZ,tra_UL_x,tra_UL_y,tra_LL_x,tra_LL_y,tra_LR_x,tra_LR_y,tra_UR_x,tra_UR_y,cor_UL_x,cor_UL_y,cor_LL_x,cor_LL_y,cor_LR_x,cor_LR_y,cor_UR_x,cor_UR_y,Dirty,h_par_cor,h_orth_cor,h_par_tra,h_orth_tra
./data/train/PICAI/10153/,-1,0,-1.0,-1.0,-1.0,-1.0,-1.0,-1.0,-1.0,-1.0,-1.0,-1.0,-1.0,-1.0,-1.0,-1.0,-1.0,-1.0,-1.0,-1.0,-1.0,False,80.0,60.0,30.0,160.0
./data/train/PICAI/10153/,11,0,0.5625,0.5625,3.599999991330246,25.073656829415203,45.6561573264712,278.34502807976634,106.24173733497554,244.9263431705848,244.3438426735288,-7.474351271530111,182.64384716997796,119.45763362547095,0.9651943387270772,242.2034146472434,30.427823418756034,177.87379731458392,294.2340029025461,56.12927461057211,264.61345383741366,True,,,,
./data/train/PICAI/10153/,10,0,0.5625,0.5625,3.599999991330246,39.96944309080574,31.324174718067596,282.34411172317255,126.56870214799646,230.03055690919422,258.67582528193236,-11.326811621578884,162.4489025632844,140.14944942151797,-1.6727490420828701,257.60027148862054,44.586062731611804,157.1819815185369,296.871946283356,40.744651806105054,250.59609961594202,True,,,,
./data/train/PICAI/10153/,9,0,0.5625,0.5625,3.599999991330246,25.073656829415203,45.6561573264712,278.34502807976634,106.24173733497554,244.9263431705848,244.3438426735288,-7.474351271530111,182.64384716997796,119.45763362547095,0.9651943387270772,242.2034146472434,30.427823418756034,177.87379731458392,294.2340029025461,56.12927461057211,264.61345383741366,True,,,,
