path,curFrame,Deleted,pixelSpacingX,pixelSpacingY,pixelSpacingZ,tra_UL_x,tra_UL_y,tra_LL_x,tra_LL_y,tra_LR_x,tra_LR_y,tra_UR_x,tra_UR_y,cor_UL_x,cor_UL_y,cor_LL_x,cor_LL_y,cor_LR_x,cor_LR_y,cor_UR_x,cor_UR_y,Dirty
./data/train/PICAI/10741/,9,0,0.5625,0.5625,3.6000000304288085,103.11355188926032,-6.633914917906083,297.60094697599874,164.5024434410792,180.8864481107396,296.63391491790605,-12.626576911213448,125.72250761326468,181.30164138308493,6.161470068044707,287.0518087754152,99.33819514729478,100.69835861691509,310.8385299319554,-5.051808775415168,217.6618048527052,True
./data/train/PICAI/10741/,10,0,0.5625,0.5625,3.6000000304288085,103.11355188926032,-6.633914917906083,297.60094697599874,164.5024434410792,180.8864481107396,296.63391491790605,-12.626576911213448,125.72250761326468,181.30164138308493,6.161470068044707,287.0518087754152,99.33819514729478,100.69835861691509,310.8385299319554,-5.051808775415168,217.6618048527052,True
./data/train/PICAI/10741/,11,0,0.5625,0.5625,3.6000000304288085,103.11355188926032,-6.633914917906083,297.60094697599874,164.5024434410792,180.8864481107396,296.63391491790605,-12.626576911213448,125.72250761326468,181.30164138308493,6.161470068044707,287.0518087754152,99.33819514729478,100.69835861691509,310.8385299319554,-5.051808775415168,217.6618048527052,True
