path,curFrame,Deleted,pixelSpacingX,pixelSpacingY,pixelSpacingZ,tra_UL_x,tra_UL_y,tra_LL_x,tra_LL_y,tra_LR_x,tra_LR_y,tra_UR_x,tra_UR_y,cor_UL_x,cor_UL_y,cor_LL_x,cor_LL_y,cor_LR_x,cor_LR_y,cor_UR_x,cor_UR_y,Dirty
./data/train/PICAI/10724/,10,0,0.5625,0.5625,3.599999969333591,87.09719515715345,20.4128457017309,287.2626928599584,182.4059737331028,198.9028048428465,291.587154298269,0.0083938700978762,128.9740758457551,181.1522567761825,27.204988618723632,275.2675119073042,104.03153840201082,115.8477432238175,299.7950113812762,21.406919938238687,223.91398017358853,True
./data/train/PICAI/10724/,11,0,0.5625,0.5625,3.599999969333591,87.09719515715345,20.4128457017309,287.2626928599584,182.4059737331028,198.9028048428465,291.587154298269,0.0083938700978762,128.9740758457551,181.1522567761825,27.204988618723632,275.2675119073042,104.03153840201082,115.8477432238175,299.7950113812762,21.406919938238687,223.91398017358853,True
./data/train/PICAI/10724/,12,0,0.5625,0.5625,3.599999969333591,87.09719515715345,20.4128457017309,287.2626928599584,182.4059737331028,198.9028048428465,291.587154298269,0.0083938700978762,128.9740758457551,181.1522567761825,27.204988618723632,275.2675119073042,104.03153840201082,115.8477432238175,299.7950113812762,21.406919938238687,223.91398017358853,True
