path,curFrame,Deleted,pixelSpacingX,pixelSpacingY,pixelSpacingZ,tra_UL_x,tra_UL_y,tra_LL_x,tra_LL_y,tra_LR_x,tra_LR_y,tra_UR_x,tra_UR_y,cor_UL_x,cor_UL_y,cor_LL_x,cor_LL_y,cor_LR_x,cor_LR_y,cor_UR_x,cor_UR_y,Dirty,h_par_cor,h_orth_cor,h_par_tra,h_orth_tra
./data/train/PICAI/11351/,-1,0,-1.0,-1.0,-1.0,-1.0,-1.0,-1.0,-1.0,-1.0,-1.0,-1.0,-1.0,-1.0,-1.0,-1.0,-1.0,-1.0,-1.0,-1.0,-1.0,False,80.0,60.0,30.0,160.0
./data/train/PICAI/11351/,15,0,0.392857134342,0.392857134342,3.2999999999999736,33.055999173290616,151.56861339199023,435.5208564994592,278.466362061645,373.9440008267094,474.4313866080097,-28.5208564994592,347.533637938355,210.2041734842581,91.19239815278117,359.9379111468966,137.2880357508897,225.79582651574188,562.807601847219,75.94021950969821,515.719418097469,True,,,,
./data/train/PICAI/11351/,14,0,0.392857134342,0.392857134342,3.2999999999999736,54.0,132.0,438.0,307.0,353.0,494.0,-31.0,319.0,239.0,92.0,382.0,156.0,197.0,562.0,54.0,497.0,True,,,,
./data/train/PICAI/11351/,16,0,0.392857134342,0.392857134342,3.2999999999999736,54.0,132.0,438.0,307.0,353.0,494.0,-31.0,319.0,239.0,92.0,382.0,156.0,197.0,562.0,54.0,497.0,True,,,,
