path,curFrame,Deleted,pixelSpacingX,pixelSpacingY,pixelSpacingZ,tra_UL_x,tra_UL_y,tra_LL_x,tra_LL_y,tra_LR_x,tra_LR_y,tra_UR_x,tra_UR_y,cor_UL_x,cor_UL_y,cor_LL_x,cor_LL_y,cor_LR_x,cor_LR_y,cor_UR_x,cor_UR_y,Dirty
./data/train/PICAI/10107/,10,0,0.5625,0.5625,3.600000063578272,4.138949660987407,85.3419841713102,271.1184139671143,72.73382654168175,277.86105033901254,207.65801582868983,11.837890788848767,219.97380175359547,99.01430835958293,22.75833369846981,199.08516230606585,18.305897239440185,211.98569164041703,286.24166630153024,110.95853293797109,290.98647446528247,True
./data/train/PICAI/10107/,9,0,0.5625,0.5625,3.600000063578272,4.138949660987407,85.3419841713102,271.1184139671143,72.73382654168175,277.86105033901254,207.65801582868983,11.837890788848767,219.97380175359547,99.01430835958293,22.75833369846981,199.08516230606585,18.305897239440185,211.98569164041703,286.24166630153024,110.95853293797109,290.98647446528247,True
./data/train/PICAI/10107/,11,0,0.5625,0.5625,3.600000063578272,4.138949660987407,85.3419841713102,271.1184139671143,72.73382654168175,277.86105033901254,207.65801582868983,11.837890788848767,219.97380175359547,99.01430835958293,22.75833369846981,199.08516230606585,18.305897239440185,211.98569164041703,286.24166630153024,110.95853293797109,290.98647446528247,True
