path,curFrame,Deleted,pixelSpacingX,pixelSpacingY,pixelSpacingZ,tra_UL_x,tra_UL_y,tra_LL_x,tra_LL_y,tra_LR_x,tra_LR_y,tra_UR_x,tra_UR_y,cor_UL_x,cor_UL_y,cor_LL_x,cor_LL_y,cor_LR_x,cor_LR_y,cor_UR_x,cor_UR_y,Dirty
./data/train/PICAI/10956/,10,0,0.5625,0.5625,3.5999998612837274,53.43477490608633,20.05777104179592,304.994755122204,144.9480282825694,236.56522509391368,282.94222895820417,-14.007066781608811,158.2084061824708,162.08402161762518,8.983490455997185,274.66211281751293,65.28778320344013,150.91597838237482,316.01650954400293,38.18145271744683,260.69990513715504,True
./data/train/PICAI/10956/,11,0,0.5625,0.5625,3.5999998612837274,53.43477490608633,20.05777104179592,304.994755122204,144.9480282825694,236.56522509391368,282.94222895820417,-14.007066781608811,158.2084061824708,158.08402161762518,8.983490455997185,270.66211281751293,65.28778320344013,146.91597838237482,316.01650954400293,34.18145271744683,260.69990513715504,True
./data/train/PICAI/10956/,12,0,0.5625,0.5625,3.5999998612837274,53.43477490608633,20.05777104179592,304.994755122204,144.9480282825694,236.56522509391368,282.94222895820417,-14.007066781608811,158.2084061824708,158.08402161762518,8.983490455997185,270.66211281751293,65.28778320344013,146.91597838237482,316.01650954400293,34.18145271744683,260.69990513715504,True
