path,curFrame,Deleted,pixelSpacingX,pixelSpacingY,pixelSpacingZ,tra_UL_x,tra_UL_y,tra_LL_x,tra_LL_y,tra_LR_x,tra_LR_y,tra_UR_x,tra_UR_y,cor_UL_x,cor_UL_y,cor_LL_x,cor_LL_y,cor_LR_x,cor_LR_y,cor_UR_x,cor_UR_y,Dirty
./data/train/PICAI/11356/,8,0,0.5625,0.5625,3.5999999576145,104.39217284024976,16.174024809498064,280.390894678428,222.25519792176377,177.6078271597503,309.82597519050177,2.4662726222740616,104.25984015314634,195.6763190747696,42.725892553323206,275.87840833542475,136.41487204518194,82.32368092523038,301.2741074466769,2.1215916645752486,207.5851279548181,True
./data/train/PICAI/11356/,9,0,0.5625,0.5625,3.5999999576145,104.39217284024976,16.174024809498064,280.390894678428,222.25519792176377,177.6078271597503,309.82597519050177,2.4662726222740616,104.25984015314634,195.6763190747696,42.725892553323206,275.87840833542475,136.41487204518194,82.32368092523038,301.2741074466769,2.1215916645752486,207.5851279548181,True
./data/train/PICAI/11356/,10,0,0.5625,0.5625,3.5999999576145,104.39217284024976,16.174024809498064,280.390894678428,222.25519792176377,177.6078271597503,309.82597519050177,2.4662726222740616,104.25984015314634,195.6763190747696,42.725892553323206,275.87840833542475,136.41487204518194,82.32368092523038,301.2741074466769,2.1215916645752486,207.5851279548181,True
