path,curFrame,Deleted,pixelSpacingX,pixelSpacingY,pixelSpacingZ,tra_UL_x,tra_UL_y,tra_LL_x,tra_LL_y,tra_LR_x,tra_LR_y,tra_UR_x,tra_UR_y,cor_UL_x,cor_UL_y,cor_LL_x,cor_LL_y,cor_LR_x,cor_LR_y,cor_UR_x,cor_UR_y,Dirty
./data/train/PICAI/10897/,12,0,0.625,0.625,3.6,88.1789295699706,24.76371264118322,319.3157055357944,202.5382631148792,222.82107043002927,330.23628735881687,-8.315705535794336,152.46173688512084,183.49260322746585,40.97093547128455,299.65866368783804,131.13992347224422,143.50739677253415,335.02906452871565,27.34133631216193,244.86007652775572,True
./data/train/PICAI/10897/,11,0,0.625,0.625,3.6,88.1789295699706,24.76371264118322,319.3157055357944,202.5382631148792,222.82107043002927,330.23628735881687,-8.315705535794336,152.46173688512084,183.49260322746585,40.97093547128455,299.65866368783804,131.13992347224422,143.50739677253415,335.02906452871565,27.34133631216193,244.86007652775572,True
./data/train/PICAI/10897/,13,0,0.625,0.625,3.6,88.1789295699706,24.76371264118322,319.3157055357944,202.5382631148792,222.82107043002927,330.23628735881687,-8.315705535794336,152.46173688512084,183.49260322746585,40.97093547128455,299.65866368783804,131.13992347224422,143.50739677253415,335.02906452871565,27.34133631216193,244.86007652775572,True
