path,curFrame,Deleted,pixelSpacingX,pixelSpacingY,pixelSpacingZ,tra_UL_x,tra_UL_y,tra_LL_x,tra_LL_y,tra_LR_x,tra_LR_y,tra_UR_x,tra_UR_y,cor_UL_x,cor_UL_y,cor_LL_x,cor_LL_y,cor_LR_x,cor_LR_y,cor_UR_x,cor_UR_y,Dirty,h_par_cor,h_orth_cor,h_par_tra,h_orth_tra
./data/train/PICAI/10589/,14,0,0.39285713434219,0.39285713434219,3.299999907752997,33.707310949595865,195.28385654797185,440.7798816015148,253.1882797196004,412.2926890504041,454.7161434520283,5.220118398485397,396.81172028039975,181.17635511466577,109.8536940157242,342.60559660221435,133.0398966533877,282.82364488533426,547.1463059842757,122.39425109294196,523.942650940175,True,,,,
./data/train/PICAI/10589/,15,0,0.39285713434219,0.39285713434219,3.299999907752997,33.707310949595865,195.28385654797185,440.7798816015148,253.1882797196004,412.2926890504041,454.7161434520283,5.220118398485397,396.81172028039975,181.17635511466577,109.8536940157242,342.60559660221435,133.0398966533877,282.82364488533426,547.1463059842757,122.39425109294196,523.942650940175,True,,,,
./data/train/PICAI/10589/,-1,0,-1.0,-1.0,-1.0,-1.0,-1.0,-1.0,-1.0,-1.0,-1.0,-1.0,-1.0,-1.0,-1.0,-1.0,-1.0,-1.0,-1.0,-1.0,-1.0,False,80.0,60.0,30.0,160.0
./data/train/PICAI/10589/,16,0,0.39285713434219,0.39285713434219,3.299999907752997,33.707310949595865,195.28385654797185,440.7798816015148,253.1882797196004,412.2926890504041,454.7161434520283,5.220118398485397,396.81172028039975,181.17635511466577,109.8536940157242,342.60559660221435,133.0398966533877,282.82364488533426,547.1463059842757,122.39425109294196,523.942650940175,True,,,,
