path,curFrame,Deleted,pixelSpacingX,pixelSpacingY,pixelSpacingZ,tra_UL_x,tra_UL_y,tra_LL_x,tra_LL_y,tra_LR_x,tra_LR_y,tra_UR_x,tra_UR_y,cor_UL_x,cor_UL_y,cor_LL_x,cor_LL_y,cor_LR_x,cor_LR_y,cor_UR_x,cor_UR_y,Dirty
./data/train/PICAI/10166/,10,0,0.5625,0.5625,3.59999990463255,6.582191863278709,55.970631634672486,277.4580637519632,120.4397097151372,247.4178081367213,245.0293683653275,-22.46551760032173,180.4384209414576,123.96438039253474,22.47008147213293,226.61374576761096,46.13667793411089,165.03561960746526,299.5299185278671,63.378800384030384,275.74145272248387,True
./data/train/PICAI/10166/,9,0,0.5625,0.5625,3.59999990463255,6.582191863278709,55.970631634672486,277.4580637519632,120.4397097151372,247.4178081367213,245.0293683653275,-22.46551760032173,180.4384209414576,121.96438039253474,22.47008147213293,224.61374576761096,46.13667793411089,163.03561960746526,299.5299185278671,61.378800384030384,275.74145272248387,True
./data/train/PICAI/10166/,11,0,0.5625,0.5625,3.59999990463255,19.0,42.0,280.0,139.0,235.0,259.0,-25.0,162.0,139.0,21.0,238.0,57.0,146.0,301.0,48.0,265.0,True
