path,curFrame,Deleted,pixelSpacingX,pixelSpacingY,pixelSpacingZ,tra_UL_x,tra_UL_y,tra_LL_x,tra_LL_y,tra_LR_x,tra_LR_y,tra_UR_x,tra_UR_y,cor_UL_x,cor_UL_y,cor_LL_x,cor_LL_y,cor_LR_x,cor_LR_y,cor_UR_x,cor_UR_y,Dirty
./data/train/PICAI/10943/,8,0,0.5625,0.5625,3.5999999821937703,67.13554573627431,20.50863888749745,264.4863680416534,194.07606940195427,176.86445426372566,293.49136111250266,-19.559184187086583,120.29853719146163,177.58740811642144,27.02757633728353,253.86043397869207,94.5140603604819,70.41259188357854,302.9724236627165,-6.23504057210792,236.41312349408489,True
./data/train/PICAI/10943/,9,0,0.5625,0.5625,3.5999999821937703,67.13554573627431,20.50863888749745,264.4863680416534,194.07606940195427,176.86445426372566,293.49136111250266,-19.559184187086583,120.29853719146163,177.58740811642144,27.02757633728353,253.86043397869207,94.5140603604819,70.41259188357854,302.9724236627165,-6.23504057210792,236.41312349408489,True
./data/train/PICAI/10943/,10,0,0.5625,0.5625,3.5999999821937703,67.13554573627431,20.50863888749745,264.4863680416534,194.07606940195427,176.86445426372566,293.49136111250266,-19.559184187086583,120.29853719146163,177.58740811642144,27.02757633728353,253.86043397869207,94.5140603604819,70.41259188357854,302.9724236627165,-6.23504057210792,236.41312349408489,True
