path,curFrame,Deleted,pixelSpacingX,pixelSpacingY,pixelSpacingZ,tra_UL_x,tra_UL_y,tra_LL_x,tra_LL_y,tra_LR_x,tra_LR_y,tra_UR_x,tra_UR_y,cor_UL_x,cor_UL_y,cor_LL_x,cor_LL_y,cor_LR_x,cor_LR_y,cor_UR_x,cor_UR_y,Dirty
./data/train/PICAI/10109/,9,0,0.5625,0.5625,3.5999999576145,39.34560931320574,26.43174120143032,288.355446225641,135.05540860795094,228.65439068679424,272.5682587985697,-19.360924330272752,164.0491198553167,124.80257971527983,12.225557672444555,259.22979970029155,70.80379363065644,154.5304541492846,311.1765188745801,20.103234164272862,252.59828291636825,True
./data/train/PICAI/10109/,8,0,0.5625,0.5625,3.5999999576145,39.34560931320574,26.43174120143032,288.355446225641,135.05540860795094,228.65439068679424,272.5682587985697,-19.360924330272752,164.0491198553167,124.80257971527983,12.225557672444555,259.22979970029155,70.80379363065644,154.5304541492846,311.1765188745801,20.103234164272862,252.59828291636825,True
./data/train/PICAI/10109/,10,0,0.5625,0.5625,3.5999999576145,39.34560931320574,26.43174120143032,288.355446225641,135.05540860795094,228.65439068679424,272.5682587985697,-19.360924330272752,164.0491198553167,124.80257971527983,12.225557672444555,259.22979970029155,70.80379363065644,154.5304541492846,311.1765188745801,20.103234164272862,252.59828291636825,True
