path,curFrame,Deleted,pixelSpacingX,pixelSpacingY,pixelSpacingZ,tra_UL_x,tra_UL_y,tra_LL_x,tra_LL_y,tra_LR_x,tra_LR_y,tra_UR_x,tra_UR_y,cor_UL_x,cor_UL_y,cor_LL_x,cor_LL_y,cor_LR_x,cor_LR_y,cor_UR_x,cor_UR_y,Dirty,h_par_cor,h_orth_cor,h_par_tra,h_orth_tra
./data/train/PICAI/11199/,-1,0,-1.0,-1.0,-1.0,-1.0,-1.0,-1.0,-1.0,-1.0,-1.0,-1.0,-1.0,-1.0,-1.0,-1.0,-1.0,-1.0,-1.0,-1.0,-1.0,False,80.0,60.0,30.0,160.0
./data/train/PICAI/11199/,10,0,0.5625,0.5625,3.600000034679091,47.819213298536766,85.39880591846432,282.3245806680029,220.6291008782543,219.1807867014633,330.60119408153565,-14.53376247993171,196.5433353005699,160.17049716983814,79.2089951065991,256.3722275982872,134.58251822525222,131.82950283016186,350.7910048934009,35.436963406336176,296.39910895819554,True,,,,
./data/train/PICAI/11199/,11,0,0.5625,0.5625,3.600000034679091,47.819213298536766,85.39880591846432,282.3245806680029,220.6291008782543,219.1807867014633,330.60119408153565,-14.53376247993171,196.5433353005699,160.17049716983814,79.2089951065991,256.3722275982872,134.58251822525222,131.82950283016186,350.7910048934009,35.436963406336176,296.39910895819554,True,,,,
./data/train/PICAI/11199/,12,0,0.5625,0.5625,3.600000034679091,47.819213298536766,85.39880591846432,282.3245806680029,220.6291008782543,219.1807867014633,330.60119408153565,-14.53376247993171,196.5433353005699,160.17049716983814,79.2089951065991,256.3722275982872,134.58251822525222,131.82950283016186,350.7910048934009,35.436963406336176,296.39910895819554,True,,,,
