path,curFrame,Deleted,pixelSpacingX,pixelSpacingY,pixelSpacingZ,tra_UL_x,tra_UL_y,tra_LL_x,tra_LL_y,tra_LR_x,tra_LR_y,tra_UR_x,tra_UR_y,cor_UL_x,cor_UL_y,cor_LL_x,cor_LL_y,cor_LR_x,cor_LR_y,cor_UR_x,cor_UR_y,Dirty
./data/train/PICAI/10076/,11,0,0.5625,0.5625,2.9999999470181,54.95750712765172,32.12203314856541,293.5701860013461,162.04889519302205,225.04249287234825,287.87796685143456,-12.582497660750876,158.10753927201816,157.87817542769977,26.305219025525275,259.4352604160008,81.87642099812079,131.1218245723002,316.6947809744748,29.40830511895895,262.1112673424744,True
./data/train/PICAI/10076/,10,0,0.5625,0.5625,2.9999999470181,54.95750712765172,32.12203314856541,293.5701860013461,162.04889519302205,225.04249287234825,287.87796685143456,-12.582497660750876,158.10753927201816,157.87817542769977,26.305219025525275,259.4352604160008,81.87642099812079,131.1218245723002,316.6947809744748,29.40830511895895,262.1112673424744,True
./data/train/PICAI/10076/,12,0,0.5625,0.5625,2.9999999470181,54.95750712765172,32.12203314856541,293.5701860013461,162.04889519302205,225.04249287234825,287.87796685143456,-12.582497660750876,158.10753927201816,157.87817542769977,26.305219025525275,259.4352604160008,81.87642099812079,131.1218245723002,316.6947809744748,29.40830511895895,262.1112673424744,True
