path,curFrame,Deleted,pixelSpacingX,pixelSpacingY,pixelSpacingZ,tra_UL_x,tra_UL_y,tra_LL_x,tra_LL_y,tra_LR_x,tra_LR_y,tra_UR_x,tra_UR_y,cor_UL_x,cor_UL_y,cor_LL_x,cor_LL_y,cor_LR_x,cor_LR_y,cor_UR_x,cor_UR_y,Dirty
./data/train/PICAI/11044/,9,0,0.5625,0.5625,3.6000000635782774,33.008952113093,39.52737681137124,288.9933605784148,142.06508998393667,235.99104788690696,274.47262318862875,-18.994731043660263,171.98724597230623,139.63543861202973,20.41436334956532,252.4367328153309,65.37955017293226,154.36456138797027,312.58563665043465,40.5646376499145,267.56811387082473,True
./data/train/PICAI/11044/,8,0,0.5625,0.5625,3.6000000635782774,33.00895211309299,39.52737681137124,288.9933605784148,142.06508998393667,235.99104788690696,274.47262318862875,-18.99473104366029,171.98724597230623,141.63543861202973,20.41436334956535,254.4367328153309,65.37955017293226,156.36456138797027,312.5856366504346,42.56463764991449,267.56811387082473,True
./data/train/PICAI/11044/,10,0,0.5625,0.5625,3.6000000635782774,33.008952113093,39.52737681137124,288.9933605784148,142.06508998393667,235.99104788690696,274.47262318862875,-18.994731043660263,171.98724597230623,139.63543861202973,20.41436334956532,252.4367328153309,65.37955017293226,154.36456138797027,312.58563665043465,40.5646376499145,267.56811387082473,True
