path,curFrame,Deleted,pixelSpacingX,pixelSpacingY,pixelSpacingZ,tra_UL_x,tra_UL_y,tra_LL_x,tra_LL_y,tra_LR_x,tra_LR_y,tra_UR_x,tra_UR_y,cor_UL_x,cor_UL_y,cor_LL_x,cor_LL_y,cor_LR_x,cor_LR_y,cor_UR_x,cor_UR_y,Dirty
./data/train/PICAI/10380/,9,0,0.5625,0.5625,3.599999957614445,63.40431839614246,21.80842052221153,290.1459031533744,167.1261886779985,221.5956816038576,273.1915794777884,-3.1896079519068508,128.289634703637,182.47413524887847,19.57233526912205,270.6398675605344,76.13914219641329,128.52586475112153,297.427664730878,40.15222074864789,241.8390054043205,True
./data/train/PICAI/10380/,8,0,0.5625,0.5625,3.599999957614445,63.40431839614246,21.80842052221153,290.1459031533744,167.1261886779985,221.5956816038576,273.1915794777884,-3.1896079519068508,128.289634703637,182.47413524887847,19.57233526912205,270.6398675605344,76.13914219641329,128.52586475112153,297.427664730878,40.15222074864789,241.8390054043205,True
./data/train/PICAI/10380/,10,0,0.5625,0.5625,3.599999957614445,63.40431839614246,21.80842052221153,290.1459031533744,167.1261886779985,221.5956816038576,273.1915794777884,-3.1896079519068508,128.289634703637,182.47413524887847,19.57233526912205,270.6398675605344,76.13914219641329,128.52586475112153,297.427664730878,40.15222074864789,241.8390054043205,True
