path,curFrame,Deleted,pixelSpacingX,pixelSpacingY,pixelSpacingZ,tra_UL_x,tra_UL_y,tra_LL_x,tra_LL_y,tra_LR_x,tra_LR_y,tra_UR_x,tra_UR_y,cor_UL_x,cor_UL_y,cor_LL_x,cor_LL_y,cor_LR_x,cor_LR_y,cor_UR_x,cor_UR_y,Dirty
./data/train/PICAI/10811/,9,0,0.5625,0.5625,3.5999999576145,32.498061957769224,45.3086377830337,281.315582690122,160.49041314964828,226.5019380422308,278.69136221696624,-20.3304903868393,163.75332553716208,147.3874390954764,26.717883689475627,245.59800438216269,72.0244490643694,134.6125609045236,311.28211631052443,37.39454176947861,266.09742027903565,True
./data/train/PICAI/10811/,10,0,0.5625,0.5625,3.5999999576145,32.498061957769224,45.3086377830337,281.315582690122,160.49041314964828,226.5019380422308,278.69136221696624,-20.3304903868393,163.75332553716208,147.3874390954764,26.717883689475627,245.59800438216269,72.0244490643694,134.6125609045236,311.28211631052443,37.39454176947861,266.09742027903565,True
./data/train/PICAI/10811/,11,0,0.5625,0.5625,3.5999999576145,32.498061957769224,45.3086377830337,281.315582690122,160.49041314964828,226.5019380422308,278.69136221696624,-20.3304903868393,163.75332553716208,147.3874390954764,26.717883689475627,245.59800438216269,72.0244490643694,134.6125609045236,311.28211631052443,37.39454176947861,266.09742027903565,True
