path,curFrame,Deleted,pixelSpacingX,pixelSpacingY,pixelSpacingZ,tra_UL_x,tra_UL_y,tra_LL_x,tra_LL_y,tra_LR_x,tra_LR_y,tra_UR_x,tra_UR_y,cor_UL_x,cor_UL_y,cor_LL_x,cor_LL_y,cor_LR_x,cor_LR_y,cor_UR_x,cor_UR_y,Dirty
./data/train/PICAI/10019/,9,0,0.5625,0.5625,3.6000000635782783,54.913143479225965,20.864146734437227,281.14034416527784,138.04031184386898,223.08685652077403,252.1358532655628,-3.1403441652778668,134.95968815613102,163.17259975490813,8.438425182368519,254.86274902175185,55.26701183009823,135.82740024509187,285.5615748176315,45.13664180526729,238.6980886731993,True
./data/train/PICAI/10019/,8,0,0.5625,0.5625,3.6000000635782783,54.913143479225965,20.864146734437227,281.14034416527784,138.04031184386898,223.08685652077403,252.1358532655628,-3.1403441652778668,134.95968815613102,163.17259975490813,8.438425182368519,254.86274902175185,55.26701183009823,135.82740024509187,285.5615748176315,45.13664180526729,238.6980886731993,True
./data/train/PICAI/10019/,10,0,0.5625,0.5625,3.6000000635782783,54.913143479225965,20.864146734437227,281.14034416527784,138.04031184386898,223.08685652077403,252.1358532655628,-3.1403441652778668,134.95968815613102,163.17259975490813,8.438425182368519,254.86274902175185,55.26701183009823,135.82740024509187,285.5615748176315,45.13664180526729,238.6980886731993,True
