path,curFrame,Deleted,pixelSpacingX,pixelSpacingY,pixelSpacingZ,tra_UL_x,tra_UL_y,tra_LL_x,tra_LL_y,tra_LR_x,tra_LR_y,tra_UR_x,tra_UR_y,cor_UL_x,cor_UL_y,cor_LL_x,cor_LL_y,cor_LR_x,cor_LR_y,cor_UR_x,cor_UR_y,Dirty
./data/train/PICAI/10371/,9,0,0.5625,0.5625,3.599999957614445,24.48179012253429,46.18222455353572,278.85721391942616,129.6216862497362,233.5182098774657,265.8177754464643,-18.71395023573484,181.74080235258543,128.2049621202646,19.905964676256872,234.74025186194885,54.93783644548151,149.79503787973533,312.0940353237431,43.25974813805112,277.0621635545185,True
./data/train/PICAI/10371/,8,0,0.5625,0.5625,3.599999957614445,24.48179012253429,46.18222455353572,278.85721391942616,129.6216862497362,233.5182098774657,265.8177754464643,-18.71395023573484,181.74080235258543,128.2049621202646,19.905964676256872,234.74025186194885,54.93783644548151,149.79503787973533,312.0940353237431,43.25974813805112,277.0621635545185,True
./data/train/PICAI/10371/,10,0,0.5625,0.5625,3.599999957614445,24.48179012253429,46.18222455353572,278.85721391942616,129.6216862497362,233.5182098774657,265.8177754464643,-18.71395023573484,181.74080235258543,128.2049621202646,19.905964676256872,234.74025186194885,54.93783644548151,149.79503787973533,312.0940353237431,43.25974813805112,277.0621635545185,True
