path,curFrame,Deleted,pixelSpacingX,pixelSpacingY,pixelSpacingZ,tra_UL_x,tra_UL_y,tra_LL_x,tra_LL_y,tra_LR_x,tra_LR_y,tra_UR_x,tra_UR_y,cor_UL_x,cor_UL_y,cor_LL_x,cor_LL_y,cor_LR_x,cor_LR_y,cor_UR_x,cor_UR_y,Dirty
./data/train/PICAI/10873/,11,0,0.5625,0.5625,3.5999999860049665,47.78514391188196,45.26503384739463,303.4110269579186,154.23020221295084,241.21485608811804,299.7349661526054,-13.41848080627733,190.89166713045427,146.21182826039075,34.23923998706334,264.02957789309323,83.96828453334275,156.78817173960925,333.7607600129368,40.08483760195327,283.1610386584211,True
./data/train/PICAI/10873/,10,0,0.5625,0.5625,3.5999999860049665,47.78514391188196,45.26503384739463,303.4110269579186,154.23020221295084,241.21485608811804,299.7349661526054,-13.41848080627733,190.89166713045427,146.21182826039075,34.23923998706334,264.02957789309323,83.96828453334275,156.78817173960925,333.7607600129368,40.08483760195327,283.1610386584211,True
./data/train/PICAI/10873/,12,0,0.5625,0.5625,3.5999999860049665,47.78514391188196,45.26503384739463,303.4110269579186,154.23020221295084,241.21485608811804,299.7349661526054,-13.41848080627733,190.89166713045427,146.21182826039075,34.23923998706334,264.02957789309323,83.96828453334275,156.78817173960925,333.7607600129368,40.08483760195327,283.1610386584211,True
