path,curFrame,Deleted,pixelSpacingX,pixelSpacingY,pixelSpacingZ,tra_UL_x,tra_UL_y,tra_LL_x,tra_LL_y,tra_LR_x,tra_LR_y,tra_UR_x,tra_UR_y,cor_UL_x,cor_UL_y,cor_LL_x,cor_LL_y,cor_LR_x,cor_LR_y,cor_UR_x,cor_UR_y,Dirty
./data/train/PICAI/11386/,12,0,0.5625,0.5625,3.6000000880314613,86.52507154630263,-5.871302173843219,305.44043751891564,153.8160878764579,208.4749284536973,286.8713021738432,-9.444242820823774,127.27106786628968,177.1394048938299,6.058150865810688,279.9723479644847,81.30697689936068,116.86059510617012,304.9418491341893,14.027652035515215,229.69302310063927,True
./data/train/PICAI/11386/,13,0,0.5625,0.5625,3.6000000880314613,86.52507154630263,-5.871302173843219,305.44043751891564,153.8160878764579,208.4749284536973,286.8713021738432,-9.444242820823774,127.27106786628968,177.1394048938299,6.058150865810688,279.9723479644847,81.30697689936068,116.86059510617012,304.9418491341893,14.027652035515215,229.69302310063927,True
./data/train/PICAI/11386/,14,0,0.5625,0.5625,3.6000000880314613,86.52507154630263,-5.871302173843219,305.44043751891564,153.8160878764579,208.4749284536973,286.8713021738432,-9.444242820823774,127.27106786628968,177.1394048938299,6.058150865810688,279.9723479644847,81.30697689936068,116.86059510617012,304.9418491341893,14.027652035515215,229.69302310063927,True
