path,curFrame,Deleted,pixelSpacingX,pixelSpacingY,pixelSpacingZ,tra_UL_x,tra_UL_y,tra_LL_x,tra_LL_y,tra_LR_x,tra_LR_y,tra_UR_x,tra_UR_y,cor_UL_x,cor_UL_y,cor_LL_x,cor_LL_y,cor_LR_x,cor_LR_y,cor_UR_x,cor_UR_y,Dirty,h_par_cor,h_orth_cor,h_par_tra,h_orth_tra
./data/train/PICAI/11131/,15,0,0.392857134342,0.392857134342,3.2999999999999763,37.58126766852794,197.206243803568,460.0553706671242,249.1064585962984,434.418732331472,458.793756196432,11.944629332875763,406.8935414037017,209.1638510741417,113.88298805102974,370.7390474262714,133.336931707028,316.8361489258583,564.1170119489701,156.13162938196484,543.5486527979256,True,,,,
./data/train/PICAI/11131/,16,0,0.392857134342,0.392857134342,3.2999999999999763,37.58126766852794,197.206243803568,460.0553706671242,249.1064585962984,434.418732331472,458.793756196432,11.944629332875763,406.8935414037017,209.1638510741417,113.88298805102974,370.7390474262714,133.336931707028,316.8361489258583,564.1170119489701,156.13162938196484,543.5486527979256,True,,,,
./data/train/PICAI/11131/,-1,0,-1.0,-1.0,-1.0,-1.0,-1.0,-1.0,-1.0,-1.0,-1.0,-1.0,-1.0,-1.0,-1.0,-1.0,-1.0,-1.0,-1.0,-1.0,-1.0,False,80.0,60.0,30.0,160.0
./data/train/PICAI/11131/,17,0,0.392857134342,0.392857134342,3.2999999999999763,37.58126766852794,197.206243803568,460.0553706671242,249.1064585962984,434.418732331472,458.793756196432,11.944629332875763,406.8935414037017,209.1638510741417,113.88298805102974,370.7390474262714,133.336931707028,316.8361489258583,564.1170119489701,156.13162938196484,543.5486527979256,True,,,,
