path,curFrame,Deleted,pixelSpacingX,pixelSpacingY,pixelSpacingZ,tra_UL_x,tra_UL_y,tra_LL_x,tra_LL_y,tra_LR_x,tra_LR_y,tra_UR_x,tra_UR_y,cor_UL_x,cor_UL_y,cor_LL_x,cor_LL_y,cor_LR_x,cor_LR_y,cor_UR_x,cor_UR_y,Dirty
./data/train/PICAI/10733/,13,0,0.5625,0.5625,3.600000024640452,87.02157551004066,-0.8499333026256228,292.89362390753803,188.53340880606635,174.37418070665194,315.9435118098754,-29.21930257691487,126.3922164714786,176.3019557430386,18.43079649204077,282.98344404471493,117.22381271150525,88.69804425696135,327.56920350795906,-17.98344404471476,228.77618728849467,True
./data/train/PICAI/10733/,12,0,0.5625,0.5625,3.600000024640452,70.7038728701634,4.583197308674045,295.2440823649053,171.40958880503405,190.6918833465292,310.5103811985757,-31.59979914538832,143.27878162806198,159.90512273521182,14.698991639762369,276.32888084870035,101.79955734821242,105.09487726478817,331.30100836023746,-11.328880848700097,244.20044265178743,True
./data/train/PICAI/10733/,14,0,0.5625,0.5625,3.600000024640452,87.02157551004066,-0.8499333026256228,292.89362390753803,188.53340880606635,174.37418070665194,315.9435118098754,-29.21930257691487,126.3922164714786,176.3019557430386,18.43079649204077,282.98344404471493,117.22381271150525,88.69804425696135,327.56920350795906,-17.98344404471476,228.77618728849467,True
