path,curFrame,Deleted,pixelSpacingX,pixelSpacingY,pixelSpacingZ,tra_UL_x,tra_UL_y,tra_LL_x,tra_LL_y,tra_LR_x,tra_LR_y,tra_UR_x,tra_UR_y,cor_UL_x,cor_UL_y,cor_LL_x,cor_LL_y,cor_LR_x,cor_LR_y,cor_UR_x,cor_UR_y,Dirty,h_par_cor,h_orth_cor,h_par_tra,h_orth_tra
./data/train/PICAI/10281/,16,0,0.392857134342,0.392857134342,3.299999999999983,141.58503072050345,151.33281366719794,476.9567314069197,425.6060759052455,344.41496927949663,586.667186332802,9.9523075484243,313.4772745355939,349.2816380949452,152.47411613524406,472.9353213957664,253.636197006192,180.7183619050548,610.525883864756,57.06467860423359,509.3638029938079,True,,,,
./data/train/PICAI/10281/,17,0,0.392857134342,0.392857134342,3.299999999999983,141.58503072050345,151.33281366719794,476.9567314069197,425.6060759052455,344.41496927949663,586.667186332802,9.9523075484243,313.4772745355939,349.2816380949452,152.47411613524406,472.9353213957664,253.636197006192,180.7183619050548,610.525883864756,57.06467860423359,509.3638029938079,True,,,,
./data/train/PICAI/10281/,18,0,0.392857134342,0.392857134342,3.299999999999983,141.58503072050345,151.33281366719794,476.9567314069197,425.6060759052455,344.41496927949663,586.667186332802,9.9523075484243,313.4772745355939,349.2816380949452,152.47411613524406,472.9353213957664,253.636197006192,180.7183619050548,610.525883864756,57.06467860423359,509.3638029938079,True,,,,
