path,curFrame,Deleted,pixelSpacingX,pixelSpacingY,pixelSpacingZ,tra_UL_x,tra_UL_y,tra_LL_x,tra_LL_y,tra_LR_x,tra_LR_y,tra_UR_x,tra_UR_y,cor_UL_x,cor_UL_y,cor_LL_x,cor_LL_y,cor_LR_x,cor_LR_y,cor_UR_x,cor_UR_y,Dirty
./data/train/PICAI/11164/,11,0,0.5625,0.5625,3.600000105448796,81.63381193731425,-6.705654254366266,271.60437531358343,159.81216776628995,181.3661880626857,262.7056542543662,-7.61956756057117,96.36148041137696,176.96565258574435,5.071337475134698,264.04272947393724,81.35097224489334,95.03434741425566,273.92866252486533,7.957270526062842,197.64902775510663,True
./data/train/PICAI/11164/,10,0,0.5625,0.5625,3.600000105448796,81.63381193731425,-6.705654254366266,271.60437531358343,159.81216776628995,181.3661880626857,262.7056542543662,-7.61956756057117,96.36148041137696,176.96565258574435,5.071337475134698,264.04272947393724,81.35097224489334,95.03434741425566,273.92866252486533,7.957270526062842,197.64902775510663,True
./data/train/PICAI/11164/,12,0,0.5625,0.5625,3.600000105448796,81.63381193731425,-6.705654254366266,271.60437531358343,159.81216776628995,181.3661880626857,262.7056542543662,-7.61956756057117,96.36148041137696,176.96565258574435,5.071337475134698,264.04272947393724,81.35097224489334,95.03434741425566,273.92866252486533,7.957270526062842,197.64902775510663,True
