path,curFrame,Deleted,pixelSpacingX,pixelSpacingY,pixelSpacingZ,tra_UL_x,tra_UL_y,tra_LL_x,tra_LL_y,tra_LR_x,tra_LR_y,tra_UR_x,tra_UR_y,cor_UL_x,cor_UL_y,cor_LL_x,cor_LL_y,cor_LR_x,cor_LR_y,cor_UR_x,cor_UR_y,Dirty,h_par_cor,h_orth_cor,h_par_tra,h_orth_tra
./data/train/PICAI/10105/,-1,0,-1.0,-1.0,-1.0,-1.0,-1.0,-1.0,-1.0,-1.0,-1.0,-1.0,-1.0,-1.0,-1.0,-1.0,-1.0,-1.0,-1.0,-1.0,-1.0,False,80.0,60.0,30.0,160.0
./data/train/PICAI/10105/,15,0,0.392857134342,0.392857134342,3.300000033744463,189.12021961097457,88.87630050982895,480.9804682859386,409.7541514802388,311.8797803890256,564.1236994901709,19.05827001812296,242.97021116394444,352.7333136347148,118.51390985633437,480.8939727950226,259.2933310925204,157.2666863652853,553.4860901436658,29.10602720497729,412.70666890747975,True,,,,
./data/train/PICAI/10105/,14,0,0.392857134342,0.392857134342,3.300000033744463,148.78979400775864,103.1448254527871,491.93588377362687,368.4668205425178,352.2102059922416,549.8551745472128,8.069594331004822,284.4286509942146,313.4824617736877,104.8468004441873,464.1421624965826,221.23260103037475,196.51753822631244,567.1531995558128,45.85783750341716,450.7673989696255,True,,,,
./data/train/PICAI/10105/,16,0,0.392857134342,0.392857134342,3.300000033744463,210.0640582299293,84.43093007745173,472.8473431110684,429.5250407010299,290.9359417700708,568.5690699225481,27.21907646243417,223.1165913494249,371.3165705935959,127.85952963120032,486.7198047316126,279.2731801072593,138.6834294064042,544.1404703687998,23.28019526838733,392.7268198927408,True,,,,
