path,curFrame,Deleted,pixelSpacingX,pixelSpacingY,pixelSpacingZ,tra_UL_x,tra_UL_y,tra_LL_x,tra_LL_y,tra_LR_x,tra_LR_y,tra_UR_x,tra_UR_y,cor_UL_x,cor_UL_y,cor_LL_x,cor_LL_y,cor_LR_x,cor_LR_y,cor_UR_x,cor_UR_y,Dirty
./data/train/PICAI/11409/,8,0,0.5625,0.5625,3.599999957614489,87.34282928392696,-12.207100833761444,293.1371175830169,178.75287115898664,181.65717071607307,299.2071008337614,-23.366881673100835,109.43318813256492,198.0246482302238,8.305825219376715,285.11309036518867,89.1798213275503,86.97535176977621,304.6941747806233,-1.2991496567402123,224.59041458236575,True
./data/train/PICAI/11409/,7,0,0.5625,0.5625,3.599999957614489,87.34282928392696,-12.207100833761444,293.1371175830169,178.75287115898664,181.65717071607307,299.2071008337614,-23.366881673100835,109.43318813256492,198.0246482302238,8.305825219376715,285.11309036518867,89.1798213275503,86.97535176977621,304.6941747806233,-1.2991496567402123,224.59041458236575,True
./data/train/PICAI/11409/,9,0,0.5625,0.5625,3.599999957614489,87.34282928392696,-12.207100833761444,293.1371175830169,178.75287115898664,181.65717071607307,299.2071008337614,-23.366881673100835,109.43318813256492,198.0246482302238,8.305825219376715,285.11309036518867,89.1798213275503,86.97535176977621,304.6941747806233,-1.2991496567402123,224.59041458236575,True
