path,curFrame,Deleted,pixelSpacingX,pixelSpacingY,pixelSpacingZ,tra_UL_x,tra_UL_y,tra_LL_x,tra_LL_y,tra_LR_x,tra_LR_y,tra_UR_x,tra_UR_y,cor_UL_x,cor_UL_y,cor_LL_x,cor_LL_y,cor_LR_x,cor_LR_y,cor_UR_x,cor_UR_y,Dirty
./data/train/PICAI/10069/,10,0,0.5625,0.5625,3.599999957614445,36.65449681199637,60.829599418166566,273.79958778740524,176.9640293959518,208.34550318800365,312.1704005818334,-28.6604146864452,195.0457025353066,117.31487907861892,56.78436050792317,237.37282666943565,115.06033514825586,129.6851209213811,335.2156394920767,9.766346431524385,275.94939678300256,True
./data/train/PICAI/10069/,9,0,0.5625,0.5625,3.599999957614445,36.65449681199637,60.829599418166566,273.79958778740524,176.9640293959518,208.34550318800365,312.1704005818334,-28.6604146864452,195.0457025353066,117.31487907861892,56.78436050792317,237.37282666943565,115.06033514825586,129.6851209213811,335.2156394920767,9.766346431524385,275.94939678300256,True
./data/train/PICAI/10069/,11,0,0.5625,0.5625,3.599999957614445,45.62993614178281,55.147446608626495,274.09622527891185,187.5413842640561,199.37006385821724,317.8525533913735,-28.888313588094164,184.48046813521,127.041137823321,56.69203058361569,242.74150379298607,123.2008669475572,119.95886217667903,335.30796941638425,4.466407897831559,267.8209854517089,True
