path,curFrame,Deleted,pixelSpacingX,pixelSpacingY,pixelSpacingZ,tra_UL_x,tra_UL_y,tra_LL_x,tra_LL_y,tra_LR_x,tra_LR_y,tra_UR_x,tra_UR_y,cor_UL_x,cor_UL_y,cor_LL_x,cor_LL_y,cor_LR_x,cor_LR_y,cor_UR_x,cor_UR_y,Dirty
./data/train/PICAI/10826/,9,0,0.5625,0.5625,3.599999957614445,36.63985948890155,39.62245546713916,284.8969114574014,136.74833331598816,236.36014051109845,260.37754453286084,-10.898281922646872,163.3040026402548,139.29251396595973,18.510127237955945,243.3154861814416,59.00977231611808,150.70748603404027,297.48987276204406,46.68451381855847,256.990227683882,True
./data/train/PICAI/10826/,8,0,0.5625,0.5625,3.599999957614445,36.63985948890155,39.62245546713916,284.8969114574014,136.74833331598816,236.36014051109845,260.37754453286084,-10.898281922646872,163.3040026402548,139.29251396595973,18.510127237955945,243.3154861814416,59.00977231611808,150.70748603404027,297.48987276204406,46.68451381855847,256.990227683882,True
./data/train/PICAI/10826/,10,0,0.5625,0.5625,3.599999957614445,36.63985948890155,39.62245546713916,284.8969114574014,136.74833331598816,236.36014051109845,260.37754453286084,-10.898281922646872,163.3040026402548,139.29251396595973,18.510127237955945,243.3154861814416,59.00977231611808,150.70748603404027,297.48987276204406,46.68451381855847,256.990227683882,True
