path,curFrame,Deleted,pixelSpacingX,pixelSpacingY,pixelSpacingZ,tra_UL_x,tra_UL_y,tra_LL_x,tra_LL_y,tra_LR_x,tra_LR_y,tra_UR_x,tra_UR_y,cor_UL_x,cor_UL_y,cor_LL_x,cor_LL_y,cor_LR_x,cor_LR_y,cor_UR_x,cor_UR_y,Dirty
./data/train/PICAI/10934/,9,0,0.5625,0.5625,3.6,16.518816523640936,82.27318485017854,292.052862104079,110.46874702008648,278.4811834763591,249.72681514982148,1.947290200764684,221.5487053863508,119.5892385118678,31.754095291205743,234.8160571449748,43.74493628310758,208.4107614881322,307.24590470879434,93.18394285502522,295.25506371689244,True
./data/train/PICAI/10934/,10,0,0.5625,0.5625,3.6,16.518816523640936,82.27318485017854,292.052862104079,110.46874702008648,278.4811834763591,249.72681514982148,1.947290200764684,221.5487053863508,113.5892385118678,31.754095291205743,228.8160571449748,43.74493628310758,202.4107614881322,307.24590470879434,87.18394285502522,295.25506371689244,True
./data/train/PICAI/10934/,11,0,0.5625,0.5625,3.6,16.518816523640936,82.27318485017854,292.052862104079,110.46874702008648,278.4811834763591,249.72681514982148,1.947290200764684,221.5487053863508,113.5892385118678,31.754095291205743,228.8160571449748,43.74493628310758,202.4107614881322,307.24590470879434,87.18394285502522,295.25506371689244,True
