path,curFrame,Deleted,pixelSpacingX,pixelSpacingY,pixelSpacingZ,tra_UL_x,tra_UL_y,tra_LL_x,tra_LL_y,tra_LR_x,tra_LR_y,tra_UR_x,tra_UR_y,cor_UL_x,cor_UL_y,cor_LL_x,cor_LL_y,cor_LR_x,cor_LR_y,cor_UR_x,cor_UR_y,Dirty
./data/train/PICAI/11355/,9,0,0.5625,0.5625,3.599999940543514,37.47516985184791,41.98293118171135,285.7900203717651,141.00179307817626,234.5248301481521,268.01706881828864,-12.793825673673382,169.08536266457142,128.52053384211004,22.232628339113266,252.72153697344245,71.24396193829989,156.47946615788996,310.76737166088674,33.36181346739696,260.846999106356,True
./data/train/PICAI/11355/,8,0,0.5625,0.5625,3.599999940543514,37.47516985184791,41.98293118171135,285.7900203717651,141.00179307817626,234.5248301481521,268.01706881828864,-12.793825673673382,169.08536266457142,128.52053384211004,22.232628339113266,252.72153697344245,71.24396193829989,156.47946615788996,310.76737166088674,33.36181346739696,260.846999106356,True
./data/train/PICAI/11355/,10,0,0.5625,0.5625,3.599999940543514,37.47516985184791,41.98293118171135,285.7900203717651,141.00179307817626,234.5248301481521,268.01706881828864,-12.793825673673382,169.08536266457142,128.52053384211004,22.232628339113266,252.72153697344245,71.24396193829989,156.47946615788996,310.76737166088674,33.36181346739696,260.846999106356,True
