path,curFrame,Deleted,pixelSpacingX,pixelSpacingY,pixelSpacingZ,tra_UL_x,tra_UL_y,tra_LL_x,tra_LL_y,tra_LR_x,tra_LR_y,tra_UR_x,tra_UR_y,cor_UL_x,cor_UL_y,cor_LL_x,cor_LL_y,cor_LR_x,cor_LR_y,cor_UR_x,cor_UR_y,Dirty
./data/train/PICAI/10506/,12,0,0.5625,0.5625,3.600000034679045,-4.783598783442812,138.6030064987775,250.91912064439745,91.48486479935116,273.7835987834428,215.3969935012225,17.9072311779356,261.5303274476366,80.5439039438911,64.71471211251328,185.7377563957552,45.11133892390552,231.52379398683544,299.0180910233885,126.14936441452912,317.59844603374995,True
./data/train/PICAI/10506/,11,0,0.5625,0.5625,3.600000034679045,-4.783598783442812,138.6030064987775,250.91912064439745,91.48486479935116,273.7835987834428,215.3969935012225,17.9072311779356,261.5303274476366,80.5439039438911,64.71471211251328,185.7377563957552,45.11133892390552,231.52379398683544,299.0180910233885,126.14936441452912,317.59844603374995,True
./data/train/PICAI/10506/,13,0,0.5625,0.5625,3.600000034679045,-4.783598783442812,138.6030064987775,250.91912064439745,91.48486479935116,273.7835987834428,215.3969935012225,17.9072311779356,261.5303274476366,80.5439039438911,64.71471211251328,185.7377563957552,45.11133892390552,231.52379398683544,299.0180910233885,126.14936441452912,317.59844603374995,True
