path,curFrame,Deleted,pixelSpacingX,pixelSpacingY,pixelSpacingZ,tra_UL_x,tra_UL_y,tra_LL_x,tra_LL_y,tra_LR_x,tra_LR_y,tra_UR_x,tra_UR_y,cor_UL_x,cor_UL_y,cor_LL_x,cor_LL_y,cor_LR_x,cor_LR_y,cor_UR_x,cor_UR_y,Dirty
./data/train/PICAI/10699/,5,0,0.57142859697342,0.57142859697342,4.000000068119642,97.24797290666451,25.1523039476522,310.2296543473222,254.4442649290837,194.75202709333547,364.8476960523477,-16.273359145854585,135.9715584525518,217.39971422186176,48.70858177210363,305.6978947791309,143.13014345308773,71.60028577813823,364.2914182278964,-17.676042379864754,269.66194485609446,True
./data/train/PICAI/10699/,6,0,0.57142859697342,0.57142859697342,4.000000068119642,97.24797290666451,25.1523039476522,310.2296543473222,254.4442649290837,194.75202709333547,364.8476960523477,-16.273359145854585,135.9715584525518,217.39971422186176,48.70858177210363,305.6978947791309,143.13014345308773,71.60028577813823,364.2914182278964,-17.676042379864754,269.66194485609446,True
./data/train/PICAI/10699/,7,0,0.57142859697342,0.57142859697342,4.000000068119642,97.24797290666451,25.1523039476522,310.2296543473222,254.4442649290837,194.75202709333547,364.8476960523477,-16.273359145854585,135.9715584525518,217.39971422186176,48.70858177210363,305.6978947791309,143.13014345308773,71.60028577813823,364.2914182278964,-17.676042379864754,269.66194485609446,True
