path,curFrame,Deleted,pixelSpacingX,pixelSpacingY,pixelSpacingZ,tra_UL_x,tra_UL_y,tra_LL_x,tra_LL_y,tra_LR_x,tra_LR_y,tra_UR_x,tra_UR_y,cor_UL_x,cor_UL_y,cor_LL_x,cor_LL_y,cor_LR_x,cor_LR_y,cor_UR_x,cor_UR_y,Dirty
./data/train/PICAI/10999/,9,0,0.5625,0.5625,3.5999999576145,3.249346694292683,92.3846193873377,271.4993803962278,95.01509822409837,270.7506533057074,235.6153806126623,2.5006196037721224,232.9849017759016,91.58523275329529,38.55884719156393,210.1820760410932,40.22880592444122,207.4147672467047,295.44115280843613,89.90127439974623,294.6802330309029,True
./data/train/PICAI/10999/,8,0,0.5625,0.5625,3.5999999576145,2.019856837014032,94.72979751942528,270.274942945302,92.67826710653694,271.980143162986,233.2702024805747,3.725057054697914,235.32173289346304,89.35244625077738,39.58916145796546,207.9603714634456,39.18906553680169,209.64755374922265,294.4108385420347,92.13867889519048,295.70092789529895,True
./data/train/PICAI/10999/,10,0,0.5625,0.5625,3.5999999576145,7.180706742267262,85.48279743863267,274.92544447063085,102.1487933215614,266.81929325773274,242.51720256136733,-0.9254444706308504,225.8512066784386,98.38669348217942,35.70384660312655,216.73360503086275,43.57839591646061,200.6133065178206,298.2961533968735,83.30068529285887,291.386095413856,True
