path,curFrame,Deleted,pixelSpacingX,pixelSpacingY,pixelSpacingZ,tra_UL_x,tra_UL_y,tra_LL_x,tra_LL_y,tra_LR_x,tra_LR_y,tra_UR_x,tra_UR_y,cor_UL_x,cor_UL_y,cor_LL_x,cor_LL_y,cor_LR_x,cor_LR_y,cor_UR_x,cor_UR_y,Dirty
./data/train/PICAI/10020/,10,0,0.5625,0.5625,3.6000000635783334,28.86829332824688,41.620609441396695,282.2205659492664,137.6290775979328,235.1317066717531,260.3793905586033,-17.12151559063048,163.48092896996658,148.0187856074869,17.424498939857358,240.7751475178821,53.316800693127234,143.9812143925131,304.57550106014264,51.1203240188502,269.67772120224106,True
./data/train/PICAI/10020/,9,0,0.5625,0.5625,3.6000000635783334,28.86829332824688,41.620609441396695,282.2205659492664,137.6290775979328,235.1317066717531,260.3793905586033,-17.12151559063048,163.48092896996658,148.0187856074869,17.424498939857358,240.7751475178821,53.316800693127234,143.9812143925131,304.57550106014264,51.1203240188502,269.67772120224106,True
./data/train/PICAI/10020/,11,0,0.5625,0.5625,3.6000000635783334,36.74943756796745,34.692947950773515,282.7873445981478,148.14050545735168,227.25056243203247,267.30705204922646,-17.628888667468658,153.04833496730308,160.02918861721233,17.915065009584083,250.0558802870441,60.19029164392684,135.97081138278767,304.0849349904159,45.770471535288905,262.7945161090854,True
