path,curFrame,Deleted,pixelSpacingX,pixelSpacingY,pixelSpacingZ,tra_UL_x,tra_UL_y,tra_LL_x,tra_LL_y,tra_LR_x,tra_LR_y,tra_UR_x,tra_UR_y,cor_UL_x,cor_UL_y,cor_LL_x,cor_LL_y,cor_LR_x,cor_LR_y,cor_UR_x,cor_UR_y,Dirty
./data/train/PICAI/10236/,10,0,0.5625,0.5625,3.5999999595933527,15.050464016573969,44.60530328069878,251.7250082091797,138.4890618932635,200.94953598342607,266.39469671930124,-34.725160514023386,172.49348570029923,118.4950466092972,21.96077232252728,215.1785216018021,60.27924911080373,116.5049533907028,309.03922767747275,19.821478398197925,270.7207508891963,True
./data/train/PICAI/10236/,11,0,0.5625,0.5625,3.5999999595933527,25.06927472257007,36.926205235054354,252.6606921067045,151.0802534903866,190.93072527743,274.07379476494566,-35.66312805644469,159.98950298335754,131.00152815819138,22.593706445819635,223.9774180333696,69.19288993564862,103.99847184180864,308.4062935541804,11.022581966630511,261.8071100643514,True
./data/train/PICAI/10236/,12,0,0.5625,0.5625,3.5999999595933527,25.06927472257007,36.926205235054354,252.6606921067045,151.0802534903866,190.93072527743,274.07379476494566,-35.66312805644469,159.98950298335754,131.00152815819138,22.593706445819635,223.9774180333696,69.19288993564862,103.99847184180864,308.4062935541804,11.022581966630511,261.8071100643514,True
