path,curFrame,Deleted,pixelSpacingX,pixelSpacingY,pixelSpacingZ,tra_UL_x,tra_UL_y,tra_LL_x,tra_LL_y,tra_LR_x,tra_LR_y,tra_UR_x,tra_UR_y,cor_UL_x,cor_UL_y,cor_LL_x,cor_LL_y,cor_LR_x,cor_LR_y,cor_UR_x,cor_UR_y,Dirty
./data/train/PICAI/10275/,10,0,0.5625,0.5625,3.600000137284752,59.11191935394106,6.49520432425868,293.20638418531826,130.3692594581371,219.88808064605888,268.50479567574143,-13.2101894872265,144.7178962846106,140.89213414756318,-6.054845994168048,267.97482210665385,60.346544178753405,143.01741653193608,295.3500479654746,16.04724216357502,227.9043312697013,True
./data/train/PICAI/10275/,11,0,0.5625,0.5625,3.600000137284752,66.0783496787144,2.467554772570054,293.3689290527709,138.4234024872078,212.9216503212856,272.53244522743006,-13.378660984029295,136.71577061375228,139.99571485355546,-10.15773812247248,270.3158981135561,66.87445142636595,133.23060922921672,295.01612576820384,3.10528331219048,216.90019068153444,True
./data/train/PICAI/10275/,12,0,0.5625,0.5625,3.600000137284752,59.11191935394106,6.49520432425868,293.20638418531826,130.3692594581371,219.88808064605888,268.50479567574143,-13.2101894872265,144.7178962846106,137.119521817438,-6.981045501341395,265.97482210665385,60.346544178753405,141.01741653193608,295.3500479654746,12.280969295445336,226.9660988063379,True
