path,curFrame,Deleted,pixelSpacingX,pixelSpacingY,pixelSpacingZ,tra_UL_x,tra_UL_y,tra_LL_x,tra_LL_y,tra_LR_x,tra_LR_y,tra_UR_x,tra_UR_y,cor_UL_x,cor_UL_y,cor_LL_x,cor_LL_y,cor_LR_x,cor_LR_y,cor_UR_x,cor_UR_y,Dirty
./data/train/PICAI/10525/,9,0,0.5625,0.5625,3.5999999576145,13.209964611092175,129.17040381717322,282.6379110356221,100.22940028480242,297.79003538890777,235.8295961828268,27.18965278555376,263.97978152712653,112.5354214309232,59.54024008176103,219.2868110182121,47.95832222749971,247.4645785690768,313.4597599182391,140.71318898178785,325.0416777725003,True
./data/train/PICAI/10525/,8,0,0.5625,0.5625,3.5999999576145,13.209964611092175,129.17040381717322,282.6379110356221,100.22940028480242,297.79003538890777,235.8295961828268,27.18965278555376,263.97978152712653,112.5354214309232,59.54024008176103,219.2868110182121,47.95832222749971,247.4645785690768,313.4597599182391,140.71318898178785,325.0416777725003,True
./data/train/PICAI/10525/,10,0,0.5625,0.5625,3.5999999576145,13.209964611092175,129.17040381717322,282.6379110356221,100.22940028480242,297.79003538890777,235.8295961828268,27.18965278555376,263.97978152712653,112.5354214309232,59.54024008176103,219.2868110182121,47.95832222749971,247.4645785690768,313.4597599182391,140.71318898178785,325.0416777725003,True
