path,curFrame,Deleted,pixelSpacingX,pixelSpacingY,pixelSpacingZ,tra_UL_x,tra_UL_y,tra_LL_x,tra_LL_y,tra_LR_x,tra_LR_y,tra_UR_x,tra_UR_y,cor_UL_x,cor_UL_y,cor_LL_x,cor_LL_y,cor_LR_x,cor_LR_y,cor_UR_x,cor_UR_y,Dirty,h_par_cor,h_orth_cor,h_par_tra,h_orth_tra,cor_mid_x,cor_mid_y,tra_mid_x,tra_mid_y,Alpha,cor_U_mid_x,cor_U_mid_y,tra_U_mid_x,tra_U_mid_y,tra_L_mid_x,tra_L_mid_y
./data/train/PICAI/10103/,-1,0,-1.0,-1.0,-1.0,-1.0,-1.0,-1.0,-1.0,-1.0,-1.0,-1.0,-1.0,-1.0,-1.0,-1.0,-1.0,-1.0,-1.0,-1.0,-1.0,False,80.0,60.0,30.0,160.0,,,,,,,,,,,
./data/train/PICAI/10103/,15,0,0.39285713434219,0.39285713434219,-1.0,47.0,182.0,418.0,351.0,355.0,490.0,-15.0,321.0,239.0,129.0,379.0,193.0,210.0,564.0,70.0,500.0,True,80.0,60.0,30.0,160.0,295.0,379.0,295.0,379.0,-2.714965160462917,155.0,315.0,16.0,252.0,387.0,421.0
./data/train/PICAI/10103/,14,0,0.39285713434219,0.39285713434219,-1.0,47.0,182.0,418.0,351.0,355.0,490.0,-15.0,321.0,239.0,129.0,379.0,193.0,210.0,564.0,70.0,500.0,False,80.0,60.0,30.0,160.0,295.0,379.0,295.0,379.0,-2.714965160462917,155.0,315.0,16.0,252.0,387.0,421.0
./data/train/PICAI/10103/,16,0,0.39285713434219,0.39285713434219,-1.0,47.0,182.0,418.0,351.0,355.0,490.0,-15.0,321.0,239.0,129.0,379.0,193.0,210.0,564.0,70.0,500.0,True,80.0,60.0,30.0,160.0,295.0,379.0,295.0,379.0,-2.714965160462917,155.0,315.0,16.0,252.0,387.0,421.0
