path,curFrame,Deleted,pixelSpacingX,pixelSpacingY,pixelSpacingZ,tra_UL_x,tra_UL_y,tra_LL_x,tra_LL_y,tra_LR_x,tra_LR_y,tra_UR_x,tra_UR_y,cor_UL_x,cor_UL_y,cor_LL_x,cor_LL_y,cor_LR_x,cor_LR_y,cor_UR_x,cor_UR_y,Dirty
./data/train/PICAI/11304/,9,0,0.5625,0.5625,4.000404458296906,42.25957153657687,29.017178898885646,295.7671885603156,137.52472753466222,237.7404284634232,272.9828211011144,-14.770993862223833,164.5624282080854,152.16450555737572,9.483251152846575,260.5135492619879,56.10389816997886,150.83549444262428,311.5167488471534,42.486450738012095,264.8961018300211,True
./data/train/PICAI/11304/,8,0,0.5625,0.5625,4.000404458296906,42.25957153657687,29.017178898885646,295.7671885603156,137.52472753466222,237.7404284634232,272.9828211011144,-14.770993862223833,164.5624282080854,152.16450555737572,9.483251152846575,260.5135492619879,56.10389816997886,150.83549444262428,311.5167488471534,42.486450738012095,264.8961018300211,True
./data/train/PICAI/11304/,10,0,0.5625,0.5625,4.000404458296906,42.25957153657687,29.017178898885646,295.7671885603156,137.52472753466222,237.7404284634232,272.9828211011144,-14.770993862223833,164.5624282080854,152.16450555737572,9.483251152846575,260.5135492619879,56.10389816997886,150.83549444262428,311.5167488471534,42.486450738012095,264.8961018300211,True
