path,curFrame,Deleted,pixelSpacingX,pixelSpacingY,pixelSpacingZ,tra_UL_x,tra_UL_y,tra_LL_x,tra_LL_y,tra_LR_x,tra_LR_y,tra_UR_x,tra_UR_y,cor_UL_x,cor_UL_y,cor_LL_x,cor_LL_y,cor_LR_x,cor_LR_y,cor_UR_x,cor_UR_y,Dirty
./data/train/PICAI/10359/,9,0,0.5625,0.5625,3.599999957614445,30.02141543876023,42.05142160642339,269.76607156679427,148.74490715287462,212.9785845612398,276.94857839357667,-26.766071566794167,170.25509284712538,123.57213893382338,21.83168053426345,230.2769840161112,68.48011068968182,122.42786106617662,311.1683194657366,15.723015983888772,264.5198893103182,True
./data/train/PICAI/10359/,8,0,0.5625,0.5625,3.599999957614445,34.176037995166354,38.93041154678194,270.0510992093642,153.9258701405823,208.82396200483367,280.0695884532181,-27.05109920936414,165.0741298594177,128.6206419403944,21.93977592650916,233.63247857974068,72.28373450776543,117.3793580596056,311.0602240734909,12.367521420259337,260.7162654922346,True
./data/train/PICAI/10359/,10,0,0.5625,0.5625,3.599999957614445,34.176037995166354,38.93041154678194,270.0510992093642,153.9258701405823,208.82396200483367,280.0695884532181,-27.05109920936414,165.0741298594177,128.6206419403944,21.93977592650916,233.63247857974068,72.28373450776543,117.3793580596056,311.0602240734909,12.367521420259337,260.7162654922346,True
