path,curFrame,Deleted,pixelSpacingX,pixelSpacingY,pixelSpacingZ,tra_UL_x,tra_UL_y,tra_LL_x,tra_LL_y,tra_LR_x,tra_LR_y,tra_UR_x,tra_UR_y,cor_UL_x,cor_UL_y,cor_LL_x,cor_LL_y,cor_LR_x,cor_LR_y,cor_UR_x,cor_UR_y,Dirty
./data/train/PICAI/10282/,9,0,0.5625,0.5625,3.6,39.62253907084069,56.27345497423342,262.5295819215141,177.3414121204912,201.37746092915933,289.7265450257666,-20.415166426467508,167.78791107127265,146.30544676353094,40.058446466932196,237.82951907993845,90.58907269124312,111.69455323646906,321.94155353306775,20.17048092006155,271.41092730875687,True
./data/train/PICAI/10282/,10,0,0.5625,0.5625,3.6,39.62253907084069,56.27345497423342,262.5295819215141,177.3414121204912,201.37746092915933,289.7265450257666,-20.415166426467508,167.78791107127265,146.30544676353094,40.058446466932196,237.82951907993845,90.58907269124312,111.69455323646906,321.94155353306775,20.17048092006155,271.41092730875687,True
./data/train/PICAI/10282/,11,0,0.5625,0.5625,3.6,39.62253907084069,56.27345497423342,262.5295819215141,177.3414121204912,201.37746092915933,289.7265450257666,-20.415166426467508,167.78791107127265,146.30544676353094,40.058446466932196,237.82951907993845,90.58907269124312,111.69455323646906,321.94155353306775,20.17048092006155,271.41092730875687,True
