path,curFrame,Deleted,pixelSpacingX,pixelSpacingY,pixelSpacingZ,tra_UL_x,tra_UL_y,tra_LL_x,tra_LL_y,tra_LR_x,tra_LR_y,tra_UR_x,tra_UR_y,cor_UL_x,cor_UL_y,cor_LL_x,cor_LL_y,cor_LR_x,cor_LR_y,cor_UR_x,cor_UR_y,Dirty,h_par_cor,h_orth_cor,h_par_tra,h_orth_tra
./data/train/PICAI/10996/,8,0,0.5625,0.5625,3.5999999026116902,37.7979997111746,40.69450517070139,291.09583956299,145.61926071677863,239.2020002888254,271.3054948292986,-13.168031986474318,167.44805980722526,143.87098406915422,20.33200004407493,252.0196041194621,64.98483848928636,153.12901593084578,303.6679999559251,45.97795993079774,259.0849179844578,True,,,,
./data/train/PICAI/10996/,9,0,0.5625,0.5625,3.5999999026116902,37.7979997111746,40.69450517070139,291.09583956299,145.61926071677863,239.2020002888254,271.3054948292986,-13.168031986474318,167.44805980722526,143.87098406915422,20.33200004407493,252.0196041194621,64.98483848928636,153.12901593084578,303.6679999559251,45.97795993079774,259.0849179844578,True,,,,
./data/train/PICAI/10996/,-1,0,-1.0,-1.0,-1.0,-1.0,-1.0,-1.0,-1.0,-1.0,-1.0,-1.0,-1.0,-1.0,-1.0,-1.0,-1.0,-1.0,-1.0,-1.0,-1.0,False,80.0,60.0,30.0,160.0
./data/train/PICAI/10996/,10,0,0.5625,0.5625,3.5999999026116902,37.7979997111746,40.69450517070139,291.09583956299,145.61926071677863,239.2020002888254,271.3054948292986,-13.168031986474318,167.44805980722526,143.87098406915422,20.33200004407493,252.0196041194621,64.98483848928636,153.12901593084578,303.6679999559251,45.97795993079774,259.0849179844578,True,,,,
