path,curFrame,Deleted,pixelSpacingX,pixelSpacingY,pixelSpacingZ,tra_UL_x,tra_UL_y,tra_LL_x,tra_LL_y,tra_LR_x,tra_LR_y,tra_UR_x,tra_UR_y,cor_UL_x,cor_UL_y,cor_LL_x,cor_LL_y,cor_LR_x,cor_LR_y,cor_UR_x,cor_UR_y,Dirty
./data/train/PICAI/10701/,8,0,0.5625,0.5625,3.600000169542111,32.13320098660674,40.47123288884549,281.8571885672822,142.81833849914997,234.8667990133933,258.52876711115454,-14.857188567282094,156.18166150085003,152.38707227366928,15.2251678880644,246.4322924562892,53.60617171103324,145.90947101651045,298.26340616320806,51.86425083389052,259.88240234023925,True
./data/train/PICAI/10701/,9,0,0.5625,0.5625,3.600000169542111,32.13320098660674,40.47123288884549,281.8571885672822,142.81833849914997,234.8667990133933,258.52876711115454,-14.857188567282094,156.18166150085003,152.38707227366928,15.2251678880644,246.4322924562892,53.60617171103324,145.90947101651045,298.26340616320806,51.86425083389052,259.88240234023925,True
./data/train/PICAI/10701/,10,0,0.5625,0.5625,3.600000169542111,32.13320098660674,40.47123288884549,281.8571885672822,142.81833849914997,234.8667990133933,258.52876711115454,-14.857188567282094,156.18166150085003,152.38707227366928,15.2251678880644,246.4322924562892,53.60617171103324,145.90947101651045,298.26340616320806,51.86425083389052,259.88240234023925,True
