path,curFrame,Deleted,pixelSpacingX,pixelSpacingY,pixelSpacingZ,tra_UL_x,tra_UL_y,tra_LL_x,tra_LL_y,tra_LR_x,tra_LR_y,tra_UR_x,tra_UR_y,cor_UL_x,cor_UL_y,cor_LL_x,cor_LL_y,cor_LR_x,cor_LR_y,cor_UR_x,cor_UR_y,Dirty,h_par_cor,h_orth_cor,h_par_tra,h_orth_tra
./data/train/PICAI/10581/,14,0,0.392857134342,0.392857134342,3.2999998494244784,-49.156339828669616,240.1562412070226,404.40249201699095,169.34391138516156,437.1563398286696,380.8437587929774,-16.402492016990863,451.6560886148385,114.50012700919758,97.53082922972092,267.71333146222094,73.97846244342765,339.4998729908025,534.4691707702791,186.4258416387392,559.011805625314,True,,,,
./data/train/PICAI/10581/,15,0,0.392857134342,0.392857134342,3.2999998494244784,-49.156339828669616,240.1562412070226,404.40249201699095,169.34391138516156,437.1563398286696,380.8437587929774,-16.402492016990863,451.6560886148385,114.50012700919758,97.53082922972092,267.71333146222094,73.97846244342765,339.4998729908025,534.4691707702791,186.4258416387392,559.011805625314,True,,,,
./data/train/PICAI/10581/,16,0,0.392857134342,0.392857134342,3.2999998494244784,-49.156339828669616,240.1562412070226,404.40249201699095,169.34391138516156,437.1563398286696,380.8437587929774,-16.402492016990863,451.6560886148385,114.50012700919758,97.53082922972092,267.71333146222094,73.97846244342765,339.4998729908025,534.4691707702791,186.4258416387392,559.011805625314,True,,,,
./data/train/PICAI/10581/,-1,0,-1.0,-1.0,-1.0,-1.0,-1.0,-1.0,-1.0,-1.0,-1.0,-1.0,-1.0,-1.0,-1.0,-1.0,-1.0,-1.0,-1.0,-1.0,-1.0,False,80.0,60.0,30.0,160.0
