path,curFrame,Deleted,pixelSpacingX,pixelSpacingY,pixelSpacingZ,tra_UL_x,tra_UL_y,tra_LL_x,tra_LL_y,tra_LR_x,tra_LR_y,tra_UR_x,tra_UR_y,cor_UL_x,cor_UL_y,cor_LL_x,cor_LL_y,cor_LR_x,cor_LR_y,cor_UR_x,cor_UR_y,Dirty,cor_mid_x,cor_mid_y,tra_mid_x,tra_mid_y,Alpha,h_par_cor,h_orth_cor,h_par_tra,h_orth_tra,cor_U_mid_x,cor_U_mid_y,tra_U_mid_x,tra_U_mid_y,tra_L_mid_x,tra_L_mid_y
./data/train/PICAI/10684/,9,0,0.5625,0.5625,3.600000010950339,100.04266603426532,22.14970962384564,311.0426660342655,213.14970962384564,224,310,13,119,213,14,293,86,102,297,22,225,True,206.0,192.0,206.0,192.0,-2.4067841989617293,80.0,60.0,30.0,160.0,126.0,120.0,47.0,48.0,258.0,239.0
./data/train/PICAI/10684/,10,0,0.5625,0.5625,3.600000010950339,100.04266603426532,22.14970962384564,311.0426660342655,213.14970962384564,224,310,13,119,213,14,293,86,102,297,22,225,True,206.0,192.0,206.0,192.0,-2.4067841989617293,80.0,60.0,30.0,160.0,126.0,120.0,47.0,48.0,258.0,239.0
./data/train/PICAI/10684/,11,0,0.5625,0.5625,3.600000010950339,100.04266603426532,22.14970962384564,311.0426660342655,213.14970962384564,224,310,13,119,217,14,297,86,106,297,26,225,True,206.0,192.0,206.0,192.0,-2.4067841989617293,80.0,60.0,30.0,160.0,126.0,120.0,47.0,48.0,258.0,239.0
