path,curFrame,Deleted,pixelSpacingX,pixelSpacingY,pixelSpacingZ,tra_UL_x,tra_UL_y,tra_LL_x,tra_LL_y,tra_LR_x,tra_LR_y,tra_UR_x,tra_UR_y,cor_UL_x,cor_UL_y,cor_LL_x,cor_LL_y,cor_LR_x,cor_LR_y,cor_UR_x,cor_UR_y,Dirty
./data/train/PICAI/11354/,13,0,0.392857134342,0.392857134342,3.2999998728434137,113.1769003792873,55.156772167849255,438.372748281494,331.3897544620804,291.8230996207128,503.8432278321507,-32.39837821670881,227.8351965922635,290.61090061932447,68.46316416383908,427.8391734744214,185.3280482360321,136.38909938067548,527.5368358361609,-0.8391734744213579,410.671951763968,True
./data/train/PICAI/11354/,14,0,0.392857134342,0.392857134342,3.2999998728434137,113.1769003792873,55.156772167849255,438.372748281494,331.3897544620804,291.8230996207128,503.8432278321507,-32.39837821670881,227.8351965922635,290.61090061932447,68.46316416383908,427.8391734744214,185.3280482360321,136.38909938067548,527.5368358361609,-0.8391734744213579,410.671951763968,True
./data/train/PICAI/11354/,15,0,0.392857134342,0.392857134342,3.2999998728434137,113.1769003792873,55.156772167849255,438.372748281494,331.3897544620804,291.8230996207128,503.8432278321507,-32.39837821670881,227.8351965922635,290.61090061932447,68.46316416383908,427.8391734744214,185.3280482360321,136.38909938067548,527.5368358361609,-0.8391734744213579,410.671951763968,True
