path,curFrame,Deleted,pixelSpacingX,pixelSpacingY,pixelSpacingZ,tra_UL_x,tra_UL_y,tra_LL_x,tra_LL_y,tra_LR_x,tra_LR_y,tra_UR_x,tra_UR_y,cor_UL_x,cor_UL_y,cor_LL_x,cor_LL_y,cor_LR_x,cor_LR_y,cor_UR_x,cor_UR_y,Dirty,h_par_cor,h_orth_cor,h_par_tra,h_orth_tra
./data/train/PICAI/10202/,15,0,0.392857134342,0.392857134342,3.299999962197216,72.6458933615337,19.84259555481225,466.0452576116721,238.96343027298096,356.3541066384663,437.1574044451878,-36.04906291358034,218.12372546976675,256.027182713064,-0.6016630040444966,419.8397953806782,89.01657136268605,202.972817286936,479.60166300404455,39.24736036206946,388.9872339392223,True,,,,
./data/train/PICAI/10202/,16,0,0.392857134342,0.392857134342,3.299999962197216,72.6458933615337,19.84259555481225,466.0452576116721,238.96343027298096,356.3541066384663,437.1574044451878,-36.04906291358034,218.12372546976675,256.027182713064,-0.6016630040444966,419.8397953806782,89.01657136268605,202.972817286936,479.60166300404455,39.24736036206946,388.9872339392223,True,,,,
./data/train/PICAI/10202/,-1,0,-1.0,-1.0,-1.0,-1.0,-1.0,-1.0,-1.0,-1.0,-1.0,-1.0,-1.0,-1.0,-1.0,-1.0,-1.0,-1.0,-1.0,-1.0,-1.0,False,80.0,60.0,30.0,160.0
./data/train/PICAI/10202/,17,0,0.392857134342,0.392857134342,3.299999962197216,72.6458933615337,19.84259555481225,466.0452576116721,238.96343027298096,356.3541066384663,437.1574044451878,-36.04906291358034,218.12372546976675,256.027182713064,-0.6016630040444966,419.8397953806782,89.01657136268605,202.972817286936,479.60166300404455,39.24736036206946,388.9872339392223,True,,,,
