path,curFrame,Deleted,pixelSpacingX,pixelSpacingY,pixelSpacingZ,tra_UL_x,tra_UL_y,tra_LL_x,tra_LL_y,tra_LR_x,tra_LR_y,tra_UR_x,tra_UR_y,cor_UL_x,cor_UL_y,cor_LL_x,cor_LL_y,cor_LR_x,cor_LR_y,cor_UR_x,cor_UR_y,Dirty
./data/train/PICAI/10505/,14,0,0.392857134342,0.392857134342,3.299999999999983,-27.046353388409727,282.3304530953669,372.9951678163727,175.61690516370146,431.04635338840967,394.6695469046331,31.004832183627343,501.3830948362984,87.50741888080532,142.23644036539235,245.1473839977384,99.8850366350303,363.4925811191948,546.7635596346075,206.84288407100323,588.9757902640097,True
./data/train/PICAI/10505/,15,0,0.392857134342,0.392857134342,3.299999999999983,-26.03117475740004,278.3415979371116,375.8118263969263,178.62599021552984,430.0311747574,398.6584020628884,28.18817360307378,498.37400978447,91.05842166948672,139.85894347418824,249.4135113672779,100.26518680972788,359.9415783305134,549.1410565258117,202.57903478436344,588.612943846867,True
./data/train/PICAI/10505/,16,0,0.392857134342,0.392857134342,3.299999999999983,-29.67214027048616,294.39479143579274,364.2361823576768,166.89093516364954,433.6721402704861,382.60520856420726,39.76381764232329,510.1090648363503,77.11087611077693,149.73560923159283,232.3182999217676,99.19200831163926,373.8891238892232,539.2643907684071,219.66332726168017,589.6171826929842,True
