path,curFrame,Deleted,pixelSpacingX,pixelSpacingY,pixelSpacingZ,tra_UL_x,tra_UL_y,tra_LL_x,tra_LL_y,tra_LR_x,tra_LR_y,tra_UR_x,tra_UR_y,cor_UL_x,cor_UL_y,cor_LL_x,cor_LL_y,cor_LR_x,cor_LR_y,cor_UR_x,cor_UR_y,Dirty
./data/train/PICAI/11456/,8,0,0.3515625,0.3515625,3.600000043439916,100.64154423867788,44.46416846579871,460.0865233428297,267.9352113255307,347.35845576132203,447.5358315342013,-10.972107847782894,223.19411186623316,287.0599491069388,30.22388743483941,421.82134893514433,114.27366504514931,189.94005089306128,484.7761125651605,55.1786510648557,400.7263349548506,True
./data/train/PICAI/11456/,9,0,0.3515625,0.3515625,3.600000043439916,111.35817317558748,38.28428357570272,458.61497470756206,280.260963835977,336.6418268244124,453.7157164242973,-9.45651877688266,210.9278765886777,298.88811206664474,33.07679281984582,429.0660005967184,124.06424985570185,178.11188793335538,481.9232071801541,47.93399940328166,390.9357501442981,True
./data/train/PICAI/11456/,10,0,0.3515625,0.3515625,3.600000043439916,118.675965493416,34.47967531403532,457.2763632096364,288.4280375186723,329.32403450658387,457.5203246859647,-8.090303918084658,202.8017265714116,306.6835822393544,35.32102009188799,433.6067534602325,130.7961928188104,170.31641776064572,479.678979908112,43.39324653976749,384.2038071811896,True
