path,curFrame,Deleted,pixelSpacingX,pixelSpacingY,pixelSpacingZ,tra_UL_x,tra_UL_y,tra_LL_x,tra_LL_y,tra_LR_x,tra_LR_y,tra_UR_x,tra_UR_y,cor_UL_x,cor_UL_y,cor_LL_x,cor_LL_y,cor_LR_x,cor_LR_y,cor_UR_x,cor_UR_y,Dirty
./data/train/PICAI/10368/,10,0,0.5625,0.5625,2.9999998940361667,45.39915280153269,44.49120726965384,304.1959144784237,146.09945568263723,253.6008471984673,273.50879273034616,-3.1023422244194307,171.11507934852978,148.81794583789917,23.25675003569245,246.23333183533288,62.6552597914054,148.18205416210083,306.7432499643076,50.66213970139948,268.3392621039628,True
./data/train/PICAI/10368/,9,0,0.5625,0.5625,2.9999998940361667,45.39915280153269,44.49120726965384,304.1959144784237,146.09945568263723,253.6008471984673,273.50879273034616,-3.1023422244194307,171.11507934852978,148.81794583789917,23.25675003569245,246.23333183533288,62.6552597914054,148.18205416210083,306.7432499643076,50.66213970139948,268.3392621039628,True
./data/train/PICAI/10368/,11,0,0.5625,0.5625,2.9999998940361667,45.39915280153269,44.49120726965384,304.1959144784237,146.09945568263723,253.6008471984673,273.50879273034616,-3.1023422244194307,171.11507934852978,148.81794583789917,23.25675003569245,246.23333183533288,62.6552597914054,148.18205416210083,306.7432499643076,50.66213970139948,268.3392621039628,True
