path,curFrame,Deleted,pixelSpacingX,pixelSpacingY,pixelSpacingZ,tra_UL_x,tra_UL_y,tra_LL_x,tra_LL_y,tra_LR_x,tra_LR_y,tra_UR_x,tra_UR_y,cor_UL_x,cor_UL_y,cor_LL_x,cor_LL_y,cor_LR_x,cor_LR_y,cor_UR_x,cor_UR_y,Dirty
./data/train/PICAI/10056/,9,0,0.5625,0.5625,3.599999851650667,43.382171136677314,31.71550262952256,294.08590130498976,109.15993225292452,252.6178288633227,243.28449737047737,1.9140986950102388,165.84006774707547,144.42311903155056,4.942066968107241,256.8431938044478,39.27465772464929,178.57688096844944,292.0579330318928,66.15680619555219,257.7253422753507,True
./data/train/PICAI/10056/,10,0,0.5625,0.5625,3.599999851650667,51.01616842307386,24.675417516135127,295.7069465833681,119.41940457235798,244.9838315769261,250.32458248386484,0.2930534166319489,155.58059542764204,150.47881264160878,4.100543878869246,260.230117296896,46.19153016408656,164.52118735839122,292.89945612113075,54.76988270310409,250.80846983591343,True
./data/train/PICAI/10056/,11,0,0.5625,0.5625,3.599999851650667,39.75407577418501,35.431053260557576,293.007855620136,104.07887182559767,256.245924225815,239.5689467394424,2.9921443798640155,170.92112817440233,137.42342219557028,5.625493133152162,250.97320383430088,36.013765374209214,181.5765778044297,291.3745068668478,68.02679616569912,260.9862346257908,True
