path,curFrame,Deleted,pixelSpacingX,pixelSpacingY,pixelSpacingZ,tra_UL_x,tra_UL_y,tra_LL_x,tra_LL_y,tra_LR_x,tra_LR_y,tra_UR_x,tra_UR_y,cor_UL_x,cor_UL_y,cor_LL_x,cor_LL_y,cor_LR_x,cor_LR_y,cor_UR_x,cor_UR_y,Dirty,h_par_cor,h_orth_cor,h_par_tra,h_orth_tra
./data/train/PICAI/10261/,10,0,0.5625,0.5625,3.6000000635782783,30.64934631778268,91.83482033791935,282.6107384124298,172.18067831284884,242.3506536822173,297.1651796620806,-8.701699457085624,215.7359712463117,143.82274737716045,62.09506090246316,237.87553887066792,93.0154815380044,158.17725262283955,340.90493909753684,64.21161687207973,310.98071316008736,True,,,,
./data/train/PICAI/10261/,11,0,0.5625,0.5625,3.6000000635782783,30.64934631778268,91.83482033791935,282.6107384124298,172.18067831284884,242.3506536822173,297.1651796620806,-8.701699457085624,215.7359712463117,143.82274737716045,62.09506090246316,237.87553887066792,93.0154815380044,158.17725262283955,340.90493909753684,64.21161687207973,310.98071316008736,True,,,,
./data/train/PICAI/10261/,-1,0,-1.0,-1.0,-1.0,-1.0,-1.0,-1.0,-1.0,-1.0,-1.0,-1.0,-1.0,-1.0,-1.0,-1.0,-1.0,-1.0,-1.0,-1.0,-1.0,False,80.0,60.0,30.0,160.0
./data/train/PICAI/10261/,12,0,0.5625,0.5625,3.6000000635782783,30.64934631778268,91.83482033791935,282.6107384124298,172.18067831284884,242.3506536822173,297.1651796620806,-8.701699457085624,215.7359712463117,143.82274737716045,62.09506090246316,237.87553887066792,93.0154815380044,158.17725262283955,340.90493909753684,64.21161687207973,310.98071316008736,True,,,,
