path,curFrame,Deleted,pixelSpacingX,pixelSpacingY,pixelSpacingZ,tra_UL_x,tra_UL_y,tra_LL_x,tra_LL_y,tra_LR_x,tra_LR_y,tra_UR_x,tra_UR_y,cor_UL_x,cor_UL_y,cor_LL_x,cor_LL_y,cor_LR_x,cor_LR_y,cor_UR_x,cor_UR_y,Dirty
./data/train/PICAI/11226/,9,0,0.5625,0.5625,3.6000000635782783,-11.21886793492942,120.32240803895424,257.4131225340536,76.25593896469958,278.2188679349296,204.67759196104583,9.46500812254122,247.7515148836591,81.19120143080116,49.878283618928094,183.92852382787808,33.233687298227494,224.8087985691988,284.1217163810718,122.07147617212188,300.76631270177245,True
./data/train/PICAI/11226/,8,0,0.5625,0.5625,3.6000000635782783,-8.813131148761215,112.80621062310178,261.7569693107257,82.85924521184161,275.8131311487614,212.1937893768984,5.173274215530114,241.1431907378985,87.41928991717427,46.280612720937,190.8869252492196,35.035683250508725,218.58071008282576,287.71938727906286,115.1130747507804,298.9643167494912,True
./data/train/PICAI/11226/,10,0,0.5625,0.5625,3.6000000635782783,-11.21886793492942,120.32240803895424,257.4131225340536,76.25593896469958,278.2188679349296,204.67759196104583,9.46500812254122,247.7515148836591,81.19120143080116,49.878283618928094,183.92852382787808,33.233687298227494,224.8087985691988,284.1217163810718,122.07147617212188,300.76631270177245,True
