path,curFrame,Deleted,pixelSpacingX,pixelSpacingY,pixelSpacingZ,tra_UL_x,tra_UL_y,tra_LL_x,tra_LL_y,tra_LR_x,tra_LR_y,tra_UR_x,tra_UR_y,cor_UL_x,cor_UL_y,cor_LL_x,cor_LL_y,cor_LR_x,cor_LR_y,cor_UR_x,cor_UR_y,Dirty
./data/train/PICAI/10028/,9,0,0.5625,0.5625,3.599999957614489,44.130813436367546,35.61338707956304,311.30164227188465,149.01862602090495,247.86918656363247,296.3866129204371,-17.316549968601976,183.22511266590533,141.6333780464823,23.005906879839102,271.6988160653249,78.37619261436407,166.68624090193393,326.42731447748565,35.625130541171714,270.94252328048515,True
./data/train/PICAI/10028/,8,0,0.5625,0.5625,3.599999957614489,24.988032124573067,53.15451435295832,306.61003259910103,123.36882093448824,267.0119678754269,278.84548564704187,-12.611250945062835,208.56138007210672,118.05481641413296,26.83328299234157,255.1807540877485,61.17515141105216,190.2648025342833,322.59993836498325,52.137538296734064,288.30073170621466,True
./data/train/PICAI/10028/,10,0,0.5625,0.5625,3.599999957614489,44.130813436367546,35.61338707956304,311.30164227188465,149.01862602090495,247.86918656363247,296.3866129204371,-17.316549968601976,183.22511266590533,141.6333780464823,23.005906879839102,271.6988160653249,78.37619261436407,166.68624090193393,326.42731447748565,35.625130541171714,270.94252328048515,True
