path,curFrame,Deleted,pixelSpacingX,pixelSpacingY,pixelSpacingZ,tra_UL_x,tra_UL_y,tra_LL_x,tra_LL_y,tra_LR_x,tra_LR_y,tra_UR_x,tra_UR_y,cor_UL_x,cor_UL_y,cor_LL_x,cor_LL_y,cor_LR_x,cor_LR_y,cor_UR_x,cor_UR_y,Dirty
./data/train/PICAI/10851/,11,0,0.5625,0.5625,3.5999999576145,75.31528077116896,-0.2946400839142029,276.0383901566744,161.9867000591055,176.68471922883103,285.29464008391415,-24.038390156674467,123.0132999408945,159.178966872722,14.350239718722436,255.10940813667787,92.08279685473036,85.82103312727796,302.6497602812776,-10.109408136677928,224.91720314526964,True
./data/train/PICAI/10851/,10,0,0.5625,0.5625,3.5999999576145,75.31528077116896,-0.2946400839142029,276.0383901566744,161.9867000591055,176.68471922883103,285.29464008391415,-24.038390156674467,123.0132999408945,159.178966872722,14.350239718722436,255.10940813667787,92.08279685473036,85.82103312727796,302.6497602812776,-10.109408136677928,224.91720314526964,True
./data/train/PICAI/10851/,12,0,0.5625,0.5625,3.5999999576145,75.31528077116896,-0.2946400839142029,276.0383901566744,161.9867000591055,176.68471922883103,285.29464008391415,-24.038390156674467,123.0132999408945,159.178966872722,14.350239718722436,255.10940813667787,92.08279685473036,85.82103312727796,302.6497602812776,-10.109408136677928,224.91720314526964,True
