path,curFrame,Deleted,pixelSpacingX,pixelSpacingY,pixelSpacingZ,tra_UL_x,tra_UL_y,tra_LL_x,tra_LL_y,tra_LR_x,tra_LR_y,tra_UR_x,tra_UR_y,cor_UL_x,cor_UL_y,cor_LL_x,cor_LL_y,cor_LR_x,cor_LR_y,cor_UR_x,cor_UR_y,Dirty,h_par_cor,h_orth_cor,h_par_tra,h_orth_tra
./data/train/PICAI/11218/,10,0,0.5625,0.5625,3.599999947981409,86.21484648588262,7.231299508572619,269.0023619325471,159.95891389718096,156.7851535141174,295.7687004914273,-26.00236193254706,143.041086102819,160.21345099341116,12.211522821949616,264.76117986102673,99.21596172378705,88.78654900658887,310.7884771780504,-14.821487240240783,224.12605841953865,True,,,,
./data/train/PICAI/11218/,9,0,0.5625,0.5625,3.599999947981409,86.21484648588262,7.231299508572619,269.0023619325471,159.95891389718096,156.7851535141174,295.7687004914273,-26.00236193254706,143.041086102819,160.21345099341116,12.211522821949616,264.76117986102673,99.21596172378705,88.78654900658887,310.7884771780504,-14.821487240240783,224.12605841953865,True,,,,
./data/train/PICAI/11218/,11,0,0.5625,0.5625,3.599999947981409,86.21484648588262,7.231299508572619,269.0023619325471,159.95891389718096,156.7851535141174,295.7687004914273,-26.00236193254706,143.041086102819,157.13885023460435,9.652845395241687,264.76117986102673,99.21596172378705,88.78654900658887,310.7884771780504,-17.889671939236607,221.55969082060665,True,,,,
