path,curFrame,Deleted,pixelSpacingX,pixelSpacingY,pixelSpacingZ,tra_UL_x,tra_UL_y,tra_LL_x,tra_LL_y,tra_LR_x,tra_LR_y,tra_UR_x,tra_UR_y,cor_UL_x,cor_UL_y,cor_LL_x,cor_LL_y,cor_LR_x,cor_LR_y,cor_UR_x,cor_UR_y,Dirty,h_par_cor,h_orth_cor,h_par_tra,h_orth_tra
./data/train/PICAI/10919/,9,0,0.5625,0.5625,3.5999999576145,43.09250097807758,28.58964571163733,290.91747555878896,143.64955173484682,231.90749902192243,271.41035428836267,-15.04679875055291,157.46486376019965,146.24935817052074,18.97548685650682,253.8979075999997,69.47093027201731,145.75064182947926,302.0245131434932,37.980223056595136,252.521615879624,True,,,,
./data/train/PICAI/10919/,10,0,0.5625,0.5625,3.5999999576145,43.09250097807758,28.58964571163733,290.91747555878896,143.64955173484682,231.90749902192243,271.41035428836267,-15.04679875055291,157.46486376019965,146.24935817052074,18.97548685650682,253.8979075999997,69.47093027201731,145.75064182947926,302.0245131434932,37.980223056595136,252.521615879624,True,,,,
./data/train/PICAI/10919/,11,0,0.5625,0.5625,3.5999999576145,51.79163109197181,22.299861005849465,290.9867431767348,154.36688321335498,223.2083689080282,277.7001389941505,-15.195924988663648,146.80555296546922,156.12100173179425,19.33762780420201,259.9849406324482,77.21925006931507,135.87899826820575,301.66237219579807,31.82425037217532,244.7623771141326,True,,,,
