path,curFrame,Deleted,pixelSpacingX,pixelSpacingY,pixelSpacingZ,tra_UL_x,tra_UL_y,tra_LL_x,tra_LL_y,tra_LR_x,tra_LR_y,tra_UR_x,tra_UR_y,cor_UL_x,cor_UL_y,cor_LL_x,cor_LL_y,cor_LR_x,cor_LR_y,cor_UR_x,cor_UR_y,Dirty
./data/train/PICAI/10916/,11,0,0.5625,0.5625,3.600000034679045,76.80801664223611,28.42439491667829,285.3665677753118,201.5697984054001,197.19198335776383,308.57560508332165,-10.388420174578016,135.6381132854176,184.6277298393196,36.11098035746758,274.1497014107425,110.34585495132232,106.37227016068036,312.88901964253245,15.872150988523543,238.44623335786,True
./data/train/PICAI/10916/,10,0,0.5625,0.5625,3.600000034679045,76.80801664223611,28.42439491667829,285.3665677753118,201.5697984054001,197.19198335776383,308.57560508332165,-10.388420174578016,135.6381132854176,184.6277298393196,36.11098035746758,274.1497014107425,110.34585495132232,106.37227016068036,312.88901964253245,15.872150988523543,238.44623335786,True
./data/train/PICAI/10916/,12,0,0.5625,0.5625,3.600000034679045,76.80801664223611,28.42439491667829,285.3665677753118,201.5697984054001,197.19198335776383,308.57560508332165,-10.388420174578016,135.6381132854176,184.6277298393196,36.11098035746758,274.1497014107425,110.34585495132232,106.37227016068036,312.88901964253245,15.872150988523543,238.44623335786,True
