path,curFrame,Deleted,pixelSpacingX,pixelSpacingY,pixelSpacingZ,tra_UL_x,tra_UL_y,tra_LL_x,tra_LL_y,tra_LR_x,tra_LR_y,tra_UR_x,tra_UR_y,cor_UL_x,cor_UL_y,cor_LL_x,cor_LL_y,cor_LR_x,cor_LR_y,cor_UR_x,cor_UR_y,Dirty
./data/train/PICAI/10855/,8,0,0.5625,0.5625,3.6000000635782774,86.14817702671823,19.629783934583827,300.83719965604627,183.011617571203,205.8518229732818,308.3702160654161,-7.844653504404988,145.11025177220213,184.355124724679,24.896363505714334,285.61369408389,102.81749113696648,118.644875275321,322.10363649428564,16.393759764468854,244.0606395196284,True
./data/train/PICAI/10855/,9,0,0.5625,0.5625,3.6000000635782774,86.14817702671823,19.629783934583827,300.83719965604627,183.011617571203,205.8518229732818,308.3702160654161,-7.844653504404988,145.11025177220213,184.355124724679,24.896363505714334,285.61369408389,102.81749113696648,118.644875275321,322.10363649428564,16.393759764468854,244.0606395196284,True
./data/train/PICAI/10855/,10,0,0.5625,0.5625,3.6000000635782774,73.79323787106972,25.39558627931035,301.904969014979,169.44432148559017,218.20676212893028,302.60441372068954,-8.905578187959918,158.59057801111234,171.27844074220576,22.5983324087932,278.9429644286439,91.39768080230954,131.72155925779424,324.4016675912068,23.057644744337185,255.5674197009879,True
