path,curFrame,Deleted,pixelSpacingX,pixelSpacingY,pixelSpacingZ,tra_UL_x,tra_UL_y,tra_LL_x,tra_LL_y,tra_LR_x,tra_LR_y,tra_UR_x,tra_UR_y,cor_UL_x,cor_UL_y,cor_LL_x,cor_LL_y,cor_LR_x,cor_LR_y,cor_UR_x,cor_UR_y,Dirty
./data/train/PICAI/11339/,9,0,0.5625,0.5625,3.5999999046325497,32.27668481603499,69.92812205610085,284.6635993159372,172.45053613818854,232.723315183965,300.07187794389915,-17.67850701265465,197.7932025486217,143.53036609912442,43.38104783619832,251.0394547807981,86.80679884681453,152.46963390087558,331.6189521638016,44.96054521920189,288.1932011531855,True
./data/train/PICAI/11339/,8,0,0.5625,0.5625,3.5999999046325497,32.27668481603499,69.92812205610085,284.6635993159372,172.45053613818854,232.723315183965,300.07187794389915,-17.67850701265465,197.7932025486217,143.53036609912442,43.38104783619832,251.0394547807981,86.80679884681453,152.46963390087558,331.6189521638016,44.96054521920189,288.1932011531855,True
./data/train/PICAI/11339/,10,0,0.5625,0.5625,3.5999999046325497,32.27668481603499,69.92812205610085,284.6635993159372,172.45053613818854,232.723315183965,300.07187794389915,-17.67850701265465,197.7932025486217,143.53036609912442,43.38104783619832,251.0394547807981,86.80679884681453,152.46963390087558,331.6189521638016,44.96054521920189,288.1932011531855,True
