path,curFrame,Deleted,pixelSpacingX,pixelSpacingY,pixelSpacingZ,tra_UL_x,tra_UL_y,tra_LL_x,tra_LL_y,tra_LR_x,tra_LR_y,tra_UR_x,tra_UR_y,cor_UL_x,cor_UL_y,cor_LL_x,cor_LL_y,cor_LR_x,cor_LR_y,cor_UR_x,cor_UR_y,Dirty
./data/train/PICAI/10968/,10,0,0.5625,0.5625,2.99999990463255,57.83100700927908,24.95349909442865,279.67909029375755,166.48592627280794,196.1689929907209,297.04650090557124,-24.92967128331607,156.71339484632114,141.1569536777506,22.567125268409733,255.45318546465307,95.48469508757042,113.47085617758609,319.28151850161913,-0.825375609316422,246.36394868245844,True
./data/train/PICAI/10968/,9,0,0.5625,0.5625,2.99999990463255,57.83100700927908,24.95349909442865,279.67909029375755,166.48592627280794,196.1689929907209,297.04650090557124,-24.92967128331607,156.71339484632114,141.1569536777506,22.567125268409733,255.45318546465307,95.48469508757042,113.47085617758609,319.28151850161913,-0.825375609316422,246.36394868245844,True
./data/train/PICAI/10968/,11,0,0.5625,0.5625,2.99999990463255,57.83100700927908,24.95349909442865,279.67909029375755,166.48592627280794,196.1689929907209,297.04650090557124,-24.92967128331607,156.71339484632114,141.1569536777506,22.567125268409733,255.45318546465307,95.48469508757042,113.47085617758609,319.28151850161913,-0.825375609316422,246.36394868245844,True
