path,curFrame,Deleted,pixelSpacingX,pixelSpacingY,pixelSpacingZ,tra_UL_x,tra_UL_y,tra_LL_x,tra_LL_y,tra_LR_x,tra_LR_y,tra_UR_x,tra_UR_y,cor_UL_x,cor_UL_y,cor_LL_x,cor_LL_y,cor_LR_x,cor_LR_y,cor_UR_x,cor_UR_y,Dirty
./data/train/PICAI/10014/,10,0,0.5625,0.5625,3.6000000635782774,-48.49072252727632,90.33801299534348,244.77662321055507,57.65370599814212,263.4907225272763,225.6619870046565,-29.68946746780739,259.3424886999496,37.49552227202443,24.86840808865097,164.6908929701106,10.171332928435476,197.6366671955549,306.4272627605422,71.33030746775522,319.86047125928303,True
./data/train/PICAI/10014/,9,0,0.5625,0.5625,3.6000000635782774,-48.49072252727632,90.33801299534348,244.77662321055507,57.65370599814212,263.4907225272763,225.6619870046565,-29.68946746780739,259.3424886999496,37.49552227202443,24.86840808865097,164.6908929701106,10.171332928435476,197.6366671955549,306.4272627605422,71.33030746775522,319.86047125928303,True
./data/train/PICAI/10014/,11,0,0.5625,0.5625,3.6000000635782774,-48.49072252727632,90.33801299534348,244.77662321055507,57.65370599814212,263.4907225272763,225.6619870046565,-29.68946746780739,259.3424886999496,37.49552227202443,24.86840808865097,164.6908929701106,10.171332928435476,197.6366671955549,306.4272627605422,71.33030746775522,319.86047125928303,True
