path,curFrame,Deleted,pixelSpacingX,pixelSpacingY,pixelSpacingZ,tra_UL_x,tra_UL_y,tra_LL_x,tra_LL_y,tra_LR_x,tra_LR_y,tra_UR_x,tra_UR_y,cor_UL_x,cor_UL_y,cor_LL_x,cor_LL_y,cor_LR_x,cor_LR_y,cor_UR_x,cor_UR_y,Dirty,h_par_cor,h_orth_cor,h_par_tra,h_orth_tra
./data/train/PICAI/11211/,9,0,0.5625,0.5625,3.600000033970751,80.40870355497363,0.7856803638200056,299.7490875085449,162.3608528210247,204.68139554321985,290.5328685684011,-13.615458941048246,129.17462328085983,174.54474109442717,17.02227323020051,274.4814000847681,89.47683961388896,114.45525890557283,305.97772676979946,15.503407668244137,233.69680856377795,True,,,,
./data/train/PICAI/11211/,8,0,0.5625,0.5625,3.600000033970751,98.5275082455662,-5.706969522463794,296.54190206028034,181.39471467537248,186.5625908526273,297.025518454685,-10.442488574939262,110.26631873553248,191.9281978484373,21.76072116670452,282.2899537053065,105.85443721293224,97.07180215156268,301.23927883329543,7.666351050656459,217.4379344917905,True,,,,
./data/train/PICAI/11211/,-1,0,-1.0,-1.0,-1.0,-1.0,-1.0,-1.0,-1.0,-1.0,-1.0,-1.0,-1.0,-1.0,-1.0,-1.0,-1.0,-1.0,-1.0,-1.0,-1.0,False,80.0,60.0,30.0,160.0
./data/train/PICAI/11211/,10,0,0.5625,0.5625,3.600000033970751,72.91176117594085,4.236189674562013,300.40773791205174,154.11054023648578,212.1783379222526,287.0823592576591,-14.264186374565924,137.37002446160827,166.94218583464522,15.647854678228214,270.533864122954,82.77284398483086,122.0578141653548,307.3521453217718,19.45868202868725,240.34902535857424,True,,,,
