path,curFrame,Deleted,pixelSpacingX,pixelSpacingY,pixelSpacingZ,tra_UL_x,tra_UL_y,tra_LL_x,tra_LL_y,tra_LR_x,tra_LR_y,tra_UR_x,tra_UR_y,cor_UL_x,cor_UL_y,cor_LL_x,cor_LL_y,cor_LR_x,cor_LR_y,cor_UR_x,cor_UR_y,Dirty
./data/train/PICAI/10346/,9,0,0.5625,0.5625,3.599999957614445,108.67782584428068,-3.834943111131935,263.82417778200625,206.5067063081293,162.3221741557193,281.8349431111319,8.096327071445984,71.88402482035991,220.1322549341997,30.76178061457184,280.2888896316092,111.70113631921306,70.86774506580032,267.23821938542795,10.711110368390791,186.29886368078687,True
./data/train/PICAI/10346/,10,0,0.5625,0.5625,3.599999957614445,108.67782584428068,-3.834943111131935,263.82417778200625,206.5067063081293,162.3221741557193,281.8349431111319,8.096327071445984,71.88402482035991,220.1322549341997,30.76178061457184,280.2888896316092,111.70113631921306,70.86774506580032,267.23821938542795,10.711110368390791,186.29886368078687,True
./data/train/PICAI/10346/,11,0,0.5625,0.5625,3.599999957614445,108.67782584428068,-3.834943111131935,263.82417778200625,206.5067063081293,162.3221741557193,281.8349431111319,8.096327071445984,71.88402482035991,220.1322549341997,30.76178061457184,280.2888896316092,111.70113631921306,70.86774506580032,267.23821938542795,10.711110368390791,186.29886368078687,True
