path,curFrame,Deleted,pixelSpacingX,pixelSpacingY,pixelSpacingZ,tra_UL_x,tra_UL_y,tra_LL_x,tra_LL_y,tra_LR_x,tra_LR_y,tra_UR_x,tra_UR_y,cor_UL_x,cor_UL_y,cor_LL_x,cor_LL_y,cor_LR_x,cor_LR_y,cor_UR_x,cor_UR_y,Dirty
./data/train/PICAI/11427/,12,0,0.5625,0.5625,3.600000092418692,55.51281777845361,11.367671295213457,275.251257700593,158.24182838414552,197.4871822215464,274.6323287047866,-21.258711548951908,127.88004095925952,156.61887785523564,9.933893415844295,254.37714857710165,75.33512051037485,107.38112214476436,296.0661065841557,9.62285142289835,230.6648794896252,True
./data/train/PICAI/11427/,11,0,0.5625,0.5625,3.600000092418692,55.51281777845361,11.367671295213457,275.251257700593,158.24182838414552,197.4871822215464,274.6323287047866,-21.258711548951908,127.88004095925952,156.61887785523564,9.933893415844295,254.37714857710165,75.33512051037485,107.38112214476436,296.0661065841557,9.62285142289835,230.6648794896252,True
./data/train/PICAI/11427/,13,0,0.5625,0.5625,3.600000092418692,55.51281777845361,11.367671295213457,275.251257700593,158.24182838414552,197.4871822215464,274.6323287047866,-21.258711548951908,127.88004095925952,156.61887785523564,9.933893415844295,254.37714857710165,75.33512051037485,107.38112214476436,296.0661065841557,9.62285142289835,230.6648794896252,True
