path,curFrame,Deleted,pixelSpacingX,pixelSpacingY,pixelSpacingZ,tra_UL_x,tra_UL_y,tra_LL_x,tra_LL_y,tra_LR_x,tra_LR_y,tra_UR_x,tra_UR_y,cor_UL_x,cor_UL_y,cor_LL_x,cor_LL_y,cor_LR_x,cor_LR_y,cor_UR_x,cor_UR_y,Dirty
./data/train/PICAI/11328/,10,0,0.5625,0.5625,3.6,4.840832615579643,75.7404378371449,282.0450990581647,111.16351881591302,264.1591673844204,252.2595621628552,-13.97290663468047,215.769160660083,98.19866489783568,38.58470212091211,219.4131837133254,54.077940269514144,186.8013351021644,305.4152978790879,65.5868162866746,289.9220597304859,True
./data/train/PICAI/11328/,9,0,0.5625,0.5625,3.6,4.840832615579643,75.7404378371449,282.0450990581647,111.16351881591302,264.1591673844204,252.2595621628552,-13.97290663468047,215.769160660083,98.19866489783568,38.58470212091211,219.4131837133254,54.077940269514144,186.8013351021644,305.4152978790879,65.5868162866746,289.9220597304859,True
./data/train/PICAI/11328/,11,0,0.5625,0.5625,3.6,4.840832615579643,75.7404378371449,282.0450990581647,111.16351881591302,264.1591673844204,252.2595621628552,-13.97290663468047,215.769160660083,98.19866489783568,38.58470212091211,219.4131837133254,54.077940269514144,186.8013351021644,305.4152978790879,65.5868162866746,289.9220597304859,True
