path,curFrame,Deleted,pixelSpacingX,pixelSpacingY,pixelSpacingZ,tra_UL_x,tra_UL_y,tra_LL_x,tra_LL_y,tra_LR_x,tra_LR_y,tra_UR_x,tra_UR_y,cor_UL_x,cor_UL_y,cor_LL_x,cor_LL_y,cor_LR_x,cor_LR_y,cor_UR_x,cor_UR_y,Dirty
./data/train/PICAI/10492/,16,0,0.392857134342,0.392857134342,3.2999999999999803,75.03422351361243,142.3124233845248,459.2527061349199,305.0427451201506,379.96577648638754,492.6875766154752,-3.252858439763486,329.9747072862866,252.89142972098355,110.0863211994364,401.8214396082051,172.69504387441248,239.1085702790166,555.9136788005635,90.17856039179487,493.3049561255875,True
./data/train/PICAI/10492/,15,0,0.392857134342,0.392857134342,3.2999999999999803,57.55735882276238,159.20913257643468,456.6810028529029,280.8862330354032,397.4426411772376,475.79086742356526,-0.6848081548111509,354.026611221849,229.5528534615476,110.58711509729751,384.21140274016886,157.28543557065365,262.44714653845256,555.4128849027023,107.78859725983116,508.7145644293464,True
./data/train/PICAI/10492/,17,0,0.392857134342,0.392857134342,3.2999999999999803,100.89940825689588,122.7982019335828,458.7310195209383,337.41772103699367,354.10059174310413,512.2017980664173,-2.743331180343148,297.73871342804654,283.847950725757,113.2148034424049,422.6151339126137,195.94127363414785,208.1520492742431,552.7851965575951,69.38486608738631,470.0587263658522,True
