path,curFrame,Deleted,pixelSpacingX,pixelSpacingY,pixelSpacingZ,tra_UL_x,tra_UL_y,tra_LL_x,tra_LL_y,tra_LR_x,tra_LR_y,tra_UR_x,tra_UR_y,cor_UL_x,cor_UL_y,cor_LL_x,cor_LL_y,cor_LR_x,cor_LR_y,cor_UR_x,cor_UR_y,Dirty
./data/train/PICAI/10033/,10,0,0.5625,0.5625,3.600000169542111,9.382296935367052,46.64683185625316,269.4531563537772,90.31773843454172,247.61770306463296,220.3531681437468,-11.454526819022648,176.73459752170123,117.53063756108544,0.4165540178358355,215.819265983116,16.582738568187523,170.46936243891457,289.5834459821642,71.23444043837247,272.3662959408149,True
./data/train/PICAI/10033/,9,0,0.5625,0.5625,3.600000169542111,12.485992076855853,42.542592574278615,270.87433069446354,95.26323811691748,244.51400792314416,224.45740742572136,-12.87813599637184,171.82391762583018,122.59265147779574,-0.419137080539997,220.2572134186544,19.167423130487308,165.40734852220425,290.41913708054005,66.83374762600155,269.7492264286733,True
./data/train/PICAI/10033/,11,0,0.5625,0.5625,3.600000169542111,14.091087215064276,40.53172220929869,271.51996990352245,97.75383644647218,242.9089127849357,226.4682777907013,-13.525448008154171,169.35069201679548,125.13382580475312,-0.7705987887633228,222.4416803502681,20.51745992378534,162.86617419524686,290.7705987887634,64.66832621763133,268.38348971757875,True
