path,curFrame,Deleted,pixelSpacingX,pixelSpacingY,pixelSpacingZ,tra_UL_x,tra_UL_y,tra_LL_x,tra_LL_y,tra_LR_x,tra_LR_y,tra_UR_x,tra_UR_y,cor_UL_x,cor_UL_y,cor_LL_x,cor_LL_y,cor_LR_x,cor_LR_y,cor_UR_x,cor_UR_y,Dirty
./data/train/PICAI/10154/,9,0,0.5625,0.5625,3.600000097567904,58.62855217684782,39.46989837063997,299.31027539600893,156.89352507436217,244.37144782315212,268.53010162936005,3.776880346738636,150.11028022754616,177.07677832341307,27.396300700171764,269.48670685855734,72.6224558333415,155.92322167658693,303.6036992998282,64.50948783953447,258.4646999094062,True
./data/train/PICAI/10154/,10,0,0.5625,0.5625,3.600000097567904,58.62855217684782,39.46989837063997,299.31027539600893,156.89352507436217,244.37144782315212,268.53010162936005,3.776880346738636,150.11028022754616,177.07677832341307,27.396300700171764,269.48670685855734,72.6224558333415,155.92322167658693,303.6036992998282,64.50948783953447,258.4646999094062,True
./data/train/PICAI/10154/,11,0,0.5625,0.5625,3.600000097567904,58.62855217684782,39.46989837063997,299.31027539600893,156.89352507436217,244.37144782315212,268.53010162936005,3.776880346738636,150.11028022754616,177.07677832341307,27.396300700171764,269.48670685855734,72.6224558333415,155.92322167658693,303.6036992998282,64.50948783953447,258.4646999094062,True
