path,curFrame,Deleted,pixelSpacingX,pixelSpacingY,pixelSpacingZ,tra_UL_x,tra_UL_y,tra_LL_x,tra_LL_y,tra_LR_x,tra_LR_y,tra_UR_x,tra_UR_y,cor_UL_x,cor_UL_y,cor_LL_x,cor_LL_y,cor_LR_x,cor_LR_y,cor_UR_x,cor_UR_y,Dirty
./data/train/PICAI/11053/,10,0,0.5625,0.5625,3.599999957614445,72.27922886172007,8.46517039134767,301.44194436064294,171.18102648767217,218.72077113828,287.5348296086524,-9.46031717719532,125.00978250770434,184.19379927434773,14.196199338187029,280.0690761251738,81.73086664896525,122.80620072565222,303.803800661813,27.12173287020281,235.2875061675872,True
./data/train/PICAI/11053/,9,0,0.5625,0.5625,3.599999957614445,72.27922886172007,8.46517039134767,301.44194436064294,171.18102648767217,218.72077113828,287.5348296086524,-9.46031717719532,125.00978250770434,184.19379927434773,14.196199338187029,280.0690761251738,81.73086664896525,122.80620072565222,303.803800661813,27.12173287020281,235.2875061675872,True
./data/train/PICAI/11053/,8,0,0.5625,0.5625,3.599999957614445,72.27922886172007,8.46517039134767,301.44194436064294,171.18102648767217,218.72077113828,287.5348296086524,-9.46031717719532,125.00978250770434,184.19379927434773,14.196199338187029,280.0690761251738,81.73086664896525,122.80620072565222,303.803800661813,27.12173287020281,235.2875061675872,True
