path,curFrame,Deleted,pixelSpacingX,pixelSpacingY,pixelSpacingZ,tra_UL_x,tra_UL_y,tra_LL_x,tra_LL_y,tra_LR_x,tra_LR_y,tra_UR_x,tra_UR_y,cor_UL_x,cor_UL_y,cor_LL_x,cor_LL_y,cor_LR_x,cor_LR_y,cor_UR_x,cor_UR_y,Dirty
./data/train/PICAI/11089/,13,0,0.625,0.625,3.499999875607683,41.73356767942404,81.04388404757358,278.3253273344653,190.57625032955963,225.266432320576,304.95611595242644,-10.326697799710786,195.4760856266833,151.98890585630116,68.1044531759,244.86994532075383,111.02429133965344,141.01109414369884,334.89554682409994,48.130054679246186,291.9757086603466,True
./data/train/PICAI/11089/,12,0,0.625,0.625,3.499999875607683,41.73356767942404,81.04388404757358,278.3253273344653,190.57625032955963,225.266432320576,304.95611595242644,-10.326697799710786,195.4760856266833,151.98890585630116,68.1044531759,244.86994532075383,111.02429133965344,141.01109414369884,334.89554682409994,48.130054679246186,291.9757086603466,True
./data/train/PICAI/11089/,14,0,0.625,0.625,3.499999875607683,41.73356767942404,81.04388404757358,278.3253273344653,190.57625032955963,225.266432320576,304.95611595242644,-10.326697799710786,195.4760856266833,151.98890585630116,68.1044531759,244.86994532075383,111.02429133965344,141.01109414369884,334.89554682409994,48.130054679246186,291.9757086603466,True
