path,curFrame,Deleted,pixelSpacingX,pixelSpacingY,pixelSpacingZ,tra_UL_x,tra_UL_y,tra_LL_x,tra_LL_y,tra_LR_x,tra_LR_y,tra_UR_x,tra_UR_y,cor_UL_x,cor_UL_y,cor_LL_x,cor_LL_y,cor_LR_x,cor_LR_y,cor_UR_x,cor_UR_y,Dirty
./data/train/PICAI/10885/,15,0,0.392857134342,0.392857134342,3.29999999999999,-4.408434119031995,177.5681596755353,429.8269153204127,291.78138700584293,372.40843411903165,507.4318403244645,-60.84876771967868,393.0107013033394,174.74740947103487,122.39290339283532,348.0918725446825,168.3569885214323,237.25259052896504,589.6070966071652,62.929979854583365,543.8509231693852,True
./data/train/PICAI/10885/,16,0,0.392857134342,0.392857134342,3.29999999999999,7.555582946270931,164.82721736132433,432.76604490557526,309.05295376213587,360.4444170537288,520.1727826386754,-63.77577683683339,375.80787313690416,191.1191465117328,120.78188802844906,360.8350586881495,178.72590544290605,220.88085348826715,591.2181119715515,50.17467324310863,533.4132676580539,True
./data/train/PICAI/10885/,17,0,0.392857134342,0.392857134342,3.29999999999999,-32.417319279965824,216.5484461561764,415.6328149092972,245.80724402937065,400.4173192799655,468.4515538438234,-46.71231005584448,438.80202484214,134.74727216716428,132.64819912586904,313.67727012718603,144.69211169723312,285.25272783283566,579.3518008741313,105.40222501936104,567.698619431256,True
