path,curFrame,Deleted,pixelSpacingX,pixelSpacingY,pixelSpacingZ,tra_UL_x,tra_UL_y,tra_LL_x,tra_LL_y,tra_LR_x,tra_LR_y,tra_UR_x,tra_UR_y,cor_UL_x,cor_UL_y,cor_LL_x,cor_LL_y,cor_LR_x,cor_LR_y,cor_UR_x,cor_UR_y,Dirty
./data/train/PICAI/11438/,10,0,0.5625,0.5625,3.600000083446525,140.68085546403563,-45.84283723593131,337.2798136828577,178.0699103339661,194.53441782644205,302.27741978313384,-0.697382222279515,76.57508428406089,222.57458263381864,10.319670169051705,310.0354163374587,111.58961915622278,98.42541736618136,294.68032983094827,10.964583662541258,193.4103808437772,True
./data/train/PICAI/11438/,9,0,0.5625,0.5625,3.600000083446525,140.68085546403563,-45.84283723593131,337.2798136828577,178.0699103339661,194.53441782644205,302.27741978313384,-0.697382222279515,76.57508428406089,222.57458263381864,10.319670169051705,310.0354163374587,111.58961915622278,98.42541736618136,294.68032983094827,10.964583662541258,193.4103808437772,True
./data/train/PICAI/11438/,11,0,0.5625,0.5625,3.600000083446525,140.68085546403563,-45.84283723593131,337.2798136828577,178.0699103339661,194.53441782644205,302.27741978313384,-0.697382222279515,76.57508428406089,222.57458263381864,10.319670169051705,310.0354163374587,111.58961915622278,98.42541736618136,294.68032983094827,10.964583662541258,193.4103808437772,True
