path,curFrame,Deleted,pixelSpacingX,pixelSpacingY,pixelSpacingZ,tra_UL_x,tra_UL_y,tra_LL_x,tra_LL_y,tra_LR_x,tra_LR_y,tra_UR_x,tra_UR_y,cor_UL_x,cor_UL_y,cor_LL_x,cor_LL_y,cor_LR_x,cor_LR_y,cor_UR_x,cor_UR_y,Dirty
./data/train/PICAI/10339/,10,0,0.5625,0.5625,3.5999999097329334,47.43939573876614,52.49262140341664,309.65192703220555,132.39624105038334,269.56060426123383,261.5073785965834,7.348072967794508,181.6037589496167,157.96602955467674,20.664680894433843,264.5029497314636,53.31256963543778,187.0339704453233,307.33531910556616,80.49705026853648,274.68743036456226,True
./data/train/PICAI/10339/,9,0,0.5625,0.5625,3.5999999097329334,47.43939573876614,52.49262140341664,309.6519270322056,132.39624105038334,269.56060426123383,261.5073785965834,7.348072967794479,181.60375894961663,157.96602955467674,20.66468089443381,264.5029497314636,53.3125696354378,187.0339704453233,307.3353191055662,80.49705026853651,274.68743036456226,True
./data/train/PICAI/10339/,11,0,0.5625,0.5625,3.5999999097329334,55.0,45.0,311.0,143.0,262.0,269.0,6.0,171.0,168.0,20.0,272.0,60.0,177.0,308.0,73.0,268.0,True
