path,curFrame,Deleted,pixelSpacingX,pixelSpacingY,pixelSpacingZ,tra_UL_x,tra_UL_y,tra_LL_x,tra_LL_y,tra_LR_x,tra_LR_y,tra_UR_x,tra_UR_y,cor_UL_x,cor_UL_y,cor_LL_x,cor_LL_y,cor_LR_x,cor_LR_y,cor_UR_x,cor_UR_y,Dirty
./data/train/PICAI/10731/,9,0,0.5625,0.5625,4.000404357910121,9.025473003680773,29.12016401191444,286.08932252325235,85.87069959878144,257.9745269963192,225.8798359880856,-19.262970700919222,168.14449264820638,121.14161377461517,-10.562707021152193,230.5075471945621,10.770192621975497,174.85838622538486,282.56270702115216,65.31880462777106,260.2449996250123,True
./data/train/PICAI/10731/,8,0,0.5625,0.5625,4.000404357910121,9.025473003680773,29.12016401191444,286.08932252325235,85.87069959878144,257.9745269963192,225.8798359880856,-19.262970700919222,168.14449264820638,121.14161377461517,-10.562707021152193,230.5075471945621,10.770192621975497,174.85838622538486,282.56270702115216,65.31880462777106,260.2449996250123,True
./data/train/PICAI/10731/,10,0,0.5625,0.5625,4.000404357910121,9.025473003680773,29.12016401191444,286.08932252325235,85.87069959878144,257.9745269963192,225.8798359880856,-19.262970700919222,168.14449264820638,121.14161377461517,-10.562707021152193,230.5075471945621,10.770192621975497,174.85838622538486,282.56270702115216,65.31880462777106,260.2449996250123,True
