path,curFrame,Deleted,pixelSpacingX,pixelSpacingY,pixelSpacingZ,tra_UL_x,tra_UL_y,tra_LL_x,tra_LL_y,tra_LR_x,tra_LR_y,tra_UR_x,tra_UR_y,cor_UL_x,cor_UL_y,cor_LL_x,cor_LL_y,cor_LR_x,cor_LR_y,cor_UR_x,cor_UR_y,Dirty
./data/train/PICAI/10888/,12,0,0.392857134342,0.392857134342,3.2999999999999834,134.2576537689578,75.71523743063517,499.04297515354097,316.747744164367,357.74234623104223,531.2847625693647,-6.055286812945724,290.4086903006732,299.0917922372962,75.99788906508388,466.8546979678673,186.60352843684265,222.90820776270385,557.0021109349161,55.14530203213266,446.3964715631573,True
./data/train/PICAI/10888/,13,0,0.392857134342,0.392857134342,3.2999999999999834,122.48945940427018,81.87555107400584,499.3895219093978,303.48634251618944,369.5105405957299,525.1244489259941,-6.395000014029449,303.6181859470782,286.4526808056736,74.33391847782539,459.7743252068524,176.00794457137272,235.5473191943264,558.6660815221746,62.22567479314756,456.9920554286273,True
./data/train/PICAI/10888/,14,0,0.392857134342,0.392857134342,3.2999999999999834,122.48945940427018,81.87555107400584,499.3895219093978,303.48634251618944,369.5105405957299,525.1244489259941,-6.395000014029449,303.6181859470782,286.4526808056736,74.33391847782539,459.7743252068524,176.00794457137272,235.5473191943264,558.6660815221746,62.22567479314756,456.9920554286273,True
