path,curFrame,Deleted,pixelSpacingX,pixelSpacingY,pixelSpacingZ,tra_UL_x,tra_UL_y,tra_LL_x,tra_LL_y,tra_LR_x,tra_LR_y,tra_UR_x,tra_UR_y,cor_UL_x,cor_UL_y,cor_LL_x,cor_LL_y,cor_LR_x,cor_LR_y,cor_UR_x,cor_UR_y,Dirty
./data/train/PICAI/10793/,8,0,0.5625,0.5625,3.6000000635783334,7,58,296,113,270,250,-18,195,107.24112250430883,12.41286064183584,238,37,186,308,55.2411225043088,283.4128606418358,True
./data/train/PICAI/10793/,9,0,0.5625,0.5625,3.6000000635783334,7,58,296,113,270,250,-18,195,101.3444607204412,11.304086631194057,238,37,186,308,49.344460720441134,282.304086631194,True
./data/train/PICAI/10793/,10,0,0.5625,0.5625,3.6000000635783334,7,58,296,113,270,250,-18,195,109.20667643226471,12.782451978716434,238,37,186,308,57.206676432264686,283.7824519787164,True
