path,curFrame,Deleted,pixelSpacingX,pixelSpacingY,pixelSpacingZ,tra_UL_x,tra_UL_y,tra_LL_x,tra_LL_y,tra_LR_x,tra_LR_y,tra_UR_x,tra_UR_y,cor_UL_x,cor_UL_y,cor_LL_x,cor_LL_y,cor_LR_x,cor_LR_y,cor_UR_x,cor_UR_y,Dirty
./data/train/PICAI/11149/,10,0,0.5625,0.5625,3.6000000635782783,39.14948584319737,31.69032293850435,280.09211016934853,162.5171236439684,216.85051415680263,279.30967706149573,-22.12249466332426,148.83017271136544,156.0248592241191,24.96455019907956,247.7904369093189,74.65437563750855,119.97514077588092,310.0354498009204,27.22475533766881,260.1719761848244,True
./data/train/PICAI/11149/,9,0,0.5625,0.5625,3.6000000635782783,39.14948584319737,31.69032293850435,280.09211016934853,162.5171236439684,216.85051415680263,279.30967706149573,-22.12249466332426,148.83017271136544,156.0248592241191,24.96455019907956,247.7904369093189,74.65437563750855,119.97514077588092,310.0354498009204,27.22475533766881,260.1719761848244,True
./data/train/PICAI/11149/,11,0,0.5625,0.5625,3.6000000635782783,39.14948584319737,31.69032293850435,280.09211016934853,162.5171236439684,216.85051415680263,279.30967706149573,-22.12249466332426,148.83017271136544,156.0248592241191,24.96455019907956,247.7904369093189,74.65437563750855,119.97514077588092,310.0354498009204,27.22475533766881,260.1719761848244,True
