path,curFrame,Deleted,pixelSpacingX,pixelSpacingY,pixelSpacingZ,tra_UL_x,tra_UL_y,tra_LL_x,tra_LL_y,tra_LR_x,tra_LR_y,tra_UR_x,tra_UR_y,cor_UL_x,cor_UL_y,cor_LL_x,cor_LL_y,cor_LR_x,cor_LR_y,cor_UR_x,cor_UR_y,Dirty
./data/train/PICAI/11040/,9,0,0.5625,0.5625,3.5999999576145,-30.309684444010003,90.95053140897184,238.41163708266333,106.24273062812446,231.30968444401,234.04946859102816,-37.41163708266333,218.7572693718756,77.48765322673849,30.60202848595821,176.0860078371308,35.73666266215187,161.51234677326153,300.3979715140417,61.9164281126094,295.33309381159233,True
./data/train/PICAI/11040/,8,0,0.5625,0.5625,3.5999999576145,-30.309684444010003,90.95053140897184,238.41163708266333,106.24273062812446,231.30968444401,234.04946859102816,-37.41163708266333,218.7572693718756,77.48765322673849,30.60202848595821,176.0860078371308,35.73666266215187,161.51234677326153,300.3979715140417,61.9164281126094,295.33309381159233,True
./data/train/PICAI/11040/,10,0,0.5625,0.5625,3.5999999576145,-30.309684444010003,90.95053140897184,238.41163708266333,106.24273062812446,231.30968444401,234.04946859102816,-37.41163708266333,218.7572693718756,77.48765322673849,30.60202848595821,176.0860078371308,35.73666266215187,161.51234677326153,300.3979715140417,61.9164281126094,295.33309381159233,True
