path,curFrame,Deleted,pixelSpacingX,pixelSpacingY,pixelSpacingZ,tra_UL_x,tra_UL_y,tra_LL_x,tra_LL_y,tra_LR_x,tra_LR_y,tra_UR_x,tra_UR_y,cor_UL_x,cor_UL_y,cor_LL_x,cor_LL_y,cor_LR_x,cor_LR_y,cor_UR_x,cor_UR_y,Dirty
./data/train/PICAI/10613/,17,0,0.392857134342,0.392857134342,3.299999992259823,73,74,457,260,365,447,-17,261,259,28,410,101,211,510,60,437,True
./data/train/PICAI/10613/,16,0,0.392857134342,0.392857134342,3.299999992259823,73,74,457,260,365,447,-17,261,259,28,410,101,211,510,60,437,True
./data/train/PICAI/10613/,18,0,0.392857134342,0.392857134342,3.299999992259823,73,74,457,260,365,447,-17,261,259,28,410,101,211,510,60,437,True
