path,curFrame,Deleted,pixelSpacingX,pixelSpacingY,pixelSpacingZ,tra_UL_x,tra_UL_y,tra_LL_x,tra_LL_y,tra_LR_x,tra_LR_y,tra_UR_x,tra_UR_y,cor_UL_x,cor_UL_y,cor_LL_x,cor_LL_y,cor_LR_x,cor_LR_y,cor_UR_x,cor_UR_y,Dirty
./data/train/PICAI/10887/,9,0,0.5625,0.5625,3.6000000635783334,45.168363225536936,25.84853095544108,294.8898853669167,148.66612488803898,228.8316367744631,283.151469044559,-19.92395954062752,160.59269415706353,132.88157857373972,18.66508963926989,260.8642609913388,81.94567908971679,142.11842142626023,320.3349103607302,15.101664834950242,257.31313995538574,True
./data/train/PICAI/10887/,8,0,0.5625,0.5625,3.6000000635783334,45.168363225536936,25.84853095544108,294.8898853669167,148.66612488803898,228.8316367744631,283.151469044559,-19.92395954062752,160.59269415706353,132.88157857373972,18.66508963926989,260.8642609913388,81.94567908971679,142.11842142626023,320.3349103607302,15.101664834950242,257.31313995538574,True
./data/train/PICAI/10887/,10,0,0.5625,0.5625,3.6000000635783334,45.168363225536936,25.84853095544108,294.8898853669167,148.66612488803898,228.8316367744631,283.151469044559,-19.92395954062752,160.59269415706353,132.88157857373972,18.66508963926989,260.8642609913388,81.94567908971679,142.11842142626023,320.3349103607302,15.101664834950242,257.31313995538574,True
