path,curFrame,Deleted,pixelSpacingX,pixelSpacingY,pixelSpacingZ,tra_UL_x,tra_UL_y,tra_LL_x,tra_LL_y,tra_LR_x,tra_LR_y,tra_UR_x,tra_UR_y,cor_UL_x,cor_UL_y,cor_LL_x,cor_LL_y,cor_LR_x,cor_LR_y,cor_UR_x,cor_UR_y,Dirty,cor_mid_x,cor_mid_y,tra_mid_x,tra_mid_y,Alpha,h_par_cor,h_orth_cor,h_par_tra,h_orth_tra,cor_U_mid_x,cor_U_mid_y,tra_U_mid_x,tra_U_mid_y,tra_L_mid_x,tra_L_mid_y
./data/train/PICAI/10670/,14,0,0.392857134342,0.392857134342,3.3,172.99516704796562,241.83282201526592,541.909050442832,415.5640703228713,466.1724044150503,575.4299393893866,97.25852102018348,401.6986910817815,329.4671437450684,178.5828887700091,468.6001715112965,243.7519042958098,295.5328562549315,611.4171112299908,156.39982848870355,546.2480957041903,True,370.0,447.0,370.0,447.0,-2.4051064963415394,80.0,60.0,30.0,160.0,256.0,344.0,143.0,241.0,445.0,515.0
./data/train/PICAI/10670/,-1,0,-1.0,-1.0,-1.0,-1.0,-1.0,-1.0,-1.0,-1.0,-1.0,-1.0,-1.0,-1.0,-1.0,-1.0,-1.0,-1.0,-1.0,-1.0,-1.0,False,,,,,,80.0,60.0,30.0,160.0,,,,,,
./data/train/PICAI/10670/,15,0,0.392857134342,0.392857134342,3.3,164.46649958641436,249.7332691760692,541.9671903349918,403.9189639870563,474.7010718766016,567.5294922285834,97.2003811280238,413.3437974175965,318.1174944006945,177.9914892068557,460.47052793283217,235.789532808678,306.88250559930543,612.0085107931443,164.52947206716792,554.2104671913221,True,370.0,447.0,370.0,447.0,-2.4051064963415394,80.0,60.0,30.0,160.0,256.0,344.0,143.0,241.0,445.0,515.0
