path,curFrame,Deleted,pixelSpacingX,pixelSpacingY,pixelSpacingZ,tra_UL_x,tra_UL_y,tra_LL_x,tra_LL_y,tra_LR_x,tra_LR_y,tra_UR_x,tra_UR_y,cor_UL_x,cor_UL_y,cor_LL_x,cor_LL_y,cor_LR_x,cor_LR_y,cor_UR_x,cor_UR_y,Dirty
./data/train/PICAI/11132/,9,0,0.5625,0.5625,3.000000018643751,59.05638409445814,23.6590912437282,281.1229028551826,159.48052270980003,202.9436159055419,288.3409087562718,-18.12533880492268,152.5892337639441,151.13982313080953,17.633456582172073,258.8211212827506,83.3048965565839,122.86017686919048,307.36654341782787,14.181314666989593,241.625346969672,True
./data/train/PICAI/11132/,10,0,0.5625,0.5625,3.000000018643751,59.05638409445814,23.6590912437282,281.1229028551826,159.48052270980003,202.9436159055419,288.3409087562718,-18.12533880492268,152.5892337639441,151.13982313080953,17.633456582172073,258.8211212827506,83.3048965565839,122.86017686919048,307.36654341782787,14.181314666989593,241.625346969672,True
./data/train/PICAI/11132/,11,0,0.5625,0.5625,3.000000018643751,59.05638409445814,23.6590912437282,281.1229028551826,159.48052270980003,202.9436159055419,288.3409087562718,-18.12533880492268,152.5892337639441,151.13982313080953,17.633456582172073,258.8211212827506,83.3048965565839,122.86017686919048,307.36654341782787,14.181314666989593,241.625346969672,True
