path,curFrame,Deleted,pixelSpacingX,pixelSpacingY,pixelSpacingZ,tra_UL_x,tra_UL_y,tra_LL_x,tra_LL_y,tra_LR_x,tra_LR_y,tra_UR_x,tra_UR_y,cor_UL_x,cor_UL_y,cor_LL_x,cor_LL_y,cor_LR_x,cor_LR_y,cor_UR_x,cor_UR_y,Dirty
./data/train/PICAI/10923/,8,0,0.5625,0.5625,3.599999954415584,62.45667637380676,13.07328177274306,277.7666772900268,168.67085085869434,193.54332362619323,284.92671822725697,-20.6225544843914,128.49789526575077,162.3621641174391,17.861764379879276,257.6219787677561,87.62255360124104,103.6378358825609,299.1382356201208,8.378021232243896,229.377446398759,True
./data/train/PICAI/10923/,9,0,0.5625,0.5625,3.599999954415584,62.45667637380676,13.07328177274306,277.7666772900268,168.67085085869434,193.54332362619323,284.92671822725697,-20.6225544843914,128.49789526575077,162.3621641174391,17.861764379879276,257.6219787677561,87.62255360124104,103.6378358825609,299.1382356201208,8.378021232243896,229.377446398759,True
./data/train/PICAI/10923/,10,0,0.5625,0.5625,3.599999954415584,62.45667637380676,13.07328177274306,277.7666772900268,168.67085085869434,193.54332362619323,284.92671822725697,-20.6225544843914,128.49789526575077,162.3621641174391,17.861764379879276,257.6219787677561,87.62255360124104,103.6378358825609,299.1382356201208,8.378021232243896,229.377446398759,True
