path,curFrame,Deleted,pixelSpacingX,pixelSpacingY,pixelSpacingZ,tra_UL_x,tra_UL_y,tra_LL_x,tra_LL_y,tra_LR_x,tra_LR_y,tra_UR_x,tra_UR_y,cor_UL_x,cor_UL_y,cor_LL_x,cor_LL_y,cor_LR_x,cor_LR_y,cor_UR_x,cor_UR_y,Dirty
./data/train/PICAI/10300/,10,0,0.5625,0.5625,3.5999994823544466,20.84712337839629,72.90510111873716,265.7163484022545,105.13959562718522,247.15287662160367,246.09489888126285,4.264187735228745,213.5820581708947,114.9464154671501,24.220380344953128,216.74062799848733,37.17948120592905,181.05358453284992,307.7796196550469,79.25937200151267,294.8205187940709,True
./data/train/PICAI/10300/,9,0,0.5625,0.5625,3.5999994823544466,20.84712337839629,72.90510111873716,265.7163484022545,105.13959562718522,247.15287662160367,246.09489888126285,4.264187735228745,213.5820581708947,114.9464154671501,24.220380344953128,216.74062799848733,37.17948120592905,181.05358453284992,307.7796196550469,79.25937200151267,294.8205187940709,True
./data/train/PICAI/10300/,11,0,0.5625,0.5625,3.5999994823544466,20.84712337839629,72.90510111873716,265.7163484022545,105.13959562718522,247.15287662160367,246.09489888126285,4.264187735228745,213.5820581708947,114.9464154671501,24.220380344953128,216.74062799848733,37.17948120592905,181.05358453284992,307.7796196550469,79.25937200151267,294.8205187940709,True
