path,curFrame,Deleted,pixelSpacingX,pixelSpacingY,pixelSpacingZ,tra_UL_x,tra_UL_y,tra_LL_x,tra_LL_y,tra_LR_x,tra_LR_y,tra_UR_x,tra_UR_y,cor_UL_x,cor_UL_y,cor_LL_x,cor_LL_y,cor_LR_x,cor_LR_y,cor_UR_x,cor_UR_y,Dirty,h_par_cor,h_orth_cor,h_par_tra,h_orth_tra
./data/train/PICAI/10528/,-1,0,-1.0,-1.0,-1.0,-1.0,-1.0,-1.0,-1.0,-1.0,-1.0,-1.0,-1.0,-1.0,-1.0,-1.0,-1.0,-1.0,-1.0,-1.0,-1.0,False,80.0,60.0,30.0,160.0
./data/train/PICAI/10528/,14,0,0.392857134342,0.392857134342,3.2999998358663354,428.2796764333784,431.52813511857806,33.61110638703366,542.6169276116713,-24.27967643337854,333.47186488142194,370.3888936129664,222.38307238832888,85.47474614780424,191.57118074523711,241.47477824562904,147.87919079882155,361.52525385219576,577.4288192547627,205.525221754371,621.1208092011784,True,,,,
./data/train/PICAI/10528/,15,0,0.392857134342,0.392857134342,3.2999998358663354,421.9152570690193,454.9122207107831,17.796781978680002,524.1383580482003,-17.915257069019447,310.08777928921694,386.20321802132,240.8616419518,112.3974159269704,178.20049732629232,272.10992009261525,151.05430029726182,346.6025840730296,590.7995026737076,186.8900799073848,617.945699702738,True,,,,
./data/train/PICAI/10528/,16,0,0.392857134342,0.392857134342,3.2999998358663354,420.6179954033133,458.7392424269606,15.35290682922627,520.9019964122651,-16.6179954033135,306.2607575730394,388.6470931707737,244.09800358773515,122.01567398619484,176.1881958476849,282.1776196276476,151.83350085176266,348.9843260138051,592.8118041523151,188.82238037235248,617.1664991482371,True,,,,
