path,curFrame,Deleted,pixelSpacingX,pixelSpacingY,pixelSpacingZ,tra_UL_x,tra_UL_y,tra_LL_x,tra_LL_y,tra_LR_x,tra_LR_y,tra_UR_x,tra_UR_y,cor_UL_x,cor_UL_y,cor_LL_x,cor_LL_y,cor_LR_x,cor_LR_y,cor_UR_x,cor_UR_y,Dirty
./data/train/PICAI/10340/,9,0,0.5625,0.5625,3.5999999576145,29.99305352697837,13.603969115603675,291.0370642833112,84.03850928055135,250.00694647302163,237.3960308843964,-9.986098792313754,167.90778429796026,128.8458693154415,-15.393687749891512,235.42905702068884,12.06581149150037,160.1541306845585,295.3936877498915,53.51860702306817,266.93555897374506,True
./data/train/PICAI/10340/,8,0,0.5625,0.5625,3.5999999576145,29.99305352697837,13.603969115603675,291.0370642833112,84.03850928055135,250.00694647302163,237.3960308843964,-9.986098792313754,167.90778429796026,128.8458693154415,-15.393687749891512,235.42905702068884,12.06581149150037,160.1541306845585,295.3936877498915,53.51860702306817,266.93555897374506,True
./data/train/PICAI/10340/,10,0,0.5625,0.5625,3.5999999576145,29.99305352697837,13.603969115603675,291.0370642833112,84.03850928055135,250.00694647302163,237.3960308843964,-9.986098792313754,167.90778429796026,128.8458693154415,-15.393687749891512,235.42905702068884,12.06581149150037,160.1541306845585,295.3936877498915,53.51860702306817,266.93555897374506,True
