path,curFrame,Deleted,pixelSpacingX,pixelSpacingY,pixelSpacingZ,tra_UL_x,tra_UL_y,tra_LL_x,tra_LL_y,tra_LR_x,tra_LR_y,tra_UR_x,tra_UR_y,cor_UL_x,cor_UL_y,cor_LL_x,cor_LL_y,cor_LR_x,cor_LR_y,cor_UR_x,cor_UR_y,Dirty
./data/train/PICAI/10564/,9,0,0.5625,0.5625,3.6000000635782774,100.8121044427293,-19.69472400268685,279.8258689286748,193.9195829258769,180.18789555727065,277.6947240026868,2.101314925892069,64.45502366753908,206.27460181817145,18.215041299047726,275.2521317378047,101.08904425646568,76.72539818182854,266.7849587009522,8.300445523346184,185.2127461915169,True
./data/train/PICAI/10564/,8,0,0.5625,0.5625,3.6000000635782774,106.0256522663828,-20.98923077455157,277.47533460353304,198.7424383732763,174.97434773361715,278.9892307745515,4.438210854109599,59.66429826979963,210.57262538724933,20.55135334038023,276.61587506643053,105.78215277235404,72.42737461275064,264.44864665961967,6.890933748136263,180.53812932836428,True
./data/train/PICAI/10564/,10,0,0.5625,0.5625,3.6000000635782774,100.8121044427293,-19.69472400268685,279.8258689286748,193.9195829258769,180.18789555727065,277.6947240026868,2.101314925892069,64.45502366753908,206.27460181817145,18.215041299047726,275.2521317378047,101.08904425646568,76.72539818182854,266.7849587009522,8.300445523346184,185.2127461915169,True
