path,curFrame,Deleted,pixelSpacingX,pixelSpacingY,pixelSpacingZ,tra_UL_x,tra_UL_y,tra_LL_x,tra_LL_y,tra_LR_x,tra_LR_y,tra_UR_x,tra_UR_y,cor_UL_x,cor_UL_y,cor_LL_x,cor_LL_y,cor_LR_x,cor_LR_y,cor_UR_x,cor_UR_y,Dirty
./data/train/PICAI/10597/,8,0,0.5625,0.5625,3.5999999576145,-2.617421008069158,91.7565564652639,264.30712816584594,91.22265731542214,264.6174210080692,233.2434435347361,-2.4289975092510474,232.78479653293653,88.6480808628271,36.648485350355145,197.4273667043568,36.389696233936405,197.3519191371729,298.3515146496448,87.58008714400184,298.7321731094687,True
./data/train/PICAI/10597/,9,0,0.5625,0.5625,3.5999999576145,-2.617421008069158,91.7565564652639,264.30712816584594,91.22265731542214,264.6174210080692,233.2434435347361,-2.4289975092510474,232.78479653293653,88.6480808628271,36.648485350355145,197.4273667043568,36.389696233936405,197.3519191371729,298.3515146496448,87.58008714400184,298.7321731094687,True
./data/train/PICAI/10597/,10,0,0.5625,0.5625,3.5999999576145,-2.617421008069158,91.7565564652639,264.30712816584594,91.22265731542214,264.6174210080692,233.2434435347361,-2.4289975092510474,232.78479653293653,88.6480808628271,36.648485350355145,197.4273667043568,36.389696233936405,197.3519191371729,298.3515146496448,87.58008714400184,298.7321731094687,True
