path,curFrame,Deleted,pixelSpacingX,pixelSpacingY,pixelSpacingZ,tra_UL_x,tra_UL_y,tra_LL_x,tra_LL_y,tra_LR_x,tra_LR_y,tra_UR_x,tra_UR_y,cor_UL_x,cor_UL_y,cor_LL_x,cor_LL_y,cor_LR_x,cor_LR_y,cor_UR_x,cor_UR_y,Dirty,h_par_cor,h_orth_cor,h_par_tra,h_orth_tra
./data/train/PICAI/10732/,9,0,0.5625,0.5625,3.6000000635782783,66.17249498724934,25.567222613025564,307.40533435574514,160.5069025082054,231.82750501275063,295.4327773869745,-8.420526602732934,160.66674566946153,146.77068218398892,18.432969379346616,279.5776441331273,92.59242887813032,153.32518159869164,319.11023326443245,20.71084361055918,243.9322395873344,True,,,,
./data/train/PICAI/10732/,8,0,0.5625,0.5625,3.6000000635782783,63.83020834477783,27.03331281025183,307.3813289214479,157.7423471799097,234.16979165522213,293.96668718974826,-8.393640580852804,163.4140872851305,144.14741041710664,18.51306257506215,278.22840625101725,90.34342615132758,155.94845336557393,319.03014006871695,22.04227628265676,246.17803569016883,True,,,,
./data/train/PICAI/10732/,-1,0,-1.0,-1.0,-1.0,-1.0,-1.0,-1.0,-1.0,-1.0,-1.0,-1.0,-1.0,-1.0,-1.0,-1.0,-1.0,-1.0,-1.0,-1.0,-1.0,False,80.0,60.0,30.0,160.0
./data/train/PICAI/10732/,10,0,0.5625,0.5625,3.6000000635782783,80.73054859079087,17.648566670524247,306.5368518513453,177.06473086914812,217.26945140920915,303.3514333294758,-7.575590155406985,144.2109064866689,162.50330146750545,18.91397425966479,286.8309586450971,106.54928812367098,137.59256231517512,318.6292283841143,13.562939696821283,230.0010946652261,True,,,,
