path,curFrame,Deleted,pixelSpacingX,pixelSpacingY,pixelSpacingZ,tra_UL_x,tra_UL_y,tra_LL_x,tra_LL_y,tra_LR_x,tra_LR_y,tra_UR_x,tra_UR_y,cor_UL_x,cor_UL_y,cor_LL_x,cor_LL_y,cor_LR_x,cor_LR_y,cor_UR_x,cor_UR_y,Dirty,h_par_cor,h_orth_cor,h_par_tra,h_orth_tra
./data/train/PICAI/11243/,10,0,0.5625,0.5625,3.600000169542111,54.49863134387599,30.45967588881699,300.3335755058169,140.36499982217063,247.501368656124,259.54032411118294,1.666424494183076,149.63500017782937,176.01178844325247,14.00788658111233,264.6735223543024,53.959068539674846,152.98821155674753,301.9921134188877,64.32647764569754,262.04093146032506,True,,,,
./data/train/PICAI/11243/,9,0,0.5625,0.5625,3.600000169542111,60.625460506490725,25.5661580148401,300.37149619710385,148.18686740210168,241.3745394935092,264.43384198515986,1.6285038028960912,141.81313259789832,183.5319768844982,14.80770322441245,269.9813196597866,59.34433010297931,145.4680231155018,301.1922967755875,59.01868034021335,256.65566989702063,True,,,,
./data/train/PICAI/11243/,-1,0,-1.0,-1.0,-1.0,-1.0,-1.0,-1.0,-1.0,-1.0,-1.0,-1.0,-1.0,-1.0,-1.0,-1.0,-1.0,-1.0,-1.0,-1.0,-1.0,False,80.0,60.0,30.0,160.0
./data/train/PICAI/11243/,11,0,0.5625,0.5625,3.600000169542111,54.49863134387599,30.45967588881699,300.3335755058169,140.36499982217063,247.501368656124,259.54032411118294,1.666424494183076,149.63500017782937,176.01178844325247,14.00788658111233,264.6735223543024,53.959068539674846,152.98821155674753,301.9921134188877,64.32647764569754,262.04093146032506,True,,,,
