path,curFrame,Deleted,pixelSpacingX,pixelSpacingY,pixelSpacingZ,tra_UL_x,tra_UL_y,tra_LL_x,tra_LL_y,tra_LR_x,tra_LR_y,tra_UR_x,tra_UR_y,cor_UL_x,cor_UL_y,cor_LL_x,cor_LL_y,cor_LR_x,cor_LR_y,cor_UR_x,cor_UR_y,Dirty
./data/train/PICAI/11290/,8,0,0.5625,0.5625,3.599999984105416,32.591113635798095,35.29165580914267,267.3566260400773,152.08700753838033,205.4088863642017,276.7083441908573,-30.30214461567671,159.5874243071625,141.51429238619966,20.06578475729455,242.52885053646585,70.71219669048598,123.48570761380032,308.9342152427055,22.471149463534147,258.28780330951423,True
./data/train/PICAI/11290/,9,0,0.5625,0.5625,3.599999984105416,26.392147391725302,39.979374095447554,266.9485182379104,144.32798426977033,211.60785260827456,272.02062590455245,-29.90977993384876,167.39637837441268,133.9428358428461,21.791955217649843,237.46958545068287,67.08226450822868,131.0571641571539,311.20804478235016,27.5304145493171,265.9177354917715,True
./data/train/PICAI/11290/,10,0,0.5625,0.5625,3.599999984105416,22.39950014217581,43.2820181727044,266.4510445235464,139.17176572200202,215.60049985782405,268.7179818272956,-29.421340249822336,172.58631238239832,124.89171897452778,19.82975320391111,229.9360118834444,61.47944140521396,132.10828102547222,309.1702467960889,27.063988116555592,267.52055859478617,True
