path,curFrame,Deleted,pixelSpacingX,pixelSpacingY,pixelSpacingZ,tra_UL_x,tra_UL_y,tra_LL_x,tra_LL_y,tra_LR_x,tra_LR_y,tra_UR_x,tra_UR_y,cor_UL_x,cor_UL_y,cor_LL_x,cor_LL_y,cor_LR_x,cor_LR_y,cor_UR_x,cor_UR_y,Dirty,h_par_cor,h_orth_cor,h_par_tra,h_orth_tra
./data/train/PICAI/10267/,16,0,0.392857134342,0.392857134342,3.29999999999999,16.812766092454183,186.54901749695927,442.8824183140091,143.9150937295707,463.1872339075457,345.4509825030408,37.11758168599098,388.08490627042937,172.12331376305866,58.637442953719614,321.7546066692264,43.42310158681428,366.8766862369413,489.3625570462803,217.2453933307737,504.5768984131857,True,,,,
./data/train/PICAI/10267/,15,0,0.392857134342,0.392857134342,3.29999999999999,16.812766092454183,186.54901749695927,442.8824183140091,143.9150937295707,463.1872339075457,345.4509825030408,37.11758168599098,388.08490627042937,164.12331376305866,58.637442953719614,313.7546066692264,43.42310158681428,358.8766862369413,489.3625570462803,209.2453933307737,504.5768984131857,True,,,,
./data/train/PICAI/10267/,-1,0,-1.0,-1.0,-1.0,-1.0,-1.0,-1.0,-1.0,-1.0,-1.0,-1.0,-1.0,-1.0,-1.0,-1.0,-1.0,-1.0,-1.0,-1.0,-1.0,False,80.0,60.0,30.0,160.0
./data/train/PICAI/10267/,17,0,0.392857134342,0.392857134342,3.29999999999999,16.812766092454183,186.54901749695927,442.8824183140091,143.9150937295707,463.1872339075457,345.4509825030408,37.11758168599098,388.08490627042937,172.12331376305866,58.637442953719614,321.7546066692264,43.42310158681428,366.8766862369413,489.3625570462803,217.2453933307737,504.5768984131857,True,,,,
