path,curFrame,Deleted,pixelSpacingX,pixelSpacingY,pixelSpacingZ,tra_UL_x,tra_UL_y,tra_LL_x,tra_LL_y,tra_LR_x,tra_LR_y,tra_UR_x,tra_UR_y,cor_UL_x,cor_UL_y,cor_LL_x,cor_LL_y,cor_LR_x,cor_LR_y,cor_UR_x,cor_UR_y,Dirty,h_par_cor,h_orth_cor,h_par_tra,h_orth_tra,cor_mid_x,cor_mid_y,tra_mid_x,tra_mid_y,Alpha,cor_U_mid_x,cor_U_mid_y,tra_U_mid_x,tra_U_mid_y,tra_L_mid_x,tra_L_mid_y
./data/train/PICAI/11074/,7,0,0.5625,0.5625,-1.0,105.31078553261855,-16.25022003555706,275.1841907679544,209.5789622453048,179,282,9,54,233,14,297,100,70,271,6,185,True,80.0,60.0,30.0,160.0,184.0,186.0,184.0,186.0,-2.214297435588181,120.0,100.0,56.0,15.0,226.0,242.0
./data/train/PICAI/11074/,8,0,0.5625,0.5625,-1.0,105.31078553261855,-16.25022003555706,275.1841907679544,209.5789622453048,179,282,9,54,233,14,297,100,70,271,6,185,True,80.0,60.0,30.0,160.0,184.0,186.0,184.0,186.0,-2.214297435588181,120.0,100.0,56.0,15.0,226.0,242.0
./data/train/PICAI/11074/,-1,0,-1.0,-1.0,-1.0,-1.0,-1.0,-1.0,-1.0,-1,-1,-1,-1,-1,-1,-1,-1,-1,-1,-1,-1,False,80.0,60.0,30.0,160.0,,,,,,,,,,,
./data/train/PICAI/11074/,9,0,0.5625,0.5625,-1.0,105.31078553261855,-16.25022003555706,275.1841907679544,209.5789622453048,179,282,9,54,233,14,297,100,70,271,6,185,True,80.0,60.0,30.0,160.0,184.0,186.0,184.0,186.0,-2.214297435588181,120.0,100.0,56.0,15.0,226.0,242.0
