path,curFrame,Deleted,pixelSpacingX,pixelSpacingY,pixelSpacingZ,tra_UL_x,tra_UL_y,tra_LL_x,tra_LL_y,tra_LR_x,tra_LR_y,tra_UR_x,tra_UR_y,cor_UL_x,cor_UL_y,cor_LL_x,cor_LL_y,cor_LR_x,cor_LR_y,cor_UR_x,cor_UR_y,Dirty
./data/train/PICAI/11446/,15,0,0.392857134342,0.392857134342,3.29999999999999,23.10121653801619,226.4741960192422,487.6658285316041,278.29814109530935,464.898783461984,477.52580398075776,1.5334925875249894,426.451277915132,193.5713237477173,172.27762576200152,361.0934230918263,191.07513174930017,320.42867625228274,561.7223742379985,153.13152796251762,543.899238315485,True
./data/train/PICAI/11446/,16,0,0.392857134342,0.392857134342,3.29999999999999,23.10121653801619,226.4741960192422,487.6658285316041,278.29814109530935,464.898783461984,477.52580398075776,1.5334925875249894,426.451277915132,193.5713237477173,172.27762576200152,361.0934230918263,191.07513174930017,320.42867625228274,561.7223742379985,153.13152796251762,543.899238315485,True
./data/train/PICAI/11446/,17,0,0.392857134342,0.392857134342,3.29999999999999,23.10121653801619,226.4741960192422,487.6658285316041,278.29814109530935,464.898783461984,477.52580398075776,1.5334925875249894,426.451277915132,193.5713237477173,172.27762576200152,361.0934230918263,191.07513174930017,320.42867625228274,561.7223742379985,153.13152796251762,543.899238315485,True
./data/train/PICAI/11446/,18,0,0.392857134342,0.392857134342,3.29999999999999,57.0,180.0,498.0,335.0,431.0,524.0,-9.0,370.0,255.0,163.0,414.0,219.0,291.0,571.0,132.0,516.0,True
