path,curFrame,Deleted,pixelSpacingX,pixelSpacingY,pixelSpacingZ,tra_UL_x,tra_UL_y,tra_LL_x,tra_LL_y,tra_LR_x,tra_LR_y,tra_UR_x,tra_UR_y,cor_UL_x,cor_UL_y,cor_LL_x,cor_LL_y,cor_LR_x,cor_LR_y,cor_UR_x,cor_UR_y,Dirty
./data/train/PICAI/10295/,9,0,0.5625,0.5625,3.6000000635782783,23.22910693180904,50.618698612443794,292.47623879866563,128.38104156500404,251.77089306819096,272.3813013875563,-17.476238798665605,194.618958434996,125.5471709554678,23.62253813987971,241.0935632470976,56.81939384021348,167.45282904453222,313.3774618601202,51.90643675290234,280.18060615978646,True
./data/train/PICAI/10295/,8,0,0.5625,0.5625,3.6000000635782783,23.22910693180904,50.618698612443794,292.47623879866563,128.38104156500404,251.77089306819096,272.3813013875563,-17.476238798665605,194.618958434996,125.5471709554678,23.62253813987971,241.0935632470976,56.81939384021348,167.45282904453222,313.3774618601202,51.90643675290234,280.18060615978646,True
./data/train/PICAI/10295/,10,0,0.5625,0.5625,3.6000000635782783,23.22910693180904,50.618698612443794,292.47623879866563,128.38104156500404,251.77089306819096,272.3813013875563,-17.476238798665605,194.618958434996,125.5471709554678,23.62253813987971,241.0935632470976,56.81939384021348,167.45282904453222,313.3774618601202,51.90643675290234,280.18060615978646,True
