path,curFrame,Deleted,pixelSpacingX,pixelSpacingY,pixelSpacingZ,tra_UL_x,tra_UL_y,tra_LL_x,tra_LL_y,tra_LR_x,tra_LR_y,tra_UR_x,tra_UR_y,cor_UL_x,cor_UL_y,cor_LL_x,cor_LL_y,cor_LR_x,cor_LR_y,cor_UR_x,cor_UR_y,Dirty
./data/train/PICAI/10653/,10,0,0.5625,0.5625,3.6000001008218034,39.97150827243715,64.72461588101207,270.94948820378875,188.71724786707884,206.02849172756288,309.27538411898786,-23.96468045077654,185.45640031058807,144.64759931937076,59.70670294484833,240.9899194142979,112.23438477763638,124.35240068062922,330.2932970551517,27.836432408035137,278.75042297537584,True
./data/train/PICAI/10653/,11,0,0.5625,0.5625,3.6000001008218034,39.97150827243715,64.72461588101207,270.94948820378875,188.71724786707884,206.02849172756288,309.27538411898786,-23.96468045077654,185.45640031058807,144.64759931937076,59.70670294484833,240.9899194142979,112.23438477763638,124.35240068062922,330.2932970551517,27.836432408035137,278.75042297537584,True
./data/train/PICAI/10653/,12,0,0.5625,0.5625,3.6000001008218034,39.97150827243715,64.72461588101207,270.94948820378875,188.71724786707884,206.02849172756288,309.27538411898786,-23.96468045077654,185.45640031058807,144.64759931937076,59.70670294484833,240.9899194142979,112.23438477763638,124.35240068062922,330.2932970551517,27.836432408035137,278.75042297537584,True
