path,curFrame,Deleted,pixelSpacingX,pixelSpacingY,pixelSpacingZ,tra_UL_x,tra_UL_y,tra_LL_x,tra_LL_y,tra_LR_x,tra_LR_y,tra_UR_x,tra_UR_y,cor_UL_x,cor_UL_y,cor_LL_x,cor_LL_y,cor_LR_x,cor_LR_y,cor_UR_x,cor_UR_y,Dirty
./data/train/PICAI/11060/,10,0,0.5625,0.5625,3.5999999479814093,65.43775795819364,12.89517755632653,314.6384781251621,133.161553024553,229.56224204180637,309.1048224436734,-18.645931973520675,188.9603163188522,133.8296720422717,11.787727970402898,274.63303531493005,79.45169837643091,150.1703279577283,338.2122720295972,9.366964685069917,270.54830162356905,True
./data/train/PICAI/11060/,11,0,0.5625,0.5625,3.5999999479814093,60.31896429630048,15.849329958038709,313.56511409179643,127.34546268809063,234.6810357036996,306.15067004196123,-17.56891939370456,194.74169305465705,128.13862303580407,12.172292810294437,271.2176512159995,74.88107764153519,155.86137696419593,337.8277071897057,12.78234878400042,275.1189223584648,True
./data/train/PICAI/11060/,12,0,0.5625,0.5625,3.5999999479814093,75.96892761354407,1.531580827703607,316.17324908831984,138.88835694320065,219.03107238645595,308.4684191722963,-20.191621904871965,171.3024520521759,138.28334732221617,7.65571567140016,280.9750605005162,88.93646208249463,138.76531288091087,338.3846284056175,-3.9264002973891374,257.1038819945227,True
