path,curFrame,Deleted,pixelSpacingX,pixelSpacingY,pixelSpacingZ,tra_UL_x,tra_UL_y,tra_LL_x,tra_LL_y,tra_LR_x,tra_LR_y,tra_UR_x,tra_UR_y,cor_UL_x,cor_UL_y,cor_LL_x,cor_LL_y,cor_LR_x,cor_LR_y,cor_UR_x,cor_UR_y,Dirty
./data/train/PICAI/11389/,9,0,0.5625,0.5625,3.599999950085392,79.31314026683579,42.12240861061776,268.8908183114155,219.5070302304915,180.68685973316428,312.87759138938225,-7.619731581358792,134.87301934836634,193.1975114572236,56.91032167286758,263.70598808613465,122.4355437134706,82.80248854277633,316.08967832713233,12.619580068322604,249.6189377109301,True
./data/train/PICAI/11389/,8,0,0.5625,0.5625,3.599999950085392,79.31314026683579,42.12240861061776,268.8908183114155,219.5070302304915,180.68685973316428,312.87759138938225,-7.619731581358792,134.87301934836634,193.1975114572236,56.91032167286758,263.70598808613465,122.4355437134706,82.80248854277633,316.08967832713233,12.619580068322604,249.6189377109301,True
./data/train/PICAI/11389/,10,0,0.5625,0.5625,3.599999950085392,79.31314026683579,42.12240861061776,268.8908183114155,219.5070302304915,180.68685973316428,312.87759138938225,-7.619731581358792,134.87301934836634,193.1975114572236,56.91032167286758,263.70598808613465,122.4355437134706,82.80248854277633,316.08967832713233,12.619580068322604,249.6189377109301,True
