path,curFrame,Deleted,pixelSpacingX,pixelSpacingY,pixelSpacingZ,tra_UL_x,tra_UL_y,tra_LL_x,tra_LL_y,tra_LR_x,tra_LR_y,tra_UR_x,tra_UR_y,cor_UL_x,cor_UL_y,cor_LL_x,cor_LL_y,cor_LR_x,cor_LR_y,cor_UR_x,cor_UR_y,Dirty
./data/train/PICAI/10937/,8,0,0.5625,0.5625,3.599999957614445,53.76593715085218,27.235928324654907,273.1825410610396,183.2915399780653,205.23406284914788,278.7640716753452,-13.053099891337723,121.85736505415322,172.44336194055074,32.24763623644128,252.19472127690432,89.90802718207921,107.55663805944928,292.7523637635587,27.66610562213557,236.08224088666245,True
./data/train/PICAI/10937/,9,0,0.5625,0.5625,3.599999957614445,53.76593715085218,27.235928324654907,273.1825410610396,183.2915399780653,205.23406284914788,278.7640716753452,-13.053099891337723,121.85736505415322,172.44336194055074,32.24763623644128,252.19472127690432,89.90802718207921,107.55663805944928,292.7523637635587,27.66610562213557,236.08224088666245,True
./data/train/PICAI/10937/,10,0,0.5625,0.5625,3.599999957614445,53.76593715085218,27.235928324654907,273.1825410610396,183.2915399780653,205.23406284914788,278.7640716753452,-13.053099891337723,121.85736505415322,172.44336194055074,32.24763623644128,252.19472127690432,89.90802718207921,107.55663805944928,292.7523637635587,27.66610562213557,236.08224088666245,True
