path,curFrame,Deleted,pixelSpacingX,pixelSpacingY,pixelSpacingZ,tra_UL_x,tra_UL_y,tra_LL_x,tra_LL_y,tra_LR_x,tra_LR_y,tra_UR_x,tra_UR_y,cor_UL_x,cor_UL_y,cor_LL_x,cor_LL_y,cor_LR_x,cor_LR_y,cor_UR_x,cor_UR_y,Dirty,h_par_cor,h_orth_cor,h_par_tra,h_orth_tra
./data/train/PICAI/11236/,-1,0,-1.0,-1.0,-1.0,-1.0,-1.0,-1.0,-1.0,-1.0,-1.0,-1.0,-1.0,-1.0,-1.0,-1.0,-1.0,-1.0,-1.0,-1.0,-1.0,False,80.0,60.0,30.0,160.0
./data/train/PICAI/11236/,14,0,0.392857134342,0.392857134342,3.300000030789067,-16.884316102765013,190.5528357650398,430.7211157341902,173.39540617744626,438.884316102765,389.4471642349601,-7.770059217894811,406.2955768281788,161.51205344976114,64.07411161404588,321.26248771733765,57.38092468099566,339.48794655023886,530.9258883859541,179.7375122826623,537.6190753190045,True,,,,
./data/train/PICAI/11236/,15,0,0.392857134342,0.392857134342,3.300000030789067,-16.884316102765013,190.5528357650398,430.7211157341902,173.39540617744626,438.884316102765,389.4471642349601,-7.770059217894811,406.2955768281788,161.51205344976114,64.07411161404588,321.26248771733765,57.38092468099566,339.48794655023886,530.9258883859541,179.7375122826623,537.6190753190045,True,,,,
./data/train/PICAI/11236/,16,0,0.392857134342,0.392857134342,3.300000030789067,-16.884316102765013,190.5528357650398,430.7211157341902,173.39540617744626,438.884316102765,389.4471642349601,-7.770059217894811,406.2955768281788,161.51205344976114,64.07411161404588,321.26248771733765,57.38092468099566,339.48794655023886,530.9258883859541,179.7375122826623,537.6190753190045,True,,,,
