path,curFrame,Deleted,pixelSpacingX,pixelSpacingY,pixelSpacingZ,tra_UL_x,tra_UL_y,tra_LL_x,tra_LL_y,tra_LR_x,tra_LR_y,tra_UR_x,tra_UR_y,cor_UL_x,cor_UL_y,cor_LL_x,cor_LL_y,cor_LR_x,cor_LR_y,cor_UR_x,cor_UR_y,Dirty
./data/train/PICAI/10775/,9,0,0.5625,0.5625,3.6000000599542687,13.87212118702989,57.28289412737951,280.7111742196228,146.17563723202844,241.12787881297004,265.71710587262066,-24.749912523684586,176.54872541215457,121.13140597362056,32.435582913056066,229.1307961641105,68.04642000631065,148.86859402637944,310.56441708694393,40.59356648007244,273.99231829775107,True
./data/train/PICAI/10775/,10,0,0.5625,0.5625,3.6000000599542687,13.87212118702989,57.28289412737951,280.7111742196228,146.17563723202844,241.12787881297004,265.71710587262066,-24.749912523684586,176.54872541215457,121.13140597362056,32.435582913056066,229.1307961641105,68.04642000631065,148.86859402637944,310.56441708694393,40.59356648007244,273.99231829775107,True
./data/train/PICAI/10775/,11,0,0.5625,0.5625,3.6000000599542687,13.87212118702989,57.28289412737951,280.7111742196228,146.17563723202844,241.12787881297004,265.71710587262066,-24.749912523684586,176.54872541215457,121.13140597362056,32.435582913056066,229.1307961641105,68.04642000631065,148.86859402637944,310.56441708694393,40.59356648007244,273.99231829775107,True
