path,curFrame,Deleted,pixelSpacingX,pixelSpacingY,pixelSpacingZ,tra_UL_x,tra_UL_y,tra_LL_x,tra_LL_y,tra_LR_x,tra_LR_y,tra_UR_x,tra_UR_y,cor_UL_x,cor_UL_y,cor_LL_x,cor_LL_y,cor_LR_x,cor_LR_y,cor_UR_x,cor_UR_y,Dirty
./data/train/PICAI/11063/,8,0,0.5625,0.5625,3.6000011917497314,17.317060997097954,80.90305042509557,283.7237484150753,104.74580401984971,272.68293900290206,226.09694957490444,8.17836461751483,201.63616199140048,116.07878756980766,31.006130007183828,220.04990990351524,40.33381571529014,196.9212124301924,295.99386999281614,92.95009009648471,286.66618428470986,True
./data/train/PICAI/11063/,9,0,0.5625,0.5625,3.6000011917497314,27.11613284032612,65.88354113820635,288.6313644829887,122.01538253758112,262.88386715967385,241.1164588617937,3.3318898839065128,184.60299947166584,132.5270220989677,27.06761260405719,234.5864005203817,48.99666356926306,180.4729779010323,299.9323873959428,78.4135994796182,278.0033364307369,True
./data/train/PICAI/11063/,10,0,0.5625,0.5625,3.6000011917497314,27.11613284032612,65.88354113820635,288.6313644829887,122.01538253758112,262.88386715967385,241.1164588617937,3.3318898839065128,184.60299947166584,132.5270220989677,27.06761260405719,234.5864005203817,48.99666356926306,180.4729779010323,299.9323873959428,78.4135994796182,278.0033364307369,True
