path,curFrame,Deleted,pixelSpacingX,pixelSpacingY,pixelSpacingZ,tra_UL_x,tra_UL_y,tra_LL_x,tra_LL_y,tra_LR_x,tra_LR_y,tra_UR_x,tra_UR_y,cor_UL_x,cor_UL_y,cor_LL_x,cor_LL_y,cor_LR_x,cor_LR_y,cor_UR_x,cor_UR_y,Dirty
./data/train/PICAI/11045/,9,0,0.5625,0.5625,3.5999999576145,25.87380072712976,79.99167974805687,284.94012955972755,154.10400844713607,251.12619927287025,271.008320251943,-5.970514053703113,197.24328790819783,143.68770526222565,43.248289920366005,244.19758162115903,72.14058568086102,174.31229473777438,318.751710079634,73.80241837884094,289.85941431913903,True
./data/train/PICAI/11045/,8,0,0.5625,0.5625,3.5999999576145,25.87380072712976,79.99167974805687,284.94012955972755,154.10400844713607,251.12619927287025,271.008320251943,-5.970514053703113,197.24328790819783,143.68770526222565,43.248289920366005,244.19758162115903,72.14058568086102,174.31229473777438,318.751710079634,73.80241837884094,289.85941431913903,True
./data/train/PICAI/11045/,10,0,0.5625,0.5625,3.5999999576145,25.87380072712976,79.99167974805687,284.94012955972755,154.10400844713607,251.12619927287025,271.008320251943,-5.970514053703113,197.24328790819783,143.68770526222565,43.248289920366005,244.19758162115903,72.14058568086102,174.31229473777438,318.751710079634,73.80241837884094,289.85941431913903,True
