path,curFrame,Deleted,pixelSpacingX,pixelSpacingY,pixelSpacingZ,tra_UL_x,tra_UL_y,tra_LL_x,tra_LL_y,tra_LR_x,tra_LR_y,tra_UR_x,tra_UR_y,cor_UL_x,cor_UL_y,cor_LL_x,cor_LL_y,cor_LR_x,cor_LR_y,cor_UR_x,cor_UR_y,Dirty
./data/train/PICAI/10862/,8,0,0.5625,0.5625,3.6000000635783334,61.416690622119006,15.589907354638,276.66788099533005,167.91497109306476,194.58330937788105,283.41009264536206,-19.693510930544903,131.30997996127908,167.29561522418658,15.768135699630363,265.10294391553,85.55872571192018,109.70438477581348,305.2318643003696,11.67210503012619,236.41564435286497,True
./data/train/PICAI/10862/,9,0,0.5625,0.5625,3.6000000635783334,49.99902663043832,21.902593469142303,277.7071253073751,154.88763697755545,206.0009733695617,277.09740653085765,-20.7168572386336,144.2515361234046,154.57182608227265,13.809180906298051,258.089619068424,74.80972627497752,122.4281739177274,307.19081909370186,18.77120783061595,247.18054179376395,True
./data/train/PICAI/10862/,10,0,0.5625,0.5625,3.6000000635783334,29.02697956404701,37.385811666032,276.3682910269566,128.80941717253137,226.973020435953,261.61418833396795,-19.368900199937485,170.15568333076615,128.8550655147952,13.246900749844656,241.3928241622299,55.34503465874536,148.14493448520483,307.75309925015534,35.642075334472594,266.65435616827364,True
