path,curFrame,Deleted,pixelSpacingX,pixelSpacingY,pixelSpacingZ,tra_UL_x,tra_UL_y,tra_LL_x,tra_LL_y,tra_LR_x,tra_LR_y,tra_UR_x,tra_UR_y,cor_UL_x,cor_UL_y,cor_LL_x,cor_LL_y,cor_LR_x,cor_LR_y,cor_UR_x,cor_UR_y,Dirty
./data/train/PICAI/11352/,9,0,0.5625,0.5625,3.599999957614445,57.72414703257671,-18.606005680924497,308.5099632301925,109.6081082644058,225.52165954517264,273.9519135656725,-24.095453383017457,145.9663794870306,75.65897115841167,-34.99372490212594,266.5314727659878,62.190257755111176,138.26759248542575,313.78790682078454,-54.08702498102299,218.15595785718816,True
./data/train/PICAI/11352/,8,0,0.5625,0.5625,3.599999957614445,57.72414703257671,-18.606005680924497,308.5099632301925,109.6081082644058,225.52165954517264,273.9519135656725,-24.095453383017457,145.9663794870306,75.65897115841167,-34.99372490212594,266.5314727659878,62.190257755111176,138.26759248542575,313.78790682078454,-54.08702498102299,218.15595785718816,True
./data/train/PICAI/11352/,10,0,0.5625,0.5625,3.599999957614445,57.72414703257671,-18.606005680924497,308.5099632301925,109.6081082644058,225.52165954517264,273.9519135656725,-24.095453383017457,145.9663794870306,75.65897115841167,-34.99372490212594,266.5314727659878,62.190257755111176,138.26759248542575,313.78790682078454,-54.08702498102299,218.15595785718816,True
