path,curFrame,Deleted,pixelSpacingX,pixelSpacingY,pixelSpacingZ,tra_UL_x,tra_UL_y,tra_LL_x,tra_LL_y,tra_LR_x,tra_LR_y,tra_UR_x,tra_UR_y,cor_UL_x,cor_UL_y,cor_LL_x,cor_LL_y,cor_LR_x,cor_LR_y,cor_UR_x,cor_UR_y,Dirty
./data/train/PICAI/11002/,8,0,0.5625,0.5625,3.6000000635782774,44.03047242907465,19.710121997825183,286.89848877122006,161.68239618553926,221.9695275709253,273.2898780021749,-20.89848877122,131.31760381446074,169.70936045984084,19.314944121612427,257.7826066624982,71.16186595238378,124.29063954015916,300.6850558783876,35.24709761122587,248.59621215201648,True
./data/train/PICAI/11002/,9,0,0.5625,0.5625,3.6000000635782774,44.03047242907465,19.710121997825183,286.89848877122006,161.68239618553926,221.9695275709253,273.2898780021749,-20.89848877122,131.31760381446074,169.70936045984084,19.314944121612427,257.7826066624982,71.16186595238378,124.29063954015916,300.6850558783876,35.24709761122587,248.59621215201648,True
./data/train/PICAI/11002/,10,0,0.5625,0.5625,3.6000000635782774,44.03047242907465,19.710121997825183,286.89848877122006,161.68239618553926,221.9695275709253,273.2898780021749,-20.89848877122,131.31760381446074,169.70936045984084,19.314944121612427,257.7826066624982,71.16186595238378,124.29063954015916,300.6850558783876,35.24709761122587,248.59621215201648,True
