path,curFrame,Deleted,pixelSpacingX,pixelSpacingY,pixelSpacingZ,tra_UL_x,tra_UL_y,tra_LL_x,tra_LL_y,tra_LR_x,tra_LR_y,tra_UR_x,tra_UR_y,cor_UL_x,cor_UL_y,cor_LL_x,cor_LL_y,cor_LR_x,cor_LR_y,cor_UR_x,cor_UR_y,Dirty
./data/train/PICAI/10618/,10,0,0.5625,0.5625,3.600000010596377,72.9414603156613,0.3584279434872996,281.8716229529364,157.10404077000908,201.0585396843387,263.6415720565127,-6.099177581417507,108.25920440419164,173.300569587171,-12.988749458727453,284.6690853178683,67.8849300112371,122.279682799167,284.8865013180348,11.518503184399506,201.74385837612465,True
./data/train/PICAI/10618/,9,0,0.5625,0.5625,3.600000010596377,72.9414603156613,0.3584279434872996,281.8716229529364,157.10404077000908,201.0585396843387,263.6415720565127,-6.099177581417507,108.25920440419164,173.300569587171,-12.988749458727453,284.6690853178683,67.8849300112371,122.279682799167,284.8865013180348,11.518503184399506,201.74385837612465,True
./data/train/PICAI/10618/,11,0,0.5625,0.5625,3.600000010596377,72.9414603156613,0.3584279434872996,281.8716229529364,157.10404077000908,201.0585396843387,263.6415720565127,-6.099177581417507,108.25920440419164,173.300569587171,-12.988749458727453,284.6690853178683,67.8849300112371,122.279682799167,284.8865013180348,11.518503184399506,201.74385837612465,True
