path,curFrame,Deleted,pixelSpacingX,pixelSpacingY,pixelSpacingZ,tra_UL_x,tra_UL_y,tra_LL_x,tra_LL_y,tra_LR_x,tra_LR_y,tra_UR_x,tra_UR_y,cor_UL_x,cor_UL_y,cor_LL_x,cor_LL_y,cor_LR_x,cor_LR_y,cor_UR_x,cor_UR_y,Dirty
./data/train/PICAI/10940/,8,0,0.5625,0.5625,3.5999999576145,51.14895503932257,10.36914837707718,292.6829059744731,128.89066771283458,224.85104496067743,267.6308516229228,-15.684276439718502,149.05699633092252,139.16823698283002,-0.0829632051450062,261.4069887744157,58.59997776099199,143.83176301716998,299.082963205145,21.54067526934133,239.40139270425345,True
./data/train/PICAI/10940/,9,0,0.5625,0.5625,3.5999999576145,51.14895503932257,10.36914837707718,292.6829059744731,128.89066771283458,224.85104496067743,267.6308516229228,-15.684276439718502,149.05699633092252,139.16823698283002,-0.0829632051450062,261.4069887744157,58.59997776099199,143.83176301716998,299.082963205145,21.54067526934133,239.40139270425345,True
./data/train/PICAI/10940/,10,0,0.5625,0.5625,3.5999999576145,51.14895503932257,10.36914837707718,292.6829059744731,128.89066771283458,224.85104496067743,267.6308516229228,-15.684276439718502,149.05699633092252,139.16823698283002,-0.0829632051450062,261.4069887744157,58.59997776099199,143.83176301716998,299.082963205145,21.54067526934133,239.40139270425345,True
