path,curFrame,Deleted,pixelSpacingX,pixelSpacingY,pixelSpacingZ,tra_UL_x,tra_UL_y,tra_LL_x,tra_LL_y,tra_LR_x,tra_LR_y,tra_UR_x,tra_UR_y,cor_UL_x,cor_UL_y,cor_LL_x,cor_LL_y,cor_LR_x,cor_LR_y,cor_UR_x,cor_UR_y,Dirty
./data/train/PICAI/10800/,9,0,0.5625,0.5625,3.6000000635783334,51.864275019237866,28.61614665712285,295.01150902273105,135.61812138866932,238.1357249807621,265.3838533428772,-4.12151559063048,159.48092896996658,154.23879874328563,12.226398222585544,260.9722329147961,58.63732398318464,153.76120125671437,303.77360177741434,47.13229554847152,256.36815412144705,True
./data/train/PICAI/10800/,8,0,0.5625,0.5625,3.6000000635783334,47.78947388708399,31.93865282880581,294.52290422954536,130.38972875711528,242.210526112916,262.0613471711942,-3.5950966530296853,164.67759176688867,149.1512279390008,12.306865606163598,257.4393609367969,54.96457595085535,158.8487720609992,303.6931343938363,50.630395536947205,260.0378599988848,True
./data/train/PICAI/10800/,10,0,0.5625,0.5625,3.6000000635783334,40.0,39.0,293.0,120.0,250.0,255.0,-2.0,175.0,139.0,13.0,250.0,48.0,169.0,303.0,58.0,267.0,True
