path,curFrame,Deleted,pixelSpacingX,pixelSpacingY,pixelSpacingZ,tra_UL_x,tra_UL_y,tra_LL_x,tra_LL_y,tra_LR_x,tra_LR_y,tra_UR_x,tra_UR_y,cor_UL_x,cor_UL_y,cor_LL_x,cor_LL_y,cor_LR_x,cor_LR_y,cor_UR_x,cor_UR_y,Dirty,h_par_cor,h_orth_cor,h_par_tra,h_orth_tra
./data/train/PICAI/10743/,14,0,0.392857134342,0.392857134342,3.2999999999999967,38.5287901476548,158.62945670741726,464.8918366989404,273.69271120469955,411.4712098523452,473.37054329258285,-13.89731480357213,358.2027603320328,222.3586731919924,95.81547500942574,395.2381798308916,143.00314484266542,281.6413268080076,564.1845249905743,108.76182016910845,516.9968551573346,True,,,,
./data/train/PICAI/10743/,15,0,0.392857134342,0.392857134342,3.2999999999999967,38.5287901476548,158.62945670741726,464.8918366989404,273.69271120469955,411.4712098523452,473.37054329258285,-13.89731480357213,358.2027603320328,222.3586731919924,95.81547500942574,395.2381798308916,143.00314484266542,281.6413268080076,564.1845249905743,108.76182016910845,516.9968551573346,True,,,,
./data/train/PICAI/10743/,-1,0,-1.0,-1.0,-1.0,-1.0,-1.0,-1.0,-1.0,-1.0,-1.0,-1.0,-1.0,-1.0,-1.0,-1.0,-1.0,-1.0,-1.0,-1.0,-1.0,False,80.0,60.0,30.0,160.0
./data/train/PICAI/10743/,16,0,0.392857134342,0.392857134342,3.2999999999999967,38.5287901476548,158.62945670741726,464.8918366989404,273.69271120469955,411.4712098523452,473.37054329258285,-13.89731480357213,358.2027603320328,222.3586731919924,95.81547500942574,395.2381798308916,143.00314484266542,281.6413268080076,564.1845249905743,108.76182016910845,516.9968551573346,True,,,,
