path,curFrame,Deleted,pixelSpacingX,pixelSpacingY,pixelSpacingZ,tra_UL_x,tra_UL_y,tra_LL_x,tra_LL_y,tra_LR_x,tra_LR_y,tra_UR_x,tra_UR_y,cor_UL_x,cor_UL_y,cor_LL_x,cor_LL_y,cor_LR_x,cor_LR_y,cor_UR_x,cor_UR_y,Dirty
./data/train/PICAI/11032/,11,0,0.3125,0.3125,3.2999999875055184,248.04317089658977,100.96008962260908,550.9920759836925,513.565180364987,320.95682910341014,681.0399103773909,19.75716343058565,269.4044388755057,428.8717751583124,166.1559753886219,560.0678512306681,344.0677221149601,122.12822484168764,663.8440246113782,-7.708421903282215,485.5424677981469,True
./data/train/PICAI/11032/,10,0,0.3125,0.3125,3.2999999875055184,248.04317089658977,100.96008962260908,550.9920759836925,513.565180364987,320.95682910341014,681.0399103773909,19.75716343058565,269.4044388755057,428.8717751583124,166.1559753886219,560.0678512306681,344.0677221149601,122.12822484168764,663.8440246113782,-7.708421903282215,485.5424677981469,True
./data/train/PICAI/11032/,12,0,0.3125,0.3125,3.2999999875055184,248.04317089658977,100.96008962260908,550.9920759836925,513.565180364987,320.95682910341014,681.0399103773909,19.75716343058565,269.4044388755057,428.8717751583124,166.1559753886219,560.0678512306681,344.0677221149601,122.12822484168764,663.8440246113782,-7.708421903282215,485.5424677981469,True
