path,curFrame,Deleted,pixelSpacingX,pixelSpacingY,pixelSpacingZ,tra_UL_x,tra_UL_y,tra_LL_x,tra_LL_y,tra_LR_x,tra_LR_y,tra_UR_x,tra_UR_y,cor_UL_x,cor_UL_y,cor_LL_x,cor_LL_y,cor_LR_x,cor_LR_y,cor_UR_x,cor_UR_y,Dirty,h_par_cor,h_orth_cor,h_par_tra,h_orth_tra
./data/train/PICAI/10910/,14,0,0.39285713434219,0.39285713434219,3.299999999999987,51.44560325782095,215.96101960414367,444.7773673467673,351.5896425370546,374.5543967421791,554.0389803958561,-17.782845451399027,418.3058289996777,228.30981472557173,157.8831999332995,376.43080244353166,208.6786032435988,231.69018527442827,630.1168000667005,83.46466909320057,578.3268748610329,True,,,,
./data/train/PICAI/10910/,15,0,0.39285713434219,0.39285713434219,3.299999999999987,51.44560325782095,215.96101960414367,444.7773673467673,351.5896425370546,374.5543967421791,554.0389803958561,-17.782845451399027,418.3058289996777,228.30981472557173,157.8831999332995,376.43080244353166,208.6786032435988,231.69018527442827,630.1168000667005,83.46466909320057,578.3268748610329,True,,,,
./data/train/PICAI/10910/,-1,0,-1.0,-1.0,-1.0,-1.0,-1.0,-1.0,-1.0,-1.0,-1.0,-1.0,-1.0,-1.0,-1.0,-1.0,-1.0,-1.0,-1.0,-1.0,-1.0,False,80.0,60.0,30.0,160.0
./data/train/PICAI/10910/,16,0,0.39285713434219,0.39285713434219,3.299999999999987,51.44560325782095,215.96101960414367,444.7773673467673,351.5896425370546,374.5543967421791,554.0389803958561,-17.782845451399027,418.3058289996777,228.30981472557173,157.8831999332995,376.43080244353166,208.6786032435988,231.69018527442827,630.1168000667005,83.46466909320057,578.3268748610329,True,,,,
