path,curFrame,Deleted,pixelSpacingX,pixelSpacingY,pixelSpacingZ,tra_UL_x,tra_UL_y,tra_LL_x,tra_LL_y,tra_LR_x,tra_LR_y,tra_UR_x,tra_UR_y,cor_UL_x,cor_UL_y,cor_LL_x,cor_LL_y,cor_LR_x,cor_LR_y,cor_UR_x,cor_UR_y,Dirty
./data/train/PICAI/10566/,9,0,0.5625,0.5625,3.599999957614445,104.18291885160926,10.237199478678406,279.5703823896477,214.6686981125565,176.81708114839077,303.76280052132154,1.0712496608069273,100.26488231394067,201.41637211619303,42.97759838021631,274.84733301351514,127.9357879895528,75.583627883807,301.0224016197837,1.5774545095330268,214.7722636344047,True
./data/train/PICAI/10566/,8,0,0.5625,0.5625,3.599999957614445,104.18291885160926,10.237199478678406,279.5703823896477,214.6686981125565,176.81708114839077,303.76280052132154,1.0712496608069273,100.26488231394067,203.41637211619303,42.97759838021631,276.84733301351514,127.9357879895528,77.583627883807,301.0224016197837,3.577454509533027,214.7722636344047,True
./data/train/PICAI/10566/,10,0,0.5625,0.5625,3.599999957614445,104.18291885160926,10.237199478678406,279.5703823896477,214.6686981125565,176.81708114839077,303.76280052132154,1.0712496608069273,100.26488231394067,209.41637211619303,42.97759838021631,282.84733301351514,127.9357879895528,83.583627883807,301.0224016197837,9.577454509533029,214.7722636344047,True
