path,curFrame,Deleted,pixelSpacingX,pixelSpacingY,pixelSpacingZ,tra_UL_x,tra_UL_y,tra_LL_x,tra_LL_y,tra_LR_x,tra_LR_y,tra_UR_x,tra_UR_y,cor_UL_x,cor_UL_y,cor_LL_x,cor_LL_y,cor_LR_x,cor_LR_y,cor_UR_x,cor_UR_y,Dirty
./data/train/PICAI/11450/,13,0,0.254629641771,0.254629641771,3.300000031360661,9.038258151720695,444.1284618714233,599.3344191841545,505.5730895484703,567.9617418482794,806.8715381285767,-22.334419184154683,745.4269104515297,246.23831038149663,294.97601690912006,462.5610472368514,318.0947002498492,393.76168961850334,971.02398309088,178.56839393285023,948.7563947179322,True
./data/train/PICAI/11450/,14,0,0.254629641771,0.254629641771,3.300000031360661,9.038258151720695,444.1284618714233,599.3344191841545,505.5730895484703,567.9617418482794,806.8715381285767,-22.334419184154683,745.4269104515297,246.23831038149663,294.97601690912006,462.5610472368514,318.0947002498492,393.76168961850334,971.02398309088,178.56839393285023,948.7563947179322,True
./data/train/PICAI/11450/,15,0,0.254629641771,0.254629641771,3.300000031360661,9.038258151720695,444.1284618714233,599.3344191841545,505.5730895484703,567.9617418482794,806.8715381285767,-22.334419184154683,745.4269104515297,246.23831038149663,294.97601690912006,462.5610472368514,318.0947002498492,393.76168961850334,971.02398309088,178.56839393285023,948.7563947179322,True
