path,curFrame,Deleted,pixelSpacingX,pixelSpacingY,pixelSpacingZ,tra_UL_x,tra_UL_y,tra_LL_x,tra_LL_y,tra_LR_x,tra_LR_y,tra_UR_x,tra_UR_y,cor_UL_x,cor_UL_y,cor_LL_x,cor_LL_y,cor_LR_x,cor_LR_y,cor_UR_x,cor_UR_y,Dirty
./data/train/PICAI/10503/,9,0,0.5625,0.5625,3.6000000635782774,34.76658798377264,28.782889498981547,280.2936774953622,139.78490892190868,228.23341201622736,254.21711050101845,-15.296418425853062,143.31976299057715,154.32566340876673,11.244201090602589,246.26040929470773,53.11307376335856,137.67433659123327,290.7557989093974,46.68588428380389,249.9378917276389,True
./data/train/PICAI/10503/,8,0,0.5625,0.5625,3.6000000635782774,34.76658798377264,28.782889498981547,280.2936774953622,139.78490892190868,228.23341201622736,254.21711050101845,-15.296418425853062,143.31976299057715,154.32566340876673,11.244201090602589,246.26040929470773,53.11307376335856,137.67433659123327,290.7557989093974,46.68588428380389,249.9378917276389,True
./data/train/PICAI/10503/,10,0,0.5625,0.5625,3.6000000635782774,34.76658798377264,28.782889498981547,280.2936774953622,139.78490892190868,228.23341201622736,254.21711050101845,-15.296418425853062,143.31976299057715,154.32566340876673,11.244201090602589,246.26040929470773,53.11307376335856,137.67433659123327,290.7557989093974,46.68588428380389,249.9378917276389,True
