path,curFrame,Deleted,pixelSpacingX,pixelSpacingY,pixelSpacingZ,tra_UL_x,tra_UL_y,tra_LL_x,tra_LL_y,tra_LR_x,tra_LR_y,tra_UR_x,tra_UR_y,cor_UL_x,cor_UL_y,cor_LL_x,cor_LL_y,cor_LR_x,cor_LR_y,cor_UR_x,cor_UR_y,Dirty
./data/train/PICAI/11070/,10,0,0.5625,0.5625,3.0000000953674,29.55385205307013,22.685979346610765,279.8380263362641,113.36581229407405,231.44614794692984,246.3140206533893,-17.840462286004225,155.7039441796701,135.04537525351452,-0.6619100815746322,235.8412911654409,34.45480012134537,143.95462474648548,287.66191008157466,43.29822178204732,250.55007177813496,True
./data/train/PICAI/11070/,9,0,0.5625,0.5625,3.0000000953674,29.55385205307013,22.685979346610765,279.8380263362641,113.36581229407405,231.44614794692984,246.3140206533893,-17.840462286004225,155.7039441796701,135.04537525351452,-0.6619100815746322,235.8412911654409,34.45480012134537,143.95462474648548,287.66191008157466,43.29822178204732,250.55007177813496,True
./data/train/PICAI/11070/,11,0,0.5625,0.5625,3.0000000953674,29.55385205307013,22.685979346610765,279.8380263362641,113.36581229407405,231.44614794692984,246.3140206533893,-17.840462286004225,155.7039441796701,135.04537525351452,-0.6619100815746322,235.8412911654409,34.45480012134537,143.95462474648548,287.66191008157466,43.29822178204732,250.55007177813496,True
