path,curFrame,Deleted,pixelSpacingX,pixelSpacingY,pixelSpacingZ,tra_UL_x,tra_UL_y,tra_LL_x,tra_LL_y,tra_LR_x,tra_LR_y,tra_UR_x,tra_UR_y,cor_UL_x,cor_UL_y,cor_LL_x,cor_LL_y,cor_LR_x,cor_LR_y,cor_UR_x,cor_UR_y,Dirty
./data/train/PICAI/10232/,10,0,0.5625,0.5625,3.6,28.711178448689424,76.77925461669305,280.7990390737893,111.31489599571267,264.2888215513106,231.22074538330696,12.20096092621074,196.68510400428733,139.328684537917,26.426401598477383,230.59015627571827,39.40113767481103,195.671315462083,296.5735984015226,104.5317130676869,284.5914084768302,True
./data/train/PICAI/10232/,9,0,0.5625,0.5625,3.6,28.711178448689424,76.77925461669305,280.7990390737893,111.31489599571267,264.2888215513106,231.22074538330696,12.20096092621074,196.68510400428733,139.328684537917,26.426401598477383,230.59015627571827,39.40113767481103,195.671315462083,296.5735984015226,104.5317130676869,284.5914084768302,True
./data/train/PICAI/10232/,11,0,0.5625,0.5625,3.6,28.711178448689424,76.77925461669305,280.7990390737893,111.31489599571267,264.2888215513106,231.22074538330696,12.20096092621074,196.68510400428733,139.328684537917,26.426401598477383,230.59015627571827,39.40113767481103,195.671315462083,296.5735984015226,104.5317130676869,284.5914084768302,True
