path,curFrame,Deleted,pixelSpacingX,pixelSpacingY,pixelSpacingZ,tra_UL_x,tra_UL_y,tra_LL_x,tra_LL_y,tra_LR_x,tra_LR_y,tra_UR_x,tra_UR_y,cor_UL_x,cor_UL_y,cor_LL_x,cor_LL_y,cor_LR_x,cor_LR_y,cor_UR_x,cor_UR_y,Dirty
./data/train/PICAI/10764/,8,0,0.5625,0.5625,3.5999999576145,57.85352453217804,13.983370416014324,295.4482475345093,141.2890953518769,227.146475467822,268.0166295839856,-9.45797946576775,140.8500777490831,154.02826854364895,10.58241585747453,263.0540942773483,68.3177544559881,139.97173145635105,297.41758414252547,32.07534689235327,238.8311505762304,True
./data/train/PICAI/10764/,9,0,0.5625,0.5625,3.5999999576145,57.85352453217804,13.983370416014324,295.4482475345093,141.2890953518769,227.146475467822,268.0166295839856,-9.45797946576775,140.8500777490831,154.02826854364895,10.58241585747453,263.0540942773483,68.3177544559881,139.97173145635105,297.41758414252547,32.07534689235327,238.8311505762304,True
./data/train/PICAI/10764/,10,0,0.5625,0.5625,3.5999999576145,57.85352453217804,13.983370416014324,295.4482475345093,141.2890953518769,227.146475467822,268.0166295839856,-9.45797946576775,140.8500777490831,154.02826854364895,10.58241585747453,263.0540942773483,68.3177544559881,139.97173145635105,297.41758414252547,32.07534689235327,238.8311505762304,True
