path,curFrame,Deleted,pixelSpacingX,pixelSpacingY,pixelSpacingZ,tra_UL_x,tra_UL_y,tra_LL_x,tra_LL_y,tra_LR_x,tra_LR_y,tra_UR_x,tra_UR_y,cor_UL_x,cor_UL_y,cor_LL_x,cor_LL_y,cor_LR_x,cor_LR_y,cor_UR_x,cor_UR_y,Dirty
./data/train/PICAI/10083/,10,0,0.5625,0.5625,3.599999957614445,84.07145890455837,45.23754681765712,289.04979705205574,232.79522032180955,200.92854109544163,329.7624531823428,-4.24060604743238,143.18640686163815,196.51259320714425,66.6561919196339,271.80128141213424,135.28281524011956,90.4874067928558,334.3438080803661,15.198718587865898,265.7171847598805,True
./data/train/PICAI/10083/,9,0,0.5625,0.5625,3.599999957614445,84.07145890455837,45.23754681765712,289.04979705205574,232.79522032180955,200.92854109544163,329.7624531823428,-4.24060604743238,143.18640686163815,196.51259320714425,66.6561919196339,271.80128141213424,135.28281524011956,90.4874067928558,334.3438080803661,15.198718587865898,265.7171847598805,True
./data/train/PICAI/10083/,11,0,0.5625,0.5625,3.599999957614445,84.07145890455837,45.23754681765712,289.04979705205574,232.79522032180955,200.92854109544163,329.7624531823428,-4.24060604743238,143.18640686163815,196.51259320714425,66.6561919196339,271.80128141213424,135.28281524011956,90.4874067928558,334.3438080803661,15.198718587865898,265.7171847598805,True
