path,curFrame,Deleted,pixelSpacingX,pixelSpacingY,pixelSpacingZ,tra_UL_x,tra_UL_y,tra_LL_x,tra_LL_y,tra_LR_x,tra_LR_y,tra_UR_x,tra_UR_y,cor_UL_x,cor_UL_y,cor_LL_x,cor_LL_y,cor_LR_x,cor_LR_y,cor_UR_x,cor_UR_y,Dirty,h_par_cor,h_orth_cor,h_par_tra,h_orth_tra
./data/train/PICAI/10003/,7,0,-1.0,-1.0,-1.0,-1.0,-1.0,-1.0,-1.0,-1.0,-1.0,-1.0,-1.0,-1.0,-1.0,-1.0,-1.0,-1.0,-1.0,-1.0,-1.0,True,80.0,60.0,30.0,160.0
./data/train/PICAI/10003/,11,0,0.5625,0.5625,3.600000034679045,28.372930715037555,54.764928752287815,298.4622608291065,114.22713320632288,267.62706928496243,252.23507124771217,-1.4628700020874703,192.8077662903796,124.90877352513404,16.776553090982816,247.06605632102784,43.05578937981053,190.09122647486595,299.2234469090172,68.93333450599128,272.979110116892,True,,,,
./data/train/PICAI/10003/,12,0,0.5625,0.5625,3.600000034679045,25.0,59.0,297.0,109.0,271.0,248.0,0.0,198.0,120.0,18.0,243.0,40.0,195.0,298.0,73.0,276.0,True,,,,
./data/train/PICAI/10003/,13,0,0.5625,0.5625,3.600000034679045,23.369481087440533,61.16103879950688,296.2006744918432,106.40636900638532,272.6305189125595,245.8389612004931,0.7991732033131598,200.57617858717737,117.64733745320606,17.67100192833368,246.9363626107749,38.474171474607815,203.4463941040873,297.2725923339465,75.1585763694737,276.44355794076125,True,,,,
