path,curFrame,Deleted,pixelSpacingX,pixelSpacingY,pixelSpacingZ,tra_UL_x,tra_UL_y,tra_LL_x,tra_LL_y,tra_LR_x,tra_LR_y,tra_UR_x,tra_UR_y,cor_UL_x,cor_UL_y,cor_LL_x,cor_LL_y,cor_LR_x,cor_LR_y,cor_UR_x,cor_UR_y,Dirty
./data/train/PICAI/10616/,8,0,0.5625,0.5625,3.5999999576145,35.451489283546366,10.441764872730715,286.17868989959084,108.34411863014444,230.5485107164536,251.5582351272693,-19.217428203652617,153.93151872567262,128.70270199943408,-3.614773426000824,247.4752891137967,42.92631111401792,149.29729800056592,294.61477342600085,31.485972582141628,248.3493262417991,True
./data/train/PICAI/10616/,9,0,0.5625,0.5625,3.5999999576145,19.62236125526637,25.191158060071928,281.5348761540056,87.24625083590871,246.3776387447336,236.80884193992807,-14.54460808526403,174.8929222650514,110.05014917906908,-0.7304918071539817,234.14411669772772,28.82770883967315,171.9498508209309,291.73049180715395,48.846151371013775,262.3114642612869,True
./data/train/PICAI/10616/,10,0,0.5625,0.5625,3.5999999576145,19.62236125526637,25.191158060071928,281.5348761540056,87.24625083590871,246.3776387447336,236.80884193992807,-14.54460808526403,174.8929222650514,110.05014917906908,-0.7304918071539817,234.14411669772772,28.82770883967315,171.9498508209309,291.73049180715395,48.846151371013775,262.3114642612869,True
