path,curFrame,Deleted,pixelSpacingX,pixelSpacingY,pixelSpacingZ,tra_UL_x,tra_UL_y,tra_LL_x,tra_LL_y,tra_LR_x,tra_LR_y,tra_UR_x,tra_UR_y,cor_UL_x,cor_UL_y,cor_LL_x,cor_LL_y,cor_LR_x,cor_LR_y,cor_UR_x,cor_UR_y,Dirty,h_par_cor,h_orth_cor,h_par_tra,h_orth_tra
./data/train/PICAI/11455/,-1,0,-1.0,-1.0,-1.0,-1.0,-1.0,-1.0,-1.0,-1.0,-1.0,-1.0,-1.0,-1.0,-1.0,-1.0,-1.0,-1.0,-1.0,-1.0,-1.0,False,80.0,60.0,30.0,160.0
./data/train/PICAI/11455/,10,0,0.5625,0.5625,3.6000000953674003,81.50300099101621,21.05548361222773,297.6539955816025,169.4830670915134,209.49699900898372,297.9445163877721,-5.6796255168174525,149.74188396283046,180.45935062178805,26.33104855854998,279.6909514866044,94.39784949561324,126.54064937821197,317.6689514414501,27.30904851339568,249.60215050438683,True,,,,
./data/train/PICAI/11455/,9,0,0.5625,0.5625,3.6000000953674003,81.50300099101621,21.05548361222773,297.6539955816025,169.4830670915134,209.49699900898372,297.9445163877721,-5.6796255168174525,149.74188396283046,180.45935062178805,26.33104855854998,279.6909514866044,94.39784949561324,126.54064937821197,317.6689514414501,27.30904851339568,249.60215050438683,True,,,,
./data/train/PICAI/11455/,11,0,0.5625,0.5625,3.6000000953674003,81.50300099101621,21.05548361222773,297.6539955816025,169.4830670915134,209.49699900898372,297.9445163877721,-5.6796255168174525,149.74188396283046,180.45935062178805,26.33104855854998,279.6909514866044,94.39784949561324,126.54064937821197,317.6689514414501,27.30904851339568,249.60215050438683,True,,,,
