path,curFrame,Deleted,pixelSpacingX,pixelSpacingY,pixelSpacingZ,tra_UL_x,tra_UL_y,tra_LL_x,tra_LL_y,tra_LR_x,tra_LR_y,tra_UR_x,tra_UR_y,cor_UL_x,cor_UL_y,cor_LL_x,cor_LL_y,cor_LR_x,cor_LR_y,cor_UR_x,cor_UR_y,Dirty
./data/train/PICAI/11265/,8,0,0.5625,0.5625,3.599999935290837,34.624866279595594,38.18433754247289,283.42564626549563,148.79704873973012,229.3751337204045,270.81566245752714,-19.425646265495715,160.2029512602699,140.92247430116683,23.262228140324027,245.6668646819408,69.46409697438794,140.07752569883317,308.737771859676,35.33313531805915,262.5359030256121,True
./data/train/PICAI/11265/,9,0,0.5625,0.5625,3.599999935290837,40.84580693687428,33.247523377827775,283.5165920876357,156.7298704332391,223.1541930631258,275.7524766221723,-19.51659208763576,152.2701295667609,148.39221309708327,23.47995589240693,250.57503594554524,75.10040450262203,132.60778690291673,308.52004410759315,30.424964054454705,256.899595497378,True
./data/train/PICAI/11265/,10,0,0.5625,0.5625,3.599999935290837,54.019494192807485,24.3835494103285,282.45348341306453,172.5554515001631,209.98050580719257,284.6164505896716,-18.45348341306453,136.4445484998369,163.24637992336648,25.08565651296564,259.4736284102867,87.10433634925788,117.75362007663354,306.91434348703444,21.52637158971325,244.89566365074216,True
