path,curFrame,Deleted,pixelSpacingX,pixelSpacingY,pixelSpacingZ,tra_UL_x,tra_UL_y,tra_LL_x,tra_LL_y,tra_LR_x,tra_LR_y,tra_UR_x,tra_UR_y,cor_UL_x,cor_UL_y,cor_LL_x,cor_LL_y,cor_LR_x,cor_LR_y,cor_UR_x,cor_UR_y,Dirty
./data/train/PICAI/10500/,12,0,0.625,0.625,3.5000000489979453,55.58706005699924,90.42022415575984,315.03436374142086,188.40540982626555,265.4129399430008,319.5797758442401,6.052792001326708,220.59839547564275,174.23052684955516,68.87488050399597,279.1177262182863,109.16973636158716,187.76947315044484,350.125119496004,82.88227378171372,309.8302636384128,True
./data/train/PICAI/10500/,13,0,0.625,0.625,3.5000000489979453,55.58706005699924,90.42022415575984,315.03436374142086,188.40540982626555,265.4129399430008,319.5797758442401,6.052792001326708,220.59839547564275,174.23052684955516,68.87488050399597,279.1177262182863,109.16973636158716,187.76947315044484,350.125119496004,82.88227378171372,309.8302636384128,True
./data/train/PICAI/10500/,14,0,0.625,0.625,3.5000000489979453,55.58706005699924,90.42022415575984,315.03436374142086,188.40540982626555,265.4129399430008,319.5797758442401,6.052792001326708,220.59839547564275,174.23052684955516,68.87488050399597,279.1177262182863,109.16973636158716,187.76947315044484,350.125119496004,82.88227378171372,309.8302636384128,True
