path,curFrame,Deleted,pixelSpacingX,pixelSpacingY,pixelSpacingZ,tra_UL_x,tra_UL_y,tra_LL_x,tra_LL_y,tra_LR_x,tra_LR_y,tra_UR_x,tra_UR_y,cor_UL_x,cor_UL_y,cor_LL_x,cor_LL_y,cor_LR_x,cor_LR_y,cor_UR_x,cor_UR_y,Dirty
./data/train/PICAI/10086/,9,0,0.5625,0.5625,3.6000000635782774,0.0,62.0,270.0,115.0,245.0,242.0,-25.0,189.0,112.0,23.0,211.0,43.0,161.0,295.0,62.0,275.0,True
./data/train/PICAI/10086/,8,0,0.5625,0.5625,3.6000000635782774,-1.5520592360134486,64.15162722449202,269.3317959973882,112.4314053297142,246.55205923601343,239.848372775508,-24.331795997388213,191.5685946702858,113.63020419319786,23.44829741644424,212.96417414242623,41.717463082280986,167.36979580680213,294.55170258355577,68.03582585757374,276.282536917719,True
./data/train/PICAI/10086/,10,0,0.5625,0.5625,3.6000000635782774,0.0,62.0,270.0,115.0,245.0,242.0,-25.0,189.0,112.0,23.0,211.0,43.0,161.0,295.0,62.0,275.0,True
