path,curFrame,Deleted,pixelSpacingX,pixelSpacingY,pixelSpacingZ,tra_UL_x,tra_UL_y,tra_LL_x,tra_LL_y,tra_LR_x,tra_LR_y,tra_UR_x,tra_UR_y,cor_UL_x,cor_UL_y,cor_LL_x,cor_LL_y,cor_LR_x,cor_LR_y,cor_UR_x,cor_UR_y,Dirty
./data/train/PICAI/10097/,11,0,0.5625,0.5625,4.000404357910126,-4.100128241013891,110.2142184454498,269.89411333779555,109.81978004341332,270.10012824101386,242.78578155455023,-2.9015671861542955,243.0583506131816,94.2252650850884,42.73550849131309,203.99709707825951,42.35485003148915,204.7747349149116,311.2644915086869,95.00290292174049,311.64514996851085,True
./data/train/PICAI/10097/,10,0,0.5625,0.5625,4.000404357910126,-0.4431075171478653,103.12979449281252,273.1962777870804,117.07564729298466,266.44310751714784,249.8702055071875,-6.198713736820736,235.85459623327125,101.3278777408192,40.02665720277338,210.96919337781367,45.39153421804147,197.67212225918075,313.97334279722656,88.03080662218625,308.60846578195856,True
./data/train/PICAI/10097/,12,0,0.5625,0.5625,4.000404357910126,-4.100128241013891,110.2142184454498,269.89411333779555,109.81978004341332,270.10012824101386,242.78578155455023,-2.9015671861542955,243.0583506131816,94.2252650850884,42.73550849131309,203.99709707825951,42.35485003148915,204.7747349149116,311.2644915086869,95.00290292174049,311.64514996851085,True
