path,curFrame,Deleted,pixelSpacingX,pixelSpacingY,pixelSpacingZ,tra_UL_x,tra_UL_y,tra_LL_x,tra_LL_y,tra_LR_x,tra_LR_y,tra_UR_x,tra_UR_y,cor_UL_x,cor_UL_y,cor_LL_x,cor_LL_y,cor_LR_x,cor_LR_y,cor_UR_x,cor_UR_y,Dirty
./data/train/PICAI/10324/,9,0,0.5625,0.5625,3.6000000105964003,102.25381133171608,4.655459191735957,285.5234496917392,198.71792247453163,184.746188668284,292.3445408082639,3.3891598201869897,98.8668209349138,200.75886280174976,22.276080897348635,280.3880842800979,107.2712989202012,91.24113719825024,284.7239191026515,11.611915719902242,199.7287010797988,True
./data/train/PICAI/10324/,8,0,0.5625,0.5625,3.6000000105964003,97.25883531780728,6.182556624866436,287.1895130633385,193.73078415880832,189.7411646821928,290.8174433751334,1.7423385892396936,103.78685393139664,196.14585645005369,20.44496221153196,278.69286028930367,102.6093836916526,95.85414354994636,286.5550377884682,13.307139710696504,204.39061630834732,True
./data/train/PICAI/10324/,10,0,0.5625,0.5625,3.6000000105964003,122.6745072049708,0.3149843950334059,277.1523032477013,217.9950490077136,164.32549279502922,296.68501560496657,11.660312326371953,79.85018751576787,218.48879305482208,31.17410379868366,285.5140203645634,126.42439988262016,73.5112069451779,275.8258962013164,6.485979635436706,180.57560011737985,True
