path,curFrame,Deleted,pixelSpacingX,pixelSpacingY,pixelSpacingZ,tra_UL_x,tra_UL_y,tra_LL_x,tra_LL_y,tra_LR_x,tra_LR_y,tra_UR_x,tra_UR_y,cor_UL_x,cor_UL_y,cor_LL_x,cor_LL_y,cor_LR_x,cor_LR_y,cor_UR_x,cor_UR_y,Dirty
./data/train/PICAI/10708/,8,0,0.5625,0.5625,4.0,57.758230221897705,13.91360025113056,309.0111707946613,111.19648596870836,245.2417697781023,277.0863997488694,-6.063506750904367,180.80214356604623,140.4361817199614,-1.3040619446701802,269.7928060196909,48.781663101472304,168.833664266691,312.8597797573166,39.41458715067775,263.7990899246675,True
./data/train/PICAI/10708/,9,0,0.5625,0.5625,4.0,57.758230221897705,13.91360025113056,309.0111707946613,111.19648596870836,245.2417697781023,277.0863997488694,-6.063506750904367,180.80214356604623,140.4361817199614,-1.3040619446701802,269.7928060196909,48.781663101472304,168.833664266691,312.8597797573166,39.41458715067775,263.7990899246675,True
./data/train/PICAI/10708/,10,0,0.5625,0.5625,4.0,57.758230221897705,13.91360025113056,309.0111707946613,111.19648596870836,245.2417697781023,277.0863997488694,-6.063506750904367,180.80214356604623,140.4361817199614,-1.3040619446701802,269.7928060196909,48.781663101472304,168.833664266691,312.8597797573166,39.41458715067775,263.7990899246675,True
