path,curFrame,Deleted,pixelSpacingX,pixelSpacingY,pixelSpacingZ,tra_UL_x,tra_UL_y,tra_LL_x,tra_LL_y,tra_LR_x,tra_LR_y,tra_UR_x,tra_UR_y,cor_UL_x,cor_UL_y,cor_LL_x,cor_LL_y,cor_LR_x,cor_LR_y,cor_UR_x,cor_UR_y,Dirty
./data/train/PICAI/10233/,11,0,0.3125,0.3125,3.2999999739906816,18.31616346315249,258.3776618705763,528.0189283733741,315.7805489310309,499.6838365368475,577.6223381294238,-10.018928373374196,520.2194510689691,196.06235873522104,160.7429538634441,409.6035785716938,184.59976485635005,352.93764126477896,689.2570461365559,140.3950509630608,665.3478991874069,True
./data/train/PICAI/10233/,10,0,0.3125,0.3125,3.2999999739906816,18.31616346315249,258.3776618705763,528.0189283733741,315.7805489310309,499.6838365368475,577.6223381294238,-10.018928373374196,520.2194510689691,196.06235873522104,160.7429538634441,409.6035785716938,184.59976485635005,352.93764126477896,689.2570461365559,140.3950509630608,665.3478991874069,True
./data/train/PICAI/10233/,12,0,0.3125,0.3125,3.2999999739906816,18.31616346315249,258.3776618705763,528.0189283733741,315.7805489310309,499.6838365368475,577.6223381294238,-10.018928373374196,520.2194510689691,196.06235873522104,160.7429538634441,409.6035785716938,184.59976485635005,352.93764126477896,689.2570461365559,140.3950509630608,665.3478991874069,True
