path,curFrame,Deleted,pixelSpacingX,pixelSpacingY,pixelSpacingZ,tra_UL_x,tra_UL_y,tra_LL_x,tra_LL_y,tra_LR_x,tra_LR_y,tra_UR_x,tra_UR_y,cor_UL_x,cor_UL_y,cor_LL_x,cor_LL_y,cor_LR_x,cor_LR_y,cor_UR_x,cor_UR_y,Dirty
./data/train/PICAI/10928/,8,0,0.5625,0.5625,3.6000000635782774,46.52335592286278,25.84025450375884,268.03964999918145,154.2440373868729,199.4766440771372,272.1597454962412,-20.099058546629607,144.23980640432646,148.61595993286116,18.07563036989012,244.2096500501268,72.82822309173476,113.38404006713878,299.9243696301099,18.032271845472792,244.2014811819893,True
./data/train/PICAI/10928/,9,0,0.5625,0.5625,3.6000000635782774,42.27173029627788,28.5842764808386,268.1343100287331,149.17903207410762,203.72826970372208,269.41572351916136,-20.178014827265628,149.2367913075279,143.68703919282933,17.54668955263145,241.13333414608,68.9297568013281,118.3129608071706,300.4533104473685,21.074577544737707,248.09209559793817,True
./data/train/PICAI/10928/,10,0,0.5625,0.5625,3.6000000635782774,42.27173029627788,28.5842764808386,268.1343100287331,149.17903207410762,203.72826970372208,269.41572351916136,-20.178014827265628,149.2367913075279,143.68703919282933,17.54668955263145,241.13333414608,68.9297568013281,118.3129608071706,300.4533104473685,21.074577544737707,248.09209559793817,True
