path,curFrame,Deleted,pixelSpacingX,pixelSpacingY,pixelSpacingZ,tra_UL_x,tra_UL_y,tra_LL_x,tra_LL_y,tra_LR_x,tra_LR_y,tra_UR_x,tra_UR_y,cor_UL_x,cor_UL_y,cor_LL_x,cor_LL_y,cor_LR_x,cor_LR_y,cor_UR_x,cor_UR_y,Dirty
./data/train/PICAI/10240/,10,0,0.5625,0.5625,3.599999957614445,52.168470411554864,27.517902694579305,285.8288088187418,163.61656637442186,219.8315295884452,277.48209730542067,-13.828808818741775,141.38343362557814,167.51017658251843,20.36225382300668,259.5884870973241,73.9774077698064,123.48982341748156,307.63774617699335,31.41151290267591,254.0225922301936,True
./data/train/PICAI/10240/,9,0,0.5625,0.5625,3.599999957614445,52.168470411554864,27.517902694579305,285.8288088187418,163.61656637442186,219.8315295884452,277.48209730542067,-13.828808818741775,141.38343362557814,167.51017658251843,20.36225382300668,259.5884870973241,73.9774077698064,123.48982341748156,307.63774617699335,31.41151290267591,254.0225922301936,True
./data/train/PICAI/10240/,11,0,0.5625,0.5625,3.599999957614445,52.168470411554864,27.517902694579305,285.8288088187418,163.61656637442186,219.8315295884452,277.48209730542067,-13.828808818741775,141.38343362557814,167.51017658251843,20.36225382300668,259.5884870973241,73.9774077698064,123.48982341748156,307.63774617699335,31.41151290267591,254.0225922301936,True
