path,curFrame,Deleted,pixelSpacingX,pixelSpacingY,pixelSpacingZ,tra_UL_x,tra_UL_y,tra_LL_x,tra_LL_y,tra_LR_x,tra_LR_y,tra_UR_x,tra_UR_y,cor_UL_x,cor_UL_y,cor_LL_x,cor_LL_y,cor_LR_x,cor_LR_y,cor_UR_x,cor_UR_y,Dirty
./data/train/PICAI/10442/,16,0,0.392857134342,0.392857134342,3.299999999999983,7.786762200503716,221.9213079365588,435.9073258647759,223.2565861045661,435.21323779949614,424.0786920634412,7.883492323295229,421.5709777166098,173.0926655920987,111.39029452367026,326.0610129705446,112.21776072061849,323.9073344079013,546.6097054763296,172.11142320827952,546.5730574674525,True
./data/train/PICAI/10442/,17,0,0.392857134342,0.392857134342,3.299999999999983,7.786762200503716,221.9213079365588,435.9073258647759,223.2565861045661,435.21323779949614,424.0786920634412,7.883492323295229,421.5709777166098,173.0926655920987,111.39029452367026,326.0610129705446,112.21776072061849,323.9073344079013,546.6097054763296,172.11142320827952,546.5730574674525,True
./data/train/PICAI/10442/,18,0,0.392857134342,0.392857134342,3.299999999999983,7.786762200503716,221.9213079365588,435.9073258647759,223.2565861045661,435.21323779949614,424.0786920634412,7.883492323295229,421.5709777166098,173.0926655920987,111.39029452367026,326.0610129705446,112.21776072061849,323.9073344079013,546.6097054763296,172.11142320827952,546.5730574674525,True
