path,curFrame,Deleted,pixelSpacingX,pixelSpacingY,pixelSpacingZ,tra_UL_x,tra_UL_y,tra_LL_x,tra_LL_y,tra_LR_x,tra_LR_y,tra_UR_x,tra_UR_y,cor_UL_x,cor_UL_y,cor_LL_x,cor_LL_y,cor_LR_x,cor_LR_y,cor_UR_x,cor_UR_y,Dirty
./data/train/PICAI/10663/,9,0,0.5625,0.5625,3.6000000635782774,72.54709251996898,21.068697017232324,296.50053428001706,163.41635566966235,213.452907480031,291.9313029827677,-8.537279913121893,149.9652623210907,168.50967757066408,20.91567780194464,275.37366243479096,89.56761687841723,130.49032242933592,316.08432219805536,23.435528569832584,248.41401030503044,True
./data/train/PICAI/10663/,8,0,0.5625,0.5625,3.6000000635782774,72.54709251996898,21.068697017232324,296.50053428001706,163.41635566966235,213.452907480031,291.9313029827677,-8.537279913121893,149.9652623210907,168.50967757066408,20.91567780194464,275.37366243479096,89.56761687841723,130.49032242933592,316.08432219805536,23.435528569832584,248.41401030503044,True
./data/train/PICAI/10663/,10,0,0.5625,0.5625,3.6000000635782774,72.54709251996898,21.068697017232324,296.50053428001706,163.41635566966235,213.452907480031,291.9313029827677,-8.537279913121893,149.9652623210907,168.50967757066408,20.91567780194464,275.37366243479096,89.56761687841723,130.49032242933592,316.08432219805536,23.435528569832584,248.41401030503044,True
