path,curFrame,Deleted,pixelSpacingX,pixelSpacingY,pixelSpacingZ,tra_UL_x,tra_UL_y,tra_LL_x,tra_LL_y,tra_LR_x,tra_LR_y,tra_UR_x,tra_UR_y,cor_UL_x,cor_UL_y,cor_LL_x,cor_LL_y,cor_LR_x,cor_LR_y,cor_UR_x,cor_UR_y,Dirty
./data/train/PICAI/10747/,9,0,0.5625,0.5625,3.599999822593924,52.247762865901095,48.81497355462862,306.6826797154646,151.8143574739305,249.7522371340989,292.1850264453715,-3.6153591914607546,188.25783494955385,155.18976010048314,33.2034488704175,268.2564439283461,79.2026337346093,167.81023989951686,325.7965511295825,54.74355607165396,279.79736626539074,True
./data/train/PICAI/10747/,10,0,0.5625,0.5625,3.599999822593924,65.50828677055725,39.159157269740575,307.7830152050544,168.18999064684715,236.4917132294428,301.84084273025945,-4.624559274375372,171.9988497778076,170.51648192583696,33.34527700521937,278.15555052390977,90.91116022904716,152.48351807416304,325.6547229947806,44.84444947609025,268.08883977095286,True
./data/train/PICAI/10747/,11,0,0.5625,0.5625,3.599999822593924,65.50828677055725,39.159157269740575,307.7830152050544,168.18999064684715,236.4917132294428,301.84084273025945,-4.624559274375372,171.9988497778076,170.51648192583696,33.34527700521937,278.15555052390977,90.91116022904716,152.48351807416304,325.6547229947806,44.84444947609025,268.08883977095286,True
