path,curFrame,Deleted,pixelSpacingX,pixelSpacingY,pixelSpacingZ,tra_UL_x,tra_UL_y,tra_LL_x,tra_LL_y,tra_LR_x,tra_LR_y,tra_UR_x,tra_UR_y,cor_UL_x,cor_UL_y,cor_LL_x,cor_LL_y,cor_LR_x,cor_LR_y,cor_UR_x,cor_UR_y,Dirty
./data/train/PICAI/10429/,8,0,0.5625,0.5625,3.599999957614445,23.942894900044703,66.85856612236351,269.5741310245316,109.31202110492715,248.0571050999553,238.14143387763647,1.426478148449263,195.7228783917753,119.19757584712522,20.86930454717105,217.87076632574912,38.43636123772696,173.80242415287475,295.13069545282883,75.12923367425087,277.563638762273,True
./data/train/PICAI/10429/,9,0,0.5625,0.5625,3.599999957614445,27.0,63.0,271.0,114.0,245.0,242.0,0.0,191.0,124.0,20.0,222.0,41.0,169.0,296.0,71.0,275.0,True
./data/train/PICAI/10429/,10,0,0.5625,0.5625,3.599999957614445,27.0,63.0,271.0,114.0,245.0,242.0,0.0,191.0,124.0,20.0,222.0,41.0,169.0,296.0,71.0,275.0,True
