path,curFrame,Deleted,pixelSpacingX,pixelSpacingY,pixelSpacingZ,tra_UL_x,tra_UL_y,tra_LL_x,tra_LL_y,tra_LR_x,tra_LR_y,tra_UR_x,tra_UR_y,cor_UL_x,cor_UL_y,cor_LL_x,cor_LL_y,cor_LR_x,cor_LR_y,cor_UR_x,cor_UR_y,Dirty
./data/train/PICAI/10752/,9,0,0.5625,0.5625,3.600000010596389,22.90115236697048,44.999165332584,248.0501891313115,154.45194622046026,193.09884763302955,268.00083466741603,-32.27514018565532,159.52242384432498,134.67827551723346,26.96334412535046,218.84693032581265,66.92129136634686,103.32172448276653,305.0366558746495,20.12743973897261,265.3036596879971,True
./data/train/PICAI/10752/,8,0,0.5625,0.5625,3.600000010596389,22.90115236697048,44.999165332584,248.0501891313115,154.45194622046026,193.09884763302955,268.00083466741603,-32.27514018565532,159.52242384432498,134.67827551723346,26.96334412535046,218.84693032581265,66.92129136634686,103.32172448276653,305.0366558746495,20.12743973897261,265.3036596879971,True
./data/train/PICAI/10752/,10,0,0.5625,0.5625,3.600000010596389,22.901152366970464,44.99916533258399,248.0501891313116,154.45194622046026,193.09884763302955,268.00083466741603,-32.2751401856553,159.52242384432498,134.67827551723346,26.96334412535046,218.84693032581265,66.92129136634686,103.32172448276653,305.0366558746495,20.1274397389726,265.3036596879971,True
