path,curFrame,Deleted,pixelSpacingX,pixelSpacingY,pixelSpacingZ,tra_UL_x,tra_UL_y,tra_LL_x,tra_LL_y,tra_LR_x,tra_LR_y,tra_UR_x,tra_UR_y,cor_UL_x,cor_UL_y,cor_LL_x,cor_LL_y,cor_LR_x,cor_LR_y,cor_UR_x,cor_UR_y,Dirty
./data/train/PICAI/10657/,10,0,0.5625,0.5625,3.5999999576145,26.170922508786376,94.84610068182718,276.90698055946353,196.61264328403763,227.82907749121364,319.1538993181728,-22.906980559463506,217.3873567159624,147.01180600852962,57.47654093385879,248.19622266090107,99.28220833337888,140.98819399147038,363.5234590661413,39.69924887583129,322.7123135619893,True
./data/train/PICAI/10657/,9,0,0.5625,0.5625,3.5999999576145,26.170922508786376,94.84610068182718,276.90698055946353,196.61264328403763,227.82907749121364,319.1538993181728,-22.906980559463506,217.3873567159624,147.01180600852962,57.47654093385879,248.19622266090107,99.28220833337888,140.98819399147038,363.5234590661413,39.69924887583129,322.7123135619893,True
./data/train/PICAI/10657/,11,0,0.5625,0.5625,3.5999999576145,26.170922508786376,94.84610068182718,276.90698055946353,196.61264328403763,227.82907749121364,319.1538993181728,-22.906980559463506,217.3873567159624,147.01180600852962,57.47654093385879,248.19622266090107,99.28220833337888,140.98819399147038,363.5234590661413,39.69924887583129,322.7123135619893,True
