path,curFrame,Deleted,pixelSpacingX,pixelSpacingY,pixelSpacingZ,tra_UL_x,tra_UL_y,tra_LL_x,tra_LL_y,tra_LR_x,tra_LR_y,tra_UR_x,tra_UR_y,cor_UL_x,cor_UL_y,cor_LL_x,cor_LL_y,cor_LR_x,cor_LR_y,cor_UR_x,cor_UR_y,Dirty
./data/train/PICAI/10960/,8,0,0.5625,0.5625,4.00040442316086,32.38164243805102,95.62199284938735,287.6734202576596,159.7321182408083,255.61835756194893,287.3780071506127,1.0336865235271375,222.0431368878,139.29091726739955,61.87080793938563,240.85384357586645,87.40022480943253,177.82976234759508,335.15406470971,76.26683603912814,309.6246478396632,True
./data/train/PICAI/10960/,9,0,0.5625,0.5625,4.00040442316086,35.79573152004585,91.78497463913465,288.69458137666487,164.7656004325558,252.20426847995407,291.2150253608654,0.0548376337766569,217.03507844831503,138.32518842257326,59.54927753721217,244.6996701717113,90.27251707606284,173.06749719223882,335.6759233161536,66.69301544310083,304.95268377730304,True
./data/train/PICAI/10960/,10,0,0.5625,0.5625,4.00040442316086,46.811544190044856,81.02079807820658,290.696435023408,180.03675650511187,241.18845580995512,301.9792019217934,-1.8257582151716465,201.8488279998416,162.2878731022644,61.75914052378491,255.603532273553,99.66939973455672,158.7121268977356,336.24085947621506,65.39646772644701,298.3306002654433,True
