path,curFrame,Deleted,pixelSpacingX,pixelSpacingY,pixelSpacingZ,tra_UL_x,tra_UL_y,tra_LL_x,tra_LL_y,tra_LR_x,tra_LR_y,tra_UR_x,tra_UR_y,cor_UL_x,cor_UL_y,cor_LL_x,cor_LL_y,cor_LR_x,cor_LR_y,cor_UR_x,cor_UR_y,Dirty,h_par_cor,h_orth_cor,h_par_tra,h_orth_tra
./data/train/PICAI/11038/,10,0,0.5625,0.5625,3.599999957614445,17.44960236635562,97.89202161504592,282.48411173677977,155.52628957065215,257.5503976336444,266.1079783849541,-5.466963940029785,207.50876754706604,133.220339391047,63.5743063509875,230.85636538762773,85.28159608496917,179.779660608953,318.4256936490125,82.1436346123723,296.718403915031,True,,,,
./data/train/PICAI/11038/,9,0,0.5625,0.5625,3.599999957614445,25.23692370070225,87.74899629278158,284.23973931547744,168.26322797649604,249.7630762992977,276.25100370721844,-7.1461670614733634,194.95130705467105,144.41480650310095,62.03024347490398,239.7873829838388,92.1644707824996,168.58519349689905,319.96975652509605,73.21261701616126,289.8355292175005,True,,,,
./data/train/PICAI/11038/,11,0,0.5625,0.5625,3.599999957614445,28.594623926624536,83.88848659654325,284.6297558609988,173.39273909522396,246.4053760733754,280.1115134034568,-7.51004662255562,189.8953390379546,144.92314806901825,61.68704119533885,239.1859567864909,95.13136646425671,160.07685193098175,320.31295880466115,65.81404321350914,286.86863353574336,True,,,,
