path,curFrame,Deleted,pixelSpacingX,pixelSpacingY,pixelSpacingZ,tra_UL_x,tra_UL_y,tra_LL_x,tra_LL_y,tra_LR_x,tra_LR_y,tra_UR_x,tra_UR_y,cor_UL_x,cor_UL_y,cor_LL_x,cor_LL_y,cor_LR_x,cor_LR_y,cor_UR_x,cor_UR_y,Dirty
./data/train/PICAI/10414/,7,0,0.5625,0.5625,3.6000000635782783,64.49612120184507,34.59930082502238,290.6959915042232,179.86670486043323,223.50387879815497,282.4006991749776,-0.7036021080397461,137.30760662506205,176.8587058659728,34.390981137953275,269.04464870074156,93.65101778715515,133.1412941340272,304.60901886204675,40.955351299258425,245.34898221284485,True
./data/train/PICAI/10414/,8,0,0.5625,0.5625,3.6000000635782783,64.49612120184507,34.59930082502238,290.6959915042232,179.86670486043323,223.50387879815497,282.4006991749776,-0.7036021080397461,137.30760662506205,172.8587058659728,34.390981137953275,265.04464870074156,93.65101778715515,129.1412941340272,304.60901886204675,36.955351299258425,245.34898221284485,True
./data/train/PICAI/10414/,9,0,0.5625,0.5625,3.6000000635782783,64.49612120184507,34.59930082502238,290.6959915042232,179.86670486043323,223.50387879815497,282.4006991749776,-0.7036021080397461,137.30760662506205,176.8587058659728,34.390981137953275,269.04464870074156,93.65101778715515,133.1412941340272,304.60901886204675,40.955351299258425,245.34898221284485,True
