path,curFrame,Deleted,pixelSpacingX,pixelSpacingY,pixelSpacingZ,tra_UL_x,tra_UL_y,tra_LL_x,tra_LL_y,tra_LR_x,tra_LR_y,tra_UR_x,tra_UR_y,cor_UL_x,cor_UL_y,cor_LL_x,cor_LL_y,cor_LR_x,cor_LR_y,cor_UR_x,cor_UR_y,Dirty
./data/train/PICAI/10001/,8,0,0.5625,0.5625,3.599999904632545,62.55577235730816,4.82433897497782,300.82721663252806,153.6151950213117,217.44422764269183,286.17566102502224,-19.849069031794187,137.59271666950602,153.16543323429838,3.96634538092161,275.0276864832919,79.96365607727564,130.83456676570165,311.03365461907845,8.972313516708056,235.0363439227244,True
./data/train/PICAI/10001/,9,0,0.5625,0.5625,3.599999904632545,62.55577235730816,4.82433897497782,300.82721663252806,153.6151950213117,217.44422764269183,286.17566102502224,-19.849069031794187,137.59271666950602,153.16543323429838,3.96634538092161,275.0276864832919,79.96365607727564,130.83456676570165,311.03365461907845,8.972313516708056,235.0363439227244,True
./data/train/PICAI/10001/,10,0,0.5625,0.5625,3.599999904632545,85.51576108754776,-5.55865652166662,297.57767052646034,178.67420310202414,194.4842389124522,296.55865652166665,-16.64409009996308,112.68416484752116,177.0459233492171,7.603258018725285,285.51925139861964,101.72837210570378,106.95407665078292,307.3967419812748,-1.5192513986196443,213.27162789429627,True
