path,curFrame,Deleted,pixelSpacingX,pixelSpacingY,pixelSpacingZ,tra_UL_x,tra_UL_y,tra_LL_x,tra_LL_y,tra_LR_x,tra_LR_y,tra_UR_x,tra_UR_y,cor_UL_x,cor_UL_y,cor_LL_x,cor_LL_y,cor_LR_x,cor_LR_y,cor_UR_x,cor_UR_y,Dirty,h_par_cor,h_orth_cor,h_par_tra,h_orth_tra
./data/train/PICAI/10925/,14,0,0.392857134342,0.392857134342,3.29999987284341,49.92780864170305,172.52540145614222,452.6474816360335,347.1388745426702,362.072191358297,557.4745985438578,-40.88940353163335,383.83142118360576,257.3979472615004,127.24254039177576,409.9945551895727,193.11571587957303,228.6020527384996,614.7574596082245,76.0054448104272,548.8842841204267,True,,,,
./data/train/PICAI/10925/,15,0,0.392857134342,0.392857134342,3.29999987284341,49.92780864170305,172.52540145614222,452.6474816360335,347.1388745426702,362.072191358297,557.4745985438578,-40.88940353163335,383.83142118360576,257.3979472615004,127.24254039177576,409.9945551895727,193.11571587957303,228.6020527384996,614.7574596082245,76.0054448104272,548.8842841204267,True,,,,
./data/train/PICAI/10925/,-1,0,-1.0,-1.0,-1.0,-1.0,-1.0,-1.0,-1.0,-1.0,-1.0,-1.0,-1.0,-1.0,-1.0,-1.0,-1.0,-1.0,-1.0,-1.0,-1.0,False,80.0,60.0,30.0,160.0
./data/train/PICAI/10925/,16,0,0.392857134342,0.392857134342,3.29999987284341,49.92780864170305,172.52540145614222,452.6474816360335,347.1388745426702,362.072191358297,557.4745985438578,-40.88940353163335,383.83142118360576,257.3979472615004,127.24254039177576,409.9945551895727,193.11571587957303,228.6020527384996,614.7574596082245,76.0054448104272,548.8842841204267,True,,,,
