path,curFrame,Deleted,pixelSpacingX,pixelSpacingY,pixelSpacingZ,tra_UL_x,tra_UL_y,tra_LL_x,tra_LL_y,tra_LR_x,tra_LR_y,tra_UR_x,tra_UR_y,cor_UL_x,cor_UL_y,cor_LL_x,cor_LL_y,cor_LR_x,cor_LR_y,cor_UR_x,cor_UR_y,Dirty
./data/train/PICAI/10754/,10,0,0.5625,0.5625,3.5999999576145,34.056000402890646,30.87055742824353,284.8920796581398,147.54643901417546,219.94399959710933,289.1294425717565,-29.904391317544707,172.6099954508648,137.51368622478614,22.23028872569671,250.7175152848348,74.58382811075913,136.48631377521386,322.7697112743033,22.29479637457005,270.2597374242007,True
./data/train/PICAI/10754/,9,0,0.5625,0.5625,3.5999999576145,34.056000402890646,30.87055742824353,284.8920796581398,147.54643901417546,219.94399959710933,289.1294425717565,-29.904391317544707,172.6099954508648,137.51368622478614,22.23028872569671,250.7175152848348,74.58382811075913,136.48631377521386,322.7697112743033,22.29479637457005,270.2597374242007,True
./data/train/PICAI/10754/,11,0,0.5625,0.5625,3.5999999576145,34.056000402890646,30.87055742824353,284.8920796581398,147.54643901417546,219.94399959710933,289.1294425717565,-29.904391317544707,172.6099954508648,137.51368622478614,22.23028872569671,250.7175152848348,74.58382811075913,136.48631377521386,322.7697112743033,22.29479637457005,270.2597374242007,True
