path,curFrame,Deleted,pixelSpacingX,pixelSpacingY,pixelSpacingZ,tra_UL_x,tra_UL_y,tra_LL_x,tra_LL_y,tra_LR_x,tra_LR_y,tra_UR_x,tra_UR_y,cor_UL_x,cor_UL_y,cor_LL_x,cor_LL_y,cor_LR_x,cor_LR_y,cor_UR_x,cor_UR_y,Dirty
./data/train/PICAI/10865/,10,0,0.5625,0.5625,3.600000015900863,20.05382002252089,75.00502322299023,279.6438797089317,147.28919100546983,241.9461799774791,284.9949767770098,-16.64631565867188,212.7805654682743,125.18045933588292,38.46978792123409,231.3827343415732,67.94989619131574,158.81954066411708,331.530212078766,52.61726565842682,302.05010380868424,True
./data/train/PICAI/10865/,11,0,0.5625,0.5625,3.600000015900863,20.05382002252089,75.00502322299023,279.6438797089317,147.28919100546983,241.9461799774791,284.9949767770098,-16.64631565867188,212.7805654682743,125.18045933588292,38.46978792123409,231.3827343415732,67.94989619131574,158.81954066411708,331.530212078766,52.61726565842682,302.05010380868424,True
./data/train/PICAI/10865/,12,0,0.5625,0.5625,3.600000015900863,20.05382002252089,75.00502322299023,279.6438797089317,147.28919100546983,241.9461799774791,284.9949767770098,-16.64631565867188,212.7805654682743,125.18045933588292,38.46978792123409,231.3827343415732,67.94989619131574,158.81954066411708,331.530212078766,52.61726565842682,302.05010380868424,True
