path,curFrame,Deleted,pixelSpacingX,pixelSpacingY,pixelSpacingZ,tra_UL_x,tra_UL_y,tra_LL_x,tra_LL_y,tra_LR_x,tra_LR_y,tra_UR_x,tra_UR_y,cor_UL_x,cor_UL_y,cor_LL_x,cor_LL_y,cor_LR_x,cor_LR_y,cor_UR_x,cor_UR_y,Dirty
./data/train/PICAI/10471/,11,0,0.5625,0.5625,3.60000004768375,65.4374682609689,25.93325229458869,288.34945605717894,164.30321181161088,221.56253173903104,273.06674770541144,-1.4886291581389344,135.68705625713068,187.56015424872703,11.976095902437493,272.10762446580736,64.25157083946624,124.43984575127295,303.0239040975625,39.89237553419271,250.74842916053376,True
./data/train/PICAI/10471/,12,0,0.5625,0.5625,3.60000004768375,65.4374682609689,25.93325229458869,288.34945605717894,164.30321181161088,221.56253173903104,273.06674770541144,-1.4886291581389344,135.68705625713068,187.56015424872703,11.976095902437493,272.10762446580736,64.25157083946624,124.43984575127295,303.0239040975625,39.89237553419271,250.74842916053376,True
./data/train/PICAI/10471/,13,0,0.5625,0.5625,3.60000004768375,65.4374682609689,25.93325229458869,288.34945605717894,164.30321181161088,221.56253173903104,273.06674770541144,-1.4886291581389344,135.68705625713068,187.56015424872703,11.976095902437493,272.10762446580736,64.25157083946624,124.43984575127295,303.0239040975625,39.89237553419271,250.74842916053376,True
