path,curFrame,Deleted,pixelSpacingX,pixelSpacingY,pixelSpacingZ,tra_UL_x,tra_UL_y,tra_LL_x,tra_LL_y,tra_LR_x,tra_LR_y,tra_UR_x,tra_UR_y,cor_UL_x,cor_UL_y,cor_LL_x,cor_LL_y,cor_LR_x,cor_LR_y,cor_UR_x,cor_UR_y,Dirty
./data/train/PICAI/10518/,10,0,0.5625,0.5625,3.599999980154508,66.97088627966295,5.473680101070272,286.5596296228164,154.0091431965033,193.02911372033708,293.5263198989297,-26.559629622816374,144.99085680349677,133.53930217842628,3.527758381703397,267.0207281211836,93.9442544407897,120.18132643882537,310.86403250071487,-13.300099503931907,220.44753644162856,True
./data/train/PICAI/10518/,11,0,0.5625,0.5625,3.599999980154508,66.97088627966295,5.473680101070272,286.5596296228164,154.0091431965033,193.02911372033708,293.5263198989297,-26.559629622816374,144.99085680349677,133.53930217842628,3.527758381703397,267.0207281211836,93.9442544407897,120.18132643882537,310.86403250071487,-13.300099503931907,220.44753644162856,True
./data/train/PICAI/10518/,12,0,0.5625,0.5625,3.599999980154508,66.97088627966295,5.473680101070272,286.5596296228164,154.0091431965033,193.02911372033708,293.5263198989297,-26.559629622816374,144.99085680349677,133.53930217842628,3.527758381703397,267.0207281211836,93.9442544407897,120.18132643882537,310.86403250071487,-13.300099503931907,220.44753644162856,True
