path,curFrame,Deleted,pixelSpacingX,pixelSpacingY,pixelSpacingZ,tra_UL_x,tra_UL_y,tra_LL_x,tra_LL_y,tra_LR_x,tra_LR_y,tra_UR_x,tra_UR_y,cor_UL_x,cor_UL_y,cor_LL_x,cor_LL_y,cor_LR_x,cor_LR_y,cor_UR_x,cor_UR_y,Dirty,cor_mid_x,cor_mid_y,tra_mid_x,tra_mid_y,Alpha,h_par_cor,h_orth_cor,h_par_tra,h_orth_tra,cor_U_mid_x,cor_U_mid_y,tra_U_mid_x,tra_U_mid_y,tra_L_mid_x,tra_L_mid_y
./data/train/PICAI/10064/,9,0,0.5625,0.5625,3.6000000635782774,127.61924670936018,3.668016054849602,305.4378730540739,224.59681934875903,193.18232541016795,315.4269151808587,15.363699065453943,94.49811188694908,224.15374192830805,19.012274962967066,301.1104255283567,115.22086465118512,80.21652173114957,294.03888182291826,3.2598381311008344,197.83029213470013,True,190.0,206.0,190.0,206.0,-2.214297435588181,80.0,60.0,30.0,160.0,126.0,120.0,62.0,35.0,232.0,262.0
./data/train/PICAI/10064/,8,0,0.5625,0.5625,3.6000000635782774,127.61924670936018,3.668016054849602,305.4378730540739,224.59681934875903,193.18232541016795,315.4269151808587,15.363699065453943,94.49811188694908,224.15374192830805,19.012274962967066,301.1104255283567,115.22086465118512,80.21652173114957,294.03888182291826,3.2598381311008344,197.83029213470013,True,190.0,206.0,190.0,206.0,-2.214297435588181,80.0,60.0,30.0,160.0,126.0,120.0,62.0,35.0,232.0,262.0
./data/train/PICAI/10064/,10,0,0.5625,0.5625,3.6000000635782774,127.61924670936018,3.668016054849602,305.4378730540739,224.59681934875903,193.18232541016795,315.4269151808587,15.363699065453943,94.49811188694908,224.15374192830805,19.012274962967066,301.1104255283567,115.22086465118512,80.21652173114957,294.03888182291826,3.2598381311008344,197.83029213470013,True,190.0,206.0,190.0,206.0,-2.214297435588181,80.0,60.0,30.0,160.0,126.0,120.0,62.0,35.0,232.0,262.0
