path,curFrame,Deleted,pixelSpacingX,pixelSpacingY,pixelSpacingZ,tra_UL_x,tra_UL_y,tra_LL_x,tra_LL_y,tra_LR_x,tra_LR_y,tra_UR_x,tra_UR_y,cor_UL_x,cor_UL_y,cor_LL_x,cor_LL_y,cor_LR_x,cor_LR_y,cor_UR_x,cor_UR_y,Dirty,h_par_cor,h_orth_cor,h_par_tra,h_orth_tra,cor_mid_x,cor_mid_y,tra_mid_x,tra_mid_y,Alpha,cor_U_mid_x,cor_U_mid_y,tra_U_mid_x,tra_U_mid_y,tra_L_mid_x,tra_L_mid_y
./data/train/PICAI/11004/,17,0,0.254629641771,0.254629641771,-1.0,-4.881266471219419,484.9627210674774,624.1329738042577,499.2341097741395,618.0251936807686,825.5029916723546,-9.614044178069094,811.1507409785629,227.95190051822902,347.01411882952266,484.3184491570217,352.89201502387823,470.0533542059776,981.5274475808076,213.68680556718493,975.649551386452,True,80.0,60.0,30.0,160.0,473.0,678.0,473.0,678.0,-3.0329314377492054,238.0,652.0,4.0,626.0,629.0,695.0
./data/train/PICAI/11004/,16,0,0.254629641771,0.254629641771,-1.0,-4.881266471219419,484.9627210674774,624.1329738042577,499.2341097741395,618.0251936807686,825.5029916723546,-9.614044178069094,811.1507409785629,227.95190051822902,347.01411882952266,484.3184491570217,352.89201502387823,470.0533542059776,981.5274475808076,213.68680556718493,975.649551386452,True,80.0,60.0,30.0,160.0,473.0,678.0,473.0,678.0,-3.0329314377492054,238.0,652.0,4.0,626.0,629.0,695.0
./data/train/PICAI/11004/,15,0,0.254629641771,0.254629641771,-1.0,-4.881266471219419,484.9627210674774,624.1329738042577,499.2341097741395,618.0251936807686,825.5029916723546,-9.614044178069094,811.1507409785629,227.95190051822902,347.01411882952266,484.3184491570217,352.89201502387823,470.0533542059776,981.5274475808076,213.68680556718493,975.649551386452,True,80.0,60.0,30.0,160.0,473.0,678.0,473.0,678.0,-3.0329314377492054,238.0,652.0,4.0,626.0,629.0,695.0
