path,curFrame,Deleted,pixelSpacingX,pixelSpacingY,pixelSpacingZ,tra_UL_x,tra_UL_y,tra_LL_x,tra_LL_y,tra_LR_x,tra_LR_y,tra_UR_x,tra_UR_y,cor_UL_x,cor_UL_y,cor_LL_x,cor_LL_y,cor_LR_x,cor_LR_y,cor_UR_x,cor_UR_y,Dirty
./data/train/PICAI/10612/,8,0,0.5625,0.5625,3.6000000164555885,13.185088926495524,91.8826136040206,272.85382610358033,103.80515246359634,266.81491107350445,228.1173863959794,8.140695791787977,216.09031907313607,106.0034754185006,37.93040130726234,207.0235919043428,42.39538341102113,194.9965245814994,301.0695986927377,93.97640809565726,296.60461658897884,True
./data/train/PICAI/10612/,9,0,0.5625,0.5625,3.6000000164555885,18.245632351824995,83.20238311905084,276.4501552671303,113.20945472025284,261.75436764817493,236.7976168809492,4.549235559888899,206.7556457830447,115.2896979727287,35.1469775883387,215.7522731251758,46.64789032337511,185.71030202727133,303.8530224116614,85.24772687482421,292.3521096766249,True
./data/train/PICAI/10612/,10,0,0.5625,0.5625,3.6000000164555885,13.185088926495524,91.8826136040206,272.85382610358033,103.80515246359634,266.81491107350445,228.1173863959794,8.140695791787977,216.09031907313607,106.0034754185006,37.93040130726234,207.0235919043428,42.39538341102113,194.9965245814994,301.0695986927377,93.97640809565726,296.60461658897884,True
