path,curFrame,Deleted,pixelSpacingX,pixelSpacingY,pixelSpacingZ,tra_UL_x,tra_UL_y,tra_LL_x,tra_LL_y,tra_LR_x,tra_LR_y,tra_UR_x,tra_UR_y,cor_UL_x,cor_UL_y,cor_LL_x,cor_LL_y,cor_LR_x,cor_LR_y,cor_UR_x,cor_UR_y,Dirty
./data/train/PICAI/10246/,8,0,0.5625,0.5625,3.5999999576145,84.1605942237949,26.291402981938543,288.4769436249808,196.3820534227332,204.83940577620507,295.7085970180615,2.503592512502508,125.89629277918692,196.38984088516696,32.71235673048008,279.5616364546676,101.96156193707569,109.6101591148331,305.2876432695199,26.438363545332336,236.03843806292429,True
./data/train/PICAI/10246/,9,0,0.5625,0.5625,3.5999999576145,84.1605942237949,26.291402981938543,288.4769436249808,196.3820534227332,204.83940577620507,295.7085970180615,2.503592512502508,125.89629277918692,196.38984088516696,32.71235673048008,279.5616364546676,101.96156193707569,109.6101591148331,305.2876432695199,26.438363545332336,236.03843806292429,True
./data/train/PICAI/10246/,10,0,0.5625,0.5625,3.5999999576145,84.1605942237949,26.291402981938543,288.4769436249808,196.3820534227332,204.83940577620507,295.7085970180615,2.503592512502508,125.89629277918692,196.38984088516696,32.71235673048008,279.5616364546676,101.96156193707569,109.6101591148331,305.2876432695199,26.438363545332336,236.03843806292429,True
