path,curFrame,Deleted,pixelSpacingX,pixelSpacingY,pixelSpacingZ,tra_UL_x,tra_UL_y,tra_LL_x,tra_LL_y,tra_LR_x,tra_LR_y,tra_UR_x,tra_UR_y,cor_UL_x,cor_UL_y,cor_LL_x,cor_LL_y,cor_LR_x,cor_LR_y,cor_UR_x,cor_UR_y,Dirty,h_par_cor,h_orth_cor,h_par_tra,h_orth_tra
./data/train/PICAI/11234/,-1,0,-1.0,-1.0,-1.0,-1.0,-1.0,-1.0,-1.0,-1.0,-1.0,-1.0,-1.0,-1.0,-1.0,-1.0,-1.0,-1.0,-1.0,-1.0,-1.0,False,80.0,60.0,30.0,160.0
./data/train/PICAI/11234/,16,0,0.254629641771,0.254629641771,3.299999827959003,-47.06111585938697,222.96769611550232,645.7292701873283,309.02280056168524,605.0611158593869,630.0323038844977,-87.72927018732832,543.9771994383148,233.3659029831668,86.89865070258054,488.1635561580267,119.44332671239532,402.63409701683327,798.1013492974196,147.94097230524102,766.551195182973,True,,,,
./data/train/PICAI/11234/,15,0,0.254629641771,0.254629641771,3.299999827959003,-47.06111585938697,222.96769611550232,645.7292701873283,309.02280056168524,605.0611158593869,630.0323038844977,-87.72927018732832,543.9771994383148,233.3659029831668,86.89865070258054,488.1635561580267,119.44332671239532,402.63409701683327,798.1013492974196,147.94097230524102,766.551195182973,True,,,,
./data/train/PICAI/11234/,17,0,0.254629641771,0.254629641771,3.299999827959003,-47.06111585938697,222.96769611550232,645.7292701873283,309.02280056168524,605.0611158593869,630.0323038844977,-87.72927018732832,543.9771994383148,233.3659029831668,86.89865070258054,488.1635561580267,119.44332671239532,402.63409701683327,798.1013492974196,147.94097230524102,766.551195182973,True,,,,
