path,curFrame,Deleted,pixelSpacingX,pixelSpacingY,pixelSpacingZ,tra_UL_x,tra_UL_y,tra_LL_x,tra_LL_y,tra_LR_x,tra_LR_y,tra_UR_x,tra_UR_y,cor_UL_x,cor_UL_y,cor_LL_x,cor_LL_y,cor_LR_x,cor_LR_y,cor_UR_x,cor_UR_y,Dirty
./data/train/PICAI/11394/,9,0,0.5625,0.5625,3.599999957614445,44.45944329919324,24.717440702079383,290.26902507741613,162.49497699161822,220.54055670080675,287.28255929792067,-24.45786550207086,150.6634789390609,141.4111988596151,20.548667958730302,258.6676154971537,86.9183354079799,132.5888011403849,312.45133204126967,15.158736325179405,247.0664723450323,True
./data/train/PICAI/11394/,8,0,0.5625,0.5625,3.599999957614445,44.45944329919324,24.717440702079383,290.26902507741613,162.49497699161822,220.54055670080675,287.28255929792067,-24.45786550207086,150.6634789390609,141.4111988596151,20.548667958730302,258.6676154971537,86.9183354079799,132.5888011403849,312.45133204126967,15.158736325179405,247.0664723450323,True
./data/train/PICAI/11394/,10,0,0.5625,0.5625,3.599999957614445,44.45944329919324,24.717440702079383,290.26902507741613,162.49497699161822,220.54055670080675,287.28255929792067,-24.45786550207086,150.6634789390609,141.4111988596151,20.548667958730302,258.6676154971537,86.9183354079799,132.5888011403849,312.45133204126967,15.158736325179405,247.0664723450323,True
