path,curFrame,Deleted,pixelSpacingX,pixelSpacingY,pixelSpacingZ,tra_UL_x,tra_UL_y,tra_LL_x,tra_LL_y,tra_LR_x,tra_LR_y,tra_UR_x,tra_UR_y,cor_UL_x,cor_UL_y,cor_LL_x,cor_LL_y,cor_LR_x,cor_LR_y,cor_UR_x,cor_UR_y,Dirty
./data/train/PICAI/10038/,12,0,0.5625,0.5625,3.6,117.35827372786588,-1.1685072000242656,257.07441174634204,215.3710983625661,150.6417262721341,284.16850720002424,11.891514079947186,67.88772068253645,213.15047496231728,42.79289757891184,267.2881100858395,126.66253727786597,45.84952503768271,269.2071024210883,-8.28811008583935,185.337462722134,True
./data/train/PICAI/10038/,11,0,0.5625,0.5625,3.6,107.91438788527915,1.897975688695681,258.77185711396385,210.8286435618361,156.08561211472082,285.10202431130426,6.206290486770087,76.37926812898165,207.1110329349175,38.57011638098604,265.56387210442927,119.4914707506652,51.8889670650825,273.42988361901405,-6.56387210442918,192.5085292493348,True
./data/train/PICAI/10038/,13,0,0.5625,0.5625,3.6,117.35827372786588,-1.1685072000242656,257.07441174634204,215.3710983625661,150.6417262721341,284.16850720002424,11.891514079947186,67.88772068253645,213.15047496231728,42.79289757891184,267.2881100858395,126.66253727786597,45.84952503768271,269.2071024210883,-8.28811008583935,185.337462722134,True
