path,curFrame,Deleted,pixelSpacingX,pixelSpacingY,pixelSpacingZ,tra_UL_x,tra_UL_y,tra_LL_x,tra_LL_y,tra_LR_x,tra_LR_y,tra_UR_x,tra_UR_y,cor_UL_x,cor_UL_y,cor_LL_x,cor_LL_y,cor_LR_x,cor_LR_y,cor_UR_x,cor_UR_y,Dirty
./data/train/PICAI/11416/,15,0,0.392857134342,0.392857134342,3.299999901384034,116.3709611838765,134.8479590638274,479.0397946474113,398.8353020070055,343.6290388161235,585.1520409361726,-18.228635072065885,322.3231539236737,308.6106850325891,120.52758911825484,464.22233120201207,234.27738286067148,190.38931496741083,612.4724108817453,33.61921286730873,499.53377671467376,True
./data/train/PICAI/11416/,14,0,0.392857134342,0.392857134342,3.299999901384034,116.3709611838765,134.8479590638274,479.0397946474113,398.8353020070055,343.6290388161235,585.1520409361726,-18.228635072065885,322.3231539236737,308.6106850325891,120.52758911825484,464.22233120201207,234.27738286067148,190.38931496741083,612.4724108817453,33.61921286730873,499.53377671467376,True
./data/train/PICAI/11416/,16,0,0.392857134342,0.392857134342,3.299999901384034,116.3709611838765,134.8479590638274,479.0397946474113,398.8353020070055,343.6290388161235,585.1520409361726,-18.228635072065885,322.3231539236737,308.6106850325891,120.52758911825484,464.22233120201207,234.27738286067148,190.38931496741083,612.4724108817453,33.61921286730873,499.53377671467376,True
