path,curFrame,Deleted,pixelSpacingX,pixelSpacingY,pixelSpacingZ,tra_UL_x,tra_UL_y,tra_LL_x,tra_LL_y,tra_LR_x,tra_LR_y,tra_UR_x,tra_UR_y,cor_UL_x,cor_UL_y,cor_LL_x,cor_LL_y,cor_LR_x,cor_LR_y,cor_UR_x,cor_UR_y,Dirty,h_par_cor,h_orth_cor,h_par_tra,h_orth_tra
./data/train/PICAI/11018/,14,0,0.392857134342,0.392857134342,3.299999903431362,183.19168996465723,-14.337782325853624,538.0547852559149,233.4286068400461,400.80831003534274,429.3377823258538,44.91092442036344,180.6069018296373,358.9880008651531,-2.0071230210674003,503.6014541253105,99.0074756079042,252.0119991348469,459.0071230210672,106.39915504767018,358.0274238887982,True,,,,
./data/train/PICAI/11018/,15,0,0.392857134342,0.392857134342,3.299999903431362,183.19168996465723,-14.337782325853624,538.0547852559149,233.4286068400461,400.80831003534274,429.3377823258538,44.91092442036344,180.6069018296373,358.9880008651531,-2.0071230210674003,503.6014541253105,99.0074756079042,252.0119991348469,459.0071230210672,106.39915504767018,358.0274238887982,True,,,,
./data/train/PICAI/11018/,-1,0,-1.0,-1.0,-1.0,-1.0,-1.0,-1.0,-1.0,-1.0,-1.0,-1.0,-1.0,-1.0,-1.0,-1.0,-1.0,-1.0,-1.0,-1.0,-1.0,False,80.0,60.0,30.0,160.0
./data/train/PICAI/11018/,16,0,0.392857134342,0.392857134342,3.299999903431362,183.19168996465723,-14.337782325853624,538.0547852559149,233.4286068400461,400.80831003534274,429.3377823258538,44.91092442036344,180.6069018296373,358.9880008651531,-2.0071230210674003,503.6014541253105,99.0074756079042,252.0119991348469,459.0071230210672,106.39915504767018,358.0274238887982,True,,,,
