path,curFrame,Deleted,pixelSpacingX,pixelSpacingY,pixelSpacingZ,tra_UL_x,tra_UL_y,tra_LL_x,tra_LL_y,tra_LR_x,tra_LR_y,tra_UR_x,tra_UR_y,cor_UL_x,cor_UL_y,cor_LL_x,cor_LL_y,cor_LR_x,cor_LR_y,cor_UR_x,cor_UR_y,Dirty,h_par_cor,h_orth_cor,h_par_tra,h_orth_tra
./data/train/PICAI/10482/,16,0,0.39285713434219,0.39285713434219,3.2999999999999963,126.20817401435195,39.94269074539196,473.6014684886605,319.5279173835082,339.7918259856478,485.05730925460807,-6.364569436905327,204.78645827637047,318.9205355717099,47.95101710970522,456.86285181410005,158.24570143168182,175.07946442829012,506.04898289029467,38.374047237655134,395.06867422819687,True,,,,
./data/train/PICAI/10482/,17,0,0.39285713434219,0.39285713434219,3.2999999999999963,126.20817401435195,39.94269074539196,473.6014684886605,319.5279173835082,339.7918259856478,485.05730925460807,-6.364569436905327,204.78645827637047,318.9205355717099,47.95101710970522,456.86285181410005,158.24570143168182,175.07946442829012,506.04898289029467,38.374047237655134,395.06867422819687,True,,,,
./data/train/PICAI/10482/,-1,0,-1.0,-1.0,-1.0,-1.0,-1.0,-1.0,-1.0,-1.0,-1.0,-1.0,-1.0,-1.0,-1.0,-1.0,-1.0,-1.0,-1.0,-1.0,-1.0,False,80.0,60.0,30.0,160.0
./data/train/PICAI/10482/,18,0,0.39285713434219,0.39285713434219,3.2999999999999963,126.20817401435195,39.94269074539196,473.6014684886605,319.5279173835082,339.7918259856478,485.05730925460807,-6.364569436905327,204.78645827637047,318.9205355717099,47.95101710970522,456.86285181410005,158.24570143168182,175.07946442829012,506.04898289029467,38.374047237655134,395.06867422819687,True,,,,
