path,curFrame,Deleted,pixelSpacingX,pixelSpacingY,pixelSpacingZ,tra_UL_x,tra_UL_y,tra_LL_x,tra_LL_y,tra_LR_x,tra_LR_y,tra_UR_x,tra_UR_y,cor_UL_x,cor_UL_y,cor_LL_x,cor_LL_y,cor_LR_x,cor_LR_y,cor_UR_x,cor_UR_y,Dirty
./data/train/PICAI/11246/,15,0,0.392857134342,0.392857134342,3.2999999999999803,1.704064958009667,182.3050021295977,440.9700375086252,195.0488382538592,435.2959350419902,405.6949978704021,-2.745292637233632,393.6582685273273,176.06637238183546,63.97163919061339,342.0718929267182,69.18385068118795,329.93362761816445,530.0283608093868,164.18692611838415,525.7820751451012,True
./data/train/PICAI/11246/,16,0,0.392857134342,0.392857134342,3.2999999999999803,1.704064958009667,182.3050021295977,440.9700375086252,195.0488382538592,435.2959350419902,405.6949978704021,-2.745292637233632,393.6582685273273,176.06637238183546,63.97163919061339,342.0718929267182,69.18385068118795,329.93362761816445,530.0283608093868,164.18692611838415,525.7820751451012,True
./data/train/PICAI/11246/,17,0,0.392857134342,0.392857134342,3.2999999999999803,1.704064958009667,182.3050021295977,440.9700375086252,195.0488382538592,435.2959350419902,405.6949978704021,-2.745292637233632,393.6582685273273,176.06637238183546,63.97163919061339,342.0718929267182,69.18385068118795,329.93362761816445,530.0283608093868,164.18692611838415,525.7820751451012,True
