path,curFrame,Deleted,pixelSpacingX,pixelSpacingY,pixelSpacingZ,tra_UL_x,tra_UL_y,tra_LL_x,tra_LL_y,tra_LR_x,tra_LR_y,tra_UR_x,tra_UR_y,cor_UL_x,cor_UL_y,cor_LL_x,cor_LL_y,cor_LR_x,cor_LR_y,cor_UR_x,cor_UR_y,Dirty
./data/train/PICAI/10124/,11,0,0.5625,0.5625,3.60000009536745,28.162697248985708,41.1397304179756,286.53884317958057,116.94716550221987,244.8373027510143,260.8602695820244,-13.625998922328336,186.04902919587187,123.67790456958932,16.628246092742074,241.12953051465496,50.99560797666294,165.32209543041074,309.37175390725787,47.87046948534501,275.0043920233371,True
./data/train/PICAI/10124/,10,0,0.5625,0.5625,3.60000009536745,28.162697248985708,41.1397304179756,286.53884317958057,116.94716550221987,244.8373027510143,260.8602695820244,-13.625998922328336,186.04902919587187,123.67790456958932,16.628246092742074,241.12953051465496,50.99560797666294,165.32209543041074,309.37175390725787,47.87046948534501,275.0043920233371,True
./data/train/PICAI/10124/,12,0,0.5625,0.5625,3.60000009536745,28.162697248985708,41.1397304179756,286.53884317958057,116.94716550221987,244.8373027510143,260.8602695820244,-13.625998922328336,186.04902919587187,123.67790456958932,16.628246092742074,241.12953051465496,50.99560797666294,165.32209543041074,309.37175390725787,47.87046948534501,275.0043920233371,True
