path,curFrame,Deleted,pixelSpacingX,pixelSpacingY,pixelSpacingZ,tra_UL_x,tra_UL_y,tra_LL_x,tra_LL_y,tra_LR_x,tra_LR_y,tra_UR_x,tra_UR_y,cor_UL_x,cor_UL_y,cor_LL_x,cor_LL_y,cor_LR_x,cor_LR_y,cor_UR_x,cor_UR_y,Dirty
./data/train/PICAI/10167/,10,0,0.5625,0.5625,3.600000075871654,18.73329447322945,41.87263036150395,279.20160971088984,101.32224564415128,248.2667055267705,237.127369638496,-11.255316132378226,176.62678886485122,123.61364870505945,9.92662421962899,225.9929744463168,33.600949146974315,166.38635129494057,291.073375780371,64.00702555368325,267.39905085302564,True
./data/train/PICAI/10167/,11,0,0.5625,0.5625,3.600000075871654,20.454606532700154,39.88454429244743,279.8457123358903,103.8709040122987,246.54539346729985,239.1154557075525,-11.881221005573735,174.09480566397974,122.0702496383288,9.574790930632927,224.02080857163,35.032275747234124,159.9297503616712,291.4252090693671,57.979191428370015,265.96772425276583,True
./data/train/PICAI/10167/,12,0,0.5625,0.5625,3.600000075871654,24.0,36.0,281.0,109.0,243.0,243.0,-13.0,169.0,131.0,9.0,232.0,38.0,159.0,292.0,58.0,263.0,True
