path,curFrame,Deleted,pixelSpacingX,pixelSpacingY,pixelSpacingZ,tra_UL_x,tra_UL_y,tra_LL_x,tra_LL_y,tra_LR_x,tra_LR_y,tra_UR_x,tra_UR_y,cor_UL_x,cor_UL_y,cor_LL_x,cor_LL_y,cor_LR_x,cor_LR_y,cor_UR_x,cor_UR_y,Dirty
./data/train/PICAI/10110/,15,0,0.392857134342,0.392857134342,3.299999999999987,66.56551774625771,144.44731465059823,449.3822284396071,359.7990409355868,350.4344822537423,535.5526853494018,-31.399833150887872,319.1836589628196,270.0668117481797,126.301267519446,404.4078429060878,201.96821768548585,193.93318825182035,577.6987324805539,58.592309398755816,502.0492347209515,True
./data/train/PICAI/10110/,14,0,0.392857134342,0.392857134342,3.299999999999987,56.52559723767757,152.1435896621161,450.0883094573469,347.16510527077367,360.4744027623224,527.856410337884,-32.160501880831106,331.7675742052224,260.2024835184844,124.61831679428624,398.3195071550829,193.1507017065839,207.7975164815156,579.3816832057137,68.68292879465736,510.9190547671603,True
./data/train/PICAI/10110/,16,0,0.392857134342,0.392857134342,3.299999999999987,56.52559723767757,152.1435896621161,450.0883094573469,347.16510527077367,360.4744027623224,527.856410337884,-32.160501880831106,331.7675742052224,260.2024835184844,124.61831679428624,398.3195071550829,193.1507017065839,207.7975164815156,579.3816832057137,68.68292879465736,510.9190547671603,True
