path,curFrame,Deleted,pixelSpacingX,pixelSpacingY,pixelSpacingZ,tra_UL_x,tra_UL_y,tra_LL_x,tra_LL_y,tra_LR_x,tra_LR_y,tra_UR_x,tra_UR_y,cor_UL_x,cor_UL_y,cor_LL_x,cor_LL_y,cor_LR_x,cor_LR_y,cor_UR_x,cor_UR_y,Dirty
./data/train/PICAI/10079/,13,0,0.625,0.625,3.500000099144141,83.88312212007756,28.738542936431728,231.1964660659568,206.24566587938045,146.1168778799224,284.2614570635682,-0.218318465223021,106.96224581143736,188.4388189239104,45.45144101871955,253.44568962363329,119.58717303661714,62.5611810760896,286.5485589812804,-2.4456896236333137,212.41282696338288,True
./data/train/PICAI/10079/,14,0,0.625,0.625,3.500000099144141,79.44326713183538,29.902335141038293,232.861781020674,202.1601639794985,150.5567328681646,283.09766485896165,-1.8769732676618247,111.01348419816846,184.1933942593135,43.32834284024358,251.74796426492907,115.15020630365142,66.8066057406865,288.6716571597564,-0.7479642649290952,216.84979369634857,True
./data/train/PICAI/10079/,15,0,0.625,0.625,3.500000099144141,77.2392486933445,30.542167132183,233.64070984031144,200.0962380095696,152.7607513066555,282.45783286781693,-2.653021499716303,113.06019645547072,184.0435393519928,42.32268535600527,252.84128482163507,112.95462018929668,70.95646064800721,289.6773146439947,2.158715178364901,219.04537981070328,True
