path,curFrame,Deleted,pixelSpacingX,pixelSpacingY,pixelSpacingZ,tra_UL_x,tra_UL_y,tra_LL_x,tra_LL_y,tra_LR_x,tra_LR_y,tra_UR_x,tra_UR_y,cor_UL_x,cor_UL_y,cor_LL_x,cor_LL_y,cor_LR_x,cor_LR_y,cor_UR_x,cor_UR_y,Dirty
./data/train/PICAI/11445/,10,0,0.5625,0.5625,3.6000000635782783,45.23840506221028,33.611828722390655,271.60985923208347,176.54525636273345,200.76159493778968,289.3881712776094,-24.92423489196213,147.69164268902188,151.6590024034613,29.81153507844843,251.18554130253048,92.68019225173394,113.34099759653864,312.1884649215516,13.814458697469505,249.31980774826616,True
./data/train/PICAI/11445/,11,0,0.5625,0.5625,3.6000000635782783,45.23840506221028,33.611828722390655,271.60985923208347,176.54525636273345,200.76159493778968,289.3881712776094,-24.92423489196213,147.69164268902188,151.6590024034613,29.81153507844843,251.18554130253048,92.68019225173394,113.34099759653864,312.1884649215516,13.814458697469505,249.31980774826616,True
./data/train/PICAI/11445/,12,0,0.5625,0.5625,3.6000000635782783,45.23840506221028,33.611828722390655,271.60985923208347,176.54525636273345,200.76159493778968,289.3881712776094,-24.92423489196213,147.69164268902188,151.6590024034613,29.81153507844843,251.18554130253048,92.68019225173394,113.34099759653864,312.1884649215516,13.814458697469505,249.31980774826616,True
