path,curFrame,Deleted,pixelSpacingX,pixelSpacingY,pixelSpacingZ,tra_UL_x,tra_UL_y,tra_LL_x,tra_LL_y,tra_LR_x,tra_LR_y,tra_UR_x,tra_UR_y,cor_UL_x,cor_UL_y,cor_LL_x,cor_LL_y,cor_LR_x,cor_LR_y,cor_UR_x,cor_UR_y,Dirty,h_par_cor,h_orth_cor,h_par_tra,h_orth_tra
./data/train/PICAI/11322/,6,0,0.5625,0.5625,3.0,33.797258506964,45.81376120042701,249.47123653321032,194.1705446730215,177.202741493036,298.186238799573,-37.47671463784189,149.93398379024617,142.2959702344582,47.21663787260954,230.4500767724256,107.76293008355093,85.7040297655418,317.78336212739043,-1.455554877057267,257.34159837971674,True,,,,
./data/train/PICAI/11322/,7,0,0.5625,0.5625,3.0,33.797258506964,45.81376120042701,249.47123653321032,194.1705446730215,177.202741493036,298.186238799573,-37.47671463784189,149.93398379024617,142.2959702344582,47.21663787260954,230.4500767724256,107.76293008355093,85.7040297655418,317.78336212739043,-1.455554877057267,257.34159837971674,True,,,,
./data/train/PICAI/11322/,-1,0,-1.0,-1.0,-1.0,-1.0,-1.0,-1.0,-1.0,-1.0,-1.0,-1.0,-1.0,-1.0,-1.0,-1.0,-1.0,-1.0,-1.0,-1.0,-1.0,False,80.0,60.0,30.0,160.0
./data/train/PICAI/11322/,8,0,0.5625,0.5625,3.0,33.797258506964,45.81376120042701,249.47123653321032,194.1705446730215,177.202741493036,298.186238799573,-37.47671463784189,149.93398379024617,142.2959702344582,47.21663787260954,230.4500767724256,107.76293008355093,85.7040297655418,317.78336212739043,-1.455554877057267,257.34159837971674,True,,,,
