path,curFrame,Deleted,pixelSpacingX,pixelSpacingY,pixelSpacingZ,tra_UL_x,tra_UL_y,tra_LL_x,tra_LL_y,tra_LR_x,tra_LR_y,tra_UR_x,tra_UR_y,cor_UL_x,cor_UL_y,cor_LL_x,cor_LL_y,cor_LR_x,cor_LR_y,cor_UR_x,cor_UR_y,Dirty
./data/train/PICAI/10853/,9,0,0.5625,0.5625,4.00040434168655,40.71222671471783,36.58652164948157,280.2795834695952,169.77992080079613,220.28777328528216,277.4134783505184,-18.31832177365675,144.49571655502083,165.40273419967514,23.634978096478303,256.83613064577577,74.82026909233188,128.59726580032486,304.36502190352184,36.88823199840728,254.14099260360635,True
./data/train/PICAI/10853/,10,0,0.5625,0.5625,4.00040434168655,40.71222671471783,36.58652164948157,280.2795834695952,169.77992080079613,220.28777328528216,277.4134783505184,-18.31832177365675,144.49571655502083,165.40273419967514,23.634978096478303,256.83613064577577,74.82026909233188,128.59726580032486,304.36502190352184,36.88823199840728,254.14099260360635,True
./data/train/PICAI/10853/,11,0,0.5625,0.5625,4.00040434168655,40.71222671471783,36.58652164948157,280.2795834695952,169.77992080079613,220.28777328528216,277.4134783505184,-18.31832177365675,144.49571655502083,165.40273419967514,23.634978096478303,256.83613064577577,74.82026909233188,128.59726580032486,304.36502190352184,36.88823199840728,254.14099260360635,True
