path,curFrame,Deleted,pixelSpacingX,pixelSpacingY,pixelSpacingZ,tra_UL_x,tra_UL_y,tra_LL_x,tra_LL_y,tra_LR_x,tra_LR_y,tra_UR_x,tra_UR_y,cor_UL_x,cor_UL_y,cor_LL_x,cor_LL_y,cor_LR_x,cor_LR_y,cor_UR_x,cor_UR_y,Dirty
./data/train/PICAI/10931/,14,0,0.392857134342,0.392857134342,3.2999999999999767,95.1547193468714,118.95493466805536,479.445059683732,333.4798384060131,369.8452806531286,530.0450653319447,-13.4573713431368,315.3637271289467,277.12165207872334,120.82857045272532,425.897508547696,203.5736278998239,220.87834792127663,571.1714295472748,71.11480311170874,488.5828065652164,True
./data/train/PICAI/10931/,15,0,0.392857134342,0.392857134342,3.2999999999999767,95.1547193468714,118.95493466805536,479.445059683732,333.4798384060131,369.8452806531286,530.0450653319447,-13.4573713431368,315.3637271289467,277.12165207872334,120.82857045272532,425.897508547696,203.5736278998239,220.87834792127663,571.1714295472748,71.11480311170874,488.5828065652164,True
./data/train/PICAI/10931/,16,0,0.392857134342,0.392857134342,3.2999999999999767,95.1547193468714,118.95493466805536,479.445059683732,333.4798384060131,369.8452806531286,530.0450653319447,-13.4573713431368,315.3637271289467,277.12165207872334,120.82857045272532,425.897508547696,203.5736278998239,220.87834792127663,571.1714295472748,71.11480311170874,488.5828065652164,True
