path,curFrame,Deleted,pixelSpacingX,pixelSpacingY,pixelSpacingZ,tra_UL_x,tra_UL_y,tra_LL_x,tra_LL_y,tra_LR_x,tra_LR_y,tra_UR_x,tra_UR_y,cor_UL_x,cor_UL_y,cor_LL_x,cor_LL_y,cor_LR_x,cor_LR_y,cor_UR_x,cor_UR_y,Dirty
./data/train/PICAI/10231/,9,0,0.5625,0.5625,3.599999957614445,23.902441212730366,53.05016567769847,292.9520012558047,114.51018716018854,261.0975587872696,254.9498343223016,-7.847472792537076,192.4952909444432,123.61917840773005,23.049458539817948,242.492929261544,49.62070913035989,184.38082159227,305.9505414601821,64.51254884308773,279.2747624063725,True
./data/train/PICAI/10231/,10,0,0.5625,0.5625,3.599999957614445,14.0,66.0,288.0,99.0,271.0,242.0,-3.0,208.0,109.0,27.0,230.0,41.0,199.0,302.0,77.0,288.0,True
./data/train/PICAI/10231/,11,0,0.5625,0.5625,3.599999957614445,14.0,66.0,288.0,99.0,271.0,242.0,-3.0,208.0,109.0,27.0,230.0,41.0,199.0,302.0,77.0,288.0,True
