path,curFrame,Deleted,pixelSpacingX,pixelSpacingY,pixelSpacingZ,tra_UL_x,tra_UL_y,tra_LL_x,tra_LL_y,tra_LR_x,tra_LR_y,tra_UR_x,tra_UR_y,cor_UL_x,cor_UL_y,cor_LL_x,cor_LL_y,cor_LR_x,cor_LR_y,cor_UR_x,cor_UR_y,Dirty,h_par_cor,h_orth_cor,h_par_tra,h_orth_tra
./data/train/PICAI/10965/,7,0,0.5625,0.5625,3.5999999576145,72.03733953089723,23.204456189521267,303.033151688058,174.68691314693174,228.9626604691028,287.7955438104788,-1.10534411154228,137.3804073770722,151.26033747029345,14.98164062672982,272.4686849894197,94.39735151849922,131.0106515905095,311.05751118545976,9.948741136262528,230.5280860120384,True,,,,
./data/train/PICAI/10965/,8,0,0.5625,0.5625,3.5999999576145,72.03733953089723,23.204456189521267,303.033151688058,174.68691314693174,228.9626604691028,287.7955438104788,-1.10534411154228,137.3804073770722,151.26033747029345,14.98164062672982,272.4686849894197,94.39735151849922,131.0106515905095,311.05751118545976,9.948741136262528,230.5280860120384,True,,,,
./data/train/PICAI/10965/,-1,0,-1.0,-1.0,-1.0,-1.0,-1.0,-1.0,-1.0,-1.0,-1.0,-1.0,-1.0,-1.0,-1.0,-1.0,-1.0,-1.0,-1.0,-1.0,-1.0,False,80.0,60.0,30.0,160.0
./data/train/PICAI/10965/,9,0,0.5625,0.5625,3.5999999576145,72.03733953089723,23.204456189521267,303.033151688058,174.68691314693174,228.9626604691028,287.7955438104788,-1.10534411154228,137.3804073770722,151.26033747029345,14.98164062672982,272.4686849894197,94.39735151849922,131.0106515905095,311.05751118545976,9.948741136262528,230.5280860120384,True,,,,
