path,curFrame,Deleted,pixelSpacingX,pixelSpacingY,pixelSpacingZ,tra_UL_x,tra_UL_y,tra_LL_x,tra_LL_y,tra_LR_x,tra_LR_y,tra_UR_x,tra_UR_y,cor_UL_x,cor_UL_y,cor_LL_x,cor_LL_y,cor_LR_x,cor_LR_y,cor_UR_x,cor_UR_y,Dirty,h_par_cor,h_orth_cor,h_par_tra,h_orth_tra
./data/train/PICAI/11005/,14,0,0.392857134342,0.392857134342,3.299999999999987,87.77867750843589,87.64982563441342,438.022302293532,316.0122640900335,330.22132249156414,480.35017436558655,-19.022911466513,252.02263540666897,279.1207059364219,70.76506848770742,414.1399818387496,158.53063767523744,169.87929406357807,534.2349315122926,33.89552683093379,445.4350720010409,True,,,,
./data/train/PICAI/11005/,-1,0,-1.0,-1.0,-1.0,-1.0,-1.0,-1.0,-1.0,-1.0,-1.0,-1.0,-1.0,-1.0,-1.0,-1.0,-1.0,-1.0,-1.0,-1.0,-1.0,False,80.0,60.0,30.0,160.0
./data/train/PICAI/11005/,15,0,0.392857134342,0.392857134342,3.299999999999987,98.22098125180688,81.57468289468454,436.03304273515766,327.95449358616327,319.77901874819315,486.42531710531546,-17.036848037065994,240.1326621565844,287.1739193928443,73.9412800333435,417.41486108144966,168.65293247413518,153.8260806071557,531.0587199666566,22.676099963206298,435.2637170850254,True,,,,
./data/train/PICAI/11005/,16,0,0.392857134342,0.392857134342,3.299999999999987,105.35300652369908,77.83186292900723,434.3607506357805,335.85105662257564,312.64699347630096,490.1681370709928,-15.368204484139255,232.27081272082947,293.1098877364234,76.40739806009066,419.96610116029865,175.60669803623068,143.8901122635766,528.5926019399094,16.16322203146521,428.2788864687228,True,,,,
