path,curFrame,Deleted,pixelSpacingX,pixelSpacingY,pixelSpacingZ,tra_UL_x,tra_UL_y,tra_LL_x,tra_LL_y,tra_LR_x,tra_LR_y,tra_UR_x,tra_UR_y,cor_UL_x,cor_UL_y,cor_LL_x,cor_LL_y,cor_LR_x,cor_LR_y,cor_UR_x,cor_UR_y,Dirty
./data/train/PICAI/11154/,11,0,0.3125,0.3125,3.300000052236344,-44.43240736853053,256.3562730249818,528.1529141056794,214.3318797244772,548.4324073685304,486.64372697501824,-24.152914105679457,528.6681202755228,150.10526428159122,137.56990987164411,376.58482484590775,121.69512966547752,413.8947357184088,623.4300901283559,187.41517515409228,639.3048703345225,True
./data/train/PICAI/11154/,10,0,0.3125,0.3125,3.300000052236344,-44.43240736853053,256.3562730249818,528.1529141056794,214.3318797244772,548.4324073685304,486.64372697501824,-24.152914105679457,528.6681202755228,150.10526428159122,137.56990987164411,376.58482484590775,121.69512966547752,413.8947357184088,623.4300901283559,187.41517515409228,639.3048703345225,True
./data/train/PICAI/11154/,12,0,0.3125,0.3125,3.300000052236344,-44.43240736853053,256.3562730249818,528.1529141056794,214.3318797244772,548.4324073685304,486.64372697501824,-24.152914105679457,528.6681202755228,150.10526428159122,137.56990987164411,376.58482484590775,121.69512966547752,413.8947357184088,623.4300901283559,187.41517515409228,639.3048703345225,True
