path,curFrame,Deleted,pixelSpacingX,pixelSpacingY,pixelSpacingZ,tra_UL_x,tra_UL_y,tra_LL_x,tra_LL_y,tra_LR_x,tra_LR_y,tra_UR_x,tra_UR_y,cor_UL_x,cor_UL_y,cor_LL_x,cor_LL_y,cor_LR_x,cor_LR_y,cor_UR_x,cor_UR_y,Dirty
./data/train/PICAI/10746/,9,0,0.5625,0.5625,3.599999957614445,31.77108922540729,31.36382751849452,278.7316036763016,139.69436015888056,224.22891077459272,264.63617248150547,-21.98218466586013,157.50496096024855,142.04990957784756,16.701553837364315,243.5322744982172,61.68299012133562,138.95009042215244,301.29844616263586,37.46772550178292,256.3170098786644,True
./data/train/PICAI/10746/,8,0,0.5625,0.5625,3.599999957614445,44.49004113814031,21.94411251000399,278.7740559491017,155.4956022211164,211.50995886185967,274.05588748999594,-22.15410552795948,141.77548450894005,159.44824470358645,15.648834391149826,259.14025041049103,72.98590820416736,130.0843430862344,300.3569107192486,30.39233737932992,243.01983690623092,True
./data/train/PICAI/10746/,10,0,0.5625,0.5625,3.599999957614445,31.77108922540729,31.36382751849452,278.7316036763016,139.69436015888056,224.22891077459272,264.63617248150547,-21.98218466586013,157.50496096024855,140.04990957784756,16.701553837364315,241.5322744982172,61.68299012133562,136.95009042215244,301.29844616263586,35.46772550178292,256.3170098786644,True
