path,curFrame,Deleted,pixelSpacingX,pixelSpacingY,pixelSpacingZ,tra_UL_x,tra_UL_y,tra_LL_x,tra_LL_y,tra_LR_x,tra_LR_y,tra_UR_x,tra_UR_y,cor_UL_x,cor_UL_y,cor_LL_x,cor_LL_y,cor_LR_x,cor_LR_y,cor_UR_x,cor_UR_y,Dirty
./data/train/PICAI/10680/,9,0,0.5625,0.5625,4.000404299778493,83.716311130596,14.693885503842068,266.0478106593018,207.5259997369586,179.283688869404,289.3061144961581,-2.13426520165919,96.88073690611724,214.545390128982,33.27022493750678,279.38132579315953,101.54394936023508,80.45460987101791,287.7297750624932,16.532219664482994,219.8627872828408,True
./data/train/PICAI/10680/,8,0,0.5625,0.5625,4.000404299778493,83.716311130596,14.693885503842068,266.0478106593018,207.5259997369586,179.283688869404,289.3061144961581,-2.13426520165919,96.88073690611724,214.545390128982,33.27022493750678,279.38132579315953,101.54394936023508,80.45460987101791,287.7297750624932,16.532219664482994,219.8627872828408,True
./data/train/PICAI/10680/,10,0,0.5625,0.5625,4.000404299778493,83.716311130596,14.693885503842068,266.0478106593018,207.5259997369586,179.283688869404,289.3061144961581,-2.13426520165919,96.88073690611724,214.545390128982,33.27022493750678,279.38132579315953,101.54394936023508,80.45460987101791,287.7297750624932,16.532219664482994,219.8627872828408,True
