path,curFrame,Deleted,pixelSpacingX,pixelSpacingY,pixelSpacingZ,tra_UL_x,tra_UL_y,tra_LL_x,tra_LL_y,tra_LR_x,tra_LR_y,tra_UR_x,tra_UR_y,cor_UL_x,cor_UL_y,cor_LL_x,cor_LL_y,cor_LR_x,cor_LR_y,cor_UR_x,cor_UR_y,Dirty
./data/train/PICAI/10251/,10,0,0.5625,0.5625,3.6,47.34287026088987,50.4840054330641,295.4627137412246,158.00862248094887,235.65712973911013,296.5159945669359,-10.473669950487988,189.2004344455864,137.27714547570773,36.49469897971196,255.6312570018345,87.14353198562775,150.72285452429227,329.505301020288,32.36874299816547,278.8564680143722,True
./data/train/PICAI/10251/,9,0,0.5625,0.5625,3.6,56.153394291729455,44.21559686459844,296.1682921778579,168.78625469665542,226.8466057082705,302.7844031354016,-11.198676671833482,178.56104165867848,147.51321519543632,36.382615904557326,262.04593806459457,95.16403637205369,140.48678480456368,329.61738409544256,25.95406193540545,270.8359636279462,True
./data/train/PICAI/10251/,11,0,0.5625,0.5625,3.6,47.34287026088987,50.4840054330641,295.4627137412246,158.00862248094887,235.65712973911013,296.5159945669359,-10.473669950487988,189.2004344455864,137.27714547570773,36.49469897971196,255.6312570018345,87.14353198562775,150.72285452429227,329.505301020288,32.36874299816547,278.8564680143722,True
