path,curFrame,Deleted,pixelSpacingX,pixelSpacingY,pixelSpacingZ,tra_UL_x,tra_UL_y,tra_LL_x,tra_LL_y,tra_LR_x,tra_LR_y,tra_UR_x,tra_UR_y,cor_UL_x,cor_UL_y,cor_LL_x,cor_LL_y,cor_LR_x,cor_LR_y,cor_UR_x,cor_UR_y,Dirty,h_par_cor,h_orth_cor,h_par_tra,h_orth_tra
./data/train/PICAI/11261/,11,0,0.34375,0.34375,3.300000017339545,108.286172445915,184.44193533047127,587.4203764813302,352.8296264582645,512.713827554085,564.5580646695287,33.597075925107106,395.1705258465791,332.51373163669194,129.77758470551362,513.4214153624808,193.94463208163907,353.48626836330806,647.2224152944864,172.57858463751916,583.055367918361,True,,,,
./data/train/PICAI/11261/,10,0,0.34375,0.34375,3.300000017339545,92.49100531832671,202.7892599809605,584.4779133426221,328.776887677864,528.5089946816734,546.2107400190393,36.45233018363376,419.22554827187616,310.00449078324624,131.67604011399737,495.816292828926,179.83176895841572,375.99550921675376,645.3239598860027,190.1837071710741,597.1682310415844,True,,,,
./data/train/PICAI/11261/,-1,0,-1.0,-1.0,-1.0,-1.0,-1.0,-1.0,-1.0,-1.0,-1.0,-1.0,-1.0,-1.0,-1.0,-1.0,-1.0,-1.0,-1.0,-1.0,-1.0,False,80.0,60.0,30.0,160.0
./data/train/PICAI/11261/,12,0,0.34375,0.34375,3.300000017339545,92.49100531832671,202.7892599809605,584.4779133426221,328.776887677864,528.5089946816734,546.2107400190393,36.45233018363376,419.22554827187616,310.00449078324624,131.67604011399737,495.816292828926,179.83176895841572,375.99550921675376,645.3239598860027,190.1837071710741,597.1682310415844,True,,,,
