path,curFrame,Deleted,pixelSpacingX,pixelSpacingY,pixelSpacingZ,tra_UL_x,tra_UL_y,tra_LL_x,tra_LL_y,tra_LR_x,tra_LR_y,tra_UR_x,tra_UR_y,cor_UL_x,cor_UL_y,cor_LL_x,cor_LL_y,cor_LR_x,cor_LR_y,cor_UR_x,cor_UR_y,Dirty
./data/train/PICAI/10421/,9,0,0.5625,0.5625,3.5999999046325497,63.15127500611362,18.94177106331492,281.5275368786173,164.52957361075266,198.8487249938864,286.05822893668505,-17.532408778097675,140.6099393367356,153.12642540723854,17.017117187764683,259.391620666455,88.6041849899914,113.87357459276144,305.9828828122353,7.60837933354496,234.39581501000856,True
./data/train/PICAI/10421/,10,0,0.5625,0.5625,3.5999999046325497,63.15127500611362,18.94177106331492,281.5275368786173,164.52957361075266,198.8487249938864,286.05822893668505,-17.532408778097675,140.6099393367356,153.12642540723854,17.017117187764683,259.391620666455,88.6041849899914,113.87357459276144,305.9828828122353,7.60837933354496,234.39581501000856,True
./data/train/PICAI/10421/,11,0,0.5625,0.5625,3.5999999046325497,63.15127500611362,18.94177106331492,281.5275368786173,164.52957361075266,198.8487249938864,286.05822893668505,-17.532408778097675,140.6099393367356,153.12642540723854,17.017117187764683,259.391620666455,88.6041849899914,113.87357459276144,305.9828828122353,7.60837933354496,234.39581501000856,True
