path,curFrame,Deleted,pixelSpacingX,pixelSpacingY,pixelSpacingZ,tra_UL_x,tra_UL_y,tra_LL_x,tra_LL_y,tra_LR_x,tra_LR_y,tra_UR_x,tra_UR_y,cor_UL_x,cor_UL_y,cor_LL_x,cor_LL_y,cor_LR_x,cor_LR_y,cor_UR_x,cor_UR_y,Dirty
./data/train/PICAI/11269/,9,0,0.5625,0.5625,3.6000000635782774,47.939505574042514,40.64230744059751,281.3070378385037,158.20758668917395,222.06049442595747,274.3576925594025,-10.239717314499586,155.86460573431037,174.16008566924054,20.05321339950692,259.3647325635725,63.101652948603416,133.83991433075946,309.9467866004931,49.632831486687394,266.96810352514075,True
./data/train/PICAI/11269/,10,0,0.5625,0.5625,3.6000000635782774,47.939505574042514,40.64230744059751,281.3070378385037,158.20758668917395,222.06049442595747,274.3576925594025,-10.239717314499586,155.86460573431037,174.16008566924054,20.05321339950692,259.3647325635725,63.101652948603416,133.83991433075946,309.9467866004931,49.632831486687394,266.96810352514075,True
./data/train/PICAI/11269/,11,0,0.5625,0.5625,3.6000000635782774,47.939505574042514,40.64230744059751,281.3070378385037,158.20758668917395,222.06049442595747,274.3576925594025,-10.239717314499586,155.86460573431037,174.16008566924054,20.05321339950692,259.3647325635725,63.101652948603416,133.83991433075946,309.9467866004931,49.632831486687394,266.96810352514075,True
