path,curFrame,Deleted,pixelSpacingX,pixelSpacingY,pixelSpacingZ,tra_UL_x,tra_UL_y,tra_LL_x,tra_LL_y,tra_LR_x,tra_LR_y,tra_UR_x,tra_UR_y,cor_UL_x,cor_UL_y,cor_LL_x,cor_LL_y,cor_LR_x,cor_LR_y,cor_UR_x,cor_UR_y,Dirty
./data/train/PICAI/11198/,8,0,0.5625,0.5625,3.6000000411964104,72.88015461951954,20.47863600362481,281.5025797513324,179.1155917614846,193.1198453804805,294.52136399637504,-13.359316067641146,135.24689684083705,173.63924778757655,26.849989651165004,265.4629411073796,96.68782669089389,103.17696937981552,308.72853830175484,11.54627467365971,237.8806600962615,True
./data/train/PICAI/11198/,9,0,0.5625,0.5625,3.6000000411964104,72.88015461951954,20.47863600362481,281.5025797513324,179.1155917614846,193.1198453804805,294.52136399637504,-13.359316067641146,135.24689684083705,173.63924778757655,26.849989651165004,265.4629411073796,96.68782669089389,103.17696937981552,308.72853830175484,11.54627467365971,237.8806600962615,True
./data/train/PICAI/11198/,10,0,0.5625,0.5625,3.6000000411964104,72.88015461951954,20.47863600362481,281.5025797513324,179.1155917614846,193.1198453804805,294.52136399637504,-13.359316067641146,135.24689684083705,173.63924778757655,26.849989651165004,265.4629411073796,96.68782669089389,103.17696937981552,308.72853830175484,11.54627467365971,237.8806600962615,True
