path,curFrame,Deleted,pixelSpacingX,pixelSpacingY,pixelSpacingZ,tra_UL_x,tra_UL_y,tra_LL_x,tra_LL_y,tra_LR_x,tra_LR_y,tra_UR_x,tra_UR_y,cor_UL_x,cor_UL_y,cor_LL_x,cor_LL_y,cor_LR_x,cor_LR_y,cor_UR_x,cor_UR_y,Dirty
./data/train/PICAI/10605/,9,0,0.5625,0.5625,4.000404357910126,107.59252995981774,-0.6561806394774692,289.2106283738629,196.23685206728507,174.40747004018223,301.65618063947744,-6.297082916220319,105.16988457579065,204.5312618545676,13.147402724935226,299.2941960565803,115.4770130897692,100.67414460602342,298.5154657760237,5.911210404010575,196.18585541118983,True
./data/train/PICAI/10605/,8,0,0.5625,0.5625,4.000404357910126,107.59252995981774,-0.6561806394774692,289.2106283738629,196.23685206728507,174.40747004018223,301.65618063947744,-6.297082916220319,105.16988457579065,204.5312618545676,13.147402724935226,299.2941960565803,115.4770130897692,100.67414460602342,298.5154657760237,5.911210404010575,196.18585541118983,True
./data/train/PICAI/10605/,10,0,0.5625,0.5625,4.000404357910126,107.59252995981774,-0.6561806394774692,289.2106283738629,196.23685206728507,174.40747004018223,301.65618063947744,-6.297082916220319,105.16988457579065,204.5312618545676,13.147402724935226,299.2941960565803,115.4770130897692,100.67414460602342,298.5154657760237,5.911210404010575,196.18585541118983,True
