path,curFrame,Deleted,pixelSpacingX,pixelSpacingY,pixelSpacingZ,tra_UL_x,tra_UL_y,tra_LL_x,tra_LL_y,tra_LR_x,tra_LR_y,tra_UR_x,tra_UR_y,cor_UL_x,cor_UL_y,cor_LL_x,cor_LL_y,cor_LR_x,cor_LR_y,cor_UR_x,cor_UR_y,Dirty
./data/train/PICAI/10112/,10,0,0.5625,0.5625,3.599999957614449,81.50079602218,3.201469487577981,283.4481533235025,187.6643248570022,196.36110139554324,282.0039745243571,-3.9399547593658895,99.1584470886878,201.3343568344164,27.39763889923524,276.8038990861179,96.08059306050188,98.66564316558362,291.60236110076494,23.196100913882177,222.9194069394981,True
./data/train/PICAI/10112/,9,0,0.5625,0.5625,3.599999957614449,79.07665559578604,4.224995339984872,284.2125760609266,185.13528876451244,198.7852418219372,280.98044867195017,-4.676401971986365,101.65850493757418,199.0210342659716,26.52185066901225,275.67776497217903,93.87721895867436,100.97896573402838,292.4781493309879,24.32223502782105,225.12278104132565,True
./data/train/PICAI/10112/,11,0,0.5625,0.5625,3.599999957614449,91.3648327988926,-0.4650810055792809,279.95277816032416,197.6355676465209,186.49706461883065,285.6705250175144,-0.5614089965839639,89.29810473230381,210.424303804886,31.300337326126765,280.9189253561289,105.08047240561176,89.57569619511406,287.6996626738734,19.081074643871176,213.91952759438823,True
