path,curFrame,Deleted,pixelSpacingX,pixelSpacingY,pixelSpacingZ,tra_UL_x,tra_UL_y,tra_LL_x,tra_LL_y,tra_LR_x,tra_LR_y,tra_UR_x,tra_UR_y,cor_UL_x,cor_UL_y,cor_LL_x,cor_LL_y,cor_LR_x,cor_LR_y,cor_UR_x,cor_UR_y,Dirty
./data/train/PICAI/10858/,9,0,0.5625,0.5625,3.6000000635782783,39.848217869668176,42.14456105401901,280.472989517064,141.80758965358865,224.1517821303318,276.8554389459809,-15.438699193342472,178.15690167672793,128.97599540729212,26.17496965100642,242.68764236525843,73.23515819830021,144.02400459270788,313.82503034899355,30.312357634741574,266.7648418016998,True
./data/train/PICAI/10858/,8,0,0.5625,0.5625,3.6000000635782783,41.91038785054487,40.55416450013576,280.7591514978362,144.40149525138986,222.08961214945512,278.4458354998642,-15.741851396242652,175.58090003732923,131.4872342351402,26.06556291357282,244.3602488209575,75.10312584557303,141.5127657648598,313.9344370864271,28.63975117904249,264.896874154427,True
./data/train/PICAI/10858/,10,0,0.5625,0.5625,3.6000000635782783,31.886393383839675,48.85861637567653,278.87715661902706,131.49373528101623,232.11360661616035,270.14138362432345,-13.778106260391183,188.3962581510844,118.96159655103722,27.050168225137725,235.67900045893413,66.06359700294252,154.0384034489628,312.9498317748622,37.32099954106582,273.9364029970575,True
