path,curFrame,Deleted,pixelSpacingX,pixelSpacingY,pixelSpacingZ,tra_UL_x,tra_UL_y,tra_LL_x,tra_LL_y,tra_LR_x,tra_LR_y,tra_UR_x,tra_UR_y,cor_UL_x,cor_UL_y,cor_LL_x,cor_LL_y,cor_LR_x,cor_LR_y,cor_UR_x,cor_UR_y,Dirty
./data/train/PICAI/10060/,10,0,0.5625,0.5625,3.6000000635782774,69.83480759685237,16.989228284601694,294.34683365463025,165.94341639434134,216.1651924031476,282.0107717153983,-6.349574585121047,133.16125551814451,181.48417088119933,17.191044931334545,276.3143798250569,80.24048165890834,128.51582911880064,301.80895506866545,33.68562017494314,238.75951834109165,True
./data/train/PICAI/10060/,9,0,0.5625,0.5625,3.6000000635782774,69.83480759685237,16.989228284601694,294.34683365463025,165.94341639434134,216.1651924031476,282.0107717153983,-6.349574585121047,133.16125551814451,181.48417088119933,17.191044931334545,276.3143798250569,80.24048165890834,128.51582911880064,301.80895506866545,33.68562017494314,238.75951834109165,True
./data/train/PICAI/10060/,11,0,0.5625,0.5625,3.6000000635782774,69.83480759685237,16.989228284601694,294.34683365463025,165.94341639434134,216.1651924031476,282.0107717153983,-6.349574585121047,133.16125551814451,181.48417088119933,17.191044931334545,276.3143798250569,80.24048165890834,128.51582911880064,301.80895506866545,33.68562017494314,238.75951834109165,True
