path,curFrame,Deleted,pixelSpacingX,pixelSpacingY,pixelSpacingZ,tra_UL_x,tra_UL_y,tra_LL_x,tra_LL_y,tra_LR_x,tra_LR_y,tra_UR_x,tra_UR_y,cor_UL_x,cor_UL_y,cor_LL_x,cor_LL_y,cor_LR_x,cor_LR_y,cor_UR_x,cor_UR_y,Dirty,h_par_cor,h_orth_cor,h_par_tra,h_orth_tra
./data/train/PICAI/11262/,9,0,0.5625,0.5625,3.600000010596389,70.08492541488981,27.253883000995728,294.8016031564441,165.6750329196351,220.91507458511012,283.74611699900424,-1.8383487895489168,145.70658507111796,173.79591404546534,18.32839543245285,272.97010823082235,79.37329044985049,132.20408595453466,305.6716045675472,33.22070076455411,243.6450823667019,True,,,,
./data/train/PICAI/11262/,8,0,0.5625,0.5625,3.600000010596389,70.08492541488981,27.253883000995728,294.8016031564441,165.6750329196351,220.91507458511012,283.74611699900424,-1.8383487895489168,145.70658507111796,173.79591404546534,18.32839543245285,272.97010823082235,79.37329044985049,132.20408595453466,305.6716045675472,33.22070076455411,243.6450823667019,True,,,,
./data/train/PICAI/11262/,10,0,0.5625,0.5625,3.600000010596389,57.09268755432693,35.83945050212601,295.0472939074559,150.01302588332996,233.90731244567309,275.16054949787394,-2.05490451127244,161.16128560216538,158.66421981176822,16.94167857746325,263.67605645111445,67.2856371587196,147.33578018823178,307.0583214225368,42.41109929163315,255.7181681431888,True,,,,
