path,curFrame,Deleted,pixelSpacingX,pixelSpacingY,pixelSpacingZ,tra_UL_x,tra_UL_y,tra_LL_x,tra_LL_y,tra_LR_x,tra_LR_y,tra_UR_x,tra_UR_y,cor_UL_x,cor_UL_y,cor_LL_x,cor_LL_y,cor_LR_x,cor_LR_y,cor_UR_x,cor_UR_y,Dirty
./data/train/PICAI/10495/,9,0,0.5625,0.5625,3.600000010596333,30.370938331523647,39.45822909383185,295.02139427312045,115.68247831876656,256.6290616684763,250.54177090616813,-7.025199575028665,174.23036593848576,132.69219686361,17.10496254787779,241.86222031398907,48.710436438387575,170.30780313639,297.8950374521222,61.13777968601096,266.28956356161234,True
./data/train/PICAI/10495/,8,0,0.5625,0.5625,3.600000010596333,30.370938331523647,39.45822909383185,295.02139427312045,115.68247831876656,256.6290616684763,250.54177090616813,-7.025199575028665,174.23036593848576,132.69219686361,17.10496254787779,241.86222031398907,48.710436438387575,170.30780313639,297.8950374521222,61.13777968601096,266.28956356161234,True
./data/train/PICAI/10495/,10,0,0.5625,0.5625,3.600000010596333,30.370938331523647,39.45822909383185,295.02139427312045,115.68247831876656,256.6290616684763,250.54177090616813,-7.025199575028665,174.23036593848576,132.69219686361,17.10496254787779,241.86222031398907,48.710436438387575,170.30780313639,297.8950374521222,61.13777968601096,266.28956356161234,True
