path,curFrame,Deleted,pixelSpacingX,pixelSpacingY,pixelSpacingZ,tra_UL_x,tra_UL_y,tra_LL_x,tra_LL_y,tra_LR_x,tra_LR_y,tra_UR_x,tra_UR_y,cor_UL_x,cor_UL_y,cor_LL_x,cor_LL_y,cor_LR_x,cor_LR_y,cor_UR_x,cor_UR_y,Dirty
./data/train/PICAI/10132/,12,0,0.5625,0.5625,3.6000000888651003,-9.78812956188898,122.11530477359636,238.8077521538219,179.59649816750897,209.78812956188898,307.88469522640366,-38.80775215382184,250.40350183249103,101.55386904705588,80.41298613670043,195.27610671557738,102.0033118962897,137.44613095294417,355.5870138632995,42.72632923416283,333.92693162996613,True
./data/train/PICAI/10132/,13,0,0.5625,0.5625,3.6000000888651003,-1.274917980616351,112.90009310474649,241.3651652477492,191.82911191869022,201.27491798061635,317.0999068952536,-41.36516524774913,238.17088808130978,109.6136578791051,79.37243789045493,201.09753326003977,109.04903717820392,121.38634212089491,356.627562109545,28.914778399365105,326.79452835675585,True
./data/train/PICAI/10132/,14,0,0.5625,0.5625,3.6000000888651003,-6.4796204849691605,118.34033715464894,239.95875861712966,184.4623857128286,206.4796204849692,311.65966284535114,-39.95875861712962,245.5376142871714,106.36651888177336,79.87048949005435,199.27817199274457,104.71852193100553,132.63348111822668,356.1295105099456,38.727306111887174,331.1769496057268,True
