path,curFrame,Deleted,pixelSpacingX,pixelSpacingY,pixelSpacingZ,tra_UL_x,tra_UL_y,tra_LL_x,tra_LL_y,tra_LR_x,tra_LR_y,tra_UR_x,tra_UR_y,cor_UL_x,cor_UL_y,cor_LL_x,cor_LL_y,cor_LR_x,cor_LR_y,cor_UR_x,cor_UR_y,Dirty
./data/train/PICAI/10723/,12,0,0.5625,0.5625,3.599999825159708,76.62194967747271,-0.864915528147975,301.9133208557347,171.28559441190018,203.3780503225273,300.864915528148,-20.931693672287054,128.90521458347644,181.0065077121614,15.755899501113902,281.2450757006609,92.28843825173269,112.9934922878386,313.24410049888604,12.754924299339024,236.7115617482673,True
./data/train/PICAI/10723/,13,0,0.5625,0.5625,3.599999825159708,76.62194967747271,-0.864915528147975,301.9133208557347,171.28559441190018,203.3780503225273,300.864915528148,-20.931693672287054,128.90521458347644,181.0065077121614,15.755899501113902,281.2450757006609,92.28843825173269,112.9934922878386,313.24410049888604,12.754924299339024,236.7115617482673,True
./data/train/PICAI/10723/,14,0,0.5625,0.5625,3.599999825159708,76.62194967747271,-0.864915528147975,301.9133208557347,171.28559441190018,203.3780503225273,300.864915528148,-20.931693672287054,128.90521458347644,181.0065077121614,15.755899501113902,281.2450757006609,92.28843825173269,112.9934922878386,313.24410049888604,12.754924299339024,236.7115617482673,True
