path,curFrame,Deleted,pixelSpacingX,pixelSpacingY,pixelSpacingZ,tra_UL_x,tra_UL_y,tra_LL_x,tra_LL_y,tra_LR_x,tra_LR_y,tra_UR_x,tra_UR_y,cor_UL_x,cor_UL_y,cor_LL_x,cor_LL_y,cor_LR_x,cor_LR_y,cor_UR_x,cor_UR_y,Dirty
./data/train/PICAI/11396/,9,0,0.5625,0.5625,3.599999951500828,49.96385659115957,37.79016467788982,287.09657973169215,149.8841949201626,228.0361434088404,274.20983532211017,-8.10038503360039,162.20296082258506,158.43491454917432,27.193632550935604,254.8296218766855,72.76841065509602,141.56508545082568,311.80636744906434,45.08322238056681,267.2277840429958,True
./data/train/PICAI/11396/,10,0,0.5625,0.5625,3.599999951500828,49.96385659115957,37.79016467788982,287.09657973169215,149.8841949201626,228.0361434088404,274.20983532211017,-8.10038503360039,162.20296082258506,158.43491454917432,27.193632550935604,254.8296218766855,72.76841065509602,141.56508545082568,311.80636744906434,45.08322238056681,267.2277840429958,True
./data/train/PICAI/11396/,11,0,0.5625,0.5625,3.599999951500828,49.96385659115957,37.79016467788982,287.09657973169215,149.8841949201626,228.0361434088404,274.20983532211017,-8.10038503360039,162.20296082258506,158.43491454917432,27.193632550935604,254.8296218766855,72.76841065509602,141.56508545082568,311.80636744906434,45.08322238056681,267.2277840429958,True
