path,curFrame,Deleted,pixelSpacingX,pixelSpacingY,pixelSpacingZ,tra_UL_x,tra_UL_y,tra_LL_x,tra_LL_y,tra_LR_x,tra_LR_y,tra_UR_x,tra_UR_y,cor_UL_x,cor_UL_y,cor_LL_x,cor_LL_y,cor_LR_x,cor_LR_y,cor_UR_x,cor_UR_y,Dirty
./data/train/PICAI/10590/,8,0,0.5625,0.5625,3.5999999311235444,-67.5415226118227,141.07826531748353,224.08205670081583,112.55304859814446,237.5415226118227,254.9217346825165,-53.99490095806817,284.4431460999473,31.46039019260728,72.69948245109998,146.93181942850214,61.593221594279896,173.5396098073927,331.3005175489,58.15533631424554,343.40297310381186,True
./data/train/PICAI/10590/,9,0,0.5625,0.5625,3.5999999311235444,-67.5415226118227,141.07826531748353,224.08205670081583,112.55304859814446,237.5415226118227,254.9217346825165,-53.99490095806817,284.4431460999473,31.46039019260728,72.69948245109998,146.93181942850214,61.593221594279896,173.5396098073927,331.3005175489,58.15533631424554,343.40297310381186,True
./data/train/PICAI/10590/,10,0,0.5625,0.5625,3.5999999311235444,-67.5415226118227,141.07826531748353,224.08205670081583,112.55304859814446,237.5415226118227,254.9217346825165,-53.99490095806817,284.4431460999473,31.46039019260728,72.69948245109998,146.93181942850214,61.593221594279896,173.5396098073927,331.3005175489,58.15533631424554,343.40297310381186,True
