path,curFrame,Deleted,pixelSpacingX,pixelSpacingY,pixelSpacingZ,tra_UL_x,tra_UL_y,tra_LL_x,tra_LL_y,tra_LR_x,tra_LR_y,tra_UR_x,tra_UR_y,cor_UL_x,cor_UL_y,cor_LL_x,cor_LL_y,cor_LR_x,cor_LR_y,cor_UR_x,cor_UR_y,Dirty,cor_mid_x,cor_mid_y,tra_mid_x,tra_mid_y,Alpha,h_par_cor,h_orth_cor,h_par_tra,h_orth_tra,cor_U_mid_x,cor_U_mid_y,tra_U_mid_x,tra_U_mid_y,tra_L_mid_x,tra_L_mid_y
./data/train/PICAI/10223/,12,0,0.392857134342,0.392857134342,3.299999872843413,87.28778728377844,151.78563121615085,426.64370193343456,377.146714375662,315.0108538959766,546.3242244806962,-23.10820462317227,321.1898151467952,269.6518363378034,160.4319532920228,411.9937093853456,255.52335919788567,186.71978710395643,595.637545817554,44.37791405641414,500.5461399116918,True,277.0,421.0,277.0,421.0,-2.6251887628169506,80.0,60.0,30.0,160.0,144.0,345.0,11.0,270.0,365.0,471.0
./data/train/PICAI/10223/,13,0,0.392857134342,0.392857134342,3.299999872843413,87.28778728377844,151.78563121615085,426.64370193343456,377.146714375662,315.0108538959766,546.3242244806962,-23.10820462317227,321.1898151467952,269.6518363378034,160.4319532920228,411.9937093853456,255.52335919788567,186.71978710395643,595.637545817554,44.37791405641414,500.5461399116918,True,277.0,421.0,277.0,421.0,-2.6251887628169506,80.0,60.0,30.0,160.0,144.0,345.0,11.0,270.0,365.0,471.0
./data/train/PICAI/10223/,14,0,0.392857134342,0.392857134342,3.299999872843413,87.28778728377844,151.78563121615085,426.64370193343456,377.146714375662,315.0108538959766,546.3242244806962,-23.10820462317227,321.1898151467952,269.6518363378034,160.4319532920228,411.9937093853456,255.52335919788567,186.71978710395643,595.637545817554,44.37791405641414,500.5461399116918,True,277.0,421.0,277.0,421.0,-2.6251887628169506,80.0,60.0,30.0,160.0,144.0,345.0,11.0,270.0,365.0,471.0
