path,curFrame,Deleted,pixelSpacingX,pixelSpacingY,pixelSpacingZ,tra_UL_x,tra_UL_y,tra_LL_x,tra_LL_y,tra_LR_x,tra_LR_y,tra_UR_x,tra_UR_y,cor_UL_x,cor_UL_y,cor_LL_x,cor_LL_y,cor_LR_x,cor_LR_y,cor_UR_x,cor_UR_y,Dirty,cor_mid_x,cor_mid_y,tra_mid_x,tra_mid_y,Alpha,h_par_cor,h_orth_cor,h_par_tra,h_orth_tra,cor_U_mid_x,cor_U_mid_y,tra_U_mid_x,tra_U_mid_y,tra_L_mid_x,tra_L_mid_y
./data/train/PICAI/11286/,7,0,0.5625,0.5625,3.599999957614445,150.2950627592307,5.84351115731468,306.7455816813558,242.5038269487877,185.62146726545177,322.0197157775827,28.89339776549164,84.09890493747204,254.6322560306349,21.009386801718264,314.2885548094757,110.26254369832156,76.36774396936511,266.9906131982818,16.71144519052433,177.7374563016784,True,187.0,192.0,187.0,192.0,-2.0516836069902324,80.0,60.0,30.0,160.0,137.0,97.0,88.0,2.0,219.0,255.0
./data/train/PICAI/11286/,8,0,0.5625,0.5625,3.599999957614445,136.5839906000628,7.984533626379715,313.06547366568736,230.10872428664896,199.33253942461965,319.87869330851754,22.46470256270976,96.52299429058594,243.5737426423883,13.70901523969465,310.78195637554336,97.42314789839548,87.42625735761168,274.2909847603054,20.21804362445664,190.5768521016045,True,187.0,192.0,187.0,192.0,-2.0516836069902324,80.0,60.0,30.0,160.0,137.0,97.0,88.0,2.0,219.0,255.0
./data/train/PICAI/11286/,-1,0,-1.0,-1.0,-1.0,-1.0,-1.0,-1.0,-1.0,-1.0,-1.0,-1.0,-1.0,-1.0,-1.0,-1.0,-1.0,-1.0,-1.0,-1.0,-1.0,False,,,,,,80.0,60.0,30.0,160.0,,,,,,
./data/train/PICAI/11286/,9,0,0.5625,0.5625,3.599999957614445,133.86711723392665,8.555841710704073,314.1983229698287,227.56617520973728,202.0494127907558,319.3073852241932,21.310419317734045,99.07247373566682,241.28796041207448,12.366284499077352,309.946951076452,94.89472202790093,89.71203958792553,275.6337155009227,21.05304892354804,193.10527797209903,True,187.0,192.0,187.0,192.0,-2.0516836069902324,80.0,60.0,30.0,160.0,137.0,97.0,88.0,2.0,219.0,255.0
