path,curFrame,Deleted,pixelSpacingX,pixelSpacingY,pixelSpacingZ,tra_UL_x,tra_UL_y,tra_LL_x,tra_LL_y,tra_LR_x,tra_LR_y,tra_UR_x,tra_UR_y,cor_UL_x,cor_UL_y,cor_LL_x,cor_LL_y,cor_LR_x,cor_LR_y,cor_UR_x,cor_UR_y,Dirty
./data/train/PICAI/10870/,8,0,0.5625,0.5625,3.599999957614445,47.19339703110765,39.37180736971159,288.5204682798051,143.4594852308594,228.8066029688923,280.6281926302884,-11.522904229545418,176.61027124288472,135.40146547145568,21.14100024589385,257.02768690919225,73.75337767534178,149.59853452854435,319.8589997541061,28.9698771410676,267.3163787984023,True
./data/train/PICAI/10870/,7,0,0.5625,0.5625,3.599999957614445,49.3124795621502,37.80538588552281,288.7862150698568,146.08894882092392,226.6875204378497,282.1946141144772,-11.790020371765166,173.99820692182374,138.0092205814217,21.039861835291703,258.69870516199296,75.7668963947858,146.99077941857834,319.96013816470827,27.297489536098794,265.32025934796184,True
./data/train/PICAI/10870/,9,0,0.5625,0.5625,3.599999957614445,58.05238329566768,31.916517133171425,289.38929330476174,156.64115009492568,217.9476167043323,288.08348286682855,-12.401604964166664,163.5152843701146,148.44597209805937,21.090678283417983,265.02389821068147,84.10327339963288,136.55402790194066,319.909321716582,20.96379012991368,257.0531610654074,True
