path,curFrame,Deleted,pixelSpacingX,pixelSpacingY,pixelSpacingZ,tra_UL_x,tra_UL_y,tra_LL_x,tra_LL_y,tra_LR_x,tra_LR_y,tra_UR_x,tra_UR_y,cor_UL_x,cor_UL_y,cor_LL_x,cor_LL_y,cor_LR_x,cor_LR_y,cor_UR_x,cor_UR_y,Dirty,h_par_cor,h_orth_cor,h_par_tra,h_orth_tra
./data/train/PICAI/10671/,15,0,0.392857134342,0.392857134342,3.2999999999999803,41.30423616926353,140.87401505719149,467.57477873915377,223.29624832693173,419.6957638307365,468.1259849428085,-4.577519669644602,385.80842358555407,168.28541374342672,87.83897731202842,360.6064726672546,124.95515026153308,276.7145862565733,560.1610226879717,84.3935273327454,523.044849738467,True,,,,
./data/train/PICAI/10671/,16,0,0.392857134342,0.392857134342,3.2999999999999803,41.30423616926353,140.87401505719149,467.57477873915377,223.29624832693173,419.6957638307365,468.1259849428085,-4.577519669644602,385.80842358555407,168.28541374342672,87.83897731202842,360.6064726672546,124.95515026153308,276.7145862565733,560.1610226879717,84.3935273327454,523.044849738467,True,,,,
./data/train/PICAI/10671/,-1,0,-1.0,-1.0,-1.0,-1.0,-1.0,-1.0,-1.0,-1.0,-1.0,-1.0,-1.0,-1.0,-1.0,-1.0,-1.0,-1.0,-1.0,-1.0,-1.0,False,80.0,60.0,30.0,160.0
./data/train/PICAI/10671/,17,0,0.392857134342,0.392857134342,3.2999999999999803,41.30423616926353,140.87401505719149,467.57477873915377,223.29624832693173,419.6957638307365,468.1259849428085,-4.577519669644602,385.80842358555407,168.28541374342672,87.83897731202842,360.6064726672546,124.95515026153308,276.7145862565733,560.1610226879717,84.3935273327454,523.044849738467,True,,,,
