path,curFrame,Deleted,pixelSpacingX,pixelSpacingY,pixelSpacingZ,tra_UL_x,tra_UL_y,tra_LL_x,tra_LL_y,tra_LR_x,tra_LR_y,tra_UR_x,tra_UR_y,cor_UL_x,cor_UL_y,cor_LL_x,cor_LL_y,cor_LR_x,cor_LR_y,cor_UR_x,cor_UR_y,Dirty
./data/train/PICAI/10210/,9,0,0.5625,0.5625,3.6000000635782774,80.03110541294038,27.939796050256263,265.18727390663776,215.32761120570763,171.96889458705957,308.06020394974394,-13.187273906637728,120.6723887942924,186.00854614426183,47.45472663769516,262.8101785061445,124.98220090682278,76.99145385573811,308.5452733623049,0.1898214938555327,231.0177990931773,True
./data/train/PICAI/10210/,8,0,0.5625,0.5625,3.6000000635782774,80.03110541294038,27.939796050256263,265.18727390663776,215.32761120570763,171.96889458705957,308.06020394974394,-13.187273906637728,120.6723887942924,186.00854614426183,47.45472663769516,262.8101785061445,124.98220090682278,76.99145385573811,308.5452733623049,0.1898214938555327,231.0177990931773,True
./data/train/PICAI/10210/,10,0,0.5625,0.5625,3.6000000635782774,80.03110541294038,27.939796050256263,265.18727390663776,215.32761120570763,171.96889458705957,308.06020394974394,-13.187273906637728,120.6723887942924,186.00854614426183,47.45472663769516,262.8101785061445,124.98220090682278,76.99145385573811,308.5452733623049,0.1898214938555327,231.0177990931773,True
