path,curFrame,Deleted,pixelSpacingX,pixelSpacingY,pixelSpacingZ,tra_UL_x,tra_UL_y,tra_LL_x,tra_LL_y,tra_LR_x,tra_LR_y,tra_UR_x,tra_UR_y,cor_UL_x,cor_UL_y,cor_LL_x,cor_LL_y,cor_LR_x,cor_LR_y,cor_UR_x,cor_UR_y,Dirty
./data/train/PICAI/11135/,8,0,0.5625,0.5625,3.600000169542111,46.807766125294606,48.24501940364833,284.48113190718254,172.1335628526247,225.19223387470532,285.7549805963517,-11.488585755541294,161.98830649078047,159.51044231336772,34.27532759937279,261.52857264560487,87.50950339864384,143.94332273229185,314.8742082295031,41.925192400054655,261.64003243023194,True
./data/train/PICAI/11135/,7,0,0.5625,0.5625,3.600000169542111,46.807766125294606,48.24501940364833,284.48113190718254,172.1335628526247,225.19223387470532,285.7549805963517,-11.488585755541294,161.98830649078047,161.51044231336772,34.27532759937279,263.52857264560487,87.50950339864384,145.94332273229185,314.8742082295031,43.925192400054655,261.64003243023194,True
./data/train/PICAI/11135/,9,0,0.5625,0.5625,3.600000169542111,46.807766125294606,48.24501940364833,284.48113190718254,172.1335628526247,225.19223387470532,285.7549805963517,-11.488585755541294,161.98830649078047,159.51044231336772,34.27532759937279,261.52857264560487,87.50950339864384,143.94332273229185,314.8742082295031,41.925192400054655,261.64003243023194,True
