path,curFrame,Deleted,pixelSpacingX,pixelSpacingY,pixelSpacingZ,tra_UL_x,tra_UL_y,tra_LL_x,tra_LL_y,tra_LR_x,tra_LR_y,tra_UR_x,tra_UR_y,cor_UL_x,cor_UL_y,cor_LL_x,cor_LL_y,cor_LR_x,cor_LR_y,cor_UR_x,cor_UR_y,Dirty,h_par_cor,h_orth_cor,h_par_tra,h_orth_tra
./data/train/PICAI/10863/,14,0,0.392857134342,0.392857134342,3.29999992941116,73.0,182.0,472.0,357.0,391.0,543.0,-8.0,369.0,270.0,150.0,415.0,213.0,249.0,594.0,104.0,531.0,True,,,,
./data/train/PICAI/10863/,15,0,0.392857134342,0.392857134342,3.29999992941116,92.73840625625596,166.36877222646973,471.2601614363577,382.1169607597113,371.261593743744,558.6312277735303,-7.364689899625404,343.877561135657,293.14779874678595,152.31368809255366,430.76818038932345,230.12519467456457,225.85220125321405,591.6863119074465,88.23181961067655,513.8748053254354,True,,,,
./data/train/PICAI/10863/,-1,0,-1.0,-1.0,-1.0,-1.0,-1.0,-1.0,-1.0,-1.0,-1.0,-1.0,-1.0,-1.0,-1.0,-1.0,-1.0,-1.0,-1.0,-1.0,-1.0,False,80.0,60.0,30.0,160.0
./data/train/PICAI/10863/,16,0,0.392857134342,0.392857134342,3.29999992941116,96.18257837365888,163.9681940273229,470.8813577826456,386.2896385832081,367.8174216263411,561.0318059726771,-7.0032271260508026,339.70290756843326,296.97672882817665,152.93438244138054,433.2181521816441,233.1358447885301,222.02327117182327,591.0656175586196,85.78184781835591,510.8641552114699,True,,,,
