path,curFrame,Deleted,pixelSpacingX,pixelSpacingY,pixelSpacingZ,tra_UL_x,tra_UL_y,tra_LL_x,tra_LL_y,tra_LR_x,tra_LR_y,tra_UR_x,tra_UR_y,cor_UL_x,cor_UL_y,cor_LL_x,cor_LL_y,cor_LR_x,cor_LR_y,cor_UR_x,cor_UR_y,Dirty
./data/train/PICAI/11126/,8,0,0.5625,0.5625,3.5999999576145,30.49990431425157,96.41641885385155,286.3607263921771,178.02671064115103,240.5000956857484,323.5835811461485,-15.273570649429416,240.9770946607572,122.50359308409398,71.62063548892556,243.59137485053603,110.32139913620404,164.496406915906,360.37936451107447,42.41243045137222,321.5914451210483,True
./data/train/PICAI/11126/,7,0,0.5625,0.5625,3.5999999576145,30.49990431425157,96.41641885385155,286.3607263921771,178.02671064115103,240.5000956857484,323.5835811461485,-15.273570649429416,240.9770946607572,122.50359308409398,71.62063548892556,243.59137485053603,110.32139913620404,164.496406915906,360.37936451107447,42.41243045137222,321.5914451210483,True
./data/train/PICAI/11126/,9,0,0.5625,0.5625,3.5999999576145,30.49990431425157,96.41641885385155,286.3607263921771,178.02671064115103,240.5000956857484,323.5835811461485,-15.273570649429416,240.9770946607572,122.50359308409398,71.62063548892556,243.59137485053603,110.32139913620404,164.496406915906,360.37936451107447,42.41243045137222,321.5914451210483,True
