path,curFrame,Deleted,pixelSpacingX,pixelSpacingY,pixelSpacingZ,tra_UL_x,tra_UL_y,tra_LL_x,tra_LL_y,tra_LR_x,tra_LR_y,tra_UR_x,tra_UR_y,cor_UL_x,cor_UL_y,cor_LL_x,cor_LL_y,cor_LR_x,cor_LR_y,cor_UR_x,cor_UR_y,Dirty
./data/train/PICAI/11411/,7,0,0.5625,0.5625,3.600000090069239,-12.602252643015262,75.65470156560508,250.42120705453928,100.78754161063242,237.60225264301528,234.3452984343949,-25.299337711134115,210.2050045410089,84.35719604651857,23.89256064351852,189.3924445638932,34.16857976053869,164.64280395348143,292.10743935648145,59.60755543610685,281.8314202394613,True
./data/train/PICAI/11411/,8,0,0.5625,0.5625,3.600000090069239,-12.602252643015262,75.65470156560508,250.42120705453928,100.78754161063242,237.60225264301528,234.3452984343949,-25.299337711134115,210.2050045410089,84.35719604651857,23.89256064351852,189.3924445638932,34.16857976053869,164.64280395348143,292.10743935648145,59.60755543610685,281.8314202394613,True
./data/train/PICAI/11411/,9,0,0.5625,0.5625,3.600000090069239,-12.602252643015262,75.65470156560508,250.42120705453928,100.78754161063242,237.60225264301528,234.3452984343949,-25.299337711134115,210.2050045410089,84.35719604651857,23.89256064351852,189.3924445638932,34.16857976053869,164.64280395348143,292.10743935648145,59.60755543610685,281.8314202394613,True
