path,curFrame,Deleted,pixelSpacingX,pixelSpacingY,pixelSpacingZ,tra_UL_x,tra_UL_y,tra_LL_x,tra_LL_y,tra_LR_x,tra_LR_y,tra_UR_x,tra_UR_y,cor_UL_x,cor_UL_y,cor_LL_x,cor_LL_y,cor_LR_x,cor_LR_y,cor_UR_x,cor_UR_y,Dirty
./data/train/PICAI/11382/,8,0,0.5625,0.5625,4.000404171565986,66.89765219840906,17.402729019292593,281.44213487979687,169.6809774692132,207.10234780159087,273.59727098070744,-5.449745483613356,121.49333401628216,181.29049617723177,11.501357082794357,267.3249593379547,72.23084867169385,111.70950382276826,290.49864291720564,26.584079617389392,230.8525017691456,True
./data/train/PICAI/11382/,9,0,0.5625,0.5625,4.000404171565986,66.89765219840906,17.402729019292593,281.44213487979687,169.6809774692132,207.10234780159087,273.59727098070744,-5.449745483613356,121.49333401628216,181.29049617723177,11.501357082794357,267.3249593379547,72.23084867169385,111.70950382276826,290.49864291720564,26.584079617389392,230.8525017691456,True
./data/train/PICAI/11382/,10,0,0.5625,0.5625,4.000404171565986,66.89765219840906,17.402729019292593,281.44213487979687,169.6809774692132,207.10234780159087,273.59727098070744,-5.449745483613356,121.49333401628216,181.29049617723177,11.501357082794357,267.3249593379547,72.23084867169385,111.70950382276826,290.49864291720564,26.584079617389392,230.8525017691456,True
