path,curFrame,Deleted,pixelSpacingX,pixelSpacingY,pixelSpacingZ,tra_UL_x,tra_UL_y,tra_LL_x,tra_LL_y,tra_LR_x,tra_LR_y,tra_UR_x,tra_UR_y,cor_UL_x,cor_UL_y,cor_LL_x,cor_LL_y,cor_LR_x,cor_LR_y,cor_UR_x,cor_UR_y,Dirty
./data/train/PICAI/11232/,15,0,0.392857134342,0.392857134342,3.299999872843417,109.22819280427451,102.17283825083344,470.64194329470456,375.2535972882314,341.7718071957254,546.8271617491665,-18.64939714306305,273.86827205517375,298.7406287200451,129.79458508722212,428.6963499422495,228.3669469419363,177.25937127995485,561.2054149127779,47.18178071434539,463.62559920970494,True
./data/train/PICAI/11232/,14,0,0.392857134342,0.392857134342,3.299999872843417,90.29355321884525,113.15261594045026,474.1325716588634,353.69493638116546,360.7064467811547,535.8473840595498,-22.1331808318441,295.339963115537,279.7095266382532,125.32151470315516,417.7618745183408,212.1923915537737,196.2904733617468,565.6784852968447,58.203225984956845,479.8069992732453,True
./data/train/PICAI/11232/,16,0,0.392857134342,0.392857134342,3.299999872843417,109.22819280427451,102.17283825083344,470.64194329470456,375.2535972882314,341.7718071957254,546.8271617491665,-18.64939714306305,273.86827205517375,298.7406287200451,129.79458508722212,428.6963499422495,228.3669469419363,177.25937127995485,561.2054149127779,47.18178071434539,463.62559920970494,True
