path,curFrame,Deleted,pixelSpacingX,pixelSpacingY,pixelSpacingZ,tra_UL_x,tra_UL_y,tra_LL_x,tra_LL_y,tra_LR_x,tra_LR_y,tra_UR_x,tra_UR_y,cor_UL_x,cor_UL_y,cor_LL_x,cor_LL_y,cor_LR_x,cor_LR_y,cor_UR_x,cor_UR_y,Dirty
./data/train/PICAI/11172/,9,0,0.5625,0.5625,3.6000000953674003,100.05130635990515,4.082679816557459,257.1210395644412,198.5900033574873,137.94869364009486,294.91732018344265,-16.885672815937426,100.46599217522558,183.8335862832604,23.92356454820481,265.43077169417813,123.9380601626723,63.16641371673958,287.0764354517952,-17.961300131392335,186.1789922444688,True
./data/train/PICAI/11172/,8,0,0.5625,0.5625,3.6000000953674003,100.05130635990515,4.082679816557459,257.1210395644412,198.5900033574873,137.94869364009486,294.91732018344265,-16.885672815937426,100.46599217522558,183.8335862832604,23.92356454820481,265.43077169417813,123.9380601626723,63.16641371673958,287.0764354517952,-17.961300131392335,186.1789922444688,True
./data/train/PICAI/11172/,10,0,0.5625,0.5625,3.6000000953674003,100.05130635990515,4.082679816557459,257.1210395644412,198.5900033574873,137.94869364009486,294.91732018344265,-16.885672815937426,100.46599217522558,183.8335862832604,23.92356454820481,265.43077169417813,123.9380601626723,63.16641371673958,287.0764354517952,-17.961300131392335,186.1789922444688,True
