path,curFrame,Deleted,pixelSpacingX,pixelSpacingY,pixelSpacingZ,tra_UL_x,tra_UL_y,tra_LL_x,tra_LL_y,tra_LR_x,tra_LR_y,tra_UR_x,tra_UR_y,cor_UL_x,cor_UL_y,cor_LL_x,cor_LL_y,cor_LR_x,cor_LR_y,cor_UR_x,cor_UR_y,Dirty
./data/train/PICAI/10785/,11,0,0.625,0.625,3.0,75.62189808426294,45.2957829438765,296.69252284395,182.39712819023703,226.3781019157371,294.70421705612347,6.2977452247917824,157.74204491072308,192.893484537702,41.509916943265154,279.4214908922654,94.06373808221409,137.10651546229803,323.4900830567348,50.71768220869464,269.94599384904444,True
./data/train/PICAI/10785/,10,0,0.625,0.625,3.0,75.62189808426294,45.2957829438765,296.69252284395,182.39712819023703,226.3781019157371,294.70421705612347,6.2977452247917824,157.74204491072308,192.893484537702,41.509916943265154,279.4214908922654,94.06373808221409,137.10651546229803,323.4900830567348,50.71768220869464,269.94599384904444,True
./data/train/PICAI/10785/,12,0,0.625,0.625,3.0,75.62189808426294,45.2957829438765,296.69252284395,182.39712819023703,226.3781019157371,294.70421705612347,6.2977452247917824,157.74204491072308,192.893484537702,41.509916943265154,279.4214908922654,94.06373808221409,137.10651546229803,323.4900830567348,50.71768220869464,269.94599384904444,True
