path,curFrame,Deleted,pixelSpacingX,pixelSpacingY,pixelSpacingZ,tra_UL_x,tra_UL_y,tra_LL_x,tra_LL_y,tra_LR_x,tra_LR_y,tra_UR_x,tra_UR_y,cor_UL_x,cor_UL_y,cor_LL_x,cor_LL_y,cor_LR_x,cor_LR_y,cor_UR_x,cor_UR_y,Dirty,cor_mid_x,cor_mid_y,tra_mid_x,tra_mid_y,Alpha,h_par_cor,h_orth_cor,h_par_tra,h_orth_tra,cor_U_mid_x,cor_U_mid_y,tra_U_mid_x,tra_U_mid_y,tra_L_mid_x,tra_L_mid_y
./data/train/PICAI/11412/,8,0,0.5625,0.5625,3.599999957614473,5.276644765863111,65.56101808787393,266.402709343476,175.89314576702452,225.72335523413687,273.4389819121261,-34.4179015904638,162.93320605530857,136.7194975893576,27.612482903511815,235.4237896651384,69.10299658819619,124.28050241064236,331.3875170964881,25.576210334861685,289.8970034118037,True,176.0,209.0,176.0,209.0,-2.569399009581799,80.0,60.0,30.0,160.0,86.0,151.0,-3.0,93.0,235.0,247.0
./data/train/PICAI/11412/,9,0,0.5625,0.5625,3.599999957614473,5.276644765863111,65.56101808787393,266.402709343476,175.89314576702452,225.72335523413687,273.4389819121261,-34.4179015904638,162.93320605530857,136.7194975893576,27.612482903511815,235.4237896651384,69.10299658819619,124.28050241064236,331.3875170964881,25.576210334861685,289.8970034118037,True,176.0,209.0,176.0,209.0,-2.569399009581799,80.0,60.0,30.0,160.0,86.0,151.0,-3.0,93.0,235.0,247.0
./data/train/PICAI/11412/,10,0,0.5625,0.5625,3.599999957614473,25.0,48.0,263.0,202.0,206.0,291.0,-31.0,137.0,163.0,31.0,253.0,89.0,98.0,328.0,8.0,270.0,False,176.0,209.0,176.0,209.0,-2.569399009581799,80.0,60.0,30.0,160.0,86.0,151.0,-3.0,93.0,235.0,247.0
