path,curFrame,Deleted,pixelSpacingX,pixelSpacingY,pixelSpacingZ,tra_UL_x,tra_UL_y,tra_LL_x,tra_LL_y,tra_LR_x,tra_LR_y,tra_UR_x,tra_UR_y,cor_UL_x,cor_UL_y,cor_LL_x,cor_LL_y,cor_LR_x,cor_LR_y,cor_UR_x,cor_UR_y,Dirty
./data/train/PICAI/10400/,9,0,0.5625,0.5625,3.600000050134225,56.65808391504983,25.446968073386245,277.8498761066662,176.14597625546017,201.34191608495016,287.5530319266138,-17.88026060064192,137.2013200998736,168.435128635112,27.27514937320697,258.928087763654,89.94112377846159,105.564871364888,314.724850626793,13.9134563056668,252.87003579688368,True
./data/train/PICAI/10400/,10,0,0.5625,0.5625,3.600000050134225,56.65808391504983,25.446968073386245,277.8498761066662,176.14597625546017,201.34191608495016,287.5530319266138,-17.88026060064192,137.2013200998736,168.435128635112,27.27514937320697,258.928087763654,89.94112377846159,105.564871364888,314.724850626793,13.9134563056668,252.87003579688368,True
./data/train/PICAI/10400/,11,0,0.5625,0.5625,3.600000050134225,56.65808391504983,25.446968073386245,277.8498761066662,176.14597625546017,201.34191608495016,287.5530319266138,-17.88026060064192,137.2013200998736,168.435128635112,27.27514937320697,258.928087763654,89.94112377846159,105.564871364888,314.724850626793,13.9134563056668,252.87003579688368,True
