path,curFrame,Deleted,pixelSpacingX,pixelSpacingY,pixelSpacingZ,tra_UL_x,tra_UL_y,tra_LL_x,tra_LL_y,tra_LR_x,tra_LR_y,tra_UR_x,tra_UR_y,cor_UL_x,cor_UL_y,cor_LL_x,cor_LL_y,cor_LR_x,cor_LR_y,cor_UR_x,cor_UR_y,Dirty
./data/train/PICAI/10536/,9,0,0.5625,0.5625,3.599999952682348,14.52146810749349,65.65702334751707,295.1121699112566,91.55795115467798,281.47853189250657,242.3429766524829,0.8878300887434136,216.442048845322,94.3478369056343,26.964538259587897,234.15199016315623,39.40635211237149,210.65216309436568,297.0354617404121,70.84800983684372,284.5936478876285,True
./data/train/PICAI/10536/,8,0,0.5625,0.5625,3.599999952682348,14.52146810749349,65.65702334751707,295.1121699112566,91.55795115467798,281.47853189250657,242.3429766524829,0.8878300887434136,216.442048845322,96.3478369056343,26.964538259587897,236.15199016315623,39.40635211237149,212.65216309436568,297.0354617404121,72.84800983684372,284.5936478876285,True
./data/train/PICAI/10536/,10,0,0.5625,0.5625,3.599999952682348,14.52146810749349,65.65702334751707,295.1121699112566,91.55795115467798,281.47853189250657,242.3429766524829,0.8878300887434136,216.442048845322,94.3478369056343,26.964538259587897,234.15199016315623,39.40635211237149,210.65216309436568,297.0354617404121,70.84800983684372,284.5936478876285,True
