path,curFrame,Deleted,pixelSpacingX,pixelSpacingY,pixelSpacingZ,tra_UL_x,tra_UL_y,tra_LL_x,tra_LL_y,tra_LR_x,tra_LR_y,tra_UR_x,tra_UR_y,cor_UL_x,cor_UL_y,cor_LL_x,cor_LL_y,cor_LR_x,cor_LR_y,cor_UR_x,cor_UR_y,Dirty
./data/train/PICAI/10834/,10,0,0.5625,0.5625,3.0,60.19318381845322,35.42668257871165,289.3090698670118,165.58009498186,223.8068161815468,279.57331742128827,-3.328533729528573,149.69825122006014,165.7869101644754,29.03400148629683,261.22732913771296,82.84038053388632,131.2130898355246,310.96599851370314,35.91184396324711,256.16935139737217,True
./data/train/PICAI/10834/,9,0,0.5625,0.5625,3.0,60.19318381845322,35.42668257871165,289.3090698670118,165.58009498186,223.8068161815468,279.57331742128827,-3.328533729528573,149.69825122006014,165.7869101644754,29.03400148629683,261.22732913771296,82.84038053388632,131.2130898355246,310.96599851370314,35.91184396324711,256.16935139737217,True
./data/train/PICAI/10834/,11,0,0.5625,0.5625,3.0,60.19318381845322,35.42668257871165,289.3090698670118,165.58009498186,223.8068161815468,279.57331742128827,-3.328533729528573,149.69825122006014,165.7869101644754,29.03400148629683,261.22732913771296,82.84038053388632,131.2130898355246,310.96599851370314,35.91184396324711,256.16935139737217,True
