path,curFrame,Deleted,pixelSpacingX,pixelSpacingY,pixelSpacingZ,tra_UL_x,tra_UL_y,tra_LL_x,tra_LL_y,tra_LR_x,tra_LR_y,tra_UR_x,tra_UR_y,cor_UL_x,cor_UL_y,cor_LL_x,cor_LL_y,cor_LR_x,cor_LR_y,cor_UR_x,cor_UR_y,Dirty
./data/train/PICAI/11137/,9,0,0.5625,0.5625,4.000404357910126,-5.509808050704038,46.29864264727408,248.391845714753,118.15231489278978,203.509808050704,274.701357352726,-48.40280192401643,202.63862818067497,84.08953892715734,18.41031750431037,203.26786620482085,52.13755141547082,126.91046107284266,320.58968249568966,8.726655690547418,286.75792012126146,True
./data/train/PICAI/11137/,10,0,0.5625,0.5625,4.000404357910126,-1.4605736050474576,42.72087132711141,249.7787531355338,123.39181218526348,199.46057360504744,278.27912867288865,-49.78362503501416,197.4686748672483,89.37553547759185,17.75514294096945,207.30419904970145,55.62109477234698,121.62446452240816,321.2448570590305,4.693365000558401,283.30914875390886,True
./data/train/PICAI/11137/,11,0,0.5625,0.5625,4.000404357910126,-1.4605736050474576,42.72087132711141,249.7787531355338,123.39181218526348,199.46057360504744,278.27912867288865,-49.78362503501416,197.4686748672483,89.37553547759185,17.75514294096945,207.30419904970145,55.62109477234698,121.62446452240816,321.2448570590305,4.693365000558401,283.30914875390886,True
