path,curFrame,Deleted,pixelSpacingX,pixelSpacingY,pixelSpacingZ,tra_UL_x,tra_UL_y,tra_LL_x,tra_LL_y,tra_LR_x,tra_LR_y,tra_UR_x,tra_UR_y,cor_UL_x,cor_UL_y,cor_LL_x,cor_LL_y,cor_LR_x,cor_LR_y,cor_UR_x,cor_UR_y,Dirty
./data/train/PICAI/11372/,9,0,0.5625,0.5625,3.599999997350928,41.45711737543071,41.38517731206062,286.6979236329282,147.60168707477413,232.5428826245693,270.6148226879394,-11.703401737559886,164.50284138849352,152.91425714421922,26.41902083522564,253.88961687005536,70.21373202548227,149.08574285578078,311.5809791647744,48.11038312994458,267.7862679745177,True
./data/train/PICAI/11372/,8,0,0.5625,0.5625,3.599999997350928,41.45711737543071,41.38517731206062,286.6979236329282,147.60168707477413,232.5428826245693,270.6148226879394,-11.703401737559886,164.50284138849352,152.91425714421922,26.41902083522564,253.88961687005536,70.21373202548227,149.08574285578078,311.5809791647744,48.11038312994458,267.7862679745177,True
./data/train/PICAI/11372/,10,0,0.5625,0.5625,3.599999997350928,41.45711737543071,41.38517731206062,286.6979236329282,147.60168707477413,232.5428826245693,270.6148226879394,-11.703401737559886,164.50284138849352,152.91425714421922,26.41902083522564,253.88961687005536,70.21373202548227,149.08574285578078,311.5809791647744,48.11038312994458,267.7862679745177,True
