path,curFrame,Deleted,pixelSpacingX,pixelSpacingY,pixelSpacingZ,tra_UL_x,tra_UL_y,tra_LL_x,tra_LL_y,tra_LR_x,tra_LR_y,tra_UR_x,tra_UR_y,cor_UL_x,cor_UL_y,cor_LL_x,cor_LL_y,cor_LR_x,cor_LR_y,cor_UR_x,cor_UR_y,Dirty
./data/train/PICAI/10119/,10,0,0.5625,0.5625,3.5999999576145,-9.347608048833138,84.71210790776011,257.3580076576696,115.58466126208025,243.3476080488332,242.28789209224,-23.270851914921863,212.41153343601147,93.02977013001808,32.836661497106206,198.46428932926045,44.692552911276366,169.97022986998192,304.1633385028938,64.53571067073956,292.3074470887237,True
./data/train/PICAI/10119/,9,0,0.5625,0.5625,3.5999999576145,-9.347608048833138,84.71210790776011,257.3580076576696,115.58466126208025,243.3476080488332,242.28789209224,-23.270851914921863,212.41153343601147,93.02977013001808,32.836661497106206,198.46428932926045,44.692552911276366,169.97022986998192,304.1633385028938,64.53571067073956,292.3074470887237,True
./data/train/PICAI/10119/,11,0,0.5625,0.5625,3.5999999576145,-13.297892716172754,91.43260686187725,254.657956814704,108.3045570214248,247.29789271617275,235.5673931381228,-20.518783713743744,219.6857110473168,89.98242169537932,35.03595965473423,195.892935964664,41.35758659846039,181.01757830462068,301.9640403452658,75.10706403533601,295.64241340153967,True
