path,curFrame,Deleted,pixelSpacingX,pixelSpacingY,pixelSpacingZ,tra_UL_x,tra_UL_y,tra_LL_x,tra_LL_y,tra_LR_x,tra_LR_y,tra_UR_x,tra_UR_y,cor_UL_x,cor_UL_y,cor_LL_x,cor_LL_y,cor_LR_x,cor_LR_y,cor_UR_x,cor_UR_y,Dirty
./data/train/PICAI/10034/,10,0,0.5625,0.5625,3.600000169542111,42.45216953911843,27.867511762609567,273.9994023159116,165.00568658424544,210.5478304608816,271.1324882373904,-19.25101880526178,135.3882843981238,154.51636634314335,25.684897701207007,246.240276529454,79.9409968987501,119.48363365685664,296.3151022987929,26.7815758698122,241.85109141043216,True
./data/train/PICAI/10034/,9,0,0.5625,0.5625,3.600000169542111,42.45216953911843,27.867511762609567,273.9994023159116,165.00568658424544,210.5478304608816,271.1324882373904,-19.25101880526178,135.3882843981238,154.51636634314335,25.684897701207007,246.240276529454,79.9409968987501,119.48363365685664,296.3151022987929,26.7815758698122,241.85109141043216,True
./data/train/PICAI/10034/,11,0,0.5625,0.5625,3.600000169542111,42.45216953911843,27.867511762609567,273.9994023159116,165.00568658424544,210.5478304608816,271.1324882373904,-19.25101880526178,135.3882843981238,154.51636634314335,25.684897701207007,246.240276529454,79.9409968987501,119.48363365685664,296.3151022987929,26.7815758698122,241.85109141043216,True
