path,curFrame,Deleted,pixelSpacingX,pixelSpacingY,pixelSpacingZ,tra_UL_x,tra_UL_y,tra_LL_x,tra_LL_y,tra_LR_x,tra_LR_y,tra_UR_x,tra_UR_y,cor_UL_x,cor_UL_y,cor_LL_x,cor_LL_y,cor_LR_x,cor_LR_y,cor_UR_x,cor_UR_y,Dirty
./data/train/PICAI/10406/,8,0,0.5625,0.5625,3.6000000635782783,11.991734281305725,83.59161270658264,295.34873736832344,126.30939356589137,276.00826571869425,257.40838729341726,-6.176301189499242,215.4814246221798,123.710750264491,43.975702557822615,229.72421962626072,60.04257262890742,191.28924973550897,313.0242974421774,85.27578037373924,296.9574273710926,True
./data/train/PICAI/10406/,9,0,0.5625,0.5625,3.6000000635782783,4.919500541191525,95.42760380613662,290.9213446029696,113.28664054562553,283.0804994588085,245.57239619386328,-1.68444555121431,228.3989837944958,112.11476349980816,47.432535281170345,219.12513959899036,54.19858339743284,202.8852365001918,309.5674647188296,95.87486040100958,302.8014166025672,True
./data/train/PICAI/10406/,10,0,0.5625,0.5625,3.6000000635782783,4.919500541191525,95.42760380613662,290.9213446029696,113.28664054562553,283.0804994588085,245.57239619386328,-1.68444555121431,228.3989837944958,112.11476349980816,47.432535281170345,219.12513959899036,54.19858339743284,202.8852365001918,309.5674647188296,95.87486040100958,302.8014166025672,True
