path,curFrame,Deleted,pixelSpacingX,pixelSpacingY,pixelSpacingZ,tra_UL_x,tra_UL_y,tra_LL_x,tra_LL_y,tra_LR_x,tra_LR_y,tra_UR_x,tra_UR_y,cor_UL_x,cor_UL_y,cor_LL_x,cor_LL_y,cor_LR_x,cor_LR_y,cor_UR_x,cor_UR_y,Dirty,h_par_cor,h_orth_cor,h_par_tra,h_orth_tra
./data/train/PICAI/11222/,9,0,0.5625,0.5625,3.600000032915506,41.442524595741006,13.540073512324112,255.2256587371246,161.04184149049894,178.55747540425898,272.4599264876759,-34.24403155367676,125.1489675048776,156.098417758396,14.57217133559061,241.5298313754858,72.94574041771658,91.90158224160405,292.4278286644094,5.679350436443144,232.8818234034592,True,,,,
./data/train/PICAI/11222/,8,0,0.5625,0.5625,3.600000032915506,41.442524595741006,13.540073512324112,255.2256587371246,161.04184149049894,178.55747540425898,272.4599264876759,-34.24403155367676,125.1489675048776,156.098417758396,14.57217133559061,241.5298313754858,72.94574041771658,91.90158224160405,292.4278286644094,5.679350436443144,232.8818234034592,True,,,,
./data/train/PICAI/11222/,10,0,0.5625,0.5625,3.600000032915506,41.442524595741006,13.540073512324112,255.2256587371246,161.04184149049894,178.55747540425898,272.4599264876759,-34.24403155367676,125.1489675048776,156.098417758396,14.57217133559061,241.5298313754858,72.94574041771658,91.90158224160405,292.4278286644094,5.679350436443144,232.8818234034592,True,,,,
