path,curFrame,Deleted,pixelSpacingX,pixelSpacingY,pixelSpacingZ,tra_UL_x,tra_UL_y,tra_LL_x,tra_LL_y,tra_LR_x,tra_LR_y,tra_UR_x,tra_UR_y,cor_UL_x,cor_UL_y,cor_LL_x,cor_LL_y,cor_LR_x,cor_LR_y,cor_UR_x,cor_UR_y,Dirty
./data/train/PICAI/11301/,8,0,0.5625,0.5625,4.000404458296879,30.591877119093468,48.23333720778355,282.7804496112208,126.0145939756132,246.4081228809065,244.7666627922165,-4.782885560961006,167.05516249813093,142.9241319290776,10.81004446586411,244.9966377862403,42.00625494148892,167.0758680709224,296.18995553413595,64.075554637244,263.9264245345071,True
./data/train/PICAI/11301/,9,0,0.5625,0.5625,4.000404458296879,30.591877119093468,48.23333720778355,282.7804496112208,126.0145939756132,246.4081228809065,244.7666627922165,-4.782885560961006,167.05516249813093,142.9241319290776,10.81004446586411,244.9966377862403,42.00625494148892,167.0758680709224,296.18995553413595,64.075554637244,263.9264245345071,True
./data/train/PICAI/11301/,10,0,0.5625,0.5625,4.000404458296879,30.591877119093468,48.23333720778355,282.7804496112208,126.0145939756132,246.4081228809065,244.7666627922165,-4.782885560961006,167.05516249813093,142.9241319290776,10.81004446586411,244.9966377862403,42.00625494148892,167.0758680709224,296.18995553413595,64.075554637244,263.9264245345071,True
