path,curFrame,Deleted,pixelSpacingX,pixelSpacingY,pixelSpacingZ,tra_UL_x,tra_UL_y,tra_LL_x,tra_LL_y,tra_LR_x,tra_LR_y,tra_UR_x,tra_UR_y,cor_UL_x,cor_UL_y,cor_LL_x,cor_LL_y,cor_LR_x,cor_LR_y,cor_UR_x,cor_UR_y,Dirty
./data/train/PICAI/10531/,9,0,0.5625,0.5625,3.600000010596389,4.8510926124912,74.42844759557892,266.4013421283938,104.25238057178356,251.1489073875088,236.5715524044211,-9.51134869629314,205.64856906958053,104.0365662839234,30.561812633509703,216.04718635612485,43.92672905827469,185.96343371607657,293.43818736649035,74.05734210714282,281.0677928370936,True
./data/train/PICAI/10531/,8,0,0.5625,0.5625,3.600000010596389,4.8510926124912,74.42844759557892,266.4013421283938,104.25238057178356,251.1489073875088,236.5715524044211,-9.51134869629314,205.64856906958053,104.0365662839234,30.561812633509703,216.04718635612485,43.92672905827469,185.96343371607657,293.43818736649035,74.05734210714282,281.0677928370936,True
./data/train/PICAI/10531/,10,0,0.5625,0.5625,3.600000010596389,4.8510926124912,74.42844759557892,266.4013421283938,104.25238057178356,251.1489073875088,236.5715524044211,-9.51134869629314,205.64856906958053,104.0365662839234,30.561812633509703,216.04718635612485,43.92672905827469,185.96343371607657,293.43818736649035,74.05734210714282,281.0677928370936,True
