path,curFrame,Deleted,pixelSpacingX,pixelSpacingY,pixelSpacingZ,tra_UL_x,tra_UL_y,tra_LL_x,tra_LL_y,tra_LR_x,tra_LR_y,tra_UR_x,tra_UR_y,cor_UL_x,cor_UL_y,cor_LL_x,cor_LL_y,cor_LR_x,cor_LR_y,cor_UR_x,cor_UR_y,Dirty
./data/train/PICAI/11170/,9,0,0.5625,0.5625,3.599999957614445,40.85556639784369,45.17418342522272,280.2918203776828,142.41244893886696,234.1444336021563,256.82581657477726,-4.295625679591097,159.67470680388072,159.26631101654135,20.05528833299764,246.48347304786404,55.792756726855714,145.73368898345865,300.9447116670023,59.51272165022768,265.29439901589194,True
./data/train/PICAI/11170/,8,0,0.5625,0.5625,3.599999957614445,40.85556639784369,45.17418342522272,280.2918203776828,142.41244893886696,234.1444336021563,256.82581657477726,-4.295625679591097,159.67470680388072,159.26631101654135,20.05528833299764,246.48347304786404,55.792756726855714,145.73368898345865,300.9447116670023,59.51272165022768,265.29439901589194,True
./data/train/PICAI/11170/,10,0,0.5625,0.5625,3.599999957614445,40.85556639784369,45.17418342522272,280.2918203776828,142.41244893886696,234.1444336021563,256.82581657477726,-4.295625679591097,159.67470680388072,159.26631101654135,20.05528833299764,246.48347304786404,55.792756726855714,145.73368898345865,300.9447116670023,59.51272165022768,265.29439901589194,True
