path,curFrame,Deleted,pixelSpacingX,pixelSpacingY,pixelSpacingZ,tra_UL_x,tra_UL_y,tra_LL_x,tra_LL_y,tra_LR_x,tra_LR_y,tra_UR_x,tra_UR_y,cor_UL_x,cor_UL_y,cor_LL_x,cor_LL_y,cor_LR_x,cor_LR_y,cor_UR_x,cor_UR_y,Dirty
./data/train/PICAI/11156/,10,0,0.254629641771,0.254629641771,3.29999996778612,-2.3127917598366707,449.8404918241801,637.7054766698166,377.00083177342856,671.3127917598365,678.1595081758201,33.46821451409784,751.5236361826687,229.6520931970497,243.90302205769973,457.4322443266799,216.9734332869293,533.3479068029503,888.0969779422999,306.31717468376144,913.8272455939414,True
./data/train/PICAI/11156/,9,0,0.254629641771,0.254629641771,3.29999996778612,-2.3127917598366707,449.8404918241801,637.7054766698166,377.00083177342856,671.3127917598365,678.1595081758201,33.46821451409784,751.5236361826687,229.6520931970497,243.90302205769973,457.4322443266799,216.9734332869293,533.3479068029503,888.0969779422999,306.31717468376144,913.8272455939414,True
./data/train/PICAI/11156/,11,0,0.254629641771,0.254629641771,3.29999996778612,-2.3127917598366707,449.8404918241801,637.7054766698166,377.00083177342856,671.3127917598365,678.1595081758201,33.46821451409784,751.5236361826687,229.6520931970497,243.90302205769973,457.4322443266799,216.9734332869293,533.3479068029503,888.0969779422999,306.31717468376144,913.8272455939414,True
