path,curFrame,Deleted,pixelSpacingX,pixelSpacingY,pixelSpacingZ,tra_UL_x,tra_UL_y,tra_LL_x,tra_LL_y,tra_LR_x,tra_LR_y,tra_UR_x,tra_UR_y,cor_UL_x,cor_UL_y,cor_LL_x,cor_LL_y,cor_LR_x,cor_LR_y,cor_UR_x,cor_UR_y,Dirty
./data/train/PICAI/11079/,9,0,0.5625,0.5625,3.5999999576145,20.48199108390588,20.910558680714743,256.8766287463566,125.19179037865116,201.51800891609412,250.08944131928524,-33.88210685098832,145.9127380846165,129.142709674598,0.0598868764109283,222.3709511640233,41.029326569789774,112.857290325402,288.9401131235891,19.73357729924436,246.976151534842,True
./data/train/PICAI/11079/,8,0,0.5625,0.5625,3.5999999576145,20.48199108390588,20.910558680714743,256.8766287463566,125.19179037865116,201.51800891609412,250.08944131928524,-33.88210685098832,145.9127380846165,133.142709674598,0.0598868764109283,226.3709511640233,41.029326569789774,116.857290325402,288.9401131235891,23.73357729924436,246.976151534842,True
./data/train/PICAI/11079/,10,0,0.5625,0.5625,3.5999999576145,9.0,31.0,255.0,110.0,213.0,240.0,-32.0,161.0,114.0,0.0,211.0,31.0,128.0,289.0,31.0,257.0,True
