path,curFrame,Deleted,pixelSpacingX,pixelSpacingY,pixelSpacingZ,tra_UL_x,tra_UL_y,tra_LL_x,tra_LL_y,tra_LR_x,tra_LR_y,tra_UR_x,tra_UR_y,cor_UL_x,cor_UL_y,cor_LL_x,cor_LL_y,cor_LR_x,cor_LR_y,cor_UR_x,cor_UR_y,Dirty
./data/train/PICAI/11384/,10,0,0.5625,0.5625,4.000404401404245,49.283848667931196,63.5290678281082,288.45900106725367,208.32287458364914,216.71615133206876,326.4709321718918,-21.46447917188536,181.78165387961855,157.3754027516182,63.70097515522855,258.56282239264084,124.61161549328118,129.6245972483818,337.29902484477145,28.54170607062683,275.39386261135064,True
./data/train/PICAI/11384/,9,0,0.5625,0.5625,4.000404401404245,49.283848667931196,63.5290678281082,288.45900106725367,208.32287458364914,216.71615133206876,326.4709321718918,-21.46447917188536,181.78165387961855,157.3754027516182,63.70097515522855,258.56282239264084,124.61161549328118,129.6245972483818,337.29902484477145,28.54170607062683,275.39386261135064,True
./data/train/PICAI/11384/,8,0,0.5625,0.5625,4.000404401404245,49.283848667931196,63.5290678281082,288.45900106725367,208.32287458364914,216.71615133206876,326.4709321718918,-21.46447917188536,181.78165387961855,157.3754027516182,63.70097515522855,258.56282239264084,124.61161549328118,129.6245972483818,337.29902484477145,28.54170607062683,275.39386261135064,True
