path,curFrame,Deleted,pixelSpacingX,pixelSpacingY,pixelSpacingZ,tra_UL_x,tra_UL_y,tra_LL_x,tra_LL_y,tra_LR_x,tra_LR_y,tra_UR_x,tra_UR_y,cor_UL_x,cor_UL_y,cor_LL_x,cor_LL_y,cor_LR_x,cor_LR_y,cor_UR_x,cor_UR_y,Dirty
./data/train/PICAI/11448/,10,0,0.5625,0.5625,3.599999957614445,83.08358487970202,4.240404930737043,291.02861648629306,186.0558713524194,202.916415120298,286.759595069263,-5.11577222904063,105.94032334567235,194.93978745471588,24.53390743908741,276.1179143955953,94.87672303791366,102.06021254528412,294.46609256091256,21.87828030249645,224.21043270483403,True
./data/train/PICAI/11448/,9,0,0.5625,0.5625,3.599999957614445,83.08358487970202,4.240404930737043,291.02861648629306,186.0558713524194,202.916415120298,286.759595069263,-5.11577222904063,105.94032334567235,194.93978745471588,24.53390743908741,276.1179143955953,94.87672303791366,102.06021254528412,294.46609256091256,21.87828030249645,224.21043270483403,True
./data/train/PICAI/11448/,11,0,0.5625,0.5625,3.599999957614445,83.08358487970202,4.240404930737043,291.02861648629306,186.0558713524194,202.916415120298,286.759595069263,-5.11577222904063,105.94032334567235,194.93978745471588,24.53390743908741,276.1179143955953,94.87672303791366,102.06021254528412,294.46609256091256,21.87828030249645,224.21043270483403,True
