path,curFrame,Deleted,pixelSpacingX,pixelSpacingY,pixelSpacingZ,tra_UL_x,tra_UL_y,tra_LL_x,tra_LL_y,tra_LR_x,tra_LR_y,tra_UR_x,tra_UR_y,cor_UL_x,cor_UL_y,cor_LL_x,cor_LL_y,cor_LR_x,cor_LR_y,cor_UR_x,cor_UR_y,Dirty
./data/train/PICAI/10779/,9,0,0.5625,0.5625,3.6000000635782774,11.328450296152935,66.45583811873756,277.5884866364022,102.8233105094495,258.67154970384706,238.54416188126245,-5.599442845665635,201.9676325640152,106.50022870600584,22.32788199849918,219.71442760011075,37.577313750733055,184.49977129399417,295.67211800150085,71.2855723998892,280.42268624926703,True
./data/train/PICAI/10779/,8,0,0.5625,0.5625,3.6000000635782774,11.328450296152935,66.45583811873756,277.5884866364022,102.8233105094495,258.67154970384706,238.54416188126245,-5.599442845665635,201.9676325640152,106.50022870600584,22.32788199849918,219.71442760011075,37.577313750733055,184.49977129399417,295.67211800150085,71.2855723998892,280.42268624926703,True
./data/train/PICAI/10779/,10,0,0.5625,0.5625,3.6000000635782774,11.328450296152935,66.45583811873756,277.5884866364022,102.8233105094495,258.67154970384706,238.54416188126245,-5.599442845665635,201.9676325640152,106.50022870600584,22.32788199849918,219.71442760011075,37.577313750733055,184.49977129399417,295.67211800150085,71.2855723998892,280.42268624926703,True
