path,curFrame,Deleted,pixelSpacingX,pixelSpacingY,pixelSpacingZ,tra_UL_x,tra_UL_y,tra_LL_x,tra_LL_y,tra_LR_x,tra_LR_y,tra_UR_x,tra_UR_y,cor_UL_x,cor_UL_y,cor_LL_x,cor_LL_y,cor_LR_x,cor_LR_y,cor_UR_x,cor_UR_y,Dirty,cor_mid_x,cor_mid_y,tra_mid_x,tra_mid_y,Alpha,h_par_cor,h_orth_cor,h_par_tra,h_orth_tra,cor_U_mid_x,cor_U_mid_y,tra_U_mid_x,tra_U_mid_y,tra_L_mid_x,tra_L_mid_y
./data/train/PICAI/10035/,10,0,0.5625,0.5625,4.000404272051233,-41.0,113.0,239.0,147.0,226.0,252.0,-54.0,218.0,74.0,55.0,180.0,68.0,145.0,351.0,39.0,338.0,True,163.0,210.0,163.0,210.0,-3.020565433780588,80.0,60.0,30.0,160.0,57.0,197.0,-48.0,184.0,233.0,218.0
./data/train/PICAI/10035/,9,0,0.5625,0.5625,4.000404272051233,-45.52287563490325,122.48178775178292,236.16677854514785,136.86715281226188,230.52287563490324,242.51821224821708,-51.16677854514782,228.1328471877381,61.76251810164569,57.83687537946244,168.41114158786067,63.4110218159629,153.2374818983543,348.1631246205376,46.58885841213931,342.5889781840371,True,163.0,210.0,163.0,210.0,-3.020565433780588,80.0,60.0,30.0,160.0,57.0,197.0,-48.0,184.0,233.0,218.0
./data/train/PICAI/10035/,11,0,0.5625,0.5625,4.000404272051233,-41.0,113.0,239.0,147.0,226.0,252.0,-54.0,218.0,74.0,55.0,180.0,68.0,145.0,351.0,39.0,338.0,True,163.0,210.0,163.0,210.0,-3.020565433780588,80.0,60.0,30.0,160.0,57.0,197.0,-48.0,184.0,233.0,218.0
