path,curFrame,Deleted,pixelSpacingX,pixelSpacingY,pixelSpacingZ,tra_UL_x,tra_UL_y,tra_LL_x,tra_LL_y,tra_LR_x,tra_LR_y,tra_UR_x,tra_UR_y,cor_UL_x,cor_UL_y,cor_LL_x,cor_LL_y,cor_LR_x,cor_LR_y,cor_UR_x,cor_UR_y,Dirty
./data/train/PICAI/10161/,12,0,0.625,0.625,3.0,6.70475606512106,109.72780020306996,252.4611310179763,140.6600514957191,234.2952439348789,282.27219979693,-9.466002917456803,251.20043555679263,90.75693532275426,78.31325879202106,197.9636105989224,91.86791763060003,166.24306467724568,340.6867412079789,59.036389401077685,327.13208236939994,True
./data/train/PICAI/10161/,11,0,0.625,0.625,3.0,6.70475606512106,109.72780020306996,252.4611310179763,140.6600514957191,234.2952439348789,282.27219979693,-9.466002917456803,251.20043555679263,90.75693532275426,78.31325879202106,197.9636105989224,91.86791763060003,166.24306467724568,340.6867412079789,59.036389401077685,327.13208236939994,True
./data/train/PICAI/10161/,13,0,0.625,0.625,3.0,6.70475606512106,109.72780020306996,252.4611310179763,140.6600514957191,234.2952439348789,282.27219979693,-9.466002917456803,251.20043555679263,90.75693532275426,78.31325879202106,197.9636105989224,91.86791763060003,166.24306467724568,340.6867412079789,59.036389401077685,327.13208236939994,True
