path,curFrame,Deleted,pixelSpacingX,pixelSpacingY,pixelSpacingZ,tra_UL_x,tra_UL_y,tra_LL_x,tra_LL_y,tra_LR_x,tra_LR_y,tra_UR_x,tra_UR_y,cor_UL_x,cor_UL_y,cor_LL_x,cor_LL_y,cor_LR_x,cor_LR_y,cor_UR_x,cor_UR_y,Dirty
./data/train/PICAI/10423/,10,0,0.5625,0.5625,3.599999957614445,26.63528142213515,35.15404748013455,272.90651252438704,122.2601938268836,222.3647185778648,263.8459525198655,-21.9502173229195,177.15562955475195,123.50151191217844,8.797499262722283,232.86981063429977,47.37955771777172,142.49848808782153,304.2025007372778,33.13018936570025,265.62044228222834,True
./data/train/PICAI/10423/,11,0,0.5625,0.5625,3.599999957614445,26.63528142213515,35.15404748013455,272.90651252438704,122.2601938268836,222.3647185778648,263.8459525198655,-21.9502173229195,177.15562955475195,123.50151191217844,8.797499262722283,232.86981063429977,47.37955771777172,142.49848808782153,304.2025007372778,33.13018936570025,265.62044228222834,True
./data/train/PICAI/10423/,12,0,0.5625,0.5625,3.599999957614445,26.63528142213515,35.15404748013455,272.90651252438704,122.2601938268836,222.3647185778648,263.8459525198655,-21.9502173229195,177.15562955475195,123.50151191217844,8.797499262722283,232.86981063429977,47.37955771777172,142.49848808782153,304.2025007372778,33.13018936570025,265.62044228222834,True
