path,curFrame,Deleted,pixelSpacingX,pixelSpacingY,pixelSpacingZ,tra_UL_x,tra_UL_y,tra_LL_x,tra_LL_y,tra_LR_x,tra_LR_y,tra_UR_x,tra_UR_y,cor_UL_x,cor_UL_y,cor_LL_x,cor_LL_y,cor_LR_x,cor_LR_y,cor_UR_x,cor_UR_y,Dirty,h_par_cor,h_orth_cor,h_par_tra,h_orth_tra
./data/train/PICAI/10168/,-1,0,-1.0,-1.0,-1.0,-1.0,-1.0,-1.0,-1.0,-1.0,-1.0,-1.0,-1.0,-1.0,-1.0,-1.0,-1.0,-1.0,-1.0,-1.0,-1.0,False,80.0,60.0,30.0,160.0
./data/train/PICAI/10168/,15,0,0.392857134342,0.392857134342,3.29999987284341,147.65654698278684,75.13756726133172,477.9779066437644,355.9859237666231,340.3434530172132,518.8624327386681,9.35816030499521,236.76539977269096,347.60937180725546,83.54166134820957,479.1958086747865,196.97009531653725,186.3906281927446,542.4583386517905,53.55551486452765,429.6938377347028,True,,,,
./data/train/PICAI/10168/,14,0,0.392857134342,0.392857134342,3.29999987284341,143.79918720801166,76.85278308408039,478.9717169909388,351.89346240063696,344.2008127919884,517.1472169159194,8.342658668939748,240.8696385476076,343.59249442291406,82.16978144515835,477.1384891699168,193.2844397357436,190.407505577086,543.8302185548417,55.62461177832782,433.4011846043775,True,,,,
./data/train/PICAI/10168/,16,0,0.392857134342,0.392857134342,3.29999987284341,121.3364474677984,88.53260955204564,483.4224466079453,327.0315177815837,366.6635525322016,505.4673904479543,3.766393816709354,265.81002628773706,327.04458470318616,75.42819779470261,471.47364499544216,171.97480075459916,222.9554152968139,550.5718022052974,77.36789907387865,454.83635882074594,True,,,,
