path,curFrame,Deleted,pixelSpacingX,pixelSpacingY,pixelSpacingZ,tra_UL_x,tra_UL_y,tra_LL_x,tra_LL_y,tra_LR_x,tra_LR_y,tra_UR_x,tra_UR_y,cor_UL_x,cor_UL_y,cor_LL_x,cor_LL_y,cor_LR_x,cor_LR_y,cor_UR_x,cor_UR_y,Dirty,h_par_cor,h_orth_cor,h_par_tra,h_orth_tra
./data/train/PICAI/10484/,9,0,0.5625,0.5625,3.6,61.88215273284838,11.32909816858688,283.25766833245524,169.48687095578902,204.11784726715163,280.6709018314131,-16.386991524218985,123.6275445392574,170.96853497223717,19.56690556277925,261.77898263261386,84.11504725347376,112.0314650277628,294.43309443722075,21.09914802398092,230.8774988981676,True,,,,
./data/train/PICAI/10484/,10,0,0.5625,0.5625,3.6,61.88215273284838,11.32909816858688,283.25766833245524,169.48687095578902,204.11784726715163,280.6709018314131,-16.386991524218985,123.6275445392574,170.96853497223717,19.56690556277925,261.77898263261386,84.11504725347376,112.0314650277628,294.43309443722075,21.09914802398092,230.8774988981676,True,,,,
./data/train/PICAI/10484/,-1,0,-1.0,-1.0,-1.0,-1.0,-1.0,-1.0,-1.0,-1.0,-1.0,-1.0,-1.0,-1.0,-1.0,-1.0,-1.0,-1.0,-1.0,-1.0,-1.0,False,80.0,60.0,30.0,160.0
./data/train/PICAI/10484/,11,0,0.5625,0.5625,3.6,61.88215273284838,11.32909816858688,283.25766833245524,169.48687095578902,204.11784726715163,280.6709018314131,-16.386991524218985,123.6275445392574,170.96853497223717,19.56690556277925,261.77898263261386,84.11504725347376,112.0314650277628,294.43309443722075,21.09914802398092,230.8774988981676,True,,,,
