path,curFrame,Deleted,pixelSpacingX,pixelSpacingY,pixelSpacingZ,tra_UL_x,tra_UL_y,tra_LL_x,tra_LL_y,tra_LR_x,tra_LR_y,tra_UR_x,tra_UR_y,cor_UL_x,cor_UL_y,cor_LL_x,cor_LL_y,cor_LR_x,cor_LR_y,cor_UR_x,cor_UR_y,Dirty,h_par_cor,h_orth_cor,h_par_tra,h_orth_tra
./data/train/PICAI/10342/,-1,0,-1.0,-1.0,-1.0,-1.0,-1.0,-1.0,-1.0,-1.0,-1.0,-1.0,-1.0,-1.0,-1.0,-1.0,-1.0,-1.0,-1.0,-1.0,-1.0,False,80.0,60.0,30.0,160.0
./data/train/PICAI/10342/,15,0,0.39285713434219,0.39285713434219,3.3,61.57855847540228,78.57277751119756,479.500029231328,222.470811831352,406.42144152459787,434.4272224888024,-10.857989709407777,289.26911465797787,234.8100358237493,31.269249793834742,407.65615658408615,90.76898540755934,261.1899641762507,513.7307502061652,88.34384341591394,454.2310145924406,True,,,,
./data/train/PICAI/10342/,16,0,0.39285713434219,0.39285713434219,3.3,46.72729488482045,94.2773631121629,475.599988331679,201.2035657737984,421.2727051151797,418.7226368878371,-7.070214606715922,310.48519824425995,213.83558241180583,33.33678675252011,391.2097151496824,77.54557587285453,282.1644175881941,511.6632132474798,104.7902848503176,467.4544241271454,True,,,,
./data/train/PICAI/10342/,17,0,0.39285713434219,0.39285713434219,3.3,46.72729488482045,94.2773631121629,475.599988331679,201.2035657737984,421.2727051151797,418.7226368878371,-7.070214606715922,310.48519824425995,213.83558241180583,33.33678675252011,391.2097151496824,77.54557587285453,282.1644175881941,511.6632132474798,104.7902848503176,467.4544241271454,True,,,,
