path,curFrame,Deleted,pixelSpacingX,pixelSpacingY,pixelSpacingZ,tra_UL_x,tra_UL_y,tra_LL_x,tra_LL_y,tra_LR_x,tra_LR_y,tra_UR_x,tra_UR_y,cor_UL_x,cor_UL_y,cor_LL_x,cor_LL_y,cor_LR_x,cor_LR_y,cor_UR_x,cor_UR_y,Dirty
./data/train/PICAI/10742/,9,0,0.5625,0.5625,3.5999999046325497,12.241179159529452,80.56759389668073,283.00252210111705,95.17222222019534,274.75882084047055,241.43240610331927,4.788296086954034,225.65534160098045,109.16444766668629,30.302133153709377,227.5850346290875,36.82628700538896,211.83555233331373,301.6978668462907,94.39659255436015,294.9829039992345,True
./data/train/PICAI/10742/,10,0,0.5625,0.5625,3.5999999046325497,12.241179159529452,80.56759389668073,283.00252210111705,95.17222222019534,274.75882084047055,241.43240610331927,4.788296086954034,225.65534160098045,109.16444766668629,30.302133153709377,227.5850346290875,36.82628700538896,211.83555233331373,301.6978668462907,94.39659255436015,294.9829039992345,True
./data/train/PICAI/10742/,11,0,0.5625,0.5625,3.5999999046325497,12.241179159529452,80.56759389668073,283.00252210111705,95.17222222019534,274.75882084047055,241.43240610331927,4.788296086954034,225.65534160098045,109.16444766668629,30.302133153709377,227.5850346290875,36.82628700538896,211.83555233331373,301.6978668462907,94.39659255436015,294.9829039992345,True
