path,curFrame,Deleted,pixelSpacingX,pixelSpacingY,pixelSpacingZ,tra_UL_x,tra_UL_y,tra_LL_x,tra_LL_y,tra_LR_x,tra_LR_y,tra_UR_x,tra_UR_y,cor_UL_x,cor_UL_y,cor_LL_x,cor_LL_y,cor_LR_x,cor_LR_y,cor_UR_x,cor_UR_y,Dirty,h_par_cor,h_orth_cor,h_par_tra,h_orth_tra
./data/train/PICAI/11195/,9,0,0.5625,0.5625,3.5999999479814093,131.08267001508193,13.676856652721767,277.10134134285363,253.5425432852041,153.91732998491813,329.3231433472781,7.898658657146171,89.45745671479578,218.5200458517612,61.18592834703438,283.79539747468266,168.25659879652778,55.47995414823872,305.8140716529656,-9.405587387789495,200.10283053085809,True,,,,
./data/train/PICAI/11195/,10,0,0.5625,0.5625,3.5999999479814093,131.08267001508193,13.676856652721767,277.10134134285363,253.5425432852041,153.91732998491813,329.3231433472781,7.898658657146171,89.45745671479578,218.5200458517612,61.18592834703438,283.79539747468266,168.25659879652778,55.47995414823872,305.8140716529656,-9.405587387789495,200.10283053085809,True,,,,
./data/train/PICAI/11195/,-1,0,-1.0,-1.0,-1.0,-1.0,-1.0,-1.0,-1.0,-1.0,-1.0,-1.0,-1.0,-1.0,-1.0,-1.0,-1.0,-1.0,-1.0,-1.0,-1.0,False,80.0,60.0,30.0,160.0
./data/train/PICAI/11195/,11,0,0.5625,0.5625,3.5999999479814093,131.08267001508193,13.676856652721767,277.10134134285363,253.5425432852041,153.91732998491813,329.3231433472781,7.898658657146171,89.45745671479578,218.5200458517612,61.18592834703438,283.79539747468266,168.25659879652778,55.47995414823872,305.8140716529656,-9.405587387789495,200.10283053085809,True,,,,
