path,curFrame,Deleted,pixelSpacingX,pixelSpacingY,pixelSpacingZ,tra_UL_x,tra_UL_y,tra_LL_x,tra_LL_y,tra_LR_x,tra_LR_y,tra_UR_x,tra_UR_y,cor_UL_x,cor_UL_y,cor_LL_x,cor_LL_y,cor_LR_x,cor_LR_y,cor_UR_x,cor_UR_y,Dirty,cor_mid_x,cor_mid_y,tra_mid_x,tra_mid_y,Alpha,h_par_cor,h_orth_cor,h_par_tra,h_orth_tra,cor_U_mid_x,cor_U_mid_y,tra_U_mid_x,tra_U_mid_y,tra_L_mid_x,tra_L_mid_y
./data/train/PICAI/11108/,12,0,0.25462964177131,0.25462964177131,3.3000000317052947,218.12763192565467,253.131570294728,680.1276319256547,679.131570294728,490,886,28,460,528,253,702,413,275,874,101,714,True,489.0,644.0,489.0,644.0,-2.396387310074674,80.0,60.0,30.0,160.0,315.0,484.0,142.0,324.0,604.0,750.0
./data/train/PICAI/11108/,13,0,0.25462964177131,0.25462964177131,3.3000000317052947,218.12763192565467,253.131570294728,680.1276319256547,679.131570294728,490,886,28,460,528,253,702,413,275,874,101,714,True,489.0,644.0,489.0,644.0,-2.396387310074674,80.0,60.0,30.0,160.0,315.0,484.0,142.0,324.0,604.0,750.0
./data/train/PICAI/11108/,14,0,0.25462964177131,0.25462964177131,3.3000000317052947,218.12763192565467,253.131570294728,680.1276319256547,679.131570294728,490,886,28,460,528,253,702,413,275,874,101,714,True,489.0,644.0,489.0,644.0,-2.396387310074674,80.0,60.0,30.0,160.0,315.0,484.0,142.0,324.0,604.0,750.0
