path,curFrame,Deleted,pixelSpacingX,pixelSpacingY,pixelSpacingZ,tra_UL_x,tra_UL_y,tra_LL_x,tra_LL_y,tra_LR_x,tra_LR_y,tra_UR_x,tra_UR_y,cor_UL_x,cor_UL_y,cor_LL_x,cor_LL_y,cor_LR_x,cor_LR_y,cor_UR_x,cor_UR_y,Dirty
./data/train/PICAI/11096/,8,0,0.5625,0.5625,3.6000000635782774,19.99999999999997,61.0,277.00000000000006,140.0,232.0,286.0,-24.0000000000001,208.0,108.0,36.99999999999994,237.00000000000009,77.0,160.0,328.0000000000001,30.999999999999982,288.0,True
./data/train/PICAI/11096/,9,0,0.5625,0.5625,3.6000000635782774,14.257474238683969,66.7017887018625,275.0398052138021,132.14318119303724,237.742525761316,280.2982112981375,-21.988839722804613,215.8031123854744,100.42075046303276,38.56013755552601,231.3373986960906,71.75398059036924,167.57924953696724,326.439862444474,36.662601303909454,293.2460194096308,True
./data/train/PICAI/11096/,10,0,0.5625,0.5625,3.6000000635782774,10.598340943163436,70.66660519593042,273.5056820298071,126.96696045903012,241.4016590568365,276.3333948040696,-20.42233158896768,220.942078496314,95.41777727983036,39.81972073909012,227.41312304357191,68.42441784831206,172.58222272016965,325.1802792609099,40.58687695642813,296.575582151688,True
