path,curFrame,Deleted,pixelSpacingX,pixelSpacingY,pixelSpacingZ,tra_UL_x,tra_UL_y,tra_LL_x,tra_LL_y,tra_LR_x,tra_LR_y,tra_UR_x,tra_UR_y,cor_UL_x,cor_UL_y,cor_LL_x,cor_LL_y,cor_LR_x,cor_LR_y,cor_UR_x,cor_UR_y,Dirty
./data/train/PICAI/10465/,8,0,0.5625,0.5625,3.6000000635782774,65.1161664079868,58.20271935284245,304.2871471195369,186.3051860951944,243.8838335920132,300.79728064715755,3.720306728821839,172.57294456140053,177.27432748526311,47.56724216913224,273.7611305598773,98.70721511046892,150.72567251473689,329.4327578308678,54.23886944012276,278.2927848895312,True
./data/train/PICAI/10465/,7,0,0.5625,0.5625,3.6000000635782774,67.24670944037462,56.66123052343127,304.1455669379055,188.9182958030017,241.75329055962533,302.3387694765688,3.864164993352944,169.94253109603824,179.731921510883,47.82037586922746,275.3115135850807,100.63648684807544,148.268078489117,329.1796241307726,52.68848641491934,276.3635131519246,True
./data/train/PICAI/10465/,9,0,0.5625,0.5625,3.6000000635782774,67.24670944037462,56.66123052343127,304.1455669379055,188.9182958030017,241.75329055962533,302.3387694765688,3.864164993352944,169.94253109603824,179.731921510883,47.82037586922746,275.3115135850807,100.63648684807544,148.268078489117,329.1796241307726,52.68848641491934,276.3635131519246,True
