path,curFrame,Deleted,pixelSpacingX,pixelSpacingY,pixelSpacingZ,tra_UL_x,tra_UL_y,tra_LL_x,tra_LL_y,tra_LR_x,tra_LR_y,tra_UR_x,tra_UR_y,cor_UL_x,cor_UL_y,cor_LL_x,cor_LL_y,cor_LR_x,cor_LR_y,cor_UR_x,cor_UR_y,Dirty
./data/train/PICAI/11374/,8,0,0.5625,0.5625,3.5999999576145,95.93034851719166,-0.1690777927251474,294.8550208552827,187.16478122689583,183.0696514828083,307.1690777927252,-15.85502085528259,119.8352187731042,165.57061333991544,11.60972014364978,281.60696031955274,120.775711484049,97.86258725813184,315.6859610048616,-17.194915751861416,206.82049322164545,True
./data/train/PICAI/11374/,7,0,0.5625,0.5625,3.5999999576145,95.93034851719166,-0.1690777927251474,294.8550208552827,187.16478122689583,183.0696514828083,307.1690777927252,-15.85502085528259,119.8352187731042,165.57061333991544,11.60972014364978,281.60696031955274,120.775711484049,97.86258725813184,315.6859610048616,-17.194915751861416,206.82049322164545,True
./data/train/PICAI/11374/,9,0,0.5625,0.5625,3.5999999576145,95.93034851719166,-0.1690777927251474,294.8550208552827,187.16478122689583,183.0696514828083,307.1690777927252,-15.85502085528259,119.8352187731042,165.57061333991544,11.60972014364978,281.60696031955274,120.775711484049,97.86258725813184,315.6859610048616,-17.194915751861416,206.82049322164545,True
