path,curFrame,Deleted,pixelSpacingX,pixelSpacingY,pixelSpacingZ,tra_UL_x,tra_UL_y,tra_LL_x,tra_LL_y,tra_LR_x,tra_LR_y,tra_UR_x,tra_UR_y,cor_UL_x,cor_UL_y,cor_LL_x,cor_LL_y,cor_LR_x,cor_LR_y,cor_UR_x,cor_UR_y,Dirty
./data/train/PICAI/10625/,8,0,0.5625,0.5625,3.5999999576145,11.79481749170624,58.893307381309896,269.24038636569185,114.4430964641674,240.20518250829377,248.1066926186901,-15.243127296182635,192.66157544831847,114.36951829662036,18.569450490828416,218.33590818972056,41.04142798716525,161.63048170337964,301.4305495091716,58.662721345034,279.0109079690777,True
./data/train/PICAI/10625/,9,0,0.5625,0.5625,3.5999999576145,11.79481749170624,58.893307381309896,269.24038636569185,114.4430964641674,240.20518250829377,248.1066926186901,-15.243127296182635,192.66157544831847,114.36951829662036,18.569450490828416,218.33590818972056,41.04142798716525,161.63048170337964,301.4305495091716,58.662721345034,279.0109079690777,True
./data/train/PICAI/10625/,10,0,0.5625,0.5625,3.5999999576145,11.79481749170624,58.893307381309896,269.24038636569185,114.4430964641674,240.20518250829377,248.1066926186901,-15.243127296182635,192.66157544831847,114.36951829662036,18.569450490828416,218.33590818972056,41.04142798716525,161.63048170337964,301.4305495091716,58.662721345034,279.0109079690777,True
