path,curFrame,Deleted,pixelSpacingX,pixelSpacingY,pixelSpacingZ,tra_UL_x,tra_UL_y,tra_LL_x,tra_LL_y,tra_LR_x,tra_LR_y,tra_UR_x,tra_UR_y,cor_UL_x,cor_UL_y,cor_LL_x,cor_LL_y,cor_LR_x,cor_LR_y,cor_UR_x,cor_UR_y,Dirty
./data/train/PICAI/10995/,7,0,0.5625,0.5625,3.5999999576145,46.45078451300667,34.81641108107033,273.5490189839977,169.29463199493753,198.5492154869933,295.1835889189297,-27.56421123098538,160.87901618272937,144.606572745071,25.31553422937523,251.3774004548092,87.80545621826411,115.393427254929,317.6844657706248,8.622599545190837,255.194543781736,True
./data/train/PICAI/10995/,8,0,0.5625,0.5625,3.5999999576145,46.45078451300667,34.81641108107033,273.5490189839977,169.29463199493753,198.5492154869933,295.1835889189297,-27.56421123098538,160.87901618272937,144.606572745071,25.31553422937523,251.3774004548092,87.80545621826411,115.393427254929,317.6844657706248,8.622599545190837,255.194543781736,True
./data/train/PICAI/10995/,9,0,0.5625,0.5625,3.5999999576145,46.45078451300667,34.81641108107033,273.5490189839977,169.29463199493753,198.5492154869933,295.1835889189297,-27.56421123098538,160.87901618272937,144.606572745071,25.31553422937523,251.3774004548092,87.80545621826411,115.393427254929,317.6844657706248,8.622599545190837,255.194543781736,True
