path,curFrame,Deleted,pixelSpacingX,pixelSpacingY,pixelSpacingZ,tra_UL_x,tra_UL_y,tra_LL_x,tra_LL_y,tra_LR_x,tra_LR_y,tra_UR_x,tra_UR_y,cor_UL_x,cor_UL_y,cor_LL_x,cor_LL_y,cor_LR_x,cor_LR_y,cor_UR_x,cor_UR_y,Dirty
./data/train/PICAI/11177/,15,0,0.25462964177131,0.25462964177131,3.299999903522292,243.5443450017819,167.5133023478616,671.2922090357456,677.0246023348024,422.4556549982181,886.4866976521384,-4.808519510449742,378.3043237139751,492.9838376671767,241.5522960520944,639.1118886696192,415.6172055261968,141.0161623328234,835.4477039479054,-6.0181964566559145,660.9601762120625,True
./data/train/PICAI/11177/,14,0,0.25462964177131,0.25462964177131,3.299999903522292,243.5443450017819,167.5133023478616,671.2922090357456,677.0246023348024,422.4556549982181,886.4866976521384,-4.808519510449742,378.3043237139751,492.9838376671767,241.5522960520944,639.1118886696192,415.6172055261968,141.0161623328234,835.4477039479054,-6.0181964566559145,660.9601762120625,True
./data/train/PICAI/11177/,16,0,0.25462964177131,0.25462964177131,3.299999903522292,243.5443450017819,167.5133023478616,671.2922090357456,677.0246023348024,422.4556549982181,886.4866976521384,-4.808519510449742,378.3043237139751,492.9838376671767,241.5522960520944,639.1118886696192,415.6172055261968,141.0161623328234,835.4477039479054,-6.0181964566559145,660.9601762120625,True
