path,curFrame,Deleted,pixelSpacingX,pixelSpacingY,pixelSpacingZ,tra_UL_x,tra_UL_y,tra_LL_x,tra_LL_y,tra_LR_x,tra_LR_y,tra_UR_x,tra_UR_y,cor_UL_x,cor_UL_y,cor_LL_x,cor_LL_y,cor_LR_x,cor_LR_y,cor_UR_x,cor_UR_y,Dirty,h_par_cor,h_orth_cor,h_par_tra,h_orth_tra
./data/train/PICAI/10190/,10,0,0.5625,0.5625,3.6,102.35979612756844,18.08053106053734,274.7968883718329,213.8647214803541,174.64020387243158,301.9194689394627,4.082496869738833,106.81931880629722,197.615947610429,45.62782381272244,271.23673670786195,129.88919938107708,79.38405238957102,297.3721761872776,5.421243148812351,214.0504932397088,True,,,,
./data/train/PICAI/10190/,11,0,0.5625,0.5625,3.6,102.35979612756844,18.08053106053734,274.7968883718329,213.8647214803541,174.64020387243158,301.9194689394627,4.082496869738833,106.81931880629722,197.615947610429,45.62782381272244,271.23673670786195,129.88919938107708,79.38405238957102,297.3721761872776,5.421243148812351,214.0504932397088,True,,,,
./data/train/PICAI/10190/,-1,0,-1.0,-1.0,-1.0,-1.0,-1.0,-1.0,-1.0,-1.0,-1.0,-1.0,-1.0,-1.0,-1.0,-1.0,-1.0,-1.0,-1.0,-1.0,-1.0,False,80.0,60.0,30.0,160.0
./data/train/PICAI/10190/,12,0,0.5625,0.5625,3.6,102.35979612756844,18.08053106053734,274.7968883718329,213.8647214803541,174.64020387243158,301.9194689394627,4.082496869738833,106.81931880629722,197.615947610429,45.62782381272244,271.23673670786195,129.88919938107708,79.38405238957102,297.3721761872776,5.421243148812351,214.0504932397088,True,,,,
