path,curFrame,Deleted,pixelSpacingX,pixelSpacingY,pixelSpacingZ,tra_UL_x,tra_UL_y,tra_LL_x,tra_LL_y,tra_LR_x,tra_LR_y,tra_UR_x,tra_UR_y,cor_UL_x,cor_UL_y,cor_LL_x,cor_LL_y,cor_LR_x,cor_LR_y,cor_UR_x,cor_UR_y,Dirty,h_par_cor,h_orth_cor,h_par_tra,h_orth_tra
./data/train/PICAI/10526/,17,0,0.39285713434219,0.39285713434219,3.2999999999999763,-18.769177939312925,272.2636606859184,403.15591858943367,220.29046644881228,426.7691779393128,412.7363393140815,4.844081410566275,464.70953355118775,122.17653031866594,132.38289646869396,281.711574735986,113.44696230204175,333.82346968133425,543.6171035313058,174.2884252640142,562.5530376979582,True,,,,
./data/train/PICAI/10526/,-1,0,-1.0,-1.0,-1.0,-1.0,-1.0,-1.0,-1.0,-1.0,-1.0,-1.0,-1.0,-1.0,-1.0,-1.0,-1.0,-1.0,-1.0,-1.0,-1.0,False,80.0,60.0,30.0,160.0
./data/train/PICAI/10526/,18,0,0.39285713434219,0.39285713434219,3.2999999999999763,-18.769177939312925,272.2636606859184,403.15591858943367,220.29046644881228,426.7691779393128,412.7363393140815,4.844081410566275,464.70953355118775,122.17653031866594,132.38289646869396,281.711574735986,113.44696230204175,333.82346968133425,543.6171035313058,174.2884252640142,562.5530376979582,True,,,,
