path,curFrame,Deleted,pixelSpacingX,pixelSpacingY,pixelSpacingZ,tra_UL_x,tra_UL_y,tra_LL_x,tra_LL_y,tra_LR_x,tra_LR_y,tra_UR_x,tra_UR_y,cor_UL_x,cor_UL_y,cor_LL_x,cor_LL_y,cor_LR_x,cor_LR_y,cor_UR_x,cor_UR_y,Dirty
./data/train/PICAI/11067/,8,0,0.5625,0.5625,3.599999957614445,12.0,119.99999999999996,276.00000000000006,102.0,285.0,233.00000000000003,20.999999999999943,252.0,99.99999999999996,50.99999999999994,207.0,43.99999999999992,226.00000000000003,307.0000000000001,117.99999999999996,315.0000000000001,True
./data/train/PICAI/11067/,9,0,0.5625,0.5625,3.599999957614445,11.034728647446087,122.39085870235306,274.6803768528623,99.7861648900952,285.9652713525539,230.6091412976469,22.33707555357496,254.2136828050612,97.77568718117504,52.11899662553073,204.637223717848,43.25265527064664,228.22431281882496,305.8810033744693,120.38038099343292,315.7646448309471,True
./data/train/PICAI/11067/,10,0,0.5625,0.5625,3.599999957614445,6.84190310760826,134.57764814772725,267.51417114601463,89.0807397284378,290.15809689239177,218.42235185227275,29.590357317252938,264.91378216693056,86.96547729353912,58.286490578723146,192.6476208550708,40.1402917415063,239.03452270646085,299.7135094212768,132.46238571282856,318.9587586171296,True
