path,curFrame,Deleted,pixelSpacingX,pixelSpacingY,pixelSpacingZ,tra_UL_x,tra_UL_y,tra_LL_x,tra_LL_y,tra_LR_x,tra_LR_y,tra_UR_x,tra_UR_y,cor_UL_x,cor_UL_y,cor_LL_x,cor_LL_y,cor_LR_x,cor_LR_y,cor_UR_x,cor_UR_y,Dirty
./data/train/PICAI/11441/,10,0,0.5625,0.5625,3.000000039736422,75.53510680961408,51.807776298417934,242.66676720653555,240.1585344412196,145.4648931903859,326.19222370158207,-20.68514002308785,138.0322745541569,192.9013379912234,76.38971713441573,257.03809139410083,149.97964078526954,60.09866200877664,324.61028286558434,-4.228900389477388,252.00198639817808,True
./data/train/PICAI/11441/,9,0,0.5625,0.5625,3.000000039736422,75.53510680961408,51.807776298417934,242.66676720653555,240.1585344412196,145.4648931903859,326.19222370158207,-20.68514002308785,138.0322745541569,192.9013379912234,76.38971713441573,257.03809139410083,149.97964078526954,60.09866200877664,324.61028286558434,-4.228900389477388,252.00198639817808,True
./data/train/PICAI/11441/,11,0,0.5625,0.5625,3.000000039736422,75.53510680961408,51.807776298417934,242.66676720653555,240.1585344412196,145.4648931903859,326.19222370158207,-20.68514002308785,138.0322745541569,192.9013379912234,76.38971713441573,257.03809139410083,149.97964078526954,60.09866200877664,324.61028286558434,-4.228900389477388,252.00198639817808,True
