path,curFrame,Deleted,pixelSpacingX,pixelSpacingY,pixelSpacingZ,tra_UL_x,tra_UL_y,tra_LL_x,tra_LL_y,tra_LR_x,tra_LR_y,tra_UR_x,tra_UR_y,cor_UL_x,cor_UL_y,cor_LL_x,cor_LL_y,cor_LR_x,cor_LR_y,cor_UR_x,cor_UR_y,Dirty
./data/train/PICAI/11056/,10,0,0.5625,0.5625,3.600000090069239,27.501308673188603,80.53808244085755,287.52357964249995,100.44834612474656,277.4986913268114,229.46191755914245,17.40666388375587,208.55408982499364,118.70423049719139,34.803990057970054,228.55481555541823,43.16155922401761,208.2957695028086,298.1960099420299,98.44518444458177,289.83844077598235,True
./data/train/PICAI/11056/,9,0,0.5625,0.5625,3.600000090069239,27.501308673188603,80.53808244085755,287.52357964249995,100.44834612474656,277.4986913268114,229.46191755914245,17.40666388375587,208.55408982499364,122.70423049719139,34.803990057970054,232.55481555541823,43.16155922401761,212.2957695028086,298.1960099420299,102.44518444458177,289.83844077598235,True
./data/train/PICAI/11056/,8,0,0.5625,0.5625,3.600000090069239,27.501308673188603,80.53808244085755,287.52357964249995,100.44834612474656,277.4986913268114,229.46191755914245,17.40666388375587,208.55408982499364,122.70423049719139,34.803990057970054,232.55481555541823,43.16155922401761,212.2957695028086,298.1960099420299,102.44518444458177,289.83844077598235,True
