path,curFrame,Deleted,pixelSpacingX,pixelSpacingY,pixelSpacingZ,tra_UL_x,tra_UL_y,tra_LL_x,tra_LL_y,tra_LR_x,tra_LR_y,tra_UR_x,tra_UR_y,cor_UL_x,cor_UL_y,cor_LL_x,cor_LL_y,cor_LR_x,cor_LR_y,cor_UR_x,cor_UR_y,Dirty,h_par_cor,h_orth_cor,h_par_tra,h_orth_tra,cor_mid_x,cor_mid_y,tra_mid_x,tra_mid_y,Alpha,cor_U_mid_x,cor_U_mid_y,tra_U_mid_x,tra_U_mid_y,tra_L_mid_x,tra_L_mid_y
./data/train/PICAI/10541/,19,0,0.392857134342,0.392857134342,-1.0,164,-87,410,236,289,329,43,5,358,-43,451,78,126,325,33,203,True,80.0,60.0,30.0,160.0,289.0,202.0,289.0,202.0,-2.2195513277012577,196.0,80.0,104.0,-41.0,350.0,283.0
./data/train/PICAI/10541/,18,0,0.392857134342,0.392857134342,-1.0,164,-87,410,236,289,329,43,5,358,-43,451,78,126,325,33,203,True,80.0,60.0,30.0,160.0,289.0,202.0,289.0,202.0,-2.2195513277012577,196.0,80.0,104.0,-41.0,350.0,283.0
./data/train/PICAI/10541/,17,0,0.392857134342,0.392857134342,-1.0,164,-87,410,236,289,329,43,5,358,-43,451,78,126,325,33,203,True,80.0,60.0,30.0,160.0,289.0,202.0,289.0,202.0,-2.2195513277012577,196.0,80.0,104.0,-41.0,350.0,283.0
./data/train/PICAI/10541/,-1,0,-1.0,-1.0,-1.0,-1,-1,-1,-1,-1,-1,-1,-1,-1,-1,-1,-1,-1,-1,-1,-1,False,80.0,60.0,30.0,160.0,,,,,,,,,,,
