path,curFrame,Deleted,pixelSpacingX,pixelSpacingY,pixelSpacingZ,tra_UL_x,tra_UL_y,tra_LL_x,tra_LL_y,tra_LR_x,tra_LR_y,tra_UR_x,tra_UR_y,cor_UL_x,cor_UL_y,cor_LL_x,cor_LL_y,cor_LR_x,cor_LR_y,cor_UR_x,cor_UR_y,Dirty
./data/train/PICAI/10029/,9,0,0.5625,0.5625,3.5999999576145,72.38838319208281,12.575907967307142,289.4765917469439,154.6329848310579,212,273,-4,132,178.33169270226665,4.5803079538279245,271,66,119,300,26.29601532234011,239.63461462850057,True
./data/train/PICAI/10029/,8,0,0.5625,0.5625,3.5999999576145,72.38838319208281,12.575907967307142,289.4765917469439,154.6329848310579,212,273,-4,132,174.33169270226665,4.5803079538279245,267,66,115,300,22.29601532234011,239.63461462850057,True
./data/train/PICAI/10029/,10,0,0.5625,0.5625,3.5999999576145,72.38838319208281,12.575907967307142,289.4765917469439,154.6329848310579,212,273,-4,132,178.33169270226665,4.5803079538279245,271,66,119,300,26.29601532234011,239.63461462850057,True
