path,curFrame,Deleted,pixelSpacingX,pixelSpacingY,pixelSpacingZ,tra_UL_x,tra_UL_y,tra_LL_x,tra_LL_y,tra_LR_x,tra_LR_y,tra_UR_x,tra_UR_y,cor_UL_x,cor_UL_y,cor_LL_x,cor_LL_y,cor_LR_x,cor_LR_y,cor_UR_x,cor_UR_y,Dirty,h_par_cor,h_orth_cor,h_par_tra,h_orth_tra
./data/train/PICAI/10138/,9,0,0.5625,0.5625,4.000404357910111,63.012161495654965,27.714756145352624,303.45457196527207,163.49931803498805,235.98783850434504,284.2852438546473,-4.4545719652720095,148.50068196501195,172.45211684382932,21.521102773119537,276.3874291328609,79.55084393557425,144.54788315617068,313.47889722688046,40.61257086713909,255.4491560644257,True,,,,
./data/train/PICAI/10138/,10,0,0.5625,0.5625,4.000404357910111,63.012161495654965,27.714756145352624,303.45457196527207,163.49931803498805,235.98783850434504,284.2852438546473,-4.4545719652720095,148.50068196501195,172.45211684382932,21.521102773119537,276.3874291328609,79.55084393557425,144.54788315617068,313.47889722688046,40.61257086713909,255.4491560644257,True,,,,
./data/train/PICAI/10138/,-1,0,-1.0,-1.0,-1.0,-1.0,-1.0,-1.0,-1.0,-1.0,-1.0,-1.0,-1.0,-1.0,-1.0,-1.0,-1.0,-1.0,-1.0,-1.0,-1.0,False,80.0,60.0,30.0,160.0
./data/train/PICAI/10138/,11,0,0.5625,0.5625,4.000404357910111,63.012161495654965,27.714756145352624,303.45457196527207,163.49931803498805,235.98783850434504,284.2852438546473,-4.4545719652720095,148.50068196501195,172.45211684382932,21.521102773119537,276.3874291328609,79.55084393557425,144.54788315617068,313.47889722688046,40.61257086713909,255.4491560644257,True,,,,
