path,curFrame,Deleted,pixelSpacingX,pixelSpacingY,pixelSpacingZ,tra_UL_x,tra_UL_y,tra_LL_x,tra_LL_y,tra_LR_x,tra_LR_y,tra_UR_x,tra_UR_y,cor_UL_x,cor_UL_y,cor_LL_x,cor_LL_y,cor_LR_x,cor_LR_y,cor_UR_x,cor_UR_y,Dirty
./data/train/PICAI/11424/,10,0,0.5625,0.5625,3.60000009536745,66.5254593492953,36.802761245040216,317.93540779078774,131.08975835835437,258.47454065070474,291.1972387549598,7.064592209212208,196.91024164164563,144.96795563030062,18.716050731758173,280.4760493517423,69.87811222248564,186.03204436969932,324.2839492682419,49.5253211135031,273.06955182127143,True
./data/train/PICAI/11424/,9,0,0.5625,0.5625,3.60000009536745,66.5254593492953,36.802761245040216,317.93540779078774,131.08975835835437,258.47454065070474,291.1972387549598,7.064592209212208,196.91024164164563,144.96795563030062,18.716050731758173,280.4760493517423,69.87811222248564,186.03204436969932,324.2839492682419,49.5253211135031,273.06955182127143,True
./data/train/PICAI/11424/,11,0,0.5625,0.5625,3.60000009536745,66.5254593492953,36.802761245040216,317.93540779078774,131.08975835835437,258.47454065070474,291.1972387549598,7.064592209212208,196.91024164164563,144.96795563030062,18.716050731758173,280.4760493517423,69.87811222248564,186.03204436969932,324.2839492682419,49.5253211135031,273.06955182127143,True
