path,curFrame,Deleted,pixelSpacingX,pixelSpacingY,pixelSpacingZ,tra_UL_x,tra_UL_y,tra_LL_x,tra_LL_y,tra_LR_x,tra_LR_y,tra_UR_x,tra_UR_y,cor_UL_x,cor_UL_y,cor_LL_x,cor_LL_y,cor_LR_x,cor_LR_y,cor_UR_x,cor_UR_y,Dirty
./data/train/PICAI/11043/,10,0,0.5625,0.5625,3.6000001213767274,32.24495351730366,52.89159263363428,286.5153508746669,123.46471094173089,250.7550464826964,252.10840736636573,-2.5155031795105174,181.51783665183183,136.52381440129446,19.257234774695743,239.0318515003649,47.47252017278458,168.47618559870554,302.74276522530425,65.96814849963513,274.5274798272154,True
./data/train/PICAI/11043/,9,0,0.5625,0.5625,3.6000001213767274,32.24495351730366,52.89159263363428,286.5153508746669,123.46471094173089,250.7550464826964,252.10840736636573,-2.5155031795105174,181.51783665183183,142.52381440129446,19.257234774695743,245.0318515003649,47.47252017278458,174.47618559870554,302.74276522530425,71.96814849963513,274.5274798272154,True
./data/train/PICAI/11043/,11,0,0.5625,0.5625,3.6000001213767274,32.24495351730366,52.89159263363428,286.5153508746669,123.46471094173089,250.7550464826964,252.10840736636573,-2.5155031795105174,181.51783665183183,136.52381440129446,19.257234774695743,239.0318515003649,47.47252017278458,168.47618559870554,302.74276522530425,65.96814849963513,274.5274798272154,True
