path,curFrame,Deleted,pixelSpacingX,pixelSpacingY,pixelSpacingZ,tra_UL_x,tra_UL_y,tra_LL_x,tra_LL_y,tra_LR_x,tra_LR_y,tra_UR_x,tra_UR_y,cor_UL_x,cor_UL_y,cor_LL_x,cor_LL_y,cor_LR_x,cor_LR_y,cor_UR_x,cor_UR_y,Dirty
./data/train/PICAI/10920/,9,0,0.5625,0.5625,4.000404448876061,13.548339909151352,95.2545258328597,242.16772705496467,166.31911491260306,203.45166009084863,289.7454741671403,-23.168945400926503,218.611086093992,110.3105864908704,64.34367999120033,209.4374704266268,94.90281743300451,134.6894135091296,332.6563200087997,36.527020903689774,301.06289224327384,True
./data/train/PICAI/10920/,10,0,0.5625,0.5625,4.000404448876061,13.548339909151352,95.2545258328597,242.16772705496467,166.31911491260306,203.45166009084863,289.7454741671403,-23.168945400926503,218.611086093992,110.3105864908704,64.34367999120033,209.4374704266268,94.90281743300451,134.6894135091296,332.6563200087997,36.527020903689774,301.06289224327384,True
./data/train/PICAI/10920/,11,0,0.5625,0.5625,4.000404448876061,13.548339909151352,95.2545258328597,242.16772705496467,166.31911491260306,203.45166009084863,289.7454741671403,-23.168945400926503,218.611086093992,110.3105864908704,64.34367999120033,209.4374704266268,94.90281743300451,134.6894135091296,332.6563200087997,36.527020903689774,301.06289224327384,True
