path,curFrame,Deleted,pixelSpacingX,pixelSpacingY,pixelSpacingZ,tra_UL_x,tra_UL_y,tra_LL_x,tra_LL_y,tra_LR_x,tra_LR_y,tra_UR_x,tra_UR_y,cor_UL_x,cor_UL_y,cor_LL_x,cor_LL_y,cor_LR_x,cor_LR_y,cor_UR_x,cor_UR_y,Dirty
./data/train/PICAI/11316/,15,0,0.392857134342,0.392857134342,3.299999872843413,123.27745453890752,107.44973419861842,438.37008594024815,408.9818778194591,304.72254546109247,548.5502658013816,-8.171925192554397,246.60813519623665,302.6774643413116,133.25740739478394,417.8181991381569,243.2556400644164,126.32253565868842,548.742592605216,11.181800861843216,438.74435993558353,True
./data/train/PICAI/11316/,14,0,0.392857134342,0.392857134342,3.299999872843413,123.27745453890752,107.44973419861842,438.37008594024815,408.9818778194591,304.72254546109247,548.5502658013816,-8.171925192554397,246.60813519623665,302.6774643413116,133.25740739478394,417.8181991381569,243.2556400644164,126.32253565868842,548.742592605216,11.181800861843216,438.74435993558353,True
./data/train/PICAI/11316/,16,0,0.392857134342,0.392857134342,3.299999872843413,123.27745453890752,107.44973419861842,438.37008594024815,408.9818778194591,304.72254546109247,548.5502658013816,-8.171925192554397,246.60813519623665,302.6774643413116,133.25740739478394,417.8181991381569,243.2556400644164,126.32253565868842,548.742592605216,11.181800861843216,438.74435993558353,True
