path,curFrame,Deleted,pixelSpacingX,pixelSpacingY,pixelSpacingZ,tra_UL_x,tra_UL_y,tra_LL_x,tra_LL_y,tra_LR_x,tra_LR_y,tra_UR_x,tra_UR_y,cor_UL_x,cor_UL_y,cor_LL_x,cor_LL_y,cor_LR_x,cor_LR_y,cor_UR_x,cor_UR_y,Dirty
./data/train/PICAI/10816/,8,0,0.5625,0.5625,3.599999957614489,8.077039322324552,15.811257242707342,275.00815537469896,83.9345226006882,235.92296067767543,236.18874275729263,-29.01089630518973,167.96080548682596,107.303744363338,-5.908145120169678,223.97789932861707,23.02525362830191,156.69625563666196,286.9081451201697,38.971135180385374,257.02845279318643,True
./data/train/PICAI/10816/,9,0,0.5625,0.5625,3.599999957614489,8.077039322324552,15.811257242707342,275.00815537469896,83.9345226006882,235.92296067767543,236.18874275729263,-29.01089630518973,167.96080548682596,107.303744363338,-5.908145120169678,223.97789932861707,23.02525362830191,156.69625563666196,286.9081451201697,38.971135180385374,257.02845279318643,True
./data/train/PICAI/10816/,10,0,0.5625,0.5625,3.599999957614489,8.077039322324552,15.811257242707342,275.00815537469896,83.9345226006882,235.92296067767543,236.18874275729263,-29.01089630518973,167.96080548682596,107.303744363338,-5.908145120169678,223.97789932861707,23.02525362830191,156.69625563666196,286.9081451201697,38.971135180385374,257.02845279318643,True
