path,curFrame,Deleted,pixelSpacingX,pixelSpacingY,pixelSpacingZ,tra_UL_x,tra_UL_y,tra_LL_x,tra_LL_y,tra_LR_x,tra_LR_y,tra_UR_x,tra_UR_y,cor_UL_x,cor_UL_y,cor_LL_x,cor_LL_y,cor_LR_x,cor_LR_y,cor_UR_x,cor_UR_y,Dirty
./data/train/PICAI/10265/,8,0,0.5625,0.5625,3.599999904632611,41.3294869686291,36.87020539529256,276.2693702914001,143.66089424166518,219.6705130313709,267.12979460470746,-13.306115924504809,160.72072374908794,144.1450205416961,16.088182925978202,245.19972247425363,62.217861196284304,136.85497945830386,299.91181707402177,35.80027752574627,253.78213880371567,True
./data/train/PICAI/10265/,9,0,0.5625,0.5625,3.599999904632611,29.78363186272904,46.82175515232383,274.5991565188977,128.4695284674908,231.216368137271,257.1782448476762,-11.606767122714215,175.70478301800455,129.2912285795161,16.484582312585673,234.6142066619855,51.79846467971811,151.70877142048388,299.5154176874143,46.38579333801447,264.2015353202819,True
./data/train/PICAI/10265/,10,0,0.5625,0.5625,3.599999904632611,29.78363186272904,46.82175515232383,274.5991565188977,128.4695284674908,231.216368137271,257.1782448476762,-11.606767122714215,175.70478301800455,129.2912285795161,16.484582312585673,234.6142066619855,51.79846467971811,151.70877142048388,299.5154176874143,46.38579333801447,264.2015353202819,True
