path,curFrame,Deleted,pixelSpacingX,pixelSpacingY,pixelSpacingZ,tra_UL_x,tra_UL_y,tra_LL_x,tra_LL_y,tra_LR_x,tra_LR_y,tra_UR_x,tra_UR_y,cor_UL_x,cor_UL_y,cor_LL_x,cor_LL_y,cor_LR_x,cor_LR_y,cor_UR_x,cor_UR_y,Dirty
./data/train/PICAI/10977/,8,0,0.5625,0.5625,3.599999984105416,78.74679317186585,-11.638027611315096,279.0779016230866,187.53136508421264,184.25320682813407,282.63802761131524,-15.10353155830137,83.6935859701312,195.5272523908036,11.288857094307955,272.3470882534449,87.52344778670195,82.4727476091964,278.711142905692,5.6529117465550485,202.476552213298,True
./data/train/PICAI/10977/,7,0,0.5625,0.5625,3.599999984105416,78.74679317186585,-11.638027611315096,279.0779016230866,187.53136508421264,184.25320682813407,282.63802761131524,-15.10353155830137,83.6935859701312,195.5272523908036,11.288857094307955,272.3470882534449,87.52344778670195,82.4727476091964,278.711142905692,5.6529117465550485,202.476552213298,True
./data/train/PICAI/10977/,9,0,0.5625,0.5625,3.599999984105416,78.74679317186585,-11.638027611315096,279.0779016230866,187.53136508421264,184.25320682813407,282.63802761131524,-15.10353155830137,83.6935859701312,195.5272523908036,11.288857094307955,272.3470882534449,87.52344778670195,82.4727476091964,278.711142905692,5.6529117465550485,202.476552213298,True
