path,curFrame,Deleted,pixelSpacingX,pixelSpacingY,pixelSpacingZ,tra_UL_x,tra_UL_y,tra_LL_x,tra_LL_y,tra_LR_x,tra_LR_y,tra_UR_x,tra_UR_y,cor_UL_x,cor_UL_y,cor_LL_x,cor_LL_y,cor_LR_x,cor_LR_y,cor_UR_x,cor_UR_y,Dirty
./data/train/PICAI/11403/,11,0,0.5625,0.5625,3.600000034679045,18.796047154605304,27.46942985568819,284.97609479244454,126.5359844516648,223.20395284539467,292.5305701443118,-41.977465257690056,193.51635150457813,100.79763845934995,0.7720116564969461,242.2913680692442,52.74234656506091,137.55129836833652,331.642898373495,-3.942431241557712,279.672563464931,True
./data/train/PICAI/11403/,10,0,0.5625,0.5625,3.600000034679045,38.23537941702578,14.535167206103182,288.0375815243363,149.68271554619832,203.7646205829742,305.46483279389685,-45.05595434088879,170.50809344917823,124.00064416612052,-0.1755423916131064,256.88449385879454,70.98114190635728,114.34829266156592,332.590452421605,-18.535557031108,261.4337681236347,True
./data/train/PICAI/11403/,12,0,0.5625,0.5625,3.600000034679045,18.796047154605304,27.46942985568819,284.97609479244454,126.5359844516648,223.20395284539467,292.5305701443118,-41.977465257690056,193.51635150457813,100.79763845934995,0.7720116564969461,242.2913680692442,52.74234656506091,137.55129836833652,331.642898373495,-3.942431241557712,279.672563464931,True
