path,curFrame,Deleted,pixelSpacingX,pixelSpacingY,pixelSpacingZ,tra_UL_x,tra_UL_y,tra_LL_x,tra_LL_y,tra_LR_x,tra_LR_y,tra_UR_x,tra_UR_y,cor_UL_x,cor_UL_y,cor_LL_x,cor_LL_y,cor_LR_x,cor_LR_y,cor_UR_x,cor_UR_y,Dirty
./data/train/PICAI/10585/,10,0,0.5625,0.5625,3.599999969142233,-27.662027469751536,80.343625646599,216.4321547299376,94.01952474921774,209.66202746975148,221.656374353401,-34.43215472993761,207.98047525078223,61.33475528535111,30.456242479454147,157.205499235021,36.270058312179344,143.6652447146489,291.5437575205458,46.812873581531385,285.9207506831971,True
./data/train/PICAI/10585/,11,0,0.5625,0.5625,3.599999969142233,-27.662027469751536,80.343625646599,216.4321547299376,94.01952474921774,209.66202746975148,221.656374353401,-34.43215472993761,207.98047525078223,61.33475528535111,30.456242479454147,157.205499235021,36.270058312179344,143.6652447146489,291.5437575205458,46.812873581531385,285.9207506831971,True
./data/train/PICAI/10585/,12,0,0.5625,0.5625,3.599999969142233,-27.662027469751536,80.343625646599,216.4321547299376,94.01952474921774,209.66202746975148,221.656374353401,-34.43215472993761,207.98047525078223,61.33475528535111,30.456242479454147,157.205499235021,36.270058312179344,143.6652447146489,291.5437575205458,46.812873581531385,285.9207506831971,True
