path,curFrame,Deleted,pixelSpacingX,pixelSpacingY,pixelSpacingZ,tra_UL_x,tra_UL_y,tra_LL_x,tra_LL_y,tra_LR_x,tra_LR_y,tra_UR_x,tra_UR_y,cor_UL_x,cor_UL_y,cor_LL_x,cor_LL_y,cor_LR_x,cor_LR_y,cor_UR_x,cor_UR_y,Dirty
./data/train/PICAI/10989/,8,0,0.5625,0.5625,3.6000000635782783,79.00316034981847,27.788240341587,279.0437120205161,197.4372240912193,196.9968396501816,294.2117596584132,-2.10401939973022,124.9047960521064,194.8625784419661,42.557829042051566,272.162672400229,107.93898438549692,104.1374215580339,306.44217095794835,26.495307456445342,242.00070823528893,True
./data/train/PICAI/10989/,9,0,0.5625,0.5625,3.6000000635782783,79.00316034981847,27.788240341587,279.0437120205161,197.4372240912193,196.9968396501816,294.2117596584132,-2.10401939973022,124.9047960521064,194.8625784419661,42.557829042051566,272.162672400229,107.93898438549692,104.1374215580339,306.44217095794835,26.495307456445342,242.00070823528893,True
./data/train/PICAI/10989/,10,0,0.5625,0.5625,3.6000000635782783,79.00316034981847,27.788240341587,279.0437120205161,197.4372240912193,196.9968396501816,294.2117596584132,-2.10401939973022,124.9047960521064,194.8625784419661,42.557829042051566,272.162672400229,107.93898438549692,104.1374215580339,306.44217095794835,26.495307456445342,242.00070823528893,True
