path,curFrame,Deleted,pixelSpacingX,pixelSpacingY,pixelSpacingZ,tra_UL_x,tra_UL_y,tra_LL_x,tra_LL_y,tra_LR_x,tra_LR_y,tra_UR_x,tra_UR_y,cor_UL_x,cor_UL_y,cor_LL_x,cor_LL_y,cor_LR_x,cor_LR_y,cor_UR_x,cor_UR_y,Dirty,h_par_cor,h_orth_cor,h_par_tra,h_orth_tra
./data/train/PICAI/11190/,7,0,0.5625,0.5625,3.600000116560216,57.86211658669231,31.114863965040144,281.6039543690223,190.3869268818796,206.13788341330763,295.8851360349598,-15.63433886299785,136.96036947345436,182.5549622301902,35.33549741659692,263.72078836161097,93.31056678614564,108.44503776980984,311.66450258340313,27.279211638389043,253.6894332138544,True,,,,
./data/train/PICAI/11190/,8,0,0.5625,0.5625,3.600000116560216,57.86211658669231,31.114863965040144,281.6039543690223,190.3869268818796,206.13788341330763,295.8851360349598,-15.63433886299785,136.96036947345436,182.5549622301902,35.33549741659692,263.72078836161097,93.31056678614564,108.44503776980984,311.66450258340313,27.279211638389043,253.6894332138544,True,,,,
./data/train/PICAI/11190/,-1,0,-1.0,-1.0,-1.0,-1.0,-1.0,-1.0,-1.0,-1.0,-1.0,-1.0,-1.0,-1.0,-1.0,-1.0,-1.0,-1.0,-1.0,-1.0,-1.0,False,80.0,60.0,30.0,160.0
./data/train/PICAI/11190/,9,0,0.5625,0.5625,3.600000116560216,57.86211658669231,31.114863965040144,281.6039543690223,190.3869268818796,206.13788341330763,295.8851360349598,-15.63433886299785,136.96036947345436,182.5549622301902,35.33549741659692,263.72078836161097,93.31056678614564,108.44503776980984,311.66450258340313,27.279211638389043,253.6894332138544,True,,,,
