path,curFrame,Deleted,pixelSpacingX,pixelSpacingY,pixelSpacingZ,tra_UL_x,tra_UL_y,tra_LL_x,tra_LL_y,tra_LR_x,tra_LR_y,tra_UR_x,tra_UR_y,cor_UL_x,cor_UL_y,cor_LL_x,cor_LL_y,cor_LR_x,cor_LR_y,cor_UR_x,cor_UR_y,Dirty
./data/train/PICAI/10553/,10,0,0.5625,0.5625,3.6,83.68237403148501,-33.96286718448376,261.0132057577814,166.70296478314367,150.31762596851488,263.9628671844838,-25.74211902772487,62.677084795714194,177.87719287001633,-7.127058657299074,251.0662957868642,75.18548725295116,42.12280712998368,258.1270586572991,-31.06629578686423,175.81451274704887,True
./data/train/PICAI/10553/,9,0,0.5625,0.5625,3.6,83.68237403148501,-33.96286718448376,261.0132057577814,166.70296478314367,150.31762596851488,263.9628671844838,-25.74211902772487,62.677084795714194,177.87719287001633,-7.127058657299074,251.0662957868642,75.18548725295116,42.12280712998368,258.1270586572991,-31.06629578686423,175.81451274704887,True
./data/train/PICAI/10553/,11,0,0.5625,0.5625,3.6,83.68237403148501,-33.96286718448376,261.0132057577814,166.70296478314367,150.31762596851488,263.9628671844838,-25.74211902772487,62.677084795714194,177.87719287001633,-7.127058657299074,251.0662957868642,75.18548725295116,42.12280712998368,258.1270586572991,-31.06629578686423,175.81451274704887,True
