path,curFrame,Deleted,pixelSpacingX,pixelSpacingY,pixelSpacingZ,tra_UL_x,tra_UL_y,tra_LL_x,tra_LL_y,tra_LR_x,tra_LR_y,tra_UR_x,tra_UR_y,cor_UL_x,cor_UL_y,cor_LL_x,cor_LL_y,cor_LR_x,cor_LR_y,cor_UR_x,cor_UR_y,Dirty
./data/train/PICAI/10726/,9,0,0.5625,0.5625,3.5999998823381336,37.06959177629095,51.797127446665286,291.8286565138983,150.36598121914085,244.93040822370904,271.2028725533347,-8.828808818741777,172.6165663744219,151.54824150524888,29.056303643401577,253.26585978641032,69.28721378980437,160.45175849475112,309.9436963565984,57.73429251843322,269.7302386166329,True
./data/train/PICAI/10726/,8,0,0.5625,0.5625,3.5999998823381336,29.670275478278057,59.31417692303151,290.6845755984985,139.87182791132378,252.329724521722,263.68582307696846,-7.688380900406742,183.0410163459286,141.7622287477705,29.708956403605043,246.0384344504385,62.7464037059449,170.2377712522295,309.29104359639496,64.96537085146973,276.3407520368028,True
./data/train/PICAI/10726/,10,0,0.5625,0.5625,3.5999998823381336,29.670275478278057,59.31417692303151,290.6845755984985,139.87182791132378,252.329724521722,263.68582307696846,-7.688380900406742,183.0410163459286,141.7622287477705,29.708956403605043,246.0384344504385,62.7464037059449,170.2377712522295,309.29104359639496,64.96537085146973,276.3407520368028,True
