path,curFrame,Deleted,pixelSpacingX,pixelSpacingY,pixelSpacingZ,tra_UL_x,tra_UL_y,tra_LL_x,tra_LL_y,tra_LR_x,tra_LR_y,tra_UR_x,tra_UR_y,cor_UL_x,cor_UL_y,cor_LL_x,cor_LL_y,cor_LR_x,cor_LR_y,cor_UR_x,cor_UR_y,Dirty
./data/train/PICAI/10118/,9,0,0.5625,0.5625,3.6000000635782783,44.32525283004668,36.52878152562498,251.5358680583547,165.43479743142404,183.6747471699533,273.4712184743749,-22.55424087490704,144.7560115639525,150.35678866846013,26.12215619232174,233.6400452930633,78.41572803977762,93.25564100752862,302.75078779057907,9.972384382925457,250.45721594312303,True
./data/train/PICAI/10118/,10,0,0.5625,0.5625,3.6000000635782783,44.32525283004668,36.52878152562498,251.5358680583547,165.43479743142404,183.6747471699533,273.4712184743749,-22.55424087490704,144.7560115639525,150.35678866846013,26.12215619232174,233.6400452930633,78.41572803977762,93.25564100752862,302.75078779057907,9.972384382925457,250.45721594312303,True
./data/train/PICAI/10118/,11,0,0.5625,0.5625,3.6000000635782783,44.32525283004668,36.52878152562498,251.5358680583547,165.43479743142404,183.6747471699533,273.4712184743749,-22.55424087490704,144.7560115639525,150.35678866846013,26.12215619232174,233.6400452930633,78.41572803977762,93.25564100752862,302.75078779057907,9.972384382925457,250.45721594312303,True
