path,curFrame,Deleted,pixelSpacingX,pixelSpacingY,pixelSpacingZ,tra_UL_x,tra_UL_y,tra_LL_x,tra_LL_y,tra_LR_x,tra_LR_y,tra_UR_x,tra_UR_y,cor_UL_x,cor_UL_y,cor_LL_x,cor_LL_y,cor_LR_x,cor_LR_y,cor_UR_x,cor_UR_y,Dirty
./data/train/PICAI/10048/,9,0,0.5625,0.5625,3.600000004321647,15.29830530807699,65.66588339928684,257.8775958055072,156.48596830215072,213.70169469192305,273.3341166007132,-26.880336735997982,182.6187036103352,126.20989863585903,34.66507940881664,222.4531783982761,70.75151869801692,131.79010136414095,310.33492059118333,35.54682160172398,274.24848130198313,True
./data/train/PICAI/10048/,8,0,0.5625,0.5625,3.600000004321647,15.29830530807699,65.66588339928684,257.8775958055072,156.48596830215072,213.70169469192305,273.3341166007132,-26.880336735997982,182.6187036103352,126.20989863585903,34.66507940881664,222.4531783982761,70.75151869801692,131.79010136414095,310.33492059118333,35.54682160172398,274.24848130198313,True
./data/train/PICAI/10048/,10,0,0.5625,0.5625,3.600000004321647,9.999999999999986,71.0,257.0,149.0,219.00000000000003,268.0,-26.00000000000003,190.0,119.0,34.99999999999994,217.0,65.99999999999997,139.0,310.0,41.0,279.0000000000001,True
