path,curFrame,Deleted,pixelSpacingX,pixelSpacingY,pixelSpacingZ,tra_UL_x,tra_UL_y,tra_LL_x,tra_LL_y,tra_LR_x,tra_LR_y,tra_UR_x,tra_UR_y,cor_UL_x,cor_UL_y,cor_LL_x,cor_LL_y,cor_LR_x,cor_LR_y,cor_UR_x,cor_UR_y,Dirty
./data/train/PICAI/10840/,9,0,0.5625,0.5625,3.6000000635782774,72.16740009171129,11.19407453627909,301.470628327293,161.5703676171391,222.8325999082888,282.8059254637209,-6.331455226333048,131.43936431411933,181.6881323867576,11.145923262306326,280.6881606941024,75.55084850211186,130.3118676132424,304.8540767376936,32.30210737463918,240.5883245988482,True
./data/train/PICAI/10840/,8,0,0.5625,0.5625,3.6000000635782774,72.16740009171129,11.19407453627909,301.470628327293,161.5703676171391,222.8325999082888,282.8059254637209,-6.331455226333048,131.43936431411933,181.6881323867576,11.145923262306326,280.6881606941024,75.55084850211186,130.3118676132424,304.8540767376936,32.30210737463918,240.5883245988482,True
./data/train/PICAI/10840/,10,0,0.5625,0.5625,3.6000000635782774,72.16740009171129,11.19407453627909,301.470628327293,161.5703676171391,222.8325999082888,282.8059254637209,-6.331455226333048,131.43936431411933,181.6881323867576,11.145923262306326,280.6881606941024,75.55084850211186,130.3118676132424,304.8540767376936,32.30210737463918,240.5883245988482,True
