path,curFrame,Deleted,pixelSpacingX,pixelSpacingY,pixelSpacingZ,tra_UL_x,tra_UL_y,tra_LL_x,tra_LL_y,tra_LR_x,tra_LR_y,tra_UR_x,tra_UR_y,cor_UL_x,cor_UL_y,cor_LL_x,cor_LL_y,cor_LR_x,cor_LR_y,cor_UR_x,cor_UR_y,Dirty
./data/train/PICAI/10325/,9,0,0.5625,0.5625,3.599999957614445,53.24784391716248,20.422599830970483,299.18559316922267,140.73312926555818,231.7521560828376,279.5774001690295,-14.185593169222642,159.26687073444182,152.5916062035148,11.031343472494513,264.649418215011,65.99539324319632,146.4083937964852,307.96865652750546,34.35058178498902,253.0046067568037,True
./data/train/PICAI/10325/,10,0,0.5625,0.5625,3.599999957614445,53.24784391716248,20.422599830970483,299.18559316922267,140.73312926555818,231.7521560828376,279.5774001690295,-14.185593169222642,159.26687073444182,152.5916062035148,11.031343472494513,264.649418215011,65.99539324319632,146.4083937964852,307.96865652750546,34.35058178498902,253.0046067568037,True
./data/train/PICAI/10325/,11,0,0.5625,0.5625,3.599999957614445,53.24784391716248,20.422599830970483,299.18559316922267,140.73312926555818,231.7521560828376,279.5774001690295,-14.185593169222642,159.26687073444182,152.5916062035148,11.031343472494513,264.649418215011,65.99539324319632,146.4083937964852,307.96865652750546,34.35058178498902,253.0046067568037,True
