path,curFrame,Deleted,pixelSpacingX,pixelSpacingY,pixelSpacingZ,tra_UL_x,tra_UL_y,tra_LL_x,tra_LL_y,tra_LR_x,tra_LR_y,tra_UR_x,tra_UR_y,cor_UL_x,cor_UL_y,cor_LL_x,cor_LL_y,cor_LR_x,cor_LR_y,cor_UR_x,cor_UR_y,Dirty
./data/train/PICAI/11465/,15,0,0.39285713434219,0.39285713434219,3.299999872843393,-13.658043124857755,117.8768860113598,424.23317349350106,158.32787374335032,404.6580431248576,371.1231139886402,-32.10373232379939,331.52322122443115,157.75610657200625,14.590175012563492,326.57808885180793,30.24706803507397,285.2438934279936,483.4098249874365,116.42191114819192,467.752931964926,True
./data/train/PICAI/11465/,14,0,0.39285713434219,0.39285713434219,3.299999872843393,-13.658043124857755,117.8768860113598,424.23317349350106,158.32787374335032,404.6580431248576,371.1231139886402,-32.10373232379939,331.52322122443115,157.75610657200625,14.590175012563492,326.57808885180793,30.24706803507397,285.2438934279936,483.4098249874365,116.42191114819192,467.752931964926,True
./data/train/PICAI/11465/,16,0,0.39285713434219,0.39285713434219,3.299999872843393,-13.658043124857755,117.8768860113598,424.23317349350106,158.32787374335032,404.6580431248576,371.1231139886402,-32.10373232379939,331.52322122443115,157.75610657200625,14.590175012563492,326.57808885180793,30.24706803507397,285.2438934279936,483.4098249874365,116.42191114819192,467.752931964926,True
