path,curFrame,Deleted,pixelSpacingX,pixelSpacingY,pixelSpacingZ,tra_UL_x,tra_UL_y,tra_LL_x,tra_LL_y,tra_LR_x,tra_LR_y,tra_UR_x,tra_UR_y,cor_UL_x,cor_UL_y,cor_LL_x,cor_LL_y,cor_LR_x,cor_LR_y,cor_UR_x,cor_UR_y,Dirty
./data/train/PICAI/10470/,11,0,0.5625,0.5625,3.5999998829581368,88.8250612199395,48.67502254710055,262.92149025725394,259.2348320940684,165.17493878006056,340.3249774528995,-7.72216913812494,129.01574889549028,205.78314125020603,81.59672411319448,275.4816162454827,166.45026018172155,74.21685874979393,331.40327588680555,4.518383754517345,246.54973981827848,True
./data/train/PICAI/10470/,12,0,0.5625,0.5625,3.5999998829581368,88.8250612199395,48.67502254710055,262.92149025725394,259.2348320940684,165.17493878006056,340.3249774528995,-7.72216913812494,129.01574889549028,205.78314125020603,81.59672411319448,275.4816162454827,166.45026018172155,74.21685874979393,331.40327588680555,4.518383754517345,246.54973981827848,True
./data/train/PICAI/10470/,13,0,0.5625,0.5625,3.5999998829581368,88.8250612199395,48.67502254710055,262.92149025725394,259.2348320940684,165.17493878006056,340.3249774528995,-7.72216913812494,129.01574889549028,205.78314125020603,81.59672411319448,275.4816162454827,166.45026018172155,74.21685874979393,331.40327588680555,4.518383754517345,246.54973981827848,True
