path,curFrame,Deleted,pixelSpacingX,pixelSpacingY,pixelSpacingZ,tra_UL_x,tra_UL_y,tra_LL_x,tra_LL_y,tra_LR_x,tra_LR_y,tra_UR_x,tra_UR_y,cor_UL_x,cor_UL_y,cor_LL_x,cor_LL_y,cor_LR_x,cor_LR_y,cor_UR_x,cor_UR_y,Dirty
./data/train/PICAI/11393/,11,0,0.5625,0.5625,3.6000000928819613,28.67220778438164,23.540119475796985,256.8234474427139,144.2919800923784,187.3277922156184,276.4598805242032,-40.03262925464284,156.88045608644578,122.71046748345216,11.692741518011813,228.9205898110421,67.11676474177361,102.74333070422264,307.4567307987958,-4.452924717939016,251.8505590953708,True
./data/train/PICAI/11393/,10,0,0.5625,0.5625,3.6000000928819613,28.67220778438164,23.540119475796985,256.8234474427139,144.2919800923784,187.3277922156184,276.4598805242032,-40.03262925464284,156.88045608644578,122.71046748345216,11.692741518011813,228.9205898110421,67.11676474177361,102.74333070422264,307.4567307987958,-4.452924717939016,251.8505590953708,True
./data/train/PICAI/11393/,12,0,0.5625,0.5625,3.6000000928819613,28.67220778438164,23.540119475796985,256.8234474427139,144.2919800923784,187.3277922156184,276.4598805242032,-40.03262925464284,156.88045608644578,122.71046748345216,11.692741518011813,228.9205898110421,67.11676474177361,102.74333070422264,307.4567307987958,-4.452924717939016,251.8505590953708,True
