path,curFrame,Deleted,pixelSpacingX,pixelSpacingY,pixelSpacingZ,tra_UL_x,tra_UL_y,tra_LL_x,tra_LL_y,tra_LR_x,tra_LR_y,tra_UR_x,tra_UR_y,cor_UL_x,cor_UL_y,cor_LL_x,cor_LL_y,cor_LR_x,cor_LR_y,cor_UR_x,cor_UR_y,Dirty
./data/train/PICAI/10412/,8,0,0.5625,0.5625,3.6000000635783334,43.7415214666119,46.4929246521023,308.4428864321137,126.43157228514804,267.25847853338803,264.5070753478977,2.5571135678863186,184.56842771485196,143.47196760839037,16.43545986061838,262.60926062611117,52.2028390266926,184.52803239160963,308.5645401393815,65.39073937388879,272.7971609733074,True
./data/train/PICAI/10412/,9,0,0.5625,0.5625,3.6000000635783334,43.7415214666119,46.4929246521023,308.4428864321137,126.43157228514804,267.25847853338803,264.5070753478977,2.5571135678863186,184.56842771485196,143.47196760839037,16.43545986061838,262.60926062611117,52.2028390266926,184.52803239160963,308.5645401393815,65.39073937388879,272.7971609733074,True
./data/train/PICAI/10412/,10,0,0.5625,0.5625,3.6000000635783334,43.7415214666119,46.4929246521023,308.4428864321137,126.43157228514804,267.25847853338803,264.5070753478977,2.5571135678863186,184.56842771485196,143.47196760839037,16.43545986061838,262.60926062611117,52.2028390266926,184.52803239160963,308.5645401393815,65.39073937388879,272.7971609733074,True
