path,curFrame,Deleted,pixelSpacingX,pixelSpacingY,pixelSpacingZ,tra_UL_x,tra_UL_y,tra_LL_x,tra_LL_y,tra_LR_x,tra_LR_y,tra_UR_x,tra_UR_y,cor_UL_x,cor_UL_y,cor_LL_x,cor_LL_y,cor_LR_x,cor_LR_y,cor_UR_x,cor_UR_y,Dirty
./data/train/PICAI/11102/,8,0,0.5625,0.5625,4.00040435791011,-0.2154338791459338,48.981677418483216,290.6703995484079,41.337600550902735,295.215433879146,180.01832258151677,4.329600451592086,187.66239944909728,114.20683929314052,-13.25761297269031,224.6387642057139,-16.386504166675763,231.7931607068595,256.2576129726903,121.36123579428616,259.3865041666759,True
./data/train/PICAI/11102/,7,0,0.5625,0.5625,4.00040435791011,-0.2154338791459338,48.981677418483216,290.6703995484079,41.337600550902735,295.215433879146,180.01832258151677,4.329600451592086,187.66239944909728,114.20683929314052,-13.25761297269031,224.6387642057139,-16.386504166675763,231.7931607068595,256.2576129726903,121.36123579428616,259.3865041666759,True
./data/train/PICAI/11102/,9,0,0.5625,0.5625,4.00040435791011,-0.2154338791459338,48.981677418483216,290.6703995484079,41.337600550902735,295.215433879146,180.01832258151677,4.329600451592086,187.66239944909728,114.20683929314052,-13.25761297269031,224.6387642057139,-16.386504166675763,231.7931607068595,256.2576129726903,121.36123579428616,259.3865041666759,True
