path,curFrame,Deleted,pixelSpacingX,pixelSpacingY,pixelSpacingZ,tra_UL_x,tra_UL_y,tra_LL_x,tra_LL_y,tra_LR_x,tra_LR_y,tra_UR_x,tra_UR_y,cor_UL_x,cor_UL_y,cor_LL_x,cor_LL_y,cor_LR_x,cor_LR_y,cor_UR_x,cor_UR_y,Dirty
./data/train/PICAI/10975/,9,0,0.5625,0.5625,3.5999996236984964,40.49792090592842,25.854411968660457,289.9629462341547,119.0381076347341,230.5020790940716,279.1455880313396,-17.964316699400143,186.0142283215088,129.08440563583102,13.26900443542263,247.92981300390252,57.549577461492646,148.915594364169,322.73099556457737,30.07018699609739,278.4504225385074,True
./data/train/PICAI/10975/,8,0,0.5625,0.5625,3.5999996236984964,40.49792090592842,25.854411968660457,289.9629462341547,119.0381076347341,230.5020790940716,279.1455880313396,-17.964316699400143,186.0142283215088,129.08440563583102,13.26900443542263,247.92981300390252,57.549577461492646,148.915594364169,322.73099556457737,30.07018699609739,278.4504225385074,True
./data/train/PICAI/10975/,10,0,0.5625,0.5625,3.5999996236984964,40.49792090592842,25.854411968660457,289.9629462341547,119.0381076347341,230.5020790940716,279.1455880313396,-17.964316699400143,186.0142283215088,129.08440563583102,13.26900443542263,247.92981300390252,57.549577461492646,148.915594364169,322.73099556457737,30.07018699609739,278.4504225385074,True
