path,curFrame,Deleted,pixelSpacingX,pixelSpacingY,pixelSpacingZ,tra_UL_x,tra_UL_y,tra_LL_x,tra_LL_y,tra_LR_x,tra_LR_y,tra_UR_x,tra_UR_y,cor_UL_x,cor_UL_y,cor_LL_x,cor_LL_y,cor_LR_x,cor_LR_y,cor_UR_x,cor_UR_y,Dirty,h_par_cor,h_orth_cor,h_par_tra,h_orth_tra
./data/train/PICAI/11219/,9,0,0.5625,0.5625,2.9999999046326,32.05746664721018,30.237674210099257,284.5353266697647,119.65763953346256,231.94253335278967,267.7623257899008,-19.535478974608225,178.35981287297474,123.56854984315288,11.673340683264826,246.83411537861684,54.83119458289988,158.43145015684715,306.3266593167351,35.165884621383185,263.1688054171001,True,,,,
./data/train/PICAI/11219/,10,0,0.5625,0.5625,2.9999999046326,32.05746664721018,30.237674210099257,284.5353266697647,119.65763953346256,231.94253335278967,267.7623257899008,-19.535478974608225,178.35981287297474,123.56854984315288,11.673340683264826,246.83411537861684,54.83119458289988,158.43145015684715,306.3266593167351,35.165884621383185,263.1688054171001,True,,,,
./data/train/PICAI/11219/,-1,0,-1.0,-1.0,-1.0,-1.0,-1.0,-1.0,-1.0,-1.0,-1.0,-1.0,-1.0,-1.0,-1.0,-1.0,-1.0,-1.0,-1.0,-1.0,-1.0,False,80.0,60.0,30.0,160.0
./data/train/PICAI/11219/,11,0,0.5625,0.5625,2.9999999046326,32.05746664721018,30.237674210099257,284.5353266697647,119.65763953346256,231.94253335278967,267.7623257899008,-19.535478974608225,178.35981287297474,123.56854984315288,11.673340683264826,246.83411537861684,54.83119458289988,158.43145015684715,306.3266593167351,35.165884621383185,263.1688054171001,True,,,,
