path,curFrame,Deleted,pixelSpacingX,pixelSpacingY,pixelSpacingZ,tra_UL_x,tra_UL_y,tra_LL_x,tra_LL_y,tra_LR_x,tra_LR_y,tra_UR_x,tra_UR_y,cor_UL_x,cor_UL_y,cor_LL_x,cor_LL_y,cor_LR_x,cor_LR_y,cor_UR_x,cor_UR_y,Dirty
./data/train/PICAI/10194/,14,0,0.392857134342,0.392857134342,3.299999918256464,41.983749238821815,201.3917300010302,459.3005792344789,259.0862999567555,428.0162507611782,487.6082699989699,10.69942076552124,429.9137000432444,190.7402904144271,118.09716539309326,372.3644401737565,143.25006232765497,312.2597095855729,575.9028346069066,130.7400882895111,551.7444595677132,True
./data/train/PICAI/10194/,15,0,0.392857134342,0.392857134342,3.299999918256464,34.758563145623015,211.68954496541096,454.5229754180979,247.46437116406543,435.24143685437696,477.3104550345892,15.477024581902183,441.5356288359345,178.84371074886343,121.59078627470608,361.5353518365681,137.20373848373106,324.15628925113657,572.4092137252937,141.62108262847204,557.783949856864,True
./data/train/PICAI/10194/,16,0,0.392857134342,0.392857134342,3.299999918256464,34.758563145623015,211.68954496541096,454.5229754180979,247.46437116406543,435.24143685437696,477.3104550345892,15.477024581902183,441.5356288359345,178.84371074886343,121.59078627470608,361.5353518365681,137.20373848373106,324.15628925113657,572.4092137252937,141.62108262847204,557.783949856864,True
