path,curFrame,Deleted,pixelSpacingX,pixelSpacingY,pixelSpacingZ,tra_UL_x,tra_UL_y,tra_LL_x,tra_LL_y,tra_LR_x,tra_LR_y,tra_UR_x,tra_UR_y,cor_UL_x,cor_UL_y,cor_LL_x,cor_LL_y,cor_LR_x,cor_LR_y,cor_UR_x,cor_UR_y,Dirty
./data/train/PICAI/10990/,7,0,0.5625,0.5625,3.0,71.6807346932936,22.149766221583462,286.58540566576266,189.48769495925745,205.31926530670643,292.85023377841657,-8.607258065029015,125.72021673156028,185.5881713852308,33.00171836113651,266.99196047585787,97.33229524094328,109.41182861476918,299.99828163886355,27.02989192340833,235.459793068239,True
./data/train/PICAI/10990/,8,0,0.5625,0.5625,3.0,71.6807346932936,22.149766221583462,286.58540566576266,189.48769495925745,205.31926530670643,292.85023377841657,-8.607258065029015,125.72021673156028,185.5881713852308,33.00171836113651,266.99196047585787,97.33229524094328,109.41182861476918,299.99828163886355,27.02989192340833,235.459793068239,True
./data/train/PICAI/10990/,9,0,0.5625,0.5625,3.0,62.40194803643088,27.140548914357765,288.4560258638678,179.0798588298207,214.5980519635692,287.85945108564226,-10.465757795126422,136.05931427113933,176.18302113601396,30.670016938413056,261.87598888481705,89.16544648981144,118.81697886398602,302.3299830615869,32.1337430464414,243.69538040922856,True
