path,curFrame,Deleted,pixelSpacingX,pixelSpacingY,pixelSpacingZ,tra_UL_x,tra_UL_y,tra_LL_x,tra_LL_y,tra_LR_x,tra_LR_y,tra_UR_x,tra_UR_y,cor_UL_x,cor_UL_y,cor_LL_x,cor_LL_y,cor_LR_x,cor_LR_y,cor_UR_x,cor_UR_y,Dirty,h_par_cor,h_orth_cor,h_par_tra,h_orth_tra
./data/train/PICAI/11271/,14,0,0.392857134342,0.392857134342,3.299999872843413,86.40682191781195,158.95373950219602,503.1874071315185,333.2923290023997,422.59317808218816,525.0462604978036,5.812592868481431,350.7076709976003,279.49900774361674,119.45007984959696,434.7301656936045,184.167060631352,264.5009922563831,590.5499201504028,109.18267856364795,524.8367446705563,True,,,,
./data/train/PICAI/11271/,15,0,0.392857134342,0.392857134342,3.299999872843413,92.89744210482218,153.19887902415462,503.3398068176701,341.97669882543795,416.10255789517794,530.8011209758449,5.660193182329891,342.02330117456205,287.71501321227913,119.85528209262714,440.5930184776605,189.9503283232852,256.28498678772075,590.1447179073728,103.35464556609662,519.0510421419604,True,,,,
./data/train/PICAI/11271/,-1,0,-1.0,-1.0,-1.0,-1.0,-1.0,-1.0,-1.0,-1.0,-1.0,-1.0,-1.0,-1.0,-1.0,-1.0,-1.0,-1.0,-1.0,-1.0,-1.0,False,80.0,60.0,30.0,160.0
./data/train/PICAI/11271/,16,0,0.392857134342,0.392857134342,3.299999872843413,117.11107171322936,134.9117763265794,501.4878323308928,372.3028163787929,391.8889282867707,549.0882236734203,7.5121676691071,311.6971836212071,316.2548082634003,123.52319350403651,459.45084680007255,211.72690401217747,227.7451917365996,586.4768064959634,84.61890967367154,497.2755319375629,True,,,,
