path,curFrame,Deleted,pixelSpacingX,pixelSpacingY,pixelSpacingZ,tra_UL_x,tra_UL_y,tra_LL_x,tra_LL_y,tra_LR_x,tra_LR_y,tra_UR_x,tra_UR_y,cor_UL_x,cor_UL_y,cor_LL_x,cor_LL_y,cor_LR_x,cor_LR_y,cor_UR_x,cor_UR_y,Dirty,h_par_cor,h_orth_cor,h_par_tra,h_orth_tra
./data/train/PICAI/11288/,14,0,0.392857134342,0.392857134342,3.3,13.523130805071672,125.87000972652731,440.2503193648725,169.78932829875157,417.4768691949283,392.1299902734727,-9.250319364872468,348.2106717012484,172.21277937493386,36.49018472814137,355.64699808931505,55.90377287264977,307.787220625066,509.50981527185854,124.35300191068497,490.09622712735046,True,,,,
./data/train/PICAI/11288/,15,0,0.392857134342,0.392857134342,3.3,39.70939349150669,92.81963815367308,452.32712757186073,210.1721222449545,391.2906065084933,425.18036184632695,-21.32712757186067,307.82787775504545,214.3121179955864,28.31217292613968,391.5884245499758,79.28384284614685,265.68788200441355,517.6878270738603,88.41157545002415,466.7161571538532,True,,,,
./data/train/PICAI/11288/,-1,0,-1.0,-1.0,-1.0,-1.0,-1.0,-1.0,-1.0,-1.0,-1.0,-1.0,-1.0,-1.0,-1.0,-1.0,-1.0,-1.0,-1.0,-1.0,-1.0,False,80.0,60.0,30.0,160.0
./data/train/PICAI/11288/,16,0,0.392857134342,0.392857134342,3.3,23.30181497817574,112.105113518827,445.9258607610351,185.68443076306264,407.69818502182426,405.894886481173,-14.92586076103504,332.31556923693734,188.87599635664205,32.33771327548229,370.5091550819249,64.49973515651803,291.1240036433578,513.6622867245176,109.49084491807508,481.50026484348206,True,,,,
