path,curFrame,Deleted,pixelSpacingX,pixelSpacingY,pixelSpacingZ,tra_UL_x,tra_UL_y,tra_LL_x,tra_LL_y,tra_LR_x,tra_LR_y,tra_UR_x,tra_UR_y,cor_UL_x,cor_UL_y,cor_LL_x,cor_LL_y,cor_LR_x,cor_LR_y,cor_UR_x,cor_UR_y,Dirty,h_par_cor,h_orth_cor,h_par_tra,h_orth_tra
./data/train/PICAI/10972/,-1,0,-1.0,-1.0,-1.0,-1.0,-1.0,-1.0,-1.0,-1.0,-1.0,-1.0,-1.0,-1.0,-1.0,-1.0,-1.0,-1.0,-1.0,-1.0,-1.0,False,80.0,60.0,30.0,160.0
./data/train/PICAI/10972/,10,0,0.5625,0.5625,3.600000034679091,107.67826476144016,10.647183344643594,289.32843138505496,226.5847247236144,180.5792313939052,317.7124481173565,-0.0833629292425826,102.1503294312808,210.006166275848,48.053755389039225,285.0239345683504,137.34168537071406,86.99383372415213,303.9462446109607,11.976065431649744,214.658314629286,True,,,,
./data/train/PICAI/10972/,9,0,0.5625,0.5625,3.600000034679091,113.05868100871125,9.468607753681027,287.06207974554064,231.6141052079704,175.19881514663405,318.89102370831904,2.169285044876858,97.15518602580744,214.4339579230913,50.27823103139183,286.28992360009363,142.12985157575412,82.5660420769088,301.7217689686081,10.710076399906512,209.870148424246,True,,,,
./data/train/PICAI/10972/,11,0,0.5625,0.5625,3.600000034679091,97.0571612668783,13.56383830302306,293.3278786498766,216.3040916054814,191.20033488846693,314.7957931589769,-4.05902770733303,112.3611584773546,200.9312614932252,44.074972737432745,281.99470141598096,127.91242682502909,96.06873850677488,307.92502726256714,15.005298584019217,224.08757317497097,True,,,,
