path,curFrame,Deleted,pixelSpacingX,pixelSpacingY,pixelSpacingZ,tra_UL_x,tra_UL_y,tra_LL_x,tra_LL_y,tra_LR_x,tra_LR_y,tra_UR_x,tra_UR_y,cor_UL_x,cor_UL_y,cor_LL_x,cor_LL_y,cor_LR_x,cor_LR_y,cor_UR_x,cor_UR_y,Dirty
./data/train/PICAI/10009/,16,0,0.392857134342,0.392857134342,3.2999998728434234,67.62937303154266,85.52292516781003,443.9273965279628,283.43653640434843,336.3706269684574,487.47707483218994,-38.957100801686806,289.80538549125123,225.70356541035568,66.75348031282172,395.0501633001063,156.3845563030557,184.29643458964432,555.2465196871782,14.949836699893638,465.6154436969443,True
./data/train/PICAI/10009/,15,0,0.392857134342,0.392857134342,3.2999998728434234,67.62937303154266,85.52292516781003,443.9273965279628,283.43653640434843,336.3706269684574,487.47707483218994,-38.957100801686806,289.80538549125123,219.70356541035568,68.75348031282172,389.0501633001063,158.3845563030557,178.29643458964432,557.2465196871782,8.949836699893638,467.6154436969443,True
./data/train/PICAI/10009/,17,0,0.392857134342,0.392857134342,3.2999998728434234,67.62937303154266,85.52292516781003,443.9273965279628,283.43653640434843,336.3706269684574,487.47707483218994,-38.957100801686806,289.80538549125123,225.70356541035568,66.75348031282172,395.0501633001063,156.3845563030557,184.29643458964432,555.2465196871782,14.949836699893638,465.6154436969443,True
