path,curFrame,Deleted,pixelSpacingX,pixelSpacingY,pixelSpacingZ,tra_UL_x,tra_UL_y,tra_LL_x,tra_LL_y,tra_LR_x,tra_LR_y,tra_UR_x,tra_UR_y,cor_UL_x,cor_UL_y,cor_LL_x,cor_LL_y,cor_LR_x,cor_LR_y,cor_UR_x,cor_UR_y,Dirty
./data/train/PICAI/10195/,10,0,0.5625,0.5625,3.6000000635782774,-6.941440344247568,64.1531689023191,275.13894304020835,72.85128994530436,270.01163570830045,218.84806332456031,-12.068747676155397,210.14994228157505,70.15005703124355,14.976649300186978,214.14806263737887,20.03376126804193,204.8499429687564,282.023350699813,61.84950141288094,277.0359952057022,True
./data/train/PICAI/10195/,9,0,0.5625,0.5625,3.6000000635782774,-6.941440344247568,64.1531689023191,275.13894304020835,72.85128994530436,270.01163570830045,218.84806332456031,-12.068747676155397,210.14994228157505,70.15005703124355,14.976649300186978,214.14806263737887,20.03376126804193,204.8499429687564,282.023350699813,61.84950141288094,277.0359952057022,True
./data/train/PICAI/10195/,11,0,0.5625,0.5625,3.6000000635782774,-6.941440344247568,64.1531689023191,275.13894304020835,72.85128994530436,270.01163570830045,218.84806332456031,-12.068747676155397,210.14994228157505,70.15005703124355,14.976649300186978,214.14806263737887,20.03376126804193,204.8499429687564,282.023350699813,61.84950141288094,277.0359952057022,True
