path,curFrame,Deleted,pixelSpacingX,pixelSpacingY,pixelSpacingZ,tra_UL_x,tra_UL_y,tra_LL_x,tra_LL_y,tra_LR_x,tra_LR_y,tra_UR_x,tra_UR_y,cor_UL_x,cor_UL_y,cor_LL_x,cor_LL_y,cor_LR_x,cor_LR_y,cor_UR_x,cor_UR_y,Dirty,h_par_cor,h_orth_cor,h_par_tra,h_orth_tra
./data/train/PICAI/10372/,15,0,0.392857134342,0.392857134342,3.3000000025415743,62,145,478,343,383,542,-32,344,270,125,421,197,239,581,87,509,True,,,,
./data/train/PICAI/10372/,16,0,0.392857134342,0.392857134342,3.3000000025415743,62,145,478,343,383,542,-32,344,270,125,421,197,239,581,87,509,True,,,,
./data/train/PICAI/10372/,-1,0,-1.0,-1.0,-1.0,-1,-1,-1,-1,-1,-1,-1,-1,-1,-1,-1,-1,-1,-1,-1,-1,False,80.0,60.0,30.0,160.0
./data/train/PICAI/10372/,17,0,0.392857134342,0.392857134342,3.3000000025415743,62,145,478,343,383,542,-32,344,270,125,421,197,239,581,87,509,True,,,,
