path,curFrame,Deleted,pixelSpacingX,pixelSpacingY,pixelSpacingZ,tra_UL_x,tra_UL_y,tra_LL_x,tra_LL_y,tra_LR_x,tra_LR_y,tra_UR_x,tra_UR_y,cor_UL_x,cor_UL_y,cor_LL_x,cor_LL_y,cor_LR_x,cor_LR_y,cor_UR_x,cor_UR_y,Dirty
./data/train/PICAI/10041/,18,0,0.254629641771,0.254629641771,3.2999998466588494,19.020188695123124,348.1269464551261,661.2260509504179,465.10399755889375,603.9798113048768,774.873053544874,-37.23836260982284,657.739567976066,291.09133768361323,219.6130900823348,514.1892274489901,260.2127401083604,392.9086623163868,926.3869099176652,169.6543380859697,884.7995715510444,True
./data/train/PICAI/10041/,17,0,0.254629641771,0.254629641771,3.2999998466588494,26.64497167222192,338.049529344016,664.3771792587881,477.36798256097086,596.355028327778,784.9504706559842,-40.38463310714707,645.510148095624,303.4553751625689,218.0516771470223,525.000452369198,266.41259903141963,380.5446248374311,927.9483228529776,158.87767828739692,878.594854816939,True
./data/train/PICAI/10041/,19,0,0.254629641771,0.254629641771,3.2999998466588494,19.020188695123124,348.1269464551261,661.2260509504179,465.10399755889375,603.9798113048768,774.873053544874,-37.23836260982284,657.739567976066,301.09133768361323,219.6130900823348,524.1892274489901,260.2127401083604,402.9086623163868,926.3869099176652,179.6543380859697,884.7995715510444,True
