path,curFrame,Deleted,pixelSpacingX,pixelSpacingY,pixelSpacingZ,tra_UL_x,tra_UL_y,tra_LL_x,tra_LL_y,tra_LR_x,tra_LR_y,tra_UR_x,tra_UR_y,cor_UL_x,cor_UL_y,cor_LL_x,cor_LL_y,cor_LR_x,cor_LR_y,cor_UR_x,cor_UR_y,Dirty,h_par_cor,h_orth_cor,h_par_tra,h_orth_tra
./data/train/PICAI/11306/,-1,0,-1.0,-1.0,-1.0,-1.0,-1.0,-1.0,-1.0,-1.0,-1.0,-1.0,-1.0,-1.0,-1.0,-1.0,-1.0,-1.0,-1.0,-1.0,-1.0,False,80.0,60.0,30.0,160.0
./data/train/PICAI/11306/,14,0,0.39285713434219,0.39285713434219,3.3000000033568706,48.2791765827717,204.10995621995687,476.5865101647878,270.70446049668845,446.7208234172283,464.89004378004313,18.51801829847983,399.2900613986799,238.49434655109243,122.48541360702475,393.8428131777763,146.3779630050723,328.5056534489076,567.5145863929753,173.15718682222385,543.6220369949276,True,,,,
./data/train/PICAI/11306/,15,0,0.39285713434219,0.39285713434219,3.3000000033568706,48.2791765827717,204.10995621995687,476.5865101647878,270.70446049668845,446.7208234172283,464.89004378004313,18.51801829847983,399.2900613986799,238.49434655109243,122.48541360702475,393.8428131777763,146.3779630050723,328.5056534489076,567.5145863929753,173.15718682222385,543.6220369949276,True,,,,
./data/train/PICAI/11306/,16,0,0.39285713434219,0.39285713434219,3.3000000033568706,48.2791765827717,204.10995621995687,476.5865101647878,270.70446049668845,446.7208234172283,464.89004378004313,18.51801829847983,399.2900613986799,238.49434655109243,122.48541360702475,393.8428131777763,146.3779630050723,328.5056534489076,567.5145863929753,173.15718682222385,543.6220369949276,True,,,,
