path,curFrame,Deleted,pixelSpacingX,pixelSpacingY,pixelSpacingZ,tra_UL_x,tra_UL_y,tra_LL_x,tra_LL_y,tra_LR_x,tra_LR_y,tra_UR_x,tra_UR_y,cor_UL_x,cor_UL_y,cor_LL_x,cor_LL_y,cor_LR_x,cor_LR_y,cor_UR_x,cor_UR_y,Dirty,cor_mid_x,cor_mid_y,tra_mid_x,tra_mid_y,Alpha,h_par_cor,h_orth_cor,h_par_tra,h_orth_tra,cor_U_mid_x,cor_U_mid_y,tra_U_mid_x,tra_U_mid_y,tra_L_mid_x,tra_L_mid_y
./data/train/PICAI/11080/,8,0,0.5625,0.5625,3.5999999576145,79.09676728414965,0.3017893191720491,274.1598697121106,207.3679157274796,187,290,-7,83,209,19,283,97,76,292,2,214,True,180.0,195.0,180.0,195.0,-2.32590073027357,80.0,60.0,30.0,160.0,106.0,117.0,33.0,39.0,228.0,246.0
./data/train/PICAI/11080/,9,0,0.5625,0.5625,3.5999999576145,79.09676728414965,0.3017893191720491,274.1598697121106,207.3679157274796,187,290,-7,83,209,19,283,97,76,292,2,214,True,180.0,195.0,180.0,195.0,-2.32590073027357,80.0,60.0,30.0,160.0,106.0,117.0,33.0,39.0,228.0,246.0
./data/train/PICAI/11080/,10,0,0.5625,0.5625,3.5999999576145,79.09676728414965,0.3017893191720491,274.1598697121106,207.3679157274796,187,290,-7,83,209,19,283,97,76,292,2,214,True,180.0,195.0,180.0,195.0,-2.32590073027357,80.0,60.0,30.0,160.0,106.0,117.0,33.0,39.0,228.0,246.0
