path,curFrame,Deleted,pixelSpacingX,pixelSpacingY,pixelSpacingZ,tra_UL_x,tra_UL_y,tra_LL_x,tra_LL_y,tra_LR_x,tra_LR_y,tra_UR_x,tra_UR_y,cor_UL_x,cor_UL_y,cor_LL_x,cor_LL_y,cor_LR_x,cor_LR_y,cor_UR_x,cor_UR_y,Dirty
./data/train/PICAI/10496/,8,0,0.5625,0.5625,3.600000063578272,63.91858135890446,21.923372434180465,287.7399577662411,159.95594635470616,215.08141864109552,279.0766275658196,-8.652802023493393,140.04785894720212,143.815699485814,15.472223637765753,257.13352399387225,85.61543891024179,120.184300514186,308.52777636223425,5.870281308036013,238.29740534701057,True
./data/train/PICAI/10496/,9,0,0.5625,0.5625,3.600000063578272,63.91858135890446,21.923372434180465,287.7399577662411,159.95594635470616,215.08141864109552,279.0766275658196,-8.652802023493393,140.04785894720212,143.815699485814,15.472223637765753,257.13352399387225,85.61543891024179,120.184300514186,308.52777636223425,5.870281308036013,238.29740534701057,True
./data/train/PICAI/10496/,10,0,0.5625,0.5625,3.600000063578272,63.91858135890446,21.923372434180465,287.7399577662411,159.95594635470616,215.08141864109552,279.0766275658196,-8.652802023493393,140.04785894720212,143.815699485814,15.472223637765753,257.13352399387225,85.61543891024179,120.184300514186,308.52777636223425,5.870281308036013,238.29740534701057,True
