path,curFrame,Deleted,pixelSpacingX,pixelSpacingY,pixelSpacingZ,tra_UL_x,tra_UL_y,tra_LL_x,tra_LL_y,tra_LR_x,tra_LR_y,tra_UR_x,tra_UR_y,cor_UL_x,cor_UL_y,cor_LL_x,cor_LL_y,cor_LR_x,cor_LR_y,cor_UR_x,cor_UR_y,Dirty,h_par_cor,h_orth_cor,h_par_tra,h_orth_tra
./data/train/PICAI/10812/,14,0,0.39285713434219,0.39285713434219,3.2999998903890164,115.25297738869672,73.76761387749494,495.6469741037168,348.1713442879493,370.7470226113032,520.232386122505,-7.540012457029064,245.0798482472196,327.24405700687964,91.21374987879793,469.73727017020576,194.3480516527031,213.7559429931204,547.786250121202,71.14086048638916,445.64449449893823,True,,,,
./data/train/PICAI/10812/,15,0,0.39285713434219,0.39285713434219,3.2999998903890164,115.25297738869672,73.76761387749494,495.6469741037168,348.1713442879493,370.7470226113032,520.232386122505,-7.540012457029064,245.0798482472196,327.24405700687964,91.21374987879793,469.73727017020576,194.3480516527031,213.7559429931204,547.786250121202,71.14086048638916,445.64449449893823,True,,,,
./data/train/PICAI/10812/,-1,0,-1.0,-1.0,-1.0,-1.0,-1.0,-1.0,-1.0,-1.0,-1.0,-1.0,-1.0,-1.0,-1.0,-1.0,-1.0,-1.0,-1.0,-1.0,-1.0,False,80.0,60.0,30.0,160.0
./data/train/PICAI/10812/,16,0,0.39285713434219,0.39285713434219,3.2999998903890164,115.25297738869672,73.76761387749494,495.6469741037168,348.1713442879493,370.7470226113032,520.232386122505,-7.540012457029064,245.0798482472196,327.24405700687964,91.21374987879793,469.73727017020576,194.3480516527031,213.7559429931204,547.786250121202,71.14086048638916,445.64449449893823,True,,,,
