path,curFrame,Deleted,pixelSpacingX,pixelSpacingY,pixelSpacingZ,tra_UL_x,tra_UL_y,tra_LL_x,tra_LL_y,tra_LR_x,tra_LR_y,tra_UR_x,tra_UR_y,cor_UL_x,cor_UL_y,cor_LL_x,cor_LL_y,cor_LR_x,cor_LR_y,cor_UR_x,cor_UR_y,Dirty
./data/train/PICAI/10320/,9,0,0.5625,0.5625,4.000404409872537,44.99999999999992,17.999999999999872,277.0000000000002,119.99999999999996,222.00000000000009,247.00000000000023,-9.000000000000085,146.0,145.0,-3.0000000000000284,252.00000000000009,41.99999999999992,146.0,285.00000000000006,38.9999999999999,239.00000000000009,True
./data/train/PICAI/10320/,8,0,0.5625,0.5625,4.000404409872537,59.61370539963234,8.06802874571298,277.45373955309424,137.58142388312214,207.38629460036765,256.9319712542871,-9.583062744857983,128.53299161192433,158.55291237452056,-1.9875805080529856,259.27123014691045,55.71701606015726,124.44708762547948,283.987580508053,23.85063919649467,225.2904377882014,True
./data/train/PICAI/10320/,10,0,0.5625,0.5625,4.000404409872537,53.20269779570785,12.105468318894935,277.5223971340866,130.04050335403417,213.79730220429207,252.89453168110515,-9.594589557570742,136.02681716996975,155.0461501940241,-2.684101474286763,258.64646225333973,49.67022347802667,135.9538498059759,284.6841014742868,32.423294220404344,231.3322124717135,True
