path,curFrame,Deleted,pixelSpacingX,pixelSpacingY,pixelSpacingZ,tra_UL_x,tra_UL_y,tra_LL_x,tra_LL_y,tra_LR_x,tra_LR_y,tra_UR_x,tra_UR_y,cor_UL_x,cor_UL_y,cor_LL_x,cor_LL_y,cor_LR_x,cor_LR_y,cor_UR_x,cor_UR_y,Dirty
./data/train/PICAI/10560/,9,0,0.5625,0.5625,3.5999999576145,46.0,49.0,297.0,163.0,245.0,278.0,-6.0,163.0,160.0,25.0,260.0,71.0,149.0,314.0,49.0,268.0,True
./data/train/PICAI/10560/,8,0,0.5625,0.5625,3.5999999576145,54.22949324284981,42.338147107709645,296.66583185123545,173.56932374710507,236.7705067571502,284.6618528922904,-5.596075377491331,152.43311220263507,170.06641273245512,25.73565534304811,266.6140199662078,78.59924902941252,138.93358726754488,313.2643446569519,42.38598003379218,260.40075097058747,True
./data/train/PICAI/10560/,10,0,0.5625,0.5625,3.5999999576145,46.0,49.0,297.0,163.0,245.0,278.0,-6.0,163.0,160.0,25.0,260.0,71.0,149.0,314.0,49.0,268.0,True
