path,curFrame,Deleted,pixelSpacingX,pixelSpacingY,pixelSpacingZ,tra_UL_x,tra_UL_y,tra_LL_x,tra_LL_y,tra_LR_x,tra_LR_y,tra_UR_x,tra_UR_y,cor_UL_x,cor_UL_y,cor_LL_x,cor_LL_y,cor_LR_x,cor_LR_y,cor_UR_x,cor_UR_y,Dirty
./data/train/PICAI/10333/,10,0,0.5625,0.5625,3.5999999046325497,42.28501523829826,48.48660760914885,295.2804578389768,147.24543518059582,244.7149847617017,274.5133923908511,-6.116250946691508,175.1922406003059,143.46757350680068,30.634766074704345,251.0260778649172,72.92150324187118,155.53242649319932,315.3652339252956,47.97392213508285,273.07849675812884,True
./data/train/PICAI/10333/,11,0,0.5625,0.5625,3.5999999046325497,42.28501523829826,48.48660760914885,295.2804578389768,147.24543518059582,244.7149847617017,274.5133923908511,-6.116250946691508,175.1922406003059,143.46757350680068,30.634766074704345,251.0260778649172,72.92150324187118,155.53242649319932,315.3652339252956,47.97392213508285,273.07849675812884,True
./data/train/PICAI/10333/,12,0,0.5625,0.5625,3.5999999046325497,42.28501523829826,48.48660760914885,295.2804578389768,147.24543518059582,244.7149847617017,274.5133923908511,-6.116250946691508,175.1922406003059,143.46757350680068,30.634766074704345,251.0260778649172,72.92150324187118,155.53242649319932,315.3652339252956,47.97392213508285,273.07849675812884,True
