path,curFrame,Deleted,pixelSpacingX,pixelSpacingY,pixelSpacingZ,tra_UL_x,tra_UL_y,tra_LL_x,tra_LL_y,tra_LR_x,tra_LR_y,tra_UR_x,tra_UR_y,cor_UL_x,cor_UL_y,cor_LL_x,cor_LL_y,cor_LR_x,cor_LR_y,cor_UR_x,cor_UR_y,Dirty
./data/train/PICAI/10391/,10,0,0.5625,0.5625,3.600000073355945,1.4030913091444432,59.01238873510273,258.27162640391936,106.53665283529052,233.5969086908555,239.98761126489728,-22.25432630232571,193.44574245342852,97.57838004083862,18.509837753505508,204.9460363641928,38.63907955815681,158.42161995916138,295.4901622464945,51.053963635807264,275.3609204418432,True
./data/train/PICAI/10391/,9,0,0.5625,0.5625,3.600000073355945,1.4030913091444432,59.01238873510273,258.27162640391936,106.53665283529052,233.5969086908555,239.98761126489728,-22.25432630232571,193.44574245342852,97.57838004083862,18.509837753505508,204.9460363641928,38.63907955815681,158.42161995916138,295.4901622464945,51.053963635807264,275.3609204418432,True
./data/train/PICAI/10391/,11,0,0.5625,0.5625,3.600000073355945,1.4030913091444432,59.01238873510273,258.27162640391936,106.53665283529052,233.5969086908555,239.98761126489728,-22.25432630232571,193.44574245342852,97.57838004083862,18.509837753505508,204.9460363641928,38.63907955815681,158.42161995916138,295.4901622464945,51.053963635807264,275.3609204418432,True
