path,curFrame,Deleted,pixelSpacingX,pixelSpacingY,pixelSpacingZ,tra_UL_x,tra_UL_y,tra_LL_x,tra_LL_y,tra_LR_x,tra_LR_y,tra_UR_x,tra_UR_y,cor_UL_x,cor_UL_y,cor_LL_x,cor_LL_y,cor_LR_x,cor_LR_y,cor_UR_x,cor_UR_y,Dirty
./data/train/PICAI/11241/,9,0,0.5625,0.5625,3.6000000635782774,71.09362473646263,32.52662454622856,276.9890697381293,185.1931425767571,197.90637526353737,290.4733754537714,-6.066546346252551,138.3581321348769,180.5676260486564,32.577081349153445,263.8870657452615,93.91932591718188,109.4323739513436,302.4229186508465,26.112934254738533,241.0806740828181,True
./data/train/PICAI/11241/,10,0,0.5625,0.5625,3.6000000635782774,38.0,55.0,278.0,145.0,231.0,268.0,-7.0,178.0,142.0,28.0,239.0,64.0,148.0,307.0,51.0,271.0,True
./data/train/PICAI/11241/,11,0,0.5625,0.5625,3.6000000635782774,38.0,55.0,278.0,145.0,231.0,268.0,-7.0,178.0,142.0,28.0,239.0,64.0,148.0,307.0,51.0,271.0,True
