path,curFrame,Deleted,pixelSpacingX,pixelSpacingY,pixelSpacingZ,tra_UL_x,tra_UL_y,tra_LL_x,tra_LL_y,tra_LR_x,tra_LR_y,tra_UR_x,tra_UR_y,cor_UL_x,cor_UL_y,cor_LL_x,cor_LL_y,cor_LR_x,cor_LR_y,cor_UR_x,cor_UR_y,Dirty
./data/train/PICAI/10453/,13,0,0.392857134342,0.392857134342,3.299999999999983,15.515791393316874,165.33788912056346,433.70885353701647,230.04926968747645,400.4842086066832,446.66211087943657,-17.726305943453667,380.9508826173672,177.95880925357426,85.92540745201859,355.45542348937414,112.83176236731116,288.04119074642574,548.0745925479813,110.54457651062586,521.1682376326889,True
./data/train/PICAI/10453/,14,0,0.392857134342,0.392857134342,3.299999999999983,15.515791393316874,165.33788912056346,433.70885353701647,230.04926968747645,400.4842086066832,446.66211087943657,-17.726305943453667,380.9508826173672,177.95880925357426,85.92540745201859,355.45542348937414,112.83176236731116,288.04119074642574,548.0745925479813,110.54457651062586,521.1682376326889,True
./data/train/PICAI/10453/,15,0,0.392857134342,0.392857134342,3.299999999999983,15.515791393316874,165.33788912056346,433.70885353701647,230.04926968747645,400.4842086066832,446.66211087943657,-17.726305943453667,380.9508826173672,177.95880925357426,85.92540745201859,355.45542348937414,112.83176236731116,288.04119074642574,548.0745925479813,110.54457651062586,521.1682376326889,True
