path,curFrame,Deleted,pixelSpacingX,pixelSpacingY,pixelSpacingZ,tra_UL_x,tra_UL_y,tra_LL_x,tra_LL_y,tra_LR_x,tra_LR_y,tra_UR_x,tra_UR_y,cor_UL_x,cor_UL_y,cor_LL_x,cor_LL_y,cor_LR_x,cor_LR_y,cor_UR_x,cor_UR_y,Dirty
./data/train/PICAI/10144/,11,0,0.5625,0.5625,3.6,51.56627222402068,29.30584869887079,284.4789090400807,155.2887983840967,222.4337277759793,270.6941513011292,-9.532615461569035,143.66023612490577,154.11870008682936,6.147802917930335,269.1887106282286,68.56550692962443,143.20576094300267,301.4781437456844,28.13575040160353,239.06043973399025,True
./data/train/PICAI/10144/,10,0,0.5625,0.5625,3.6,41.37218494940777,37.211166383148864,284.3786564174917,142.41503905251076,232.62781505059223,262.7888336168511,-9.52756144971022,156.45551977778757,141.2280689673741,6.234150814368903,261.3002647318199,58.38532438116191,156.09639206245794,301.3917958492459,36.0241962980122,249.2406222824528,True
./data/train/PICAI/10144/,12,0,0.5625,0.5625,3.6,41.37218494940777,37.211166383148864,284.3786564174917,142.41503905251076,232.62781505059223,262.7888336168511,-9.52756144971022,156.45551977778757,141.2280689673741,6.234150814368903,261.3002647318199,58.38532438116191,156.09639206245794,301.3917958492459,36.0241962980122,249.2406222824528,True
