path,curFrame,Deleted,pixelSpacingX,pixelSpacingY,pixelSpacingZ,tra_UL_x,tra_UL_y,tra_LL_x,tra_LL_y,tra_LR_x,tra_LR_y,tra_UR_x,tra_UR_y,cor_UL_x,cor_UL_y,cor_LL_x,cor_LL_y,cor_LR_x,cor_LR_y,cor_UR_x,cor_UR_y,Dirty
./data/train/PICAI/10184/,14,0,0.392857134342,0.392857134342,3.29999999999999,74.9707978234483,64.29962164961276,452.6001156164301,265.8166143405699,344.0292021765516,470.7003783503872,-32.609847547688446,269.32255876039005,249.8239249323876,54.59600430655976,401.04587104313646,135.42868961688302,194.17607506761243,522.4039956934404,42.95412895686343,441.57131038311695,True
./data/train/PICAI/10184/,15,0,0.392857134342,0.392857134342,3.29999999999999,74.9707978234483,64.29962164961276,452.6001156164301,265.8166143405699,344.0292021765516,470.7003783503872,-32.609847547688446,269.32255876039005,249.8239249323876,54.59600430655976,401.04587104313646,135.42868961688302,194.17607506761243,522.4039956934404,42.95412895686343,441.57131038311695,True
./data/train/PICAI/10184/,16,0,0.392857134342,0.392857134342,3.29999999999999,74.9707978234483,64.29962164961276,452.6001156164301,265.8166143405699,344.0292021765516,470.7003783503872,-32.609847547688446,269.32255876039005,249.8239249323876,54.59600430655976,401.04587104313646,135.42868961688302,194.17607506761243,522.4039956934404,42.95412895686343,441.57131038311695,True
