path,curFrame,Deleted,pixelSpacingX,pixelSpacingY,pixelSpacingZ,tra_UL_x,tra_UL_y,tra_LL_x,tra_LL_y,tra_LR_x,tra_LR_y,tra_UR_x,tra_UR_y,cor_UL_x,cor_UL_y,cor_LL_x,cor_LL_y,cor_LR_x,cor_LR_y,cor_UR_x,cor_UR_y,Dirty
./data/train/PICAI/10140/,9,0,0.5625,0.5625,3.599999997350883,26.40326141438318,66.02728415053748,286.0798892978313,137.1331835617767,250.5967385856168,264.97271584946253,-8.08049847081216,193.90171593492585,138.88157700908832,30.33464045173229,241.98063509821424,57.94956795725068,172.11842299091168,310.66535954826765,69.05426439848823,282.0510412157301,True
./data/train/PICAI/10140/,10,0,0.5625,0.5625,3.599999997350883,26.40326141438318,66.02728415053748,286.0798892978313,137.1331835617767,250.5967385856168,264.97271584946253,-8.08049847081216,193.90171593492585,138.88157700908832,30.33464045173229,241.98063509821424,57.94956795725068,172.11842299091168,310.66535954826765,69.05426439848823,282.0510412157301,True
./data/train/PICAI/10140/,11,0,0.5625,0.5625,3.599999997350883,26.40326141438318,66.02728415053748,286.0798892978313,137.1331835617767,250.5967385856168,264.97271584946253,-8.08049847081216,193.90171593492585,138.88157700908832,30.33464045173229,241.98063509821424,57.94956795725068,172.11842299091168,310.66535954826765,69.05426439848823,282.0510412157301,True
