path,curFrame,Deleted,pixelSpacingX,pixelSpacingY,pixelSpacingZ,tra_UL_x,tra_UL_y,tra_LL_x,tra_LL_y,tra_LR_x,tra_LR_y,tra_UR_x,tra_UR_y,cor_UL_x,cor_UL_y,cor_LL_x,cor_LL_y,cor_LR_x,cor_LR_y,cor_UR_x,cor_UR_y,Dirty
./data/train/PICAI/11130/,9,0,0.5625,0.5625,4.000404378565792,55.60893201821044,29.71025385337026,275.4552461202275,202.01405002674915,198.3910679817896,300.2897461466298,-20.726872289551167,129.19816759512645,158.5681992318793,42.7533029202788,246.40995611444623,112.06293968014069,95.4318007681207,304.2466970797212,8.318417716230044,236.14927794173505,True
./data/train/PICAI/11130/,8,0,0.5625,0.5625,4.000404378565792,55.60893201821044,29.71025385337026,275.4552461202275,202.01405002674915,198.3910679817896,300.2897461466298,-20.726872289551167,129.19816759512645,158.5681992318793,42.7533029202788,246.40995611444623,112.06293968014069,95.4318007681207,304.2466970797212,8.318417716230044,236.14927794173505,True
./data/train/PICAI/11130/,10,0,0.5625,0.5625,4.000404378565792,55.60893201821044,29.71025385337026,275.4552461202275,202.01405002674915,198.3910679817896,300.2897461466298,-20.726872289551167,129.19816759512645,158.5681992318793,42.7533029202788,246.40995611444623,112.06293968014069,95.4318007681207,304.2466970797212,8.318417716230044,236.14927794173505,True
