path,curFrame,Deleted,pixelSpacingX,pixelSpacingY,pixelSpacingZ,tra_UL_x,tra_UL_y,tra_LL_x,tra_LL_y,tra_LR_x,tra_LR_y,tra_UR_x,tra_UR_y,cor_UL_x,cor_UL_y,cor_LL_x,cor_LL_y,cor_LR_x,cor_LR_y,cor_UR_x,cor_UR_y,Dirty
./data/train/PICAI/11468/,10,0,0.5625,0.5625,3.6000000867578894,-15.17515996330232,154.71233428295383,251.9301036561309,140.7560401189163,258.1751599633023,263.2876657170461,-8.93010365613091,277.2439598810836,88.91952566979259,90.85338196088463,183.1701398710977,85.03773731245917,196.08047433020744,339.1466180391155,100.68573732326692,344.13100881198585,True
./data/train/PICAI/11468/,9,0,0.5625,0.5625,3.6000000867578894,-15.17515996330232,154.71233428295383,251.9301036561309,140.7560401189163,258.1751599633023,263.2876657170461,-8.93010365613091,277.2439598810836,88.91952566979259,90.85338196088463,183.1701398710977,85.03773731245917,196.08047433020744,339.1466180391155,100.68573732326692,344.13100881198585,True
./data/train/PICAI/11468/,11,0,0.5625,0.5625,3.6000000867578894,-15.17515996330232,154.71233428295383,251.9301036561309,140.7560401189163,258.1751599633023,263.2876657170461,-8.93010365613091,277.2439598810836,88.91952566979259,90.85338196088463,183.1701398710977,85.03773731245917,196.08047433020744,339.1466180391155,100.68573732326692,344.13100881198585,True
