path,curFrame,Deleted,pixelSpacingX,pixelSpacingY,pixelSpacingZ,tra_UL_x,tra_UL_y,tra_LL_x,tra_LL_y,tra_LR_x,tra_LR_y,tra_UR_x,tra_UR_y,cor_UL_x,cor_UL_y,cor_LL_x,cor_LL_y,cor_LR_x,cor_LR_y,cor_UR_x,cor_UR_y,Dirty
./data/train/PICAI/10385/,9,0,0.5625,0.5625,3.599999848065712,52.69569773157782,40.72746596825644,288.54102336238867,179.50420169185256,222.3043022684222,292.2725340317436,-12.426607867342229,152.62512149991127,171.15748895087043,37.47753532049157,262.19408389365725,91.97834615136772,129.84251104912957,316.52246467950846,37.691500611296206,262.89233065686847,True
./data/train/PICAI/10385/,10,0,0.5625,0.5625,3.599999848065712,52.69569773157782,40.72746596825644,288.54102336238867,179.50420169185256,222.3043022684222,292.2725340317436,-12.426607867342229,152.62512149991127,171.15748895087043,37.47753532049157,262.19408389365725,91.97834615136772,129.84251104912957,316.52246467950846,37.691500611296206,262.89233065686847,True
./data/train/PICAI/10385/,11,0,0.5625,0.5625,3.599999848065712,52.69569773157782,40.72746596825644,288.54102336238867,179.50420169185256,222.3043022684222,292.2725340317436,-12.426607867342229,152.62512149991127,171.15748895087043,37.47753532049157,262.19408389365725,91.97834615136772,129.84251104912957,316.52246467950846,37.691500611296206,262.89233065686847,True
