path,curFrame,Deleted,pixelSpacingX,pixelSpacingY,pixelSpacingZ,tra_UL_x,tra_UL_y,tra_LL_x,tra_LL_y,tra_LR_x,tra_LR_y,tra_UR_x,tra_UR_y,cor_UL_x,cor_UL_y,cor_LL_x,cor_LL_y,cor_LR_x,cor_LR_y,cor_UR_x,cor_UR_y,Dirty
./data/train/PICAI/10104/,10,0,0.5625,0.5625,3.6000000635782774,69.53803766380844,51.688647977436815,304.42158926542555,168.678891959619,247.4619623361916,283.31135202256314,12.578410734574447,166.321108040381,179.84452306923092,35.90163528316367,273.334561337606,82.3732690458984,157.15547693076908,316.0983647168364,63.49179048472704,268.6419232010894,True
./data/train/PICAI/10104/,9,0,0.5625,0.5625,3.6000000635782774,75.72105479324412,47.191454042296186,304.15991036076616,176.31422223985635,241.278945206756,287.80854595770376,12.84008963923381,158.68577776014365,187.16115768016687,36.68736168589743,278.09093370915707,87.988198241627,149.83884231983308,315.3126383141026,58.78719694743775,263.0192556067317,True
./data/train/PICAI/10104/,11,0,0.5625,0.5625,3.6000000635782774,69.53803766380844,51.688647977436815,304.42158926542555,168.678891959619,247.4619623361916,283.31135202256314,12.578410734574447,166.321108040381,179.84452306923092,35.90163528316367,273.334561337606,82.3732690458984,157.15547693076908,316.0983647168364,63.49179048472704,268.6419232010894,True
