path,curFrame,Deleted,pixelSpacingX,pixelSpacingY,pixelSpacingZ,tra_UL_x,tra_UL_y,tra_LL_x,tra_LL_y,tra_LR_x,tra_LR_y,tra_UR_x,tra_UR_y,cor_UL_x,cor_UL_y,cor_LL_x,cor_LL_y,cor_LR_x,cor_LR_y,cor_UR_x,cor_UR_y,Dirty
./data/train/PICAI/10075/,10,0,0.5625,0.5625,3.599999957614445,74.53752642485935,16.613833021369885,297.6368042365385,168.93819824212926,211.46247357514065,296.3861669786302,-11.63680423653841,144.06180175787074,174.0305128604363,20.20372057190994,272.53759104713333,87.71190931312833,119.96948713956373,312.7962794280901,20.46986280122532,245.1662213434666,True
./data/train/PICAI/10075/,9,0,0.5625,0.5625,3.599999957614445,74.53752642485935,16.613833021369885,297.6368042365385,168.93819824212926,211.46247357514065,296.3861669786302,-11.63680423653841,144.06180175787074,174.0305128604363,20.20372057190994,272.53759104713333,87.71190931312833,119.96948713956373,312.7962794280901,20.46986280122532,245.1662213434666,True
./data/train/PICAI/10075/,11,0,0.5625,0.5625,3.599999957614445,74.53752642485935,16.613833021369885,297.6368042365385,168.93819824212926,211.46247357514065,296.3861669786302,-11.63680423653841,144.06180175787074,174.0305128604363,20.20372057190994,272.53759104713333,87.71190931312833,119.96948713956373,312.7962794280901,20.46986280122532,245.1662213434666,True
