path,curFrame,Deleted,pixelSpacingX,pixelSpacingY,pixelSpacingZ,tra_UL_x,tra_UL_y,tra_LL_x,tra_LL_y,tra_LR_x,tra_LR_y,tra_UR_x,tra_UR_y,cor_UL_x,cor_UL_y,cor_LL_x,cor_LL_y,cor_LR_x,cor_LR_y,cor_UR_x,cor_UR_y,Dirty,h_par_cor,h_orth_cor,h_par_tra,h_orth_tra
./data/train/PICAI/10237/,8,0,0.5625,0.5625,3.600000063578272,31.283853198611467,67.0928375844307,275.98791711440606,131.75288013850536,241.71614680138853,262.9071624155693,-1.995370962764696,198.1252505180896,131.50429537300263,31.94775789606507,232.53417647501163,58.83573149977738,164.49570462699737,317.0522421039349,62.47327737334703,290.2861378436279,True,,,,
./data/train/PICAI/10237/,9,0,0.5625,0.5625,3.600000063578272,40.21740386345853,58.29521247288079,278.35480090298114,144.03656848758808,232.78259613654149,271.7047875271192,-4.355410075962027,185.9285320157094,145.9913130502102,31.052516826057257,244.29330364246005,66.6435078996594,154.0086869497898,317.9474831739427,54.707305530520856,282.39139159704314,True,,,,
./data/train/PICAI/10237/,-1,0,-1.0,-1.0,-1.0,-1.0,-1.0,-1.0,-1.0,-1.0,-1.0,-1.0,-1.0,-1.0,-1.0,-1.0,-1.0,-1.0,-1.0,-1.0,-1.0,False,80.0,60.0,30.0,160.0
./data/train/PICAI/10237/,10,0,0.5625,0.5625,3.600000063578272,31.283853198611467,67.0928375844307,275.98791711440606,131.75288013850536,241.71614680138853,262.9071624155693,-1.995370962764696,198.1252505180896,135.50429537300263,31.94775789606507,236.53417647501163,58.83573149977738,168.49570462699737,317.0522421039349,66.47327737334703,290.2861378436279,True,,,,
