path,curFrame,Deleted,pixelSpacingX,pixelSpacingY,pixelSpacingZ,tra_UL_x,tra_UL_y,tra_LL_x,tra_LL_y,tra_LR_x,tra_LR_y,tra_UR_x,tra_UR_y,cor_UL_x,cor_UL_y,cor_LL_x,cor_LL_y,cor_LR_x,cor_LR_y,cor_UR_x,cor_UR_y,Dirty
./data/train/PICAI/10538/,9,0,0.5625,0.5625,3.6000000635782783,47.1090503354656,49.087643011608506,279.2278974935245,163.05623865976798,227.8909496645344,268.9123569883915,-4.227897493524552,154.94376134023202,163.15484542006644,24.42128002050771,250.7078333920237,67.39190134697104,134.84515457993356,302.57871997949235,48.29155743499537,259.5731991563265,True
./data/train/PICAI/10538/,8,0,0.5625,0.5625,3.6000000635782783,47.1090503354656,49.087643011608506,279.2278974935245,163.05623865976798,227.8909496645344,268.9123569883915,-4.227897493524552,154.94376134023202,163.15484542006644,24.42128002050771,250.7078333920237,67.39190134697104,134.84515457993356,302.57871997949235,48.29155743499537,259.5731991563265,True
./data/train/PICAI/10538/,10,0,0.5625,0.5625,3.6000000635782783,47.1090503354656,49.087643011608506,279.2278974935245,163.05623865976798,227.8909496645344,268.9123569883915,-4.227897493524552,154.94376134023202,163.15484542006644,24.42128002050771,250.7078333920237,67.39190134697104,134.84515457993356,302.57871997949235,48.29155743499537,259.5731991563265,True
