path,curFrame,Deleted,pixelSpacingX,pixelSpacingY,pixelSpacingZ,tra_UL_x,tra_UL_y,tra_LL_x,tra_LL_y,tra_LR_x,tra_LR_y,tra_UR_x,tra_UR_y,cor_UL_x,cor_UL_y,cor_LL_x,cor_LL_y,cor_LR_x,cor_LR_y,cor_UR_x,cor_UR_y,Dirty
./data/train/PICAI/10005/,9,0,0.5625,0.5625,3.600000010596389,46.95485654327796,29.64977197343184,292.7676492437895,131.37524048931215,238.04514345672203,262.3502280265682,-6.785253955070374,159.6074594090942,152.4950466092972,13.960772322527362,252.2304219065831,55.22643497696112,150.5049533907028,301.03922767747264,50.76957809341688,259.7735650230389,True
./data/train/PICAI/10005/,10,0,0.5625,0.5625,3.600000010596389,49.0,28.0,293.0,134.0,236.0,264.0,-7.0,157.0,155.0,14.0,254.0,57.0,148.0,301.0,49.0,258.0,True
./data/train/PICAI/10005/,11,0,0.5625,0.5625,3.600000010596389,49.0,28.0,293.0,134.0,236.0,264.0,-7.0,157.0,155.0,14.0,254.0,57.0,148.0,301.0,49.0,258.0,True
