path,curFrame,Deleted,pixelSpacingX,pixelSpacingY,pixelSpacingZ,tra_UL_x,tra_UL_y,tra_LL_x,tra_LL_y,tra_LR_x,tra_LR_y,tra_UR_x,tra_UR_y,cor_UL_x,cor_UL_y,cor_LL_x,cor_LL_y,cor_LR_x,cor_LR_y,cor_UR_x,cor_UR_y,Dirty
./data/train/PICAI/10655/,7,0,0.5625,0.5625,3.600000010596389,37.21237753357006,40.4645301766775,289.63119286477183,129.2887479711094,245.78762246642995,254.5354698233225,-5.633628814512008,165.78100850263476,147.90829825576645,13.263461545200926,246.70908606717325,48.24065880063266,159.09170174423355,297.7365384547991,60.2909139328268,262.7593411993673,True
./data/train/PICAI/10655/,8,0,0.5625,0.5625,3.600000010596389,37.21237753357006,40.4645301766775,289.63119286477183,129.2887479711094,245.78762246642995,254.5354698233225,-5.633628814512008,165.78100850263476,147.90829825576645,13.263461545200926,246.70908606717325,48.24065880063266,159.09170174423355,297.7365384547991,60.2909139328268,262.7593411993673,True
./data/train/PICAI/10655/,9,0,0.5625,0.5625,3.600000010596389,37.21237753357006,40.4645301766775,289.63119286477183,129.2887479711094,245.78762246642995,254.5354698233225,-5.633628814512008,165.78100850263476,147.90829825576645,13.263461545200926,246.70908606717325,48.24065880063266,159.09170174423355,297.7365384547991,60.2909139328268,262.7593411993673,True
