path,curFrame,Deleted,pixelSpacingX,pixelSpacingY,pixelSpacingZ,tra_UL_x,tra_UL_y,tra_LL_x,tra_LL_y,tra_LR_x,tra_LR_y,tra_UR_x,tra_UR_y,cor_UL_x,cor_UL_y,cor_LL_x,cor_LL_y,cor_LR_x,cor_LR_y,cor_UR_x,cor_UR_y,Dirty
./data/train/PICAI/10448/,9,0,0.5625,0.5625,3.599999957614445,23.19194654796003,49.83676384475047,286.9645101229541,124.67682467500175,246.80805345204,264.16323615524954,-15.000627965618436,188.25398550457413,128.00045064492377,19.57600927659479,239.15492400161185,50.715743584988,165.99954935507623,305.42399072340515,54.845075998388126,274.284256415012,True
./data/train/PICAI/10448/,10,0,0.5625,0.5625,3.599999957614445,23.19194654796003,49.83676384475047,286.9645101229541,124.67682467500175,246.80805345204,264.16323615524954,-15.000627965618436,188.25398550457413,128.00045064492377,19.57600927659479,239.15492400161185,50.715743584988,165.99954935507623,305.42399072340515,54.845075998388126,274.284256415012,True
./data/train/PICAI/10448/,11,0,0.5625,0.5625,3.599999957614445,30.939634815915213,42.2984725570102,288.84908294488935,135.35607066596708,239.0603651840848,271.7015274429898,-16.815401794148528,177.71433750041885,140.01660619854155,18.598823368924684,248.72811478605456,57.41644695186818,157.98339380145845,306.40117663107543,49.27188521394541,267.58355304813176,True
