path,curFrame,Deleted,pixelSpacingX,pixelSpacingY,pixelSpacingZ,tra_UL_x,tra_UL_y,tra_LL_x,tra_LL_y,tra_LR_x,tra_LR_y,tra_UR_x,tra_UR_y,cor_UL_x,cor_UL_y,cor_LL_x,cor_LL_y,cor_LR_x,cor_LR_y,cor_UR_x,cor_UR_y,Dirty
./data/train/PICAI/10422/,10,0,0.5625,0.5625,3.599999904632556,-4.515243182913224,90.60061758531484,265.67512099015187,97.39525576747332,262.5152431829132,220.3993824146852,-5.581548736147738,214.39020920135968,93.23992286819455,31.44208741433718,198.0290700089745,33.499911874288784,191.76007713180545,289.55791258566285,87.96545188639377,287.3955596624436,True
./data/train/PICAI/10422/,9,0,0.5625,0.5625,3.599999904632556,-4.515243182913224,90.60061758531484,265.67512099015187,97.39525576747332,262.5152431829132,220.3993824146852,-5.581548736147738,214.39020920135968,93.23992286819455,31.44208741433718,198.0290700089745,33.499911874288784,191.76007713180545,289.55791258566285,87.96545188639377,287.3955596624436,True
./data/train/PICAI/10422/,11,0,0.5625,0.5625,3.599999904632556,-4.515243182913224,90.60061758531484,265.67512099015187,97.39525576747332,262.5152431829132,220.3993824146852,-5.581548736147738,214.39020920135968,93.23992286819455,31.44208741433718,198.0290700089745,33.499911874288784,191.76007713180545,289.55791258566285,87.96545188639377,287.3955596624436,True
