path,curFrame,Deleted,pixelSpacingX,pixelSpacingY,pixelSpacingZ,tra_UL_x,tra_UL_y,tra_LL_x,tra_LL_y,tra_LR_x,tra_LR_y,tra_UR_x,tra_UR_y,cor_UL_x,cor_UL_y,cor_LL_x,cor_LL_y,cor_LR_x,cor_LR_y,cor_UR_x,cor_UR_y,Dirty
./data/train/PICAI/11474/,11,0,0.625,0.625,3.600000034679091,54.11418045206082,38.98403846955264,271.4591823639327,175.84583059550928,194.8858195479393,295.01596153044727,-20.248052336967334,157.82114687694548,138.3808675003133,33.47647908262948,242.9281226301083,100.04127041277296,102.61913249968676,321.52352091737043,-1.928122630108419,254.95872958722703,True
./data/train/PICAI/11474/,10,0,0.625,0.625,3.600000034679091,56.35908714438837,37.77513399038105,271.2824187378177,178.40927471297007,192.6409128556117,296.22486600961884,-20.065813432161804,155.29634302034495,140.8917011811636,33.81047872952547,244.26131746490967,102.18973310796312,100.10829881883645,321.1895212704744,-3.261317464909851,252.8102668920369,True
./data/train/PICAI/11474/,12,0,0.625,0.625,3.600000034679091,58.624750218867575,36.605592657225344,271.06094376504194,180.96924345482915,190.37524978113248,297.39440734277457,-19.839538380144347,152.7751042110363,143.3963233522953,34.18824759655209,245.55681340350856,104.36113603999551,97.60367664770472,320.8117524034478,-4.55681340350867,250.6388639600045,True
