path,curFrame,Deleted,pixelSpacingX,pixelSpacingY,pixelSpacingZ,tra_UL_x,tra_UL_y,tra_LL_x,tra_LL_y,tra_LR_x,tra_LR_y,tra_UR_x,tra_UR_y,cor_UL_x,cor_UL_y,cor_LL_x,cor_LL_y,cor_LR_x,cor_LR_y,cor_UR_x,cor_UR_y,Dirty
./data/train/PICAI/11076/,9,0,0.5625,0.5625,3.599999901701456,52.30106365642543,32.066853113765774,286.52016575841776,165.99001097130932,223.69893634357453,275.9331468862342,-9.523971060326032,142.0971447714383,174.3361598001308,23.45548816982253,260.3331414329862,73.13968233696507,128.6638401998692,304.5445118301775,42.57970282426609,255.8565123611267,True
./data/train/PICAI/11076/,8,0,0.5625,0.5625,3.599999901701456,52.30106365642543,32.066853113765774,286.52016575841776,165.99001097130932,223.69893634357453,275.9331468862342,-9.523971060326032,142.0971447714383,174.3361598001308,23.45548816982253,260.3331414329862,73.13968233696507,128.6638401998692,304.5445118301775,42.57970282426609,255.8565123611267,True
./data/train/PICAI/11076/,10,0,0.5625,0.5625,3.599999901701456,52.30106365642543,32.066853113765774,286.52016575841776,165.99001097130932,223.69893634357453,275.9331468862342,-9.523971060326032,142.0971447714383,174.3361598001308,23.45548816982253,260.3331414329862,73.13968233696507,128.6638401998692,304.5445118301775,42.57970282426609,255.8565123611267,True
