path,curFrame,Deleted,pixelSpacingX,pixelSpacingY,pixelSpacingZ,tra_UL_x,tra_UL_y,tra_LL_x,tra_LL_y,tra_LR_x,tra_LR_y,tra_UR_x,tra_UR_y,cor_UL_x,cor_UL_y,cor_LL_x,cor_LL_y,cor_LR_x,cor_LR_y,cor_UR_x,cor_UR_y,Dirty
./data/train/PICAI/10214/,10,0,0.5625,0.5625,3.6000000346790912,230,244,-36,231,-29,80,237,93,56.00712589325062,34.707664677719535,185,41,172,302,43.00495123122399,296.7562988305376,True
./data/train/PICAI/10214/,11,0,0.5625,0.5625,3.6000000346790912,230,244,-36,231,-29,80,237,93,56.00712589325062,34.707664677719535,185,41,172,302,43.00495123122399,296.7562988305376,True
./data/train/PICAI/10214/,12,0,0.5625,0.5625,3.6000000346790912,230,244,-36,231,-29,80,237,93,56.00712589325062,34.707664677719535,185,41,172,302,43.00495123122399,296.7562988305376,True
