path,curFrame,Deleted,pixelSpacingX,pixelSpacingY,pixelSpacingZ,tra_UL_x,tra_UL_y,tra_LL_x,tra_LL_y,tra_LR_x,tra_LR_y,tra_UR_x,tra_UR_y,cor_UL_x,cor_UL_y,cor_LL_x,cor_LL_y,cor_LR_x,cor_LR_y,cor_UR_x,cor_UR_y,Dirty
./data/train/PICAI/10868/,9,0,0.5625,0.5625,3.599999957614445,20.469340921402,68.77567956854665,268.4814685135356,152.17222966040123,226.530659078598,278.2243204314533,-21.35959917013055,195.82031649124005,131.16738358170886,33.439298800218126,226.72946514749063,65.02867307092653,139.83261641829114,325.5607011997819,45.26308100415076,293.8494575856683,True
./data/train/PICAI/10868/,8,0,0.5625,0.5625,3.599999957614445,18.65734158578184,70.5897625275329,268.0871662172798,149.6452024687549,228.3426584142181,276.4102374724671,-20.947993116319807,198.34506559998664,128.61893273832166,33.5371591351406,224.71777033508744,63.45393390366216,142.38106726167834,325.4628408648594,47.27249773365418,295.40689299537775,True
./data/train/PICAI/10868/,10,0,0.5625,0.5625,3.599999957614445,28.025517737162687,61.8437272848356,269.6160509946948,162.3375790387677,218.9744822628373,285.1562727151644,-22.563715038451846,185.66105049598684,141.3666170858384,33.49286728392974,234.49235086695128,71.67136526026853,129.6333829141616,325.50713271607026,37.50627866780333,287.2762987834885,True
