path,curFrame,Deleted,pixelSpacingX,pixelSpacingY,pixelSpacingZ,tra_UL_x,tra_UL_y,tra_LL_x,tra_LL_y,tra_LR_x,tra_LR_y,tra_UR_x,tra_UR_y,cor_UL_x,cor_UL_y,cor_LL_x,cor_LL_y,cor_LR_x,cor_LR_y,cor_UR_x,cor_UR_y,Dirty
./data/train/PICAI/11430/,8,0,0.5625,0.5625,3.600000068443726,10.93976159987598,47.94758661434733,286.7478222336813,125.01193433376432,245.060238400124,275.0524133856526,-30.5741740560144,197.00325791322348,113.8072631495351,14.615788915004517,246.24048064344183,52.20189425031124,172.24471880904028,316.36591002563705,39.81150131513354,278.77980469033025,True
./data/train/PICAI/11430/,9,0,0.5625,0.5625,3.600000068443726,12.939353311519156,45.92189833870516,287.36044872356024,127.78802315755505,243.0606466884808,277.07810166129474,-31.16963972818371,194.2303496589973,116.4448461813688,14.128830803841623,248.2019254680902,54.02048993075424,169.6071357772066,316.85286813679994,37.85005649048517,276.9612090098873,True
./data/train/PICAI/11430/,10,0,0.5625,0.5625,3.600000068443726,-7.0,70.0,278.0,98.0,263.0,253.0,-22.0,224.0,88.05198195857538,21.98169894064157,225.0,36.0,198.0,309.0,61.05198195857538,294.98169894064154,True
