path,curFrame,Deleted,pixelSpacingX,pixelSpacingY,pixelSpacingZ,tra_UL_x,tra_UL_y,tra_LL_x,tra_LL_y,tra_LR_x,tra_LR_y,tra_UR_x,tra_UR_y,cor_UL_x,cor_UL_y,cor_LL_x,cor_LL_y,cor_LR_x,cor_LR_y,cor_UR_x,cor_UR_y,Dirty
./data/train/PICAI/10143/,10,0,0.5625,0.5625,3.599999945901662,51.21385293334956,41.31758078265952,301.67456515915376,131.70248898830462,241.7861470666504,296.68241921734057,-6.674869768841035,206.33241582456992,145.7418554687768,19.8144829831991,262.02593954458325,61.85032234261696,164.2581445312232,334.1855170168009,46.97421276026034,292.1322252509458,True
./data/train/PICAI/10143/,11,0,0.5625,0.5625,3.599999945901662,48.99999999999999,42.99999999999996,300.99999999999994,128.99999999999997,244.0,295.0000000000001,-6.000000000000028,209.0,143.0,19.999999999999943,260.0,59.99999999999997,167.0,334.0,48.99999999999999,294.00000000000006,True
./data/train/PICAI/10143/,12,0,0.5625,0.5625,3.599999945901662,40.44818940790735,50.10818585731434,297.8333868153778,118.32006279613968,252.55181059209264,287.8918141426857,-2.8382587148582274,219.5404242563721,132.07746501905444,21.21952179413708,251.5827178492189,52.9605763764674,177.92253498094556,332.7804782058629,57.419718100521294,301.10918009727675,True
