path,curFrame,Deleted,pixelSpacingX,pixelSpacingY,pixelSpacingZ,tra_UL_x,tra_UL_y,tra_LL_x,tra_LL_y,tra_LR_x,tra_LR_y,tra_UR_x,tra_UR_y,cor_UL_x,cor_UL_y,cor_LL_x,cor_LL_y,cor_LR_x,cor_LR_y,cor_UR_x,cor_UR_y,Dirty
./data/train/PICAI/11144/,11,0,0.5625,0.5625,3.600000030116,29.029111669480216,17.50795990449076,271.01177945291573,70.09492114405538,233.97088833051976,241.4920400955092,-7.01238862589662,188.8701793592421,107.62234332451484,-15.085744601941542,227.5968366408623,10.742940101033724,165.37765667548516,292.08574460194154,45.40316335913772,266.25705989896625,True
./data/train/PICAI/11144/,10,0,0.5625,0.5625,3.600000030116,29.029111669480216,17.50795990449076,271.01177945291573,70.09492114405538,233.97088833051976,241.4920400955092,-7.01238862589662,188.8701793592421,107.62234332451484,-15.085744601941542,227.5968366408623,10.742940101033724,165.37765667548516,292.08574460194154,45.40316335913772,266.25705989896625,True
./data/train/PICAI/11144/,12,0,0.5625,0.5625,3.600000030116,29.029111669480216,17.50795990449076,271.01177945291573,70.09492114405538,233.97088833051976,241.4920400955092,-7.01238862589662,188.8701793592421,107.62234332451484,-15.085744601941542,227.5968366408623,10.742940101033724,165.37765667548516,292.08574460194154,45.40316335913772,266.25705989896625,True
