path,curFrame,Deleted,pixelSpacingX,pixelSpacingY,pixelSpacingZ,tra_UL_x,tra_UL_y,tra_LL_x,tra_LL_y,tra_LR_x,tra_LR_y,tra_UR_x,tra_UR_y,cor_UL_x,cor_UL_y,cor_LL_x,cor_LL_y,cor_LR_x,cor_LR_y,cor_UR_x,cor_UR_y,Dirty,h_par_cor,h_orth_cor,h_par_tra,h_orth_tra
./data/train/PICAI/11174/,13,0,0.392857134342,0.392857134342,3.300000040740481,185.8031770762288,50.047604202633465,505.0335194973442,370.34744572257193,351.19682292377126,522.9523957973664,33.12493643333511,201.8413947020827,382.6207641371044,74.70254133476416,510.3129011055506,202.8224779427395,185.37923586289548,525.2974586652358,57.687098894449406,397.1775220572605,True,,,,
./data/train/PICAI/11174/,14,0,0.392857134342,0.392857134342,3.300000040740481,185.8031770762288,50.047604202633465,505.0335194973442,370.34744572257193,351.19682292377126,522.9523957973664,33.12493643333511,201.8413947020827,382.6207641371044,74.70254133476416,510.3129011055506,202.8224779427395,185.37923586289548,525.2974586652358,57.687098894449406,397.1775220572605,True,,,,
./data/train/PICAI/11174/,-1,0,-1.0,-1.0,-1.0,-1.0,-1.0,-1.0,-1.0,-1.0,-1.0,-1.0,-1.0,-1.0,-1.0,-1.0,-1.0,-1.0,-1.0,-1.0,-1.0,False,80.0,60.0,30.0,160.0
./data/train/PICAI/11174/,15,0,0.392857134342,0.392857134342,3.300000040740481,185.8031770762288,50.047604202633465,505.0335194973442,370.34744572257193,351.19682292377126,522.9523957973664,33.12493643333511,201.8413947020827,382.6207641371044,74.70254133476416,510.3129011055506,202.8224779427395,185.37923586289548,525.2974586652358,57.687098894449406,397.1775220572605,True,,,,
