path,curFrame,Deleted,pixelSpacingX,pixelSpacingY,pixelSpacingZ,tra_UL_x,tra_UL_y,tra_LL_x,tra_LL_y,tra_LR_x,tra_LR_y,tra_UR_x,tra_UR_y,cor_UL_x,cor_UL_y,cor_LL_x,cor_LL_y,cor_LR_x,cor_LR_y,cor_UR_x,cor_UR_y,Dirty
./data/train/PICAI/10387/,14,0,0.392857134342,0.392857134342,3.3000000491831725,132.71145687957912,142.80570490773894,462.3207745744396,434.5173736642846,319.28854312042085,597.1942950922612,-10.320774574439582,305.4826263357154,326.6687141896165,169.41695385181157,446.978229415541,276.20000749846014,161.33128581038372,598.5830461481884,40.88259748349901,492.7902605702814,True
./data/train/PICAI/10387/,15,0,0.392857134342,0.392857134342,3.3000000491831725,132.71145687957912,142.80570490773894,462.3207745744396,434.5173736642846,319.28854312042085,597.1942950922612,-10.320774574439582,305.4826263357154,326.6687141896165,169.41695385181157,446.978229415541,276.20000749846014,161.33128581038372,598.5830461481884,40.88259748349901,492.7902605702814,True
./data/train/PICAI/10387/,16,0,0.392857134342,0.392857134342,3.3000000491831725,132.71145687957912,142.80570490773894,462.3207745744396,434.5173736642846,319.28854312042085,597.1942950922612,-10.320774574439582,305.4826263357154,326.6687141896165,169.41695385181157,446.978229415541,276.20000749846014,161.33128581038372,598.5830461481884,40.88259748349901,492.7902605702814,True
