path,curFrame,Deleted,pixelSpacingX,pixelSpacingY,pixelSpacingZ,tra_UL_x,tra_UL_y,tra_LL_x,tra_LL_y,tra_LR_x,tra_LR_y,tra_UR_x,tra_UR_y,cor_UL_x,cor_UL_y,cor_LL_x,cor_LL_y,cor_LR_x,cor_LR_y,cor_UR_x,cor_UR_y,Dirty,h_par_cor,h_orth_cor,h_par_tra,h_orth_tra
./data/train/PICAI/11251/,9,0,0.5625,0.5625,3.599999957614445,56.1929787531824,40.542404396969616,280.798756845248,169.60922603466963,216.8070212468176,281.4575956030304,-6.802562147156237,152.47792970807808,172.20162088410106,30.53693595970776,257.28956356161245,79.1377796860109,124.79837911589892,308.46306404029224,40.7066311364793,259.9493760567367,True,,,,
./data/train/PICAI/11251/,8,0,0.5625,0.5625,3.599999957614445,60.445809081242,37.81310928636469,280.41039628579176,174.63993551547853,212.554190918758,284.1868907136353,-6.417850134150427,147.48193382792664,177.03692349229843,31.44876314355335,260.37688790876507,82.98952692390571,119.96307650770154,307.5512368564466,37.615658242876265,256.13234241949937,True,,,,
./data/train/PICAI/11251/,-1,0,-1.0,-1.0,-1.0,-1.0,-1.0,-1.0,-1.0,-1.0,-1.0,-1.0,-1.0,-1.0,-1.0,-1.0,-1.0,-1.0,-1.0,-1.0,-1.0,False,80.0,60.0,30.0,160.0
./data/train/PICAI/11251/,10,0,0.5625,0.5625,3.599999957614445,69.22415637553598,32.807914188836605,279.1083639896937,184.6453910981201,203.77584362446407,289.1920858111634,-5.126736806246043,137.5454178972565,186.59737646005271,33.775684172433444,266.13902697645653,91.00439928230016,110.40262353994729,305.22431582756656,31.84260020699122,248.1864097130764,True,,,,
