path,curFrame,Deleted,pixelSpacingX,pixelSpacingY,pixelSpacingZ,tra_UL_x,tra_UL_y,tra_LL_x,tra_LL_y,tra_LR_x,tra_LR_y,tra_UR_x,tra_UR_y,cor_UL_x,cor_UL_y,cor_LL_x,cor_LL_y,cor_LR_x,cor_LR_y,cor_UR_x,cor_UR_y,Dirty
./data/train/PICAI/10354/,9,0,0.28125,0.28125,3.599999957614445,-20.060164518945385,279.51776404945787,484.64329886325856,106.72189011142544,587.0601645189452,407.4822359505421,81.36415498510013,580.3999792319796,102.76731926857084,120.39975033826995,321.23302105606257,45.21506344992315,497.2326807314291,559.60024966173,278.64510960053224,633.7923903984356,True
./data/train/PICAI/10354/,10,0,0.28125,0.28125,3.599999957614445,-20.060164518945385,279.51776404945787,484.64329886325856,106.72189011142544,587.0601645189452,407.4822359505421,81.36415498510013,580.3999792319796,102.76731926857084,120.39975033826995,321.23302105606257,45.21506344992315,497.2326807314291,559.60024966173,278.64510960053224,633.7923903984356,True
./data/train/PICAI/10354/,11,0,0.28125,0.28125,3.599999957614445,-20.060164518945385,279.51776404945787,484.64329886325856,106.72189011142544,587.0601645189452,407.4822359505421,81.36415498510013,580.3999792319796,102.76731926857084,120.39975033826995,321.23302105606257,45.21506344992315,497.2326807314291,559.60024966173,278.64510960053224,633.7923903984356,True
