path,curFrame,Deleted,pixelSpacingX,pixelSpacingY,pixelSpacingZ,tra_UL_x,tra_UL_y,tra_LL_x,tra_LL_y,tra_LR_x,tra_LR_y,tra_UR_x,tra_UR_y,cor_UL_x,cor_UL_y,cor_LL_x,cor_LL_y,cor_LR_x,cor_LR_y,cor_UR_x,cor_UR_y,Dirty
./data/train/PICAI/11292/,10,0,0.5625,0.5625,3.6,92.3160733451086,-16.115296606067858,306.1520105706005,154.21436009204052,207.68392665489145,275.1152966060679,-4.045048923912873,104.0368324431284,193.98068302325527,-14.331424267882028,295.74432116048683,67.68175731334054,115.01931697674472,292.331424267882,13.255678839513166,210.31824268665943,True
./data/train/PICAI/11292/,9,0,0.5625,0.5625,3.6,92.3160733451086,-16.115296606067858,306.1520105706005,154.21436009204052,207.68392665489145,275.1152966060679,-4.045048923912873,104.0368324431284,197.98068302325527,-14.331424267882028,299.74432116048683,67.68175731334054,119.01931697674472,292.331424267882,17.255678839513166,210.31824268665943,True
./data/train/PICAI/11292/,11,0,0.5625,0.5625,3.6,92.3160733451086,-16.115296606067858,306.1520105706005,154.21436009204052,207.68392665489145,275.1152966060679,-4.045048923912873,104.0368324431284,193.98068302325527,-14.331424267882028,295.74432116048683,67.68175731334054,115.01931697674472,292.331424267882,13.255678839513166,210.31824268665943,True
