path,curFrame,Deleted,pixelSpacingX,pixelSpacingY,pixelSpacingZ,tra_UL_x,tra_UL_y,tra_LL_x,tra_LL_y,tra_LR_x,tra_LR_y,tra_UR_x,tra_UR_y,cor_UL_x,cor_UL_y,cor_LL_x,cor_LL_y,cor_LR_x,cor_LR_y,cor_UR_x,cor_UR_y,Dirty,h_par_cor,h_orth_cor,h_par_tra,h_orth_tra
./data/train/PICAI/10274/,-1,0,-1.0,-1.0,-1.0,-1.0,-1.0,-1.0,-1.0,-1.0,-1.0,-1.0,-1.0,-1.0,-1.0,-1.0,-1.0,-1.0,-1.0,-1.0,-1.0,False,80.0,60.0,30.0,160.0
./data/train/PICAI/10274/,15,0,0.39285713434219,0.39285713434219,3.299999922905337,118.09458531908358,106.66236550638536,454.9029252632995,356.03185470669155,331.90541468091635,522.3376344936146,-3.946620507336604,273.2605169980314,306.88213158599103,102.09889552979564,439.6928580517515,201.26194780047268,177.11786841400897,553.9011044702042,44.97107499948893,455.9867286602132,True,,,,
./data/train/PICAI/10274/,16,0,0.39285713434219,0.39285713434219,3.299999922905337,96.95527582360197,118.97558052613934,457.9847539327132,331.7729393825477,353.04472417639795,510.0244194738607,-7.003126749265533,297.417869612829,282.9136051796974,96.55437590829266,425.3621420564467,181.29170146010296,201.0863948203026,559.4456240917073,59.4286761316246,475.88073471872127,True,,,,
./data/train/PICAI/10274/,17,0,0.39285713434219,0.39285713434219,3.299999922905337,100.3871492923643,116.77067127379264,457.64781486773137,335.83645324954057,349.61285070763563,512.2293287262074,-6.669667266997664,293.3714584412773,286.94665693923827,97.30366706428453,427.8946279679176,184.5141564729482,197.05334306076173,558.6963329357154,56.8756079419986,472.67190281860337,True,,,,
