path,curFrame,Deleted,pixelSpacingX,pixelSpacingY,pixelSpacingZ,tra_UL_x,tra_UL_y,tra_LL_x,tra_LL_y,tra_LR_x,tra_LR_y,tra_UR_x,tra_UR_y,cor_UL_x,cor_UL_y,cor_LL_x,cor_LL_y,cor_LR_x,cor_LR_y,cor_UR_x,cor_UR_y,Dirty
./data/train/PICAI/11155/,9,0,0.5625,0.5625,3.5999999576145,57.04915776396364,54.992007964827536,309.0105498586107,135.337865939757,271.95084223603635,251.0079920351725,20.985644839481097,170.57497831749532,172.6939164139931,20.14434672669944,268.73909730368416,50.89045587674528,188.3060835860069,301.85565327330056,92.26090269631592,271.1095441232547,True
./data/train/PICAI/11155/,8,0,0.5625,0.5625,3.5999999576145,71.73493814466939,40.99154809133061,310.0622770880054,155.6217339595755,257.26506185533054,265.0084519086694,19.936352446749368,150.4306019966675,192.37320273665063,20.42874740269835,283.2046471753514,64.24254318872049,168.62679726334937,301.57125259730174,77.79535282464872,257.75745681127955,True
./data/train/PICAI/11155/,10,0,0.5625,0.5625,3.5999999576145,57.04915776396364,54.992007964827536,309.0105498586107,135.337865939757,271.95084223603635,251.0079920351725,20.985644839481097,170.57497831749532,172.6939164139931,20.14434672669944,268.73909730368416,50.89045587674528,188.3060835860069,301.85565327330056,92.26090269631592,271.1095441232547,True
