path,curFrame,Deleted,pixelSpacingX,pixelSpacingY,pixelSpacingZ,tra_UL_x,tra_UL_y,tra_LL_x,tra_LL_y,tra_LR_x,tra_LR_y,tra_UR_x,tra_UR_y,cor_UL_x,cor_UL_y,cor_LL_x,cor_LL_y,cor_LR_x,cor_LR_y,cor_UR_x,cor_UR_y,Dirty
./data/train/PICAI/11025/,16,0,0.392857134342,0.392857134342,3.2999999440929213,20.47939672618341,159.7293399619177,434.87971544906907,237.01048800185595,395.52060327381673,448.2706600380824,-17.882151398809242,370.9197555243999,201.97594167113303,89.13100707435322,358.39106436091106,118.29107212815096,279.0240583288669,545.8689929256467,122.60893563908895,516.708927871849,True
./data/train/PICAI/11025/,15,0,0.392857134342,0.392857134342,3.2999999440929213,10.872374982011706,173.16155207750498,429.65409573033946,221.34734217240472,405.1276250179885,434.8384479224951,-12.663827661597878,386.5134847266352,186.1395686820196,92.37460492666936,344.20777530662406,110.5526701284822,294.8604313179804,542.6253950733305,136.79222469337594,524.4473298715178,True
./data/train/PICAI/11025/,17,0,0.392857134342,0.392857134342,3.2999999440929213,2.2257392117280688,187.23119595953585,423.34859953780335,206.08687178367344,413.77426078827216,420.76880404046426,-6.370451937069646,401.7052165255088,170.56803424999583,96.71499107425714,329.5192323957123,103.82249471767456,310.43196575000405,538.2850089257428,151.48076760428768,531.1775052823253,True
