path,curFrame,Deleted,pixelSpacingX,pixelSpacingY,pixelSpacingZ,tra_UL_x,tra_UL_y,tra_LL_x,tra_LL_y,tra_LR_x,tra_LR_y,tra_UR_x,tra_UR_y,cor_UL_x,cor_UL_y,cor_LL_x,cor_LL_y,cor_LR_x,cor_LR_y,cor_UR_x,cor_UR_y,Dirty
./data/train/PICAI/10852/,8,0,0.5625,0.5625,3.599999957614473,66.49052905729842,10.445087509465992,284.36737455457126,158.99030014238,196.5094709427016,288.554912490534,-20.38922695383744,140.2176115484379,170.02518024112447,5.786399019551482,267.4951543251278,71.4872677509747,100.97481975887555,316.2136009804485,3.5048456748721435,250.5127322490253,True
./data/train/PICAI/10852/,9,0,0.5625,0.5625,3.599999957614473,66.49052905729842,10.445087509465992,284.36737455457126,158.99030014238,196.5094709427016,288.554912490534,-20.38922695383744,140.2176115484379,170.02518024112447,5.786399019551482,267.4951543251278,71.4872677509747,100.97481975887555,316.2136009804485,3.5048456748721435,250.5127322490253,True
./data/train/PICAI/10852/,10,0,0.5625,0.5625,3.599999957614473,66.49052905729842,10.445087509465992,284.36737455457126,158.99030014238,196.5094709427016,288.554912490534,-20.38922695383744,140.2176115484379,170.02518024112447,5.786399019551482,267.4951543251278,71.4872677509747,100.97481975887555,316.2136009804485,3.5048456748721435,250.5127322490253,True
