path,curFrame,Deleted,pixelSpacingX,pixelSpacingY,pixelSpacingZ,tra_UL_x,tra_UL_y,tra_LL_x,tra_LL_y,tra_LR_x,tra_LR_y,tra_UR_x,tra_UR_y,cor_UL_x,cor_UL_y,cor_LL_x,cor_LL_y,cor_LR_x,cor_LR_y,cor_UR_x,cor_UR_y,Dirty
./data/train/PICAI/10635/,8,0,0.5625,0.5625,3.6000000323455543,51.37376061537504,10.696798259562485,248.64235593105286,170.37804732212265,170.62623938462494,267.30320174043754,-26.468707753385914,106.63714492486514,155.7692160375957,17.316617494647346,235.71950492534793,82.18534113528152,71.23078396240426,283.6833825053527,-8.545856747681,217.8298511117062,True
./data/train/PICAI/10635/,9,0,0.5625,0.5625,3.6000000323455543,51.37376061537504,10.696798259562485,248.64235593105286,170.37804732212265,170.62623938462494,267.30320174043754,-26.468707753385914,106.63714492486514,155.7692160375957,17.316617494647346,235.71950492534793,82.18534113528152,71.23078396240426,283.6833825053527,-8.545856747681,217.8298511117062,True
./data/train/PICAI/10635/,10,0,0.5625,0.5625,3.6000000323455543,51.37376061537504,10.696798259562485,248.64235593105286,170.37804732212265,170.62623938462494,267.30320174043754,-26.468707753385914,106.63714492486514,155.7692160375957,17.316617494647346,235.71950492534793,82.18534113528152,71.23078396240426,283.6833825053527,-8.545856747681,217.8298511117062,True
