path,curFrame,Deleted,pixelSpacingX,pixelSpacingY,pixelSpacingZ,tra_UL_x,tra_UL_y,tra_LL_x,tra_LL_y,tra_LR_x,tra_LR_y,tra_UR_x,tra_UR_y,cor_UL_x,cor_UL_y,cor_LL_x,cor_LL_y,cor_LR_x,cor_LR_y,cor_UR_x,cor_UR_y,Dirty
./data/train/PICAI/10355/,9,0,0.5625,0.5625,3.600000063578272,46.239776833422326,43.94844910604914,293.1435205132385,135.20929151335787,246.7602231665776,260.0515508939509,1.0149354174405687,167.9795489112968,153.04153507836068,23.20399661566563,250.1926105099343,59.62745804492448,160.95846492163932,300.7960033843344,62.82258173705351,264.19889377740856,True
./data/train/PICAI/10355/,8,0,0.5625,0.5625,3.600000063578272,46.239776833422326,43.94844910604914,293.1435205132385,135.20929151335787,246.7602231665776,260.0515508939509,1.0149354174405687,167.9795489112968,153.04153507836068,23.20399661566563,250.1926105099343,59.62745804492448,160.95846492163932,300.7960033843344,62.82258173705351,264.19889377740856,True
./data/train/PICAI/10355/,10,0,0.5625,0.5625,3.600000063578272,46.239776833422326,43.94844910604914,293.1435205132385,135.20929151335787,246.7602231665776,260.0515508939509,1.0149354174405687,167.9795489112968,153.04153507836068,23.20399661566563,250.1926105099343,59.62745804492448,160.95846492163932,300.7960033843344,62.82258173705351,264.19889377740856,True
