path,curFrame,Deleted,pixelSpacingX,pixelSpacingY,pixelSpacingZ,tra_UL_x,tra_UL_y,tra_LL_x,tra_LL_y,tra_LR_x,tra_LR_y,tra_UR_x,tra_UR_y,cor_UL_x,cor_UL_y,cor_LL_x,cor_LL_y,cor_LR_x,cor_LR_y,cor_UR_x,cor_UR_y,Dirty
./data/train/PICAI/11001/,9,0,0.5625,0.5625,3.599999957614444,19.098702082174043,46.715788113340665,281.7552832621173,126.29920575083536,240.901297917826,261.2842118866593,-20.76273711047594,181.57892490575944,120.39360680213552,19.138015759531527,233.4383196628454,53.61834195055904,156.60639319786446,305.8619842404685,43.5616803371546,271.3816580494409,True
./data/train/PICAI/11001/,10,0,0.5625,0.5625,3.599999957614444,19.098702082174043,46.715788113340665,281.7552832621173,126.29920575083536,240.901297917826,261.2842118866593,-20.76273711047594,181.57892490575944,120.39360680213552,19.138015759531527,233.4383196628454,53.61834195055904,156.60639319786446,305.8619842404685,43.5616803371546,271.3816580494409,True
./data/train/PICAI/11001/,11,0,0.5625,0.5625,3.599999957614444,19.098702082174043,46.715788113340665,281.7552832621173,126.29920575083536,240.901297917826,261.2842118866593,-20.76273711047594,181.57892490575944,120.39360680213552,19.138015759531527,233.4383196628454,53.61834195055904,156.60639319786446,305.8619842404685,43.5616803371546,271.3816580494409,True
