path,curFrame,Deleted,pixelSpacingX,pixelSpacingY,pixelSpacingZ,tra_UL_x,tra_UL_y,tra_LL_x,tra_LL_y,tra_LR_x,tra_LR_y,tra_UR_x,tra_UR_y,cor_UL_x,cor_UL_y,cor_LL_x,cor_LL_y,cor_LR_x,cor_LR_y,cor_UR_x,cor_UR_y,Dirty
./data/train/PICAI/11255/,11,0,0.3125,0.3125,3.3000000292136566,-3.936483310417231,255.08497985848453,535.36656748205,355.4703343975684,481.9364833104172,644.9150201415155,-57.45372322479767,545.5258603005233,186.90345586856645,170.61708544065073,429.9627695159397,214.96987621268488,331.09654413143363,748.3829145593493,89.12058092489968,703.1210848319711,True
./data/train/PICAI/11255/,10,0,0.3125,0.3125,3.3000000292136566,-3.936483310417231,255.08497985848453,535.36656748205,355.4703343975684,481.9364833104172,644.9150201415155,-57.45372322479767,545.5258603005233,186.90345586856645,170.61708544065073,429.9627695159397,214.96987621268488,331.09654413143363,748.3829145593493,89.12058092489968,703.1210848319711,True
./data/train/PICAI/11255/,12,0,0.3125,0.3125,3.3000000292136566,-3.936483310417231,255.08497985848453,535.36656748205,355.4703343975684,481.9364833104172,644.9150201415155,-57.45372322479767,545.5258603005233,186.90345586856645,170.61708544065073,429.9627695159397,214.96987621268488,331.09654413143363,748.3829145593493,89.12058092489968,703.1210848319711,True
