path,curFrame,Deleted,pixelSpacingX,pixelSpacingY,pixelSpacingZ,tra_UL_x,tra_UL_y,tra_LL_x,tra_LL_y,tra_LR_x,tra_LR_y,tra_UR_x,tra_UR_y,cor_UL_x,cor_UL_y,cor_LL_x,cor_LL_y,cor_LR_x,cor_LR_y,cor_UR_x,cor_UR_y,Dirty
./data/train/PICAI/10839/,8,0,0.5625,0.5625,3.6000000635782783,21.6701594169282,43.99162549941927,279.2650910028194,116.13628033441064,244.3298405830718,243.0083745005808,-13.265091002819446,170.8637196655894,133.75461264419764,10.664441644025374,232.04613172155345,38.58893407389425,162.24538735580236,291.3355583559746,62.88654775444263,264.3388735026214,True
./data/train/PICAI/10839/,9,0,0.5625,0.5625,3.6000000635782783,18.265186360025552,47.93759871685761,278.2210102170935,111.04837151194404,247.73481363997445,239.0624012831424,-12.221010217093578,175.95162848805597,128.86565019318934,11.247087123485642,228.0718434643464,35.72424416113677,167.13434980681066,290.7529128765143,66.893866211932,267.2402471691798,True
./data/train/PICAI/10839/,10,0,0.5625,0.5625,3.6000000635782783,18.265186360025552,47.93759871685761,278.2210102170935,111.04837151194404,247.73481363997445,239.0624012831424,-12.221010217093578,175.95162848805597,128.86565019318934,11.247087123485642,228.0718434643464,35.72424416113677,167.13434980681066,290.7529128765143,66.893866211932,267.2402471691798,True
