path,curFrame,Deleted,pixelSpacingX,pixelSpacingY,pixelSpacingZ,tra_UL_x,tra_UL_y,tra_LL_x,tra_LL_y,tra_LR_x,tra_LR_y,tra_UR_x,tra_UR_y,cor_UL_x,cor_UL_y,cor_LL_x,cor_LL_y,cor_LR_x,cor_LR_y,cor_UR_x,cor_UR_y,Dirty,h_par_cor,h_orth_cor,h_par_tra,h_orth_tra,cor_mid_x,cor_mid_y,tra_mid_x,tra_mid_y,Alpha,cor_U_mid_x,cor_U_mid_y,tra_U_mid_x,tra_U_mid_y,tra_L_mid_x,tra_L_mid_y
./data/train/PICAI/11334/,10,0,0.5625,0.5625,-1.0,128.62132014894178,25.540133393725988,262.6213201489418,276.540133393726,150,337,16,86,263,60,314,155,63,288,12,193,True,80.0,60.0,30.0,160.0,189.0,222.0,189.0,222.0,-2.059349816815942,138.0,127.0,88.0,33.0,222.0,284.0
./data/train/PICAI/11334/,11,0,0.5625,0.5625,-1.0,128.62132014894178,25.540133393725988,262.6213201489418,276.540133393726,150,337,16,86,263,60,314,155,63,288,12,193,True,80.0,60.0,30.0,160.0,189.0,222.0,189.0,222.0,-2.059349816815942,138.0,127.0,88.0,33.0,222.0,284.0
./data/train/PICAI/11334/,-1,0,-1.0,-1.0,-1.0,-1.0,-1.0,-1.0,-1.0,-1,-1,-1,-1,-1,-1,-1,-1,-1,-1,-1,-1,False,80.0,60.0,30.0,160.0,,,,,,,,,,,
./data/train/PICAI/11334/,12,0,0.5625,0.5625,-1.0,128.62132014894178,25.540133393725988,262.6213201489418,276.540133393726,150,337,16,86,263,60,314,155,63,288,12,193,True,80.0,60.0,30.0,160.0,189.0,222.0,189.0,222.0,-2.059349816815942,138.0,127.0,88.0,33.0,222.0,284.0
