path,curFrame,Deleted,pixelSpacingX,pixelSpacingY,pixelSpacingZ,tra_UL_x,tra_UL_y,tra_LL_x,tra_LL_y,tra_LR_x,tra_LR_y,tra_UR_x,tra_UR_y,cor_UL_x,cor_UL_y,cor_LL_x,cor_LL_y,cor_LR_x,cor_LR_y,cor_UR_x,cor_UR_y,Dirty,h_par_cor,h_orth_cor,h_par_tra,h_orth_tra
./data/train/PICAI/10719/,-1,0,-1.0,-1.0,-1.0,-1.0,-1.0,-1.0,-1.0,-1.0,-1.0,-1.0,-1.0,-1.0,-1.0,-1.0,-1.0,-1.0,-1.0,-1.0,-1.0,False,80.0,60.0,30.0,160.0
./data/train/PICAI/10719/,9,0,0.5625,0.5625,3.5999993437867013,28.62560137206073,75.12581841503942,288.0285129079997,113.2195119439932,269.37439862793934,241.87418158496064,9.97148709200036,203.7804880560068,116.92382066370814,35.410498043239954,232.336120275085,52.43991665967506,196.07617933629183,300.58950195676005,80.663879724915,283.560083340325,True,,,,
./data/train/PICAI/10719/,8,0,0.5625,0.5625,3.5999993437867013,28.62560137206073,75.12581841503942,288.0285129079997,113.2195119439932,269.37439862793934,241.87418158496064,9.97148709200036,203.7804880560068,116.92382066370814,35.410498043239954,232.336120275085,52.43991665967506,196.07617933629183,300.58950195676005,80.663879724915,283.560083340325,True,,,,
./data/train/PICAI/10719/,10,0,0.5625,0.5625,3.5999993437867013,28.62560137206073,75.12581841503942,288.0285129079997,113.2195119439932,269.37439862793934,241.87418158496064,9.97148709200036,203.7804880560068,116.92382066370814,35.410498043239954,232.336120275085,52.43991665967506,196.07617933629183,300.58950195676005,80.663879724915,283.560083340325,True,,,,
