path,curFrame,Deleted,pixelSpacingX,pixelSpacingY,pixelSpacingZ,tra_UL_x,tra_UL_y,tra_LL_x,tra_LL_y,tra_LR_x,tra_LR_y,tra_UR_x,tra_UR_y,cor_UL_x,cor_UL_y,cor_LL_x,cor_LL_y,cor_LR_x,cor_LR_y,cor_UR_x,cor_UR_y,Dirty,h_par_cor,h_orth_cor,h_par_tra,h_orth_tra
./data/train/PICAI/10487/,-1,0,-1.0,-1.0,-1.0,-1.0,-1.0,-1.0,-1.0,-1.0,-1.0,-1.0,-1.0,-1.0,-1.0,-1.0,-1.0,-1.0,-1.0,-1.0,-1.0,False,80.0,60.0,30.0,160.0
./data/train/PICAI/10487/,9,0,0.5625,0.5625,3.5999999576145,54.79027890800667,2.8658031944283664,278.47119483450734,142.00906695621373,196.2097210919933,274.13419680557166,-26.58120140240684,136.08998340242218,152.43460488350652,5.490194496735199,251.52845227052487,67.18629980362081,108.56539511649352,298.5098055032647,9.367019266207464,237.8082220917475,True,,,,
./data/train/PICAI/10487/,8,0,0.5625,0.5625,3.5999999576145,54.79027890800667,2.8658031944283664,278.47119483450734,142.00906695621373,196.2097210919933,274.13419680557166,-26.58120140240684,136.08998340242218,152.43460488350652,5.490194496735199,251.52845227052487,67.18629980362081,108.56539511649352,298.5098055032647,9.367019266207464,237.8082220917475,True,,,,
./data/train/PICAI/10487/,10,0,0.5625,0.5625,3.5999999576145,54.79027890800667,2.8658031944283664,278.47119483450734,142.00906695621373,196.2097210919933,274.13419680557166,-26.58120140240684,136.08998340242218,152.43460488350652,5.490194496735199,251.52845227052487,67.18629980362081,108.56539511649352,298.5098055032647,9.367019266207464,237.8082220917475,True,,,,
