path,curFrame,Deleted,pixelSpacingX,pixelSpacingY,pixelSpacingZ,tra_UL_x,tra_UL_y,tra_LL_x,tra_LL_y,tra_LR_x,tra_LR_y,tra_UR_x,tra_UR_y,cor_UL_x,cor_UL_y,cor_LL_x,cor_LL_y,cor_LR_x,cor_LR_y,cor_UR_x,cor_UR_y,Dirty
./data/train/PICAI/11472/,9,0,0.5625,0.5625,3.599999957614445,49.90584531204056,45.60621122885533,283.4826469977339,160.17879832665233,225.09415468795945,278.3937887711446,-7.415326473729976,162.89339409683194,169.43911156421703,18.06295719846761,254.71351493229307,60.11383269730432,128.56088843578297,315.9370428015324,42.28892101744711,273.8164108289516,True
./data/train/PICAI/11472/,8,0,0.5625,0.5625,3.599999957614445,49.90584531204056,45.60621122885533,283.4826469977339,160.17879832665233,225.09415468795945,278.3937887711446,-7.415326473729976,162.89339409683194,169.43911156421703,18.06295719846761,254.71351493229307,60.11383269730432,128.56088843578297,315.9370428015324,42.28892101744711,273.8164108289516,True
./data/train/PICAI/11472/,10,0,0.5625,0.5625,3.599999957614445,49.90584531204056,45.60621122885533,283.4826469977339,160.17879832665233,225.09415468795945,278.3937887711446,-7.415326473729976,162.89339409683194,169.43911156421703,18.06295719846761,254.71351493229307,60.11383269730432,128.56088843578297,315.9370428015324,42.28892101744711,273.8164108289516,True
