path,curFrame,Deleted,pixelSpacingX,pixelSpacingY,pixelSpacingZ,tra_UL_x,tra_UL_y,tra_LL_x,tra_LL_y,tra_LR_x,tra_LR_y,tra_UR_x,tra_UR_y,cor_UL_x,cor_UL_y,cor_LL_x,cor_LL_y,cor_LR_x,cor_LR_y,cor_UR_x,cor_UR_y,Dirty
./data/train/PICAI/11348/,11,0,0.5625,0.5625,3.5999999696558134,95.79027154553582,44.58726401101325,316.07402678552575,208.84336641627635,241.20972845446423,310.4127359889867,19.93570514573267,146.01746048276357,219.56647867948968,46.186318585548605,310.08767003306167,113.43893129263994,154.43352132051032,322.8136814144513,64.05150306789845,254.5708006386185,True
./data/train/PICAI/11348/,12,0,0.5625,0.5625,3.5999999696558134,95.79027154553582,44.58726401101325,316.07402678552575,208.84336641627635,241.20972845446423,310.4127359889867,19.93570514573267,146.01746048276357,219.56647867948968,46.186318585548605,310.08767003306167,113.43893129263994,154.43352132051032,322.8136814144513,64.05150306789845,254.5708006386185,True
./data/train/PICAI/11348/,13,0,0.5625,0.5625,3.5999999696558134,95.79027154553582,44.58726401101325,316.07402678552575,208.84336641627635,241.20972845446423,310.4127359889867,19.93570514573267,146.01746048276357,219.56647867948968,46.186318585548605,310.08767003306167,113.43893129263994,154.43352132051032,322.8136814144513,64.05150306789845,254.5708006386185,True
