path,curFrame,Deleted,pixelSpacingX,pixelSpacingY,pixelSpacingZ,tra_UL_x,tra_UL_y,tra_LL_x,tra_LL_y,tra_LR_x,tra_LR_y,tra_UR_x,tra_UR_y,cor_UL_x,cor_UL_y,cor_LL_x,cor_LL_y,cor_LR_x,cor_LR_y,cor_UR_x,cor_UR_y,Dirty
./data/train/PICAI/10301/,9,0,0.5625,0.5625,4.000404550206146,52.8354115914568,45.07438897405476,292.740861695174,199.69125419429164,214.1645884085432,320.9256110259452,-23.77760732827869,166.69036379646144,157.2015738278568,48.50085459301354,262.1023043250882,116.7711756787329,124.7984261721432,330.4991454069865,19.7068866795352,263.2104515047147,True
./data/train/PICAI/10301/,8,0,0.5625,0.5625,4.000404550206146,52.8354115914568,45.07438897405476,292.740861695174,199.69125419429164,214.1645884085432,320.9256110259452,-23.77760732827869,166.69036379646144,157.2015738278568,48.50085459301354,262.1023043250882,116.7711756787329,124.7984261721432,330.4991454069865,19.7068866795352,263.2104515047147,True
./data/train/PICAI/10301/,10,0,0.5625,0.5625,4.000404550206146,52.8354115914568,45.07438897405476,292.740861695174,199.69125419429164,214.1645884085432,320.9256110259452,-23.77760732827869,166.69036379646144,157.2015738278568,48.50085459301354,262.1023043250882,116.7711756787329,124.7984261721432,330.4991454069865,19.7068866795352,263.2104515047147,True
