path,curFrame,Deleted,pixelSpacingX,pixelSpacingY,pixelSpacingZ,tra_UL_x,tra_UL_y,tra_LL_x,tra_LL_y,tra_LR_x,tra_LR_y,tra_UR_x,tra_UR_y,cor_UL_x,cor_UL_y,cor_LL_x,cor_LL_y,cor_LR_x,cor_LR_y,cor_UR_x,cor_UR_y,Dirty
./data/train/PICAI/10394/,9,0,0.5625,0.5625,3.599999957614445,18.111120383151416,24.224800409198025,268.9534874427508,94.35401606100233,233.8888796168486,219.775199590802,-15.957292744658986,149.7331396817453,118.05639846463092,-6.136923792372755,224.9856614444257,22.290751430865186,154.94360153536906,272.1369237923727,49.18484473916135,241.80401491569896,True
./data/train/PICAI/10394/,8,0,0.5625,0.5625,3.599999957614445,16.4211398593434,26.12261262281692,268.44922598614045,91.86334431378458,235.57886014065664,217.87738737718308,-15.451661935880594,152.20641215995954,115.63093337002051,-5.793847334791792,223.040041847203,20.763325258254586,157.36906662997947,271.79384733479174,51.09703515054507,243.31130311496992,True
./data/train/PICAI/10394/,10,0,0.5625,0.5625,3.599999957614445,10.0,34.0,266.0,82.0,242.0,210.0,-13.0,162.0,106.0,-4.0,215.0,15.0,167.0,270.0,59.0,249.0,True
