path,curFrame,Deleted,pixelSpacingX,pixelSpacingY,pixelSpacingZ,tra_UL_x,tra_UL_y,tra_LL_x,tra_LL_y,tra_LR_x,tra_LR_y,tra_UR_x,tra_UR_y,cor_UL_x,cor_UL_y,cor_LL_x,cor_LL_y,cor_LR_x,cor_LR_y,cor_UR_x,cor_UR_y,Dirty
./data/train/PICAI/10738/,8,0,0.5625,0.5625,3.6000000635782774,14.96174865013262,55.74221001339269,262.41723442958585,141.63622934916958,218.03825134986732,270.2577899866073,-28.42103973149412,184.45092639357807,106.32672999664968,30.44748652754945,224.24084922859123,70.34975579994486,139.77880330464438,312.9114238316871,22.9544902449902,272.0813457236662,True
./data/train/PICAI/10738/,9,0,0.5625,0.5625,3.6000000635782774,14.96174865013262,55.74221001339269,262.41723442958585,141.63622934916958,218.03825134986732,270.2577899866073,-28.42103973149412,184.45092639357807,106.32672999664968,30.44748652754945,224.24084922859123,70.34975579994486,139.77880330464438,312.9114238316871,22.9544902449902,272.0813457236662,True
./data/train/PICAI/10738/,10,0,0.5625,0.5625,3.6000000635782774,14.96174865013262,55.74221001339269,262.41723442958585,141.63622934916958,218.03825134986732,270.2577899866073,-28.42103973149412,184.45092639357807,106.32672999664968,30.44748652754945,224.24084922859123,70.34975579994486,139.77880330464438,312.9114238316871,22.9544902449902,272.0813457236662,True
