path,curFrame,Deleted,pixelSpacingX,pixelSpacingY,pixelSpacingZ,tra_UL_x,tra_UL_y,tra_LL_x,tra_LL_y,tra_LR_x,tra_LR_y,tra_UR_x,tra_UR_y,cor_UL_x,cor_UL_y,cor_LL_x,cor_LL_y,cor_LR_x,cor_LR_y,cor_UR_x,cor_UR_y,Dirty
./data/train/PICAI/10881/,8,0,0.5625,0.5625,3.5999999576145,21.765629544955274,48.107456931974426,287.8593702974427,100.2526497338821,260.2343704550447,241.8925430680256,-5.859370297442638,189.7473502661179,117.4785682802574,11.76811091525235,242.93104523335583,36.23596791851909,192.52143171974265,297.2318890847479,66.07032523188954,272.8163680377239,True
./data/train/PICAI/10881/,9,0,0.5625,0.5625,3.5999999576145,21.765629544955274,48.107456931974426,287.8593702974427,100.2526497338821,260.2343704550447,241.8925430680256,-5.859370297442638,189.7473502661179,113.4785682802574,11.76811091525235,238.93104523335583,36.23596791851909,188.52143171974265,297.2318890847479,62.07032523188954,272.8163680377239,True
./data/train/PICAI/10881/,10,0,0.5625,0.5625,3.5999999576145,34.462615066024895,34.29866481640779,292.21803301724657,118.48384472826116,247.5373849339751,255.70133518359216,-10.218033017246512,171.51615527173885,127.1528889482314,8.259300525131579,248.6883804943817,47.83358882745766,166.8471110517686,300.74069947486856,44.314055455358414,261.09665469879826,True
