path,curFrame,Deleted,pixelSpacingX,pixelSpacingY,pixelSpacingZ,tra_UL_x,tra_UL_y,tra_LL_x,tra_LL_y,tra_LR_x,tra_LR_y,tra_UR_x,tra_UR_y,cor_UL_x,cor_UL_y,cor_LL_x,cor_LL_y,cor_LR_x,cor_LR_y,cor_UR_x,cor_UR_y,Dirty
./data/train/PICAI/10872/,9,0,0.5625,0.5625,3.6,66.31508206759109,14.11435411193824,300.527435102413,157.95306130124817,218.68491793240892,292.8856458880618,-15.527435102412994,149.04693869875183,167.36687896771556,17.564081709665174,274.05600483995875,83.17986045698058,130.63312103228444,315.4359182903347,24.922142760775003,250.0280512338372,True
./data/train/PICAI/10872/,8,0,0.5625,0.5625,3.6,66.31508206759109,14.11435411193824,300.527435102413,157.95306130124817,218.68491793240892,292.8856458880618,-15.527435102412994,149.04693869875183,167.36687896771556,17.564081709665174,274.05600483995875,83.17986045698058,130.63312103228444,315.4359182903347,24.922142760775003,250.0280512338372,True
./data/train/PICAI/10872/,10,0,0.5625,0.5625,3.6,66.31508206759109,14.11435411193824,300.527435102413,157.95306130124817,218.68491793240892,292.8856458880618,-15.527435102412994,149.04693869875183,167.36687896771556,17.564081709665174,274.05600483995875,83.17986045698058,130.63312103228444,315.4359182903347,24.922142760775003,250.0280512338372,True
