path,curFrame,Deleted,pixelSpacingX,pixelSpacingY,pixelSpacingZ,tra_UL_x,tra_UL_y,tra_LL_x,tra_LL_y,tra_LR_x,tra_LR_y,tra_UR_x,tra_UR_y,cor_UL_x,cor_UL_y,cor_LL_x,cor_LL_y,cor_LR_x,cor_LR_y,cor_UR_x,cor_UR_y,Dirty
./data/train/PICAI/10013/,12,0,0.5625,0.5625,3.6000000489852715,24.0,17.0,268.0,120.0,215.0,247.0,-28.0,144.0,125.0,2.0,229.0,46.0,129.0,284.0,25.0,240.0,True
./data/train/PICAI/10013/,11,0,0.5625,0.5625,3.6000000489852715,20.04473389888875,20.40295682789284,267.4907438519057,114.82473481544946,218.95526610111125,243.5970431721072,-27.49135302488662,149.14036568784806,120.08038931090915,2.155692383712505,225.5526131758052,42.4993411154926,133.9196106890908,283.84430761628744,28.44738682419484,243.5006588845074,True
./data/train/PICAI/10013/,13,0,0.5625,0.5625,3.6000000489852715,24.0,17.0,268.0,120.0,215.0,247.0,-28.0,144.0,125.0,2.0,229.0,46.0,129.0,284.0,25.0,240.0,True
