path,curFrame,Deleted,pixelSpacingX,pixelSpacingY,pixelSpacingZ,tra_UL_x,tra_UL_y,tra_LL_x,tra_LL_y,tra_LR_x,tra_LR_y,tra_UR_x,tra_UR_y,cor_UL_x,cor_UL_y,cor_LL_x,cor_LL_y,cor_LR_x,cor_LR_y,cor_UR_x,cor_UR_y,Dirty,h_par_cor,h_orth_cor,h_par_tra,h_orth_tra
./data/train/PICAI/10981/,14,0,0.392857134342,0.392857134342,3.29999999999999,-48.287104315402274,280.55775502546845,347.550935321215,187.40601657341384,393.2871043154023,383.4422449745316,-2.5509353212150074,476.5939834265862,70.88599267185802,137.64505967979304,221.1572012144027,103.02477829498804,319.11400732814195,520.3549403202071,168.84279878559727,554.975221705012,True,,,,
./data/train/PICAI/10981/,15,0,0.392857134342,0.392857134342,3.29999999999999,-48.287104315402274,280.55775502546845,347.550935321215,187.40601657341384,393.2871043154023,383.4422449745316,-2.5509353212150074,476.5939834265862,70.88599267185802,137.64505967979304,221.1572012144027,103.02477829498804,319.11400732814195,520.3549403202071,168.84279878559727,554.975221705012,True,,,,
./data/train/PICAI/10981/,-1,0,-1.0,-1.0,-1.0,-1.0,-1.0,-1.0,-1.0,-1.0,-1.0,-1.0,-1.0,-1.0,-1.0,-1.0,-1.0,-1.0,-1.0,-1.0,-1.0,False,80.0,60.0,30.0,160.0
./data/train/PICAI/10981/,16,0,0.392857134342,0.392857134342,3.29999999999999,-48.287104315402274,280.55775502546845,347.550935321215,187.40601657341384,393.2871043154023,383.4422449745316,-2.5509353212150074,476.5939834265862,70.88599267185802,137.64505967979304,221.1572012144027,103.02477829498804,319.11400732814195,520.3549403202071,168.84279878559727,554.975221705012,True,,,,
