path,curFrame,Deleted,pixelSpacingX,pixelSpacingY,pixelSpacingZ,tra_UL_x,tra_UL_y,tra_LL_x,tra_LL_y,tra_LR_x,tra_LR_y,tra_UR_x,tra_UR_y,cor_UL_x,cor_UL_y,cor_LL_x,cor_LL_y,cor_LR_x,cor_LR_y,cor_UR_x,cor_UR_y,Dirty
./data/train/PICAI/10302/,9,0,0.5625,0.5625,3.600000078134606,33.94633766750937,78.9185260179479,277.6331759783186,186.81998492412544,222.05366233249063,311.0814739820521,-20.63454644356409,203.2323510321175,141.77668613043616,51.02033824209545,244.53934902994865,96.46079503778752,133.22331386956384,347.9796617579046,30.460650970051347,302.53920496221247,True
./data/train/PICAI/10302/,8,0,0.5625,0.5625,3.600000078134606,33.94633766750937,78.9185260179479,277.6331759783186,186.81998492412544,222.05366233249063,311.0814739820521,-20.63454644356409,203.2323510321175,141.77668613043616,51.02033824209545,244.53934902994865,96.46079503778752,133.22331386956384,347.9796617579046,30.460650970051347,302.53920496221247,True
./data/train/PICAI/10302/,10,0,0.5625,0.5625,3.600000078134606,33.94633766750937,78.9185260179479,277.6331759783186,186.81998492412544,222.05366233249063,311.0814739820521,-20.63454644356409,203.2323510321175,141.77668613043616,51.02033824209545,244.53934902994865,96.46079503778752,133.22331386956384,347.9796617579046,30.460650970051347,302.53920496221247,True
