path,curFrame,Deleted,pixelSpacingX,pixelSpacingY,pixelSpacingZ,tra_UL_x,tra_UL_y,tra_LL_x,tra_LL_y,tra_LR_x,tra_LR_y,tra_UR_x,tra_UR_y,cor_UL_x,cor_UL_y,cor_LL_x,cor_LL_y,cor_LR_x,cor_LR_y,cor_UR_x,cor_UR_y,Dirty,h_par_cor,h_orth_cor,h_par_tra,h_orth_tra
./data/train/PICAI/10321/,15,0,0.392857134342,0.392857134342,3.299999999999983,5.889848129829005,255.2798077019497,458.77282645727314,266.8127145889313,454.11015187017097,470.7201922980503,1.0535253650598122,458.2024776580564,177.19452466034323,158.8814395369693,360.8849027762172,164.06265441837354,350.8054753396568,579.1185604630308,167.28874540144972,574.9221533346388,True,,,,
./data/train/PICAI/10321/,16,0,0.392857134342,0.392857134342,3.299999999999983,5.889848129829005,255.2798077019497,458.77282645727314,266.8127145889313,454.11015187017097,470.7201922980503,1.0535253650598122,458.2024776580564,177.19452466034323,158.8814395369693,360.8849027762172,164.06265441837354,350.8054753396568,579.1185604630308,167.28874540144972,574.9221533346388,True,,,,
./data/train/PICAI/10321/,-1,0,-1.0,-1.0,-1.0,-1.0,-1.0,-1.0,-1.0,-1.0,-1.0,-1.0,-1.0,-1.0,-1.0,-1.0,-1.0,-1.0,-1.0,-1.0,-1.0,False,80.0,60.0,30.0,160.0
./data/train/PICAI/10321/,17,0,0.392857134342,0.392857134342,3.299999999999983,5.889848129829005,255.2798077019497,458.77282645727314,266.8127145889313,454.11015187017097,470.7201922980503,1.0535253650598122,458.2024776580564,177.19452466034323,158.8814395369693,360.8849027762172,164.06265441837354,350.8054753396568,579.1185604630308,167.28874540144972,574.9221533346388,True,,,,
