path,curFrame,Deleted,pixelSpacingX,pixelSpacingY,pixelSpacingZ,tra_UL_x,tra_UL_y,tra_LL_x,tra_LL_y,tra_LR_x,tra_LR_y,tra_UR_x,tra_UR_y,cor_UL_x,cor_UL_y,cor_LL_x,cor_LL_y,cor_LR_x,cor_LR_y,cor_UR_x,cor_UR_y,Dirty
./data/train/PICAI/10497/,8,0,0.5625,0.5625,3.600000169542111,29.05883319584497,39.210705009538586,268.8587114997344,143.9055872409062,216.9411668041551,261.78929499046137,-20.85992984569621,157.02461376568877,121.02377585498908,13.912309666266369,225.70600587308104,60.28720285686346,120.9762241450109,299.08769033373363,16.293994126919003,252.71279714313656,True
./data/train/PICAI/10497/,9,0,0.5625,0.5625,3.600000169542111,32.99999999999996,35.99999999999996,269.0000000000001,149.0,213.0000000000001,265.0,-21.00000000000012,152.0,126.0,14.000000000000028,229.00000000000003,63.99999999999994,116.0,299.0,13.0,249.00000000000009,True
./data/train/PICAI/10497/,10,0,0.5625,0.5625,3.600000169542111,43.32180971634975,28.59169022120588,268.5751595355164,161.7304463940205,202.67819028365028,272.4083097787941,-20.58277013933292,139.4438650914748,138.40066683199998,14.97803423566458,236.6509335980669,73.76481064326059,103.599333168,298.02196576433545,5.349066401933115,239.2351893567394,True
