path,curFrame,Deleted,pixelSpacingX,pixelSpacingY,pixelSpacingZ,tra_UL_x,tra_UL_y,tra_LL_x,tra_LL_y,tra_LR_x,tra_LR_y,tra_UR_x,tra_UR_y,cor_UL_x,cor_UL_y,cor_LL_x,cor_LL_y,cor_LR_x,cor_LR_y,cor_UR_x,cor_UR_y,Dirty
./data/train/PICAI/10266/,11,0,0.3125,0.3125,3.3000000173395,14.938260483015256,247.7692023338665,545.712091694986,283.8820823154814,526.0617395169847,579.2307976661335,-5.709655745245755,543.0481612107745,196.70609418298903,123.69129575893652,424.1506976422289,139.59577177259712,386.29390581701097,695.3087042410634,158.84930235777102,679.4042282274029,True
./data/train/PICAI/10266/,12,0,0.3125,0.3125,3.3000000173395,14.938260483015256,247.7692023338665,545.712091694986,283.8820823154814,526.0617395169847,579.2307976661335,-5.709655745245755,543.0481612107745,196.70609418298903,123.69129575893652,424.1506976422289,139.59577177259712,386.29390581701097,695.3087042410634,158.84930235777102,679.4042282274029,True
./data/train/PICAI/10266/,13,0,0.3125,0.3125,3.3000000173395,14.938260483015256,247.7692023338665,545.712091694986,283.8820823154814,526.0617395169847,579.2307976661335,-5.709655745245755,543.0481612107745,196.70609418298903,123.69129575893652,424.1506976422289,139.59577177259712,386.29390581701097,695.3087042410634,158.84930235777102,679.4042282274029,True
