path,curFrame,Deleted,pixelSpacingX,pixelSpacingY,pixelSpacingZ,tra_UL_x,tra_UL_y,tra_LL_x,tra_LL_y,tra_LR_x,tra_LR_y,tra_UR_x,tra_UR_y,cor_UL_x,cor_UL_y,cor_LL_x,cor_LL_y,cor_LR_x,cor_LR_y,cor_UR_x,cor_UR_y,Dirty
./data/train/PICAI/10072/,9,0,0.5625,0.5625,3.5999999576145,67.67235752779625,25.65905978588819,268.2204402210195,188.75861995719012,178.32764247220376,298.3409402141118,-20.14089508208825,134.41949683021338,158.98164577570668,32.575194268863186,249.7730967265129,107.774346087533,88.01835422429333,304.4248057311368,-3.8564471673523286,230.1346928678111,True
./data/train/PICAI/10072/,10,0,0.5625,0.5625,3.5999999576145,70.06026169838827,24.714224667823373,267.7313201333891,191.28899063550088,175.93973830161175,299.2857753321766,-19.63774787938482,131.92554439566615,161.34845670372442,33.21513637828397,250.81367351551413,109.98736430492067,85.65154329627558,303.784863621716,-4.912723874150117,227.90262912717995,True
./data/train/PICAI/10072/,11,0,0.5625,0.5625,3.5999999576145,70.06026169838827,24.714224667823373,267.7313201333891,191.28899063550088,175.93973830161175,299.2857753321766,-19.63774787938482,131.92554439566615,163.34845670372442,33.21513637828397,252.81367351551413,109.98736430492067,87.65154329627558,303.784863621716,-2.9127238741501174,227.90262912717995,True
