path,curFrame,Deleted,pixelSpacingX,pixelSpacingY,pixelSpacingZ,tra_UL_x,tra_UL_y,tra_LL_x,tra_LL_y,tra_LR_x,tra_LR_y,tra_UR_x,tra_UR_y,cor_UL_x,cor_UL_y,cor_LL_x,cor_LL_y,cor_LR_x,cor_LR_y,cor_UR_x,cor_UR_y,Dirty
./data/train/PICAI/11267/,9,0,0.5625,0.5625,3.5999999576145,58.48549840007556,29.41962953624099,297.57507408487976,164.9968208290991,226.5145015999244,291.58037046375904,-12.575074084879844,156.0031791709009,159.95819849349817,20.296433533855293,274.433840049667,85.16034869709186,142.04180150650183,317.7035664661446,28.377319525678217,253.9981072335873,True
./data/train/PICAI/11267/,8,0,0.5625,0.5625,3.5999999576145,58.48549840007556,29.41962953624099,297.57507408487976,164.9968208290991,226.5145015999244,291.58037046375904,-12.575074084879844,156.0031791709009,159.95819849349817,20.296433533855293,274.433840049667,85.16034869709186,142.04180150650183,317.7035664661446,28.377319525678217,253.9981072335873,True
./data/train/PICAI/11267/,10,0,0.5625,0.5625,3.5999999576145,58.48549840007556,29.41962953624099,297.57507408487976,164.9968208290991,226.5145015999244,291.58037046375904,-12.575074084879844,156.0031791709009,159.95819849349817,20.296433533855293,274.433840049667,85.16034869709186,142.04180150650183,317.7035664661446,28.377319525678217,253.9981072335873,True
