path,curFrame,Deleted,pixelSpacingX,pixelSpacingY,pixelSpacingZ,tra_UL_x,tra_UL_y,tra_LL_x,tra_LL_y,tra_LR_x,tra_LR_y,tra_UR_x,tra_UR_y,cor_UL_x,cor_UL_y,cor_LL_x,cor_LL_y,cor_LR_x,cor_LR_y,cor_UR_x,cor_UR_y,Dirty
./data/train/PICAI/10428/,10,0,0.5625,0.5625,3.6000000635783334,31.732831778182643,45.081502830183794,279.99800808321976,156.14185684649732,226.26716822181737,276.9184971698162,-21.998008083219705,165.8581431535027,148.52777824478434,27.066704238722394,244.1006023596992,70.56193720395162,134.47222175521566,313.93329576127763,38.89939764030088,270.4380627960484,True
./data/train/PICAI/10428/,9,0,0.5625,0.5625,3.6000000635783334,31.732831778182643,45.081502830183794,279.99800808321976,156.14185684649732,226.26716822181737,276.9184971698162,-21.998008083219705,165.8581431535027,148.52777824478434,27.066704238722394,244.1006023596992,70.56193720395162,134.47222175521566,313.93329576127763,38.89939764030088,270.4380627960484,True
./data/train/PICAI/10428/,11,0,0.5625,0.5625,3.6000000635783334,31.732831778182643,45.081502830183794,279.99800808321976,156.14185684649732,226.26716822181737,276.9184971698162,-21.998008083219705,165.8581431535027,148.52777824478434,27.066704238722394,244.1006023596992,70.56193720395162,134.47222175521566,313.93329576127763,38.89939764030088,270.4380627960484,True
