path,curFrame,Deleted,pixelSpacingX,pixelSpacingY,pixelSpacingZ,tra_UL_x,tra_UL_y,tra_LL_x,tra_LL_y,tra_LR_x,tra_LR_y,tra_UR_x,tra_UR_y,cor_UL_x,cor_UL_y,cor_LL_x,cor_LL_y,cor_LR_x,cor_LR_y,cor_UR_x,cor_UR_y,Dirty
./data/train/PICAI/10159/,11,0,0.5625,0.5625,3.60000004768375,50.78037971780398,29.13582768351283,292.3596867722825,151.05563084558338,226.219620282196,282.8641723164872,-14.365164876914209,161.04889761768428,151.16736114544076,18.589508791706464,261.9326486243838,74.47377392695832,143.83263885455924,308.41049120829354,33.067351375616255,252.52622607304164,True
./data/train/PICAI/10159/,10,0,0.5625,0.5625,3.60000004768375,50.78037971780398,29.13582768351283,292.3596867722825,151.05563084558338,226.219620282196,282.8641723164872,-14.365164876914209,161.04889761768428,151.16736114544076,18.589508791706464,261.9326486243838,74.47377392695832,143.83263885455924,308.41049120829354,33.067351375616255,252.52622607304164,True
./data/train/PICAI/10159/,12,0,0.5625,0.5625,3.60000004768375,50.78037971780398,29.13582768351283,292.3596867722825,151.05563084558338,226.219620282196,282.8641723164872,-14.365164876914209,161.04889761768428,151.16736114544076,18.589508791706464,261.9326486243838,74.47377392695832,143.83263885455924,308.41049120829354,33.067351375616255,252.52622607304164,True
