path,curFrame,Deleted,pixelSpacingX,pixelSpacingY,pixelSpacingZ,tra_UL_x,tra_UL_y,tra_LL_x,tra_LL_y,tra_LR_x,tra_LR_y,tra_UR_x,tra_UR_y,cor_UL_x,cor_UL_y,cor_LL_x,cor_LL_y,cor_LR_x,cor_LR_y,cor_UR_x,cor_UR_y,Dirty
./data/train/PICAI/11230/,8,0,0.5625,0.5625,3.5999999576145,-1.3584079376788338,57.596938109944205,289.6293098663951,109.47321483810532,265.35840793767886,245.4030618900558,-24.59501954267349,194.49127649221128,118.05584575488204,25.7495930006358,212.69657342872705,42.45685685098272,165.94415424511794,308.25040699936415,71.30342657127291,291.5431431490173,True
./data/train/PICAI/11230/,9,0,0.5625,0.5625,3.5999999576145,19.009310529094805,33.876217996148924,294.7523041285956,140.32245550967417,244.99068947090527,269.1237820038511,-29.921050253040704,163.8216672959612,145.4476155644052,23.77600079972584,235.1616302795435,58.23460732541045,138.5523844355948,310.2239992002742,48.838369720456456,275.76539267458963,True
./data/train/PICAI/11230/,10,0,0.5625,0.5625,3.5999999576145,-1.3584079376788338,57.596938109944205,289.6293098663951,109.47321483810532,265.35840793767886,245.4030618900558,-24.59501954267349,194.49127649221128,118.05584575488204,25.7495930006358,212.69657342872705,42.45685685098272,165.94415424511794,308.25040699936415,71.30342657127291,291.5431431490173,True
