path,curFrame,Deleted,pixelSpacingX,pixelSpacingY,pixelSpacingZ,tra_UL_x,tra_UL_y,tra_LL_x,tra_LL_y,tra_LR_x,tra_LR_y,tra_UR_x,tra_UR_y,cor_UL_x,cor_UL_y,cor_LL_x,cor_LL_y,cor_LR_x,cor_LR_y,cor_UR_x,cor_UR_y,Dirty
./data/train/PICAI/10658/,9,0,0.5625,0.5625,3.599999957614445,10.509165956138844,75.60187501947614,275.1358289497509,133.2016079430349,244.4908340438612,270.39812498052385,-18.14070084923118,212.93790500445337,119.6021450074989,38.030543505977846,221.30489507809887,60.17892105552011,166.3978549925011,314.9694564940221,64.69510492190108,292.82107894447984,True
./data/train/PICAI/10658/,10,0,0.5625,0.5625,3.599999957614445,10.509165956138844,75.60187501947614,275.1358289497509,133.2016079430349,244.4908340438612,270.39812498052385,-18.14070084923118,212.93790500445337,119.6021450074989,38.030543505977846,221.30489507809887,60.17892105552011,166.3978549925011,314.9694564940221,64.69510492190108,292.82107894447984,True
./data/train/PICAI/10658/,11,0,0.5625,0.5625,3.599999957614445,10.509165956138844,75.60187501947614,275.1358289497509,133.2016079430349,244.4908340438612,270.39812498052385,-18.14070084923118,212.93790500445337,119.6021450074989,38.030543505977846,221.30489507809887,60.17892105552011,166.3978549925011,314.9694564940221,64.69510492190108,292.82107894447984,True
