path,curFrame,Deleted,pixelSpacingX,pixelSpacingY,pixelSpacingZ,tra_UL_x,tra_UL_y,tra_LL_x,tra_LL_y,tra_LR_x,tra_LR_y,tra_UR_x,tra_UR_y,cor_UL_x,cor_UL_y,cor_LL_x,cor_LL_y,cor_LR_x,cor_LR_y,cor_UR_x,cor_UR_y,Dirty
./data/train/PICAI/11047/,8,0,0.5625,0.5625,3.6000000635782783,43.759746555970224,38.61066855249112,286.5933951696606,148.5962089701424,230.2402534440298,273.38933144750894,-11.598873274292174,163.5083194931252,140.99117284669583,21.95138180283712,253.2736245373454,72.96756592451517,146.00882715330417,309.04861819716285,34.72089735802294,258.13696253875247,True
./data/train/PICAI/11047/,7,0,0.5625,0.5625,3.6000000635782783,43.759746555970224,38.61066855249112,286.5933951696606,148.5962089701424,230.2402534440298,273.38933144750894,-11.598873274292174,163.5083194931252,140.99117284669583,21.95138180283712,253.2736245373454,72.96756592451517,146.00882715330417,309.04861819716285,34.72089735802294,258.13696253875247,True
./data/train/PICAI/11047/,9,0,0.5625,0.5625,3.6000000635782783,43.759746555970224,38.61066855249112,286.5933951696606,148.5962089701424,230.2402534440298,273.38933144750894,-11.598873274292174,163.5083194931252,140.99117284669583,21.95138180283712,253.2736245373454,72.96756592451517,146.00882715330417,309.04861819716285,34.72089735802294,258.13696253875247,True
