path,curFrame,Deleted,pixelSpacingX,pixelSpacingY,pixelSpacingZ,tra_UL_x,tra_UL_y,tra_LL_x,tra_LL_y,tra_LR_x,tra_LR_y,tra_UR_x,tra_UR_y,cor_UL_x,cor_UL_y,cor_LL_x,cor_LL_y,cor_LR_x,cor_LR_y,cor_UR_x,cor_UR_y,Dirty
./data/train/PICAI/10982/,7,0,0.5625,0.5625,3.6000000635782774,74.75420936393417,29.7708092355589,297.4526963365977,168.94833579817077,227.2457906360658,281.22919076444106,4.425434319997237,143.0442103534706,181.50073543600985,22.86550489578292,274.27868399526915,79.59514671675207,133.49926456399015,307.1344951042171,40.84318534813599,249.4123071316066,True
./data/train/PICAI/10982/,8,0,0.5625,0.5625,3.6000000635782774,72.57154502890103,31.12063092760799,297.66509670384085,166.39033557118788,229.4284549710989,279.879369072392,4.230374832891641,145.60418632418043,181.016491030436,22.468282078208148,274.7703778248506,77.57008523327823,137.98350896956407,307.5317179217918,44.33415063841703,251.43539287135343,True
./data/train/PICAI/10982/,9,0,0.5625,0.5625,3.6000000635782774,92.99434951703591,20.383033959283186,294.1557821674544,189.19973341176976,209.00565048296409,290.6169660407168,7.585398787443012,122.7661924145193,201.048460365642,27.589004807540448,285.0282601386463,96.67875245569812,113.95153963435806,302.4109951924596,30.23055890645621,232.3553217180128,True
