path,curFrame,Deleted,pixelSpacingX,pixelSpacingY,pixelSpacingZ,tra_UL_x,tra_UL_y,tra_LL_x,tra_LL_y,tra_LR_x,tra_LR_y,tra_UR_x,tra_UR_y,cor_UL_x,cor_UL_y,cor_LL_x,cor_LL_y,cor_LR_x,cor_LR_y,cor_UR_x,cor_UR_y,Dirty
./data/train/PICAI/11037/,8,0,0.5625,0.5625,3.599999851650667,122.12006748290884,-14.258872972687158,283.5226962381223,226.46127871991,166.87993251709116,304.2588729726871,6.416996382663683,63.88074142341576,229.97946185238845,38.566232101125706,288.6480857329992,125.89888677253391,55.02053814761159,282.4337678988743,-3.648085732999334,195.1011132274661,True
./data/train/PICAI/11037/,9,0,0.5625,0.5625,3.599999851650667,122.12006748290884,-14.258872972687186,283.5226962381223,226.46127871991,166.87993251709116,304.2588729726872,6.416996382663655,63.880741423415714,233.97946185238845,38.56623210112572,292.6480857329992,125.89888677253391,59.020538147611575,282.43376789887424,0.3519142670006374,195.1011132274661,True
./data/train/PICAI/11037/,10,0,0.5625,0.5625,3.599999851650667,89.49734114634073,-6.125634883787967,297.42146896769714,195.776710495676,199.50265885365928,296.1256348837879,-7.431200898955495,94.36246260528414,216.71636987276304,23.042774655725708,292.2604234562726,96.2691084993086,96.28363012723696,297.9572253442742,20.739576543727424,224.73089150069143,True
