path,curFrame,Deleted,pixelSpacingX,pixelSpacingY,pixelSpacingZ,tra_UL_x,tra_UL_y,tra_LL_x,tra_LL_y,tra_LR_x,tra_LR_y,tra_UR_x,tra_UR_y,cor_UL_x,cor_UL_y,cor_LL_x,cor_LL_y,cor_LR_x,cor_LR_y,cor_UR_x,cor_UR_y,Dirty
./data/train/PICAI/10610/,8,0,0.5625,0.5625,4.000404458296921,43.78879938078968,58.20964946114656,283.5942356364609,162.600035714993,225.2112006192104,297.7903505388535,-13.603967567719309,193.53913738596705,138.78252106946226,47.09676846924785,250.190345881504,95.0685994813057,146.21747893053774,331.9032315307521,35.7999221872376,284.07057361965434,True
./data/train/PICAI/10610/,9,0,0.5625,0.5625,4.000404458296921,43.78879938078968,58.20964946114656,283.5942356364609,162.600035714993,225.2112006192104,297.7903505388535,-13.603967567719309,193.53913738596705,138.78252106946226,47.09676846924785,250.190345881504,95.0685994813057,146.21747893053774,331.9032315307521,35.7999221872376,284.07057361965434,True
./data/train/PICAI/10610/,10,0,0.5625,0.5625,4.000404458296921,43.78879938078968,58.20964946114656,283.5942356364609,162.600035714993,225.2112006192104,297.7903505388535,-13.603967567719309,193.53913738596705,138.78252106946226,47.09676846924785,250.190345881504,95.0685994813057,146.21747893053774,331.9032315307521,35.7999221872376,284.07057361965434,True
