path,curFrame,Deleted,pixelSpacingX,pixelSpacingY,pixelSpacingZ,tra_UL_x,tra_UL_y,tra_LL_x,tra_LL_y,tra_LR_x,tra_LR_y,tra_UR_x,tra_UR_y,cor_UL_x,cor_UL_y,cor_LL_x,cor_LL_y,cor_LR_x,cor_LR_y,cor_UR_x,cor_UR_y,Dirty
./data/train/PICAI/11407/,8,0,0.5625,0.5625,3.5999999555475464,17.894224205194504,55.5789318468528,281.26464783907073,95.05069333418211,261.1057757948055,232.42106815314716,-1.2830206556230337,192.7584976704413,126.52915065912715,12.70432146638356,232.5426200208968,28.7711915374684,192.4708493408728,294.2956785336164,87.43900716255085,278.0379994671551,True
./data/train/PICAI/11407/,9,0,0.5625,0.5625,3.5999999555475464,17.894224205194504,55.5789318468528,281.26464783907073,95.05069333418211,261.1057757948055,232.42106815314716,-1.2830206556230337,192.7584976704413,126.52915065912715,12.70432146638356,232.5426200208968,28.7711915374684,192.4708493408728,294.2956785336164,87.43900716255085,278.0379994671551,True
./data/train/PICAI/11407/,10,0,0.5625,0.5625,3.5999999555475464,17.894224205194504,55.5789318468528,281.26464783907073,95.05069333418211,261.1057757948055,232.42106815314716,-1.2830206556230337,192.7584976704413,126.52915065912715,12.70432146638356,232.5426200208968,28.7711915374684,192.4708493408728,294.2956785336164,87.43900716255085,278.0379994671551,True
