path,curFrame,Deleted,pixelSpacingX,pixelSpacingY,pixelSpacingZ,tra_UL_x,tra_UL_y,tra_LL_x,tra_LL_y,tra_LR_x,tra_LR_y,tra_UR_x,tra_UR_y,cor_UL_x,cor_UL_y,cor_LL_x,cor_LL_y,cor_LR_x,cor_LR_y,cor_UR_x,cor_UR_y,Dirty
./data/train/PICAI/10271/,9,0,0.5625,0.5625,3.6000000635782783,7.960541408385339,59.33728749407648,268.4829626540514,96.99453152886618,250.03945859161465,226.66271250592345,-10.690874344869345,188.0273208704,117.37258405846929,10.113966895432585,215.40930841451708,24.035198074330367,176.62741594153076,288.8860331045674,79.56883918621674,274.7568902348519,True
./data/train/PICAI/10271/,10,0,0.5625,0.5625,3.6000000635782783,-0.1215265439299173,72.44766918828824,262.9099794690932,82.66661456053517,258.12152654392986,213.5523308117117,-5.218996463468329,202.3823289231696,102.96507830156996,13.974446427940563,201.91991212576752,17.571787505105647,191.03492169843005,285.0255535720595,93.03114439052766,281.11919550051937,True
./data/train/PICAI/10271/,11,0,0.5625,0.5625,3.6000000635782783,-0.1215265439299173,72.44766918828824,262.9099794690932,82.66661456053517,258.12152654392986,213.5523308117117,-5.218996463468329,202.3823289231696,102.96507830156996,13.974446427940563,201.91991212576752,17.571787505105647,191.03492169843005,285.0255535720595,93.03114439052766,281.11919550051937,True
