path,curFrame,Deleted,pixelSpacingX,pixelSpacingY,pixelSpacingZ,tra_UL_x,tra_UL_y,tra_LL_x,tra_LL_y,tra_LR_x,tra_LR_y,tra_UR_x,tra_UR_y,cor_UL_x,cor_UL_y,cor_LL_x,cor_LL_y,cor_LR_x,cor_LR_y,cor_UR_x,cor_UR_y,Dirty
./data/train/PICAI/11273/,8,0,0.5625,0.5625,3.600000146146029,50.824426792490215,25.295359430730144,289.5754593614398,135.85730789067915,223.17557320750976,279.7046405692698,-15.67998782470744,170.13721400468916,141.6073874170383,17.19330735716275,255.77435443515668,69.41307030074445,141.3926125829617,315.8066926428373,28.3246959234792,262.6969362671549,True
./data/train/PICAI/11273/,7,0,0.5625,0.5625,3.600000146146029,50.824426792490215,25.295359430730144,289.5754593614398,135.85730789067915,223.17557320750976,279.7046405692698,-15.67998782470744,170.13721400468916,141.6073874170383,17.19330735716275,255.77435443515668,69.41307030074445,141.3926125829617,315.8066926428373,28.3246959234792,262.6969362671549,True
./data/train/PICAI/11273/,9,0,0.5625,0.5625,3.600000146146029,50.824426792490215,25.295359430730144,289.5754593614398,135.85730789067915,223.17557320750976,279.7046405692698,-15.67998782470744,170.13721400468916,141.6073874170383,17.19330735716275,255.77435443515668,69.41307030074445,141.3926125829617,315.8066926428373,28.3246959234792,262.6969362671549,True
