path,curFrame,Deleted,pixelSpacingX,pixelSpacingY,pixelSpacingZ,tra_UL_x,tra_UL_y,tra_LL_x,tra_LL_y,tra_LR_x,tra_LR_y,tra_UR_x,tra_UR_y,cor_UL_x,cor_UL_y,cor_LL_x,cor_LL_y,cor_LR_x,cor_LR_y,cor_UR_x,cor_UR_y,Dirty
./data/train/PICAI/10286/,16,0,0.254629641771,0.254629641771,3.299999904900862,132.78653273356375,289.9334192624375,746.5729117036358,560.4575050492815,618.2134672664363,852.0665807375624,6.367679748916373,582.0263387419176,357.7214271251556,250.5305705761768,637.9604752078769,375.6568830505054,397.4712184896744,926.8500591722049,117.2321704069534,801.7237466978729,True
./data/train/PICAI/10286/,15,0,0.254629641771,0.254629641771,3.299999904900862,132.78653273356375,289.9334192624375,746.5729117036358,560.4575050492815,618.2134672664363,852.0665807375624,6.367679748916373,582.0263387419176,361.7214271251556,250.5305705761768,641.9604752078769,375.6568830505054,401.4712184896744,926.8500591722049,121.2321704069534,801.7237466978729,True
./data/train/PICAI/10286/,17,0,0.254629641771,0.254629641771,3.299999904900862,100.34228246556016,321.6077778252948,742.5221835522875,515.313675103208,650.6577175344398,820.392222174705,10.462908750995268,626.9300635836023,320.65826558006427,255.4733025182263,614.0575158381504,345.5143936473659,442.5343800347657,921.9073272301551,149.1351297766796,831.8662361010123,True
