path,curFrame,Deleted,pixelSpacingX,pixelSpacingY,pixelSpacingZ,tra_UL_x,tra_UL_y,tra_LL_x,tra_LL_y,tra_LR_x,tra_LR_y,tra_UR_x,tra_UR_y,cor_UL_x,cor_UL_y,cor_LL_x,cor_LL_y,cor_LR_x,cor_LR_y,cor_UR_x,cor_UR_y,Dirty
./data/train/PICAI/11346/,9,0,0.5625,0.5625,3.5999999046325946,13.417218089682564,52.598664129226336,289.42878825839966,148.08485754481637,246.5827819103174,273.4013358707737,-28.431224208139696,177.98489892892775,141.9046443311562,21.36809625581708,236.85468888901192,54.07113951575265,150.0953556688438,305.63190374418286,55.1453111109881,272.9288604842473,True
./data/train/PICAI/11346/,10,0,0.5625,0.5625,3.5999999046325946,13.417218089682564,52.598664129226336,289.42878825839966,148.08485754481637,246.5827819103174,273.4013358707737,-28.431224208139696,177.98489892892775,141.9046443311562,21.36809625581708,236.85468888901192,54.07113951575265,150.0953556688438,305.63190374418286,55.1453111109881,272.9288604842473,True
./data/train/PICAI/11346/,11,0,0.5625,0.5625,3.5999999046325946,13.417218089682564,52.598664129226336,289.42878825839966,148.08485754481637,246.5827819103174,273.4013358707737,-28.431224208139696,177.98489892892775,141.9046443311562,21.36809625581708,236.85468888901192,54.07113951575265,150.0953556688438,305.63190374418286,55.1453111109881,272.9288604842473,True
