path,curFrame,Deleted,pixelSpacingX,pixelSpacingY,pixelSpacingZ,tra_UL_x,tra_UL_y,tra_LL_x,tra_LL_y,tra_LR_x,tra_LR_y,tra_UR_x,tra_UR_y,cor_UL_x,cor_UL_y,cor_LL_x,cor_LL_y,cor_LR_x,cor_LR_y,cor_UR_x,cor_UR_y,Dirty
./data/train/PICAI/10123/,9,0,0.5625,0.5625,3.599999997350883,12.497429241798455,62.93797054403689,290.8597460999736,110.4713330734112,265.5025707582015,258.0620294559631,-11.86218204971371,210.59842340033296,104.40793431906806,32.59200997013261,235.17955479469123,54.76819715773492,192.592065680932,305.4079900298674,61.89020167905287,282.2342387920052,True
./data/train/PICAI/10123/,10,0,0.5625,0.5625,3.599999997350883,12.497429241798455,62.93797054403689,290.8597460999736,110.4713330734112,265.5025707582015,258.0620294559631,-11.86218204971371,210.59842340033296,104.40793431906806,32.59200997013261,235.17955479469123,54.76819715773492,192.592065680932,305.4079900298674,61.89020167905287,282.2342387920052,True
./data/train/PICAI/10123/,11,0,0.5625,0.5625,3.599999997350883,-5.02247257759484,91.3712983440597,277.1397015656685,79.99116289904528,283.0224725775949,229.62870165594023,1.8505665030730256,240.8696639999947,77.01063589463723,44.74010775873457,209.53527128100552,39.24274332564645,219.9893641053627,293.2598922412656,87.32555561803449,297.76698860561214,True
