path,curFrame,Deleted,pixelSpacingX,pixelSpacingY,pixelSpacingZ,tra_UL_x,tra_UL_y,tra_LL_x,tra_LL_y,tra_LR_x,tra_LR_y,tra_UR_x,tra_UR_y,cor_UL_x,cor_UL_y,cor_LL_x,cor_LL_y,cor_LR_x,cor_LR_y,cor_UR_x,cor_UR_y,Dirty
./data/train/PICAI/10227/,9,0,0.5625,0.5625,3.6000000635782774,23.842688265758284,30.02390293025067,272.1375488156902,133.05138579035906,223.1573117342417,252.97609706974933,-25.25941815909529,150.94116036128227,132.7656077210795,14.884736791369448,230.5929735731501,55.106702064651486,134.23439227892052,290.1152632086306,36.40702642684978,249.89329793534847,True
./data/train/PICAI/10227/,8,0,0.5625,0.5625,3.6000000635782774,23.842688265758284,30.02390293025067,272.1375488156902,133.05138579035906,223.1573117342417,252.97609706974933,-25.25941815909529,150.94116036128227,132.7656077210795,14.884736791369448,230.5929735731501,55.106702064651486,134.23439227892052,290.1152632086306,36.40702642684978,249.89329793534847,True
./data/train/PICAI/10227/,10,0,0.5625,0.5625,3.6000000635782774,23.842688265758284,30.02390293025067,272.1375488156902,133.05138579035906,223.1573117342417,252.97609706974933,-25.25941815909529,150.94116036128227,132.7656077210795,14.884736791369448,230.5929735731501,55.106702064651486,134.23439227892052,290.1152632086306,36.40702642684978,249.89329793534847,True
