path,curFrame,Deleted,pixelSpacingX,pixelSpacingY,pixelSpacingZ,tra_UL_x,tra_UL_y,tra_LL_x,tra_LL_y,tra_LR_x,tra_LR_y,tra_UR_x,tra_UR_y,cor_UL_x,cor_UL_y,cor_LL_x,cor_LL_y,cor_LR_x,cor_LR_y,cor_UR_x,cor_UR_y,Dirty,h_par_cor,h_orth_cor,h_par_tra,h_orth_tra
./data/train/PICAI/10540/,14,0,0.392857134342,0.392857134342,3.299999999999983,3.6475444546920937,281.2569311775745,434.6475444546923,214.25693117757447,473,463,42,530,134.07258632813634,179.93046609965305,312,152,384,614,206.07258632813634,641.9304660996531,True,,,,
./data/train/PICAI/10540/,15,0,0.392857134342,0.392857134342,3.299999999999983,3.6475444546920937,281.2569311775745,434.6475444546923,214.25693117757447,473,463,42,530,134.07258632813634,179.93046609965305,312,152,384,614,206.07258632813634,641.9304660996531,True,,,,
./data/train/PICAI/10540/,16,0,0.392857134342,0.392857134342,3.299999999999983,3.6475444546920937,281.2569311775745,434.6475444546923,214.25693117757447,473,463,42,530,134.07258632813634,179.93046609965305,312,152,384,614,206.07258632813634,641.9304660996531,True,,,,
./data/train/PICAI/10540/,-1,0,-1.0,-1.0,-1.0,-1.0,-1.0,-1.0,-1.0,-1,-1,-1,-1,-1.0,-1.0,-1,-1,-1,-1,-1.0,-1.0,False,80.0,60.0,30.0,160.0
