path,curFrame,Deleted,pixelSpacingX,pixelSpacingY,pixelSpacingZ,tra_UL_x,tra_UL_y,tra_LL_x,tra_LL_y,tra_LR_x,tra_LR_y,tra_UR_x,tra_UR_y,cor_UL_x,cor_UL_y,cor_LL_x,cor_LL_y,cor_LR_x,cor_LR_y,cor_UR_x,cor_UR_y,Dirty
./data/train/PICAI/10992/,9,0,0.5625,0.5625,3.600000169542111,14.07686241692133,79.40827917111204,288.8890065907667,102.08614094363622,276.9231375830787,242.591720828888,4.217955055921152,220.6626665211948,104.13078809577182,32.19082337016917,227.27560602950052,42.25828660917941,205.86921190422817,302.80917662983086,83.71694012214083,292.6198440474153,True
./data/train/PICAI/10992/,8,0,0.5625,0.5625,3.600000169542111,17.004431833421762,74.8713812861935,290.85772191206206,107.12623383746352,273.99556816657827,247.1286187138065,2.2218232268691622,215.6956493751329,108.88399840883469,30.497940171530047,231.60245044662744,44.856962751357074,201.1160015911653,304.50205982847,79.3937442514644,290.0558815058952,True
./data/train/PICAI/10992/,10,0,0.5625,0.5625,3.600000169542111,21.688154164056343,68.26447913179908,293.4780492745523,114.80750133519318,269.3118458359437,253.7355208682009,-0.4443681238115573,208.12209049842093,116.11733259464938,28.272171691702027,237.91611008152253,49.034103266176814,193.88266740535065,306.727828308298,73.08328074549662,285.9309972371206,True
