path,curFrame,Deleted,pixelSpacingX,pixelSpacingY,pixelSpacingZ,tra_UL_x,tra_UL_y,tra_LL_x,tra_LL_y,tra_LR_x,tra_LR_y,tra_UR_x,tra_UR_y,cor_UL_x,cor_UL_y,cor_LL_x,cor_LL_y,cor_LR_x,cor_LR_y,cor_UR_x,cor_UR_y,Dirty
./data/train/PICAI/10382/,8,0,0.5625,0.5625,3.6000000635782774,69.0258717429546,-29.93199931498748,314.3144390070543,80.69583971988303,231.9741282570454,260.9319993149875,-12.245249186630277,148.34027812278129,125.6416471664964,-42.528386120867424,280.7961745789123,27.51730403044924,155.12987906469945,302.29900315128685,0.0611480861644753,231.14210016181423,True
./data/train/PICAI/10382/,7,0,0.5625,0.5625,3.6000000635782774,87.35686980675348,-38.77716976078713,317.33495118083925,100.91922277493444,213.6431301932465,269.7771697607872,-15.034393910163686,128.26183500891548,138.76349133031806,-43.040096315897074,284.2250981561382,45.392064264939805,126.0080349008778,302.81071334631645,-19.232992225699803,213.28607869437707,True
./data/train/PICAI/10382/,9,0,0.5625,0.5625,3.6000000635782774,69.0258717429546,-29.93199931498748,314.3144390070543,80.69583971988303,231.9741282570454,260.9319993149875,-12.245249186630277,148.34027812278129,125.6416471664964,-42.528386120867424,280.7961745789123,27.51730403044924,155.12987906469945,302.29900315128685,0.0611480861644753,231.14210016181423,True
