path,curFrame,Deleted,pixelSpacingX,pixelSpacingY,pixelSpacingZ,tra_UL_x,tra_UL_y,tra_LL_x,tra_LL_y,tra_LR_x,tra_LR_y,tra_UR_x,tra_UR_y,cor_UL_x,cor_UL_y,cor_LL_x,cor_LL_y,cor_LR_x,cor_LR_y,cor_UR_x,cor_UR_y,Dirty
./data/train/PICAI/10633/,10,0,0.5625,0.5625,3.6000000365726788,33.11895869820667,42.31650514872719,273.0641081552692,147.83581737178872,221.88104130179337,261.68349485127277,-16.068980054749545,156.024669680723,147.3346314274679,21.220057484238254,239.39638616656612,61.897241683222845,134.6653685725321,298.7799425157617,42.603613833433826,258.10275831677717,True
./data/train/PICAI/10633/,9,0,0.5625,0.5625,3.6000000365726788,33.11895869820667,42.31650514872719,273.0641081552692,147.83581737178872,221.88104130179337,261.68349485127277,-16.068980054749545,156.024669680723,147.3346314274679,21.220057484238254,239.39638616656612,61.897241683222845,134.6653685725321,298.7799425157617,42.603613833433826,258.10275831677717,True
./data/train/PICAI/10633/,8,0,0.5625,0.5625,3.6000000365726788,40.99999999999997,35.99999999999994,273.0,158.0,214.00000000000006,268.0,-16.000000000000057,146.0,157.0,22.0,246.0,68.99999999999999,124.99999999999999,297.9999999999999,35.99999999999996,251.0,True
