path,curFrame,Deleted,pixelSpacingX,pixelSpacingY,pixelSpacingZ,tra_UL_x,tra_UL_y,tra_LL_x,tra_LL_y,tra_LR_x,tra_LR_y,tra_UR_x,tra_UR_y,cor_UL_x,cor_UL_y,cor_LL_x,cor_LL_y,cor_LR_x,cor_LR_y,cor_UR_x,cor_UR_y,Dirty,h_par_cor,h_orth_cor,h_par_tra,h_orth_tra,cor_mid_x,cor_mid_y,tra_mid_x,tra_mid_y,Alpha,cor_U_mid_x,cor_U_mid_y,tra_U_mid_x,tra_U_mid_y,tra_L_mid_x,tra_L_mid_y
./data/train/PICAI/10668/,-1,0,-1.0,-1.0,-1.0,-1.0,-1.0,-1.0,-1.0,-1.0,-1.0,-1.0,-1.0,-1.0,-1.0,-1.0,-1.0,-1.0,-1.0,-1.0,-1.0,False,80.0,60.0,30.0,160.0,,,,,,,,,,,
./data/train/PICAI/10668/,18,0,0.254629641771,0.254629641771,-1.0,130.44155877284237,353.2111113945431,720.1686142824242,568.171572875254,639.5584412271572,788.7888886054569,49.12427893638932,573.1213203435601,323.3180194846605,245.47783232698265,544.6424419960506,326.79511216343576,329.68198051533943,916.5221676730176,108.35755800394996,835.204887836564,True,80.0,60.0,30.0,160.0,436.0,532.0,436.0,532.0,-3.57738369319684,222.0,631.0,8.0,730.0,578.0,465.0
./data/train/PICAI/10668/,17,0,0.254629641771,0.254629641771,-1.0,130.44155877284237,353.2111113945431,720.1686142824242,568.171572875254,639.5584412271572,788.7888886054569,49.12427893638932,573.1213203435601,323.3180194846605,245.47783232698265,544.6424419960506,326.79511216343576,329.68198051533943,916.5221676730176,108.35755800394996,835.204887836564,True,80.0,60.0,30.0,160.0,436.0,532.0,436.0,532.0,-3.57738369319684,222.0,631.0,8.0,730.0,578.0,465.0
./data/train/PICAI/10668/,19,0,0.254629641771,0.254629641771,-1.0,130.44155877284237,353.2111113945431,720.1686142824242,568.171572875254,639.5584412271572,788.7888886054569,49.12427893638932,573.1213203435601,323.3180194846605,245.47783232698265,544.6424419960506,326.79511216343576,329.68198051533943,916.5221676730176,108.35755800394996,835.204887836564,True,80.0,60.0,30.0,160.0,436.0,532.0,436.0,532.0,-3.57738369319684,222.0,631.0,8.0,730.0,578.0,465.0
