path,curFrame,Deleted,pixelSpacingX,pixelSpacingY,pixelSpacingZ,tra_UL_x,tra_UL_y,tra_LL_x,tra_LL_y,tra_LR_x,tra_LR_y,tra_UR_x,tra_UR_y,cor_UL_x,cor_UL_y,cor_LL_x,cor_LL_y,cor_LR_x,cor_LR_y,cor_UR_x,cor_UR_y,Dirty,h_par_cor,h_orth_cor,h_par_tra,h_orth_tra
./data/train/PICAI/10893/,9,0,0.5625,0.5625,3.599999905581983,24.547287487533623,22.33116576205805,283.3095379169867,105.1991194756922,236.4527125124664,250.66883423794195,-21.313343218895,167.88803626705547,115.0720080629079,-4.398207920044655,241.14076331980863,34.73833444097217,156.9279919370921,297.3982079200446,30.946392422939027,257.2654708609361,True,,,,
./data/train/PICAI/10893/,8,0,0.5625,0.5625,3.599999905581983,24.547287487533623,22.33116576205805,283.3095379169867,105.1991194756922,236.4527125124664,250.66883423794195,-21.313343218895,167.88803626705547,115.0720080629079,-4.398207920044655,241.14076331980863,34.73833444097217,156.9279919370921,297.3982079200446,30.946392422939027,257.2654708609361,True,,,,
./data/train/PICAI/10893/,-1,0,-1.0,-1.0,-1.0,-1.0,-1.0,-1.0,-1.0,-1.0,-1.0,-1.0,-1.0,-1.0,-1.0,-1.0,-1.0,-1.0,-1.0,-1.0,-1.0,False,80.0,60.0,30.0,160.0
./data/train/PICAI/10893/,10,0,0.5625,0.5625,3.599999905581983,24.547287487533623,22.33116576205805,283.3095379169867,105.1991194756922,236.4527125124664,250.66883423794195,-21.313343218895,167.88803626705547,115.0720080629079,-4.398207920044655,241.14076331980863,34.73833444097217,156.9279919370921,297.3982079200446,30.946392422939027,257.2654708609361,True,,,,
