path,curFrame,Deleted,pixelSpacingX,pixelSpacingY,pixelSpacingZ,tra_UL_x,tra_UL_y,tra_LL_x,tra_LL_y,tra_LR_x,tra_LR_y,tra_UR_x,tra_UR_y,cor_UL_x,cor_UL_y,cor_LL_x,cor_LL_y,cor_LR_x,cor_LR_y,cor_UR_x,cor_UR_y,Dirty,h_par_cor,h_orth_cor,h_par_tra,h_orth_tra
./data/train/PICAI/10756/,-1,0,-1.0,-1.0,-1.0,-1.0,-1.0,-1.0,-1.0,-1.0,-1.0,-1.0,-1.0,-1.0,-1.0,-1.0,-1.0,-1.0,-1.0,-1.0,-1.0,False,80.0,60.0,30.0,160.0
./data/train/PICAI/10756/,15,0,0.254629641771,0.254629641771,3.299999853947125,55.17644540700542,237.81185089508972,683.0343779592839,428.93332151306765,583.8235545929946,755.1881491049102,-43.08808438077233,565.1176439779299,322.671214776147,163.97507449508765,575.0232104300125,240.28673998281943,381.328785223853,879.0249255049124,129.02912552623053,801.714630482426,True,,,,
./data/train/PICAI/10756/,14,0,0.254629641771,0.254629641771,3.299999853947125,55.17644540700542,237.81185089508972,683.0343779592839,428.93332151306765,583.8235545929946,755.1881491049102,-43.08808438077233,565.1176439779299,321.27053728201577,159.9226872112408,587.0232104300125,240.28673998281943,393.328785223853,879.0249255049124,127.64345085033936,797.6129584488274,True,,,,
./data/train/PICAI/10756/,16,0,0.254629641771,0.254629641771,3.299999853947125,55.17644540700542,237.81185089508972,683.0343779592839,428.93332151306765,583.8235545929946,755.1881491049102,-43.08808438077233,565.1176439779299,318.671214776147,163.97507449508765,571.0232104300125,240.28673998281943,377.328785223853,879.0249255049124,125.02912552623052,801.714630482426,True,,,,
