path,curFrame,Deleted,pixelSpacingX,pixelSpacingY,pixelSpacingZ,tra_UL_x,tra_UL_y,tra_LL_x,tra_LL_y,tra_LR_x,tra_LR_y,tra_UR_x,tra_UR_y,cor_UL_x,cor_UL_y,cor_LL_x,cor_LL_y,cor_LR_x,cor_LR_y,cor_UR_x,cor_UR_y,Dirty
./data/train/PICAI/10420/,9,0,0.5625,0.5625,3.60000009536745,47.75354464987477,15.5817138533842,293.4267180988881,109.30840080801336,231.24645535012525,271.4182861466158,-13.444322810168927,176.67429909039296,136.29579083128272,3.128321689383029,255.1155343687265,49.06162709729038,153.70420916871728,312.87167831061697,35.884313326429904,266.92092049627234,True
./data/train/PICAI/10420/,10,0,0.5625,0.5625,3.60000009536745,47.75354464987477,15.5817138533842,293.4267180988881,109.30840080801336,231.24645535012525,271.4182861466158,-13.444322810168927,176.67429909039296,136.29579083128272,3.128321689383029,255.1155343687265,49.06162709729038,153.70420916871728,312.87167831061697,35.884313326429904,266.92092049627234,True
./data/train/PICAI/10420/,11,0,0.5625,0.5625,3.60000009536745,47.75354464987477,15.5817138533842,293.4267180988881,109.30840080801336,231.24645535012525,271.4182861466158,-13.444322810168927,176.67429909039296,136.29579083128272,3.128321689383029,255.1155343687265,49.06162709729038,153.70420916871728,312.87167831061697,35.884313326429904,266.92092049627234,True
