path,curFrame,Deleted,pixelSpacingX,pixelSpacingY,pixelSpacingZ,tra_UL_x,tra_UL_y,tra_LL_x,tra_LL_y,tra_LR_x,tra_LR_y,tra_UR_x,tra_UR_y,cor_UL_x,cor_UL_y,cor_LL_x,cor_LL_y,cor_LR_x,cor_LR_y,cor_UR_x,cor_UR_y,Dirty,h_par_cor,h_orth_cor,h_par_tra,h_orth_tra
./data/train/PICAI/10164/,-1,0,-1.0,-1.0,-1.0,-1.0,-1.0,-1.0,-1.0,-1.0,-1.0,-1.0,-1.0,-1.0,-1.0,-1.0,-1.0,-1.0,-1.0,-1.0,-1.0,False,80.0,60.0,30.0,160.0
./data/train/PICAI/10164/,16,0,0.39285713434219,0.39285713434219,3.2999999999999803,81.62954010482298,234.85174558127028,483.4791605255182,343.4513890785818,432.37045989517696,533.1482544187298,30.52083947448176,424.5486109214182,269.26491128347084,165.07904777222336,412.0609533520827,203.21420700277108,301.7350887165292,611.9209522277768,159.04357511118494,572.7912711018606,True,,,,
./data/train/PICAI/10164/,15,0,0.39285713434219,0.39285713434219,3.2999999999999803,81.62954010482298,234.85174558127028,483.4791605255182,343.4513890785818,432.37045989517696,533.1482544187298,30.52083947448176,424.5486109214182,269.26491128347084,165.07904777222336,412.0609533520827,203.21420700277108,301.7350887165292,611.9209522277768,159.04357511118494,572.7912711018606,True,,,,
./data/train/PICAI/10164/,17,0,0.39285713434219,0.39285713434219,3.2999999999999803,81.62954010482298,234.85174558127028,483.4791605255182,343.4513890785818,432.37045989517696,533.1482544187298,30.52083947448176,424.5486109214182,269.26491128347084,165.07904777222336,412.0609533520827,203.21420700277108,301.7350887165292,611.9209522277768,159.04357511118494,572.7912711018606,True,,,,
