path,curFrame,Deleted,pixelSpacingX,pixelSpacingY,pixelSpacingZ,tra_UL_x,tra_UL_y,tra_LL_x,tra_LL_y,tra_LR_x,tra_LR_y,tra_UR_x,tra_UR_y,cor_UL_x,cor_UL_y,cor_LL_x,cor_LL_y,cor_LR_x,cor_LR_y,cor_UR_x,cor_UR_y,Dirty,h_par_cor,h_orth_cor,h_par_tra,h_orth_tra
./data/train/PICAI/10358/,9,0,0.5625,0.5625,3.599999904632556,3.96844258280872,51.64807669701618,247.46762517308528,156.20977177636712,192.03155741719127,282.35192330298383,-49.50374301574959,178.85941804405698,119.02430917919833,30.1575199026552,211.67576554100083,70.41553319239685,104.97569082080167,317.84248009734483,12.324234458999186,277.5844668076032,True,,,,
./data/train/PICAI/10358/,8,0,0.5625,0.5625,3.599999904632556,3.96844258280872,51.64807669701618,247.46762517308528,156.20977177636712,192.03155741719127,282.35192330298383,-49.50374301574959,178.85941804405698,119.02430917919833,30.1575199026552,211.67576554100083,70.41553319239685,104.97569082080167,317.84248009734483,12.324234458999186,277.5844668076032,True,,,,
./data/train/PICAI/10358/,-1,0,-1.0,-1.0,-1.0,-1.0,-1.0,-1.0,-1.0,-1.0,-1.0,-1.0,-1.0,-1.0,-1.0,-1.0,-1.0,-1.0,-1.0,-1.0,-1.0,False,80.0,60.0,30.0,160.0
./data/train/PICAI/10358/,10,0,0.5625,0.5625,3.599999904632556,3.96844258280872,51.64807669701618,247.46762517308528,156.20977177636712,192.03155741719127,282.35192330298383,-49.50374301574959,178.85941804405698,119.02430917919833,30.1575199026552,211.67576554100083,70.41553319239685,104.97569082080167,317.84248009734483,12.324234458999186,277.5844668076032,True,,,,
