path,curFrame,Deleted,pixelSpacingX,pixelSpacingY,pixelSpacingZ,tra_UL_x,tra_UL_y,tra_LL_x,tra_LL_y,tra_LR_x,tra_LR_y,tra_UR_x,tra_UR_y,cor_UL_x,cor_UL_y,cor_LL_x,cor_LL_y,cor_LR_x,cor_LR_y,cor_UR_x,cor_UR_y,Dirty
./data/train/PICAI/10128/,9,0,0.5625,0.5625,3.6000000635782783,-2.70849643814492,121.80255669849154,258.9045009868456,78.44774637354686,281.70849643814483,218.19744330150849,20.025742539410302,260.5546895761933,77.1547599523265,45.27712695241593,186.16787999847725,27.444921328373283,229.87147269214256,294.0457390046629,120.85835264599184,311.8779446287056,True
./data/train/PICAI/10128/,10,0,0.5625,0.5625,3.6000000635782783,-2.70849643814492,121.80255669849154,258.9045009868456,78.44774637354686,281.70849643814483,218.19744330150849,20.025742539410302,260.5546895761933,77.1547599523265,45.27712695241593,186.16787999847725,27.444921328373283,229.87147269214256,294.0457390046629,120.85835264599184,311.8779446287056,True
./data/train/PICAI/10128/,11,0,0.5625,0.5625,3.6000000635782783,-2.70849643814492,121.80255669849154,258.9045009868456,78.44774637354686,281.70849643814483,218.19744330150849,20.025742539410302,260.5546895761933,77.1547599523265,45.27712695241593,186.16787999847725,27.444921328373283,229.87147269214256,294.0457390046629,120.85835264599184,311.8779446287056,True
