path,curFrame,Deleted,pixelSpacingX,pixelSpacingY,pixelSpacingZ,tra_UL_x,tra_UL_y,tra_LL_x,tra_LL_y,tra_LR_x,tra_LR_y,tra_UR_x,tra_UR_y,cor_UL_x,cor_UL_y,cor_LL_x,cor_LL_y,cor_LR_x,cor_LR_y,cor_UR_x,cor_UR_y,Dirty
./data/train/PICAI/10942/,10,0,0.5625,0.5625,2.9999999046326,23.03474668416115,40.68936597718604,283.2141142229796,134.00440606773316,238.96525331583888,258.31063402281404,-20.219592327611394,164.8910654689992,140.052651990358,17.787609508978335,240.33506325602423,53.50088422222417,150.947348009642,303.21239049102167,50.66493674397572,267.49911577777584,True
./data/train/PICAI/10942/,11,0,0.5625,0.5625,2.9999999046326,23.03474668416115,40.68936597718604,283.2141142229796,134.00440606773316,238.96525331583888,258.31063402281404,-20.219592327611394,164.8910654689992,140.052651990358,17.787609508978335,240.33506325602423,53.50088422222417,150.947348009642,303.21239049102167,50.66493674397572,267.49911577777584,True
./data/train/PICAI/10942/,12,0,0.5625,0.5625,2.9999999046326,23.03474668416115,40.68936597718604,283.2141142229796,134.00440606773316,238.96525331583888,258.31063402281404,-20.219592327611394,164.8910654689992,138.052651990358,17.787609508978335,238.33506325602423,53.50088422222417,148.947348009642,303.21239049102167,48.66493674397572,267.49911577777584,True
