path,curFrame,Deleted,pixelSpacingX,pixelSpacingY,pixelSpacingZ,tra_UL_x,tra_UL_y,tra_LL_x,tra_LL_y,tra_LR_x,tra_LR_y,tra_UR_x,tra_UR_y,cor_UL_x,cor_UL_y,cor_LL_x,cor_LL_y,cor_LR_x,cor_LR_y,cor_UR_x,cor_UR_y,Dirty
./data/train/PICAI/11185/,11,0,0.3125,0.3125,3.3000000606883684,81.8062957381276,110.33916424031769,548.3730610488312,292.4283004003511,452.1937042618724,536.6608357596823,-13.42200453253605,354.88071659402385,277.0592814826618,64.32932967232375,478.7792850699156,142.48967865285442,288.9407185173382,629.6706703276761,87.22071493008437,551.5103213471457,True
./data/train/PICAI/11185/,10,0,0.3125,0.3125,3.3000000606883684,81.8062957381276,110.33916424031769,548.3730610488312,292.4283004003511,452.1937042618724,536.6608357596823,-13.42200453253605,354.88071659402385,277.0592814826618,64.32932967232375,478.7792850699156,142.48967865285442,288.9407185173382,629.6706703276761,87.22071493008437,551.5103213471457,True
./data/train/PICAI/11185/,12,0,0.3125,0.3125,3.3000000606883684,81.8062957381276,110.33916424031769,548.3730610488312,292.4283004003511,452.1937042618724,536.6608357596823,-13.42200453253605,354.88071659402385,277.0592814826618,64.32932967232375,478.7792850699156,142.48967865285442,288.9407185173382,629.6706703276761,87.22071493008437,551.5103213471457,True
