path,curFrame,Deleted,pixelSpacingX,pixelSpacingY,pixelSpacingZ,tra_UL_x,tra_UL_y,tra_LL_x,tra_LL_y,tra_LR_x,tra_LR_y,tra_UR_x,tra_UR_y,cor_UL_x,cor_UL_y,cor_LL_x,cor_LL_y,cor_LR_x,cor_LR_y,cor_UR_x,cor_UR_y,Dirty
./data/train/PICAI/11274/,9,0,0.5625,0.5625,3.599999957614445,19.43306546634305,44.89821396126405,287.4584746025342,120.9401764384219,250.566934533657,254.10178603873595,-17.458474602534324,178.0598235615781,134.7100084556402,14.133747158919164,242.5421675715537,44.43598239661,170.2899915443598,299.86625284108084,62.45783242844641,269.56401760339,True
./data/train/PICAI/11274/,8,0,0.5625,0.5625,3.599999957614445,19.433065466343063,44.89821396126405,287.4584746025342,120.9401764384219,250.56693453365693,254.10178603873595,-17.458474602534295,178.0598235615781,134.7100084556402,14.133747158919164,242.54216757155365,44.43598239661,170.2899915443598,299.86625284108084,62.45783242844642,269.56401760339,True
./data/train/PICAI/11274/,10,0,0.5625,0.5625,3.599999957614445,31.00001717536732,33.39119941849309,289.6086055947551,137.03288020248934,238.99998282463272,265.60880058150696,-19.608605594755147,161.96711979751066,149.74105375300397,13.05682296264888,253.81505093564465,54.46458926835199,155.25894624699603,300.9431770373512,51.18494906435541,259.5354107316481,True
