path,curFrame,Deleted,pixelSpacingX,pixelSpacingY,pixelSpacingZ,tra_UL_x,tra_UL_y,tra_LL_x,tra_LL_y,tra_LR_x,tra_LR_y,tra_UR_x,tra_UR_y,cor_UL_x,cor_UL_y,cor_LL_x,cor_LL_y,cor_LR_x,cor_LR_y,cor_UR_x,cor_UR_y,Dirty
./data/train/PICAI/11184/,9,0,0.5625,0.5625,3.5999999046325497,63.27012230813986,16.985851683447464,293.299631776908,162.1010637515071,210.72987769186017,293.01414831655256,-18.185216281861585,147.0282594402567,161.51295942504447,14.315788965626696,269.94549912815467,83.04267114089653,121.48704057495556,315.6842110343732,14.047047023486655,247.07919820250856,True
./data/train/PICAI/11184/,8,0,0.5625,0.5625,3.5999999046325497,63.27012230813986,16.985851683447464,293.299631776908,162.1010637515071,210.72987769186017,293.01414831655256,-18.185216281861585,147.0282594402567,161.51295942504447,14.315788965626696,269.94549912815467,83.04267114089653,121.48704057495556,315.6842110343732,14.047047023486655,247.07919820250856,True
./data/train/PICAI/11184/,10,0,0.5625,0.5625,3.5999999046325497,63.27012230813986,16.985851683447464,293.299631776908,162.1010637515071,210.72987769186017,293.01414831655256,-18.185216281861585,147.0282594402567,161.51295942504447,14.315788965626696,269.94549912815467,83.04267114089653,121.48704057495556,315.6842110343732,14.047047023486655,247.07919820250856,True
