path,curFrame,Deleted,pixelSpacingX,pixelSpacingY,pixelSpacingZ,tra_UL_x,tra_UL_y,tra_LL_x,tra_LL_y,tra_LR_x,tra_LR_y,tra_UR_x,tra_UR_y,cor_UL_x,cor_UL_y,cor_LL_x,cor_LL_y,cor_LR_x,cor_LR_y,cor_UR_x,cor_UR_y,Dirty
./data/train/PICAI/10126/,10,0,0.5625,0.5625,3.5999999311235444,51.12883411368094,60.13772720849843,308.31696957259044,139.70696108170864,269.87116588631903,261.8622727915016,12.683030427409562,182.29303891829136,171.42678001968065,26.38271351046214,265.9868164500461,56.3727036786491,187.5732199803193,310.61728648953783,91.96221805895632,281.5735898998626,True
./data/train/PICAI/10126/,9,0,0.5625,0.5625,3.5999999311235444,44.35946029305124,68.0127694972118,306.4715675537301,129.44763929740265,276.6405397069488,253.9872305027882,14.528432446269903,192.55236070259733,161.5328452142003,27.29206343514849,257.954534110146,50.61282479607905,197.4671547857997,309.7079365648515,100.06307060113492,287.40447530551467,True
./data/train/PICAI/10126/,11,0,0.5625,0.5625,3.5999999311235444,52.90578125094201,58.24429898161437,308.66607110164387,142.28996594597947,268.094218749058,263.75570101838565,12.333928898356136,179.71003405402053,173.90829825576645,26.26346154520093,267.9305352371064,57.89918428113255,185.09170174423355,310.7365384547991,90.00214423888958,280.0286232953832,True
