path,curFrame,Deleted,pixelSpacingX,pixelSpacingY,pixelSpacingZ,tra_UL_x,tra_UL_y,tra_LL_x,tra_LL_y,tra_LR_x,tra_LR_y,tra_UR_x,tra_UR_y,cor_UL_x,cor_UL_y,cor_LL_x,cor_LL_y,cor_LR_x,cor_LR_y,cor_UR_x,cor_UR_y,Dirty
./data/train/PICAI/10864/,8,0,0.5625,0.5625,3.6000000635782783,46.631913316900594,17.031584076507713,292.39310664866593,126.11153572733512,231.36808668309945,265.9684159234924,-14.618057703009526,157.86283433745012,138.41868445716713,7.464858261533095,258.7135975102097,59.868425826737365,154.58131554283287,297.5351417384669,33.312032425005,244.9066231189188,True
./data/train/PICAI/10864/,9,0,0.5625,0.5625,3.6000000635782783,46.631913316900594,17.031584076507713,292.39310664866593,126.11153572733512,231.36808668309945,265.9684159234924,-14.618057703009526,157.86283433745012,138.41868445716713,7.464858261533095,258.7135975102097,59.868425826737365,154.58131554283287,297.5351417384669,33.312032425005,244.9066231189188,True
./data/train/PICAI/10864/,10,0,0.5625,0.5625,3.6000000635782783,46.631913316900594,17.031584076507713,292.39310664866593,126.11153572733512,231.36808668309945,265.9684159234924,-14.618057703009526,157.86283433745012,138.41868445716713,7.464858261533095,258.7135975102097,59.868425826737365,154.58131554283287,297.5351417384669,33.312032425005,244.9066231189188,True
