path,curFrame,Deleted,pixelSpacingX,pixelSpacingY,pixelSpacingZ,tra_UL_x,tra_UL_y,tra_LL_x,tra_LL_y,tra_LR_x,tra_LR_y,tra_UR_x,tra_UR_y,cor_UL_x,cor_UL_y,cor_LL_x,cor_LL_y,cor_LR_x,cor_LR_y,cor_UR_x,cor_UR_y,Dirty
./data/train/PICAI/10767/,9,0,0.5625,0.5625,3.6000000635782783,34.982677810627976,59.26285342828052,292.574422056494,144.03604079535057,249.01732218937207,274.73714657171934,-7.578227358402302,190.0511149473971,138.1795214749359,35.04309564598492,251.38490139939165,72.0504186531904,170.8204785250641,315.9569043540151,57.61509860060832,278.9495813468095,True
./data/train/PICAI/10767/,8,0,0.5625,0.5625,3.6000000635782783,34.982677810627976,59.26285342828052,292.574422056494,144.03604079535057,249.01732218937207,274.73714657171934,-7.578227358402302,190.0511149473971,138.1795214749359,35.04309564598492,251.38490139939165,72.0504186531904,170.8204785250641,315.9569043540151,57.61509860060832,278.9495813468095,True
./data/train/PICAI/10767/,10,0,0.5625,0.5625,3.6000000635782783,44.77982206194301,50.345651595439634,294.00288184181625,157.24685118626618,239.22017793805705,283.6543484045602,-9.01807408880407,176.92679699140075,150.4832516460219,34.15515314430164,260.032450198431,80.88815108499517,158.5167483539781,316.84484685569834,48.96754980156901,270.1118489150048,True
