path,curFrame,Deleted,pixelSpacingX,pixelSpacingY,pixelSpacingZ,tra_UL_x,tra_UL_y,tra_LL_x,tra_LL_y,tra_LR_x,tra_LR_y,tra_UR_x,tra_UR_y,cor_UL_x,cor_UL_y,cor_LL_x,cor_LL_y,cor_LR_x,cor_LR_y,cor_UR_x,cor_UR_y,Dirty
./data/train/PICAI/11069/,10,0,0.5625,0.5625,3.0,84.82859597148801,10.854888000497482,293.5799330953681,181.56774413322145,201.171404028512,294.1451119995025,-6.587386943726926,123.55412521018368,183.4759508515876,20.270729269121603,279.6499201091867,98.57505633498934,112.52404914841236,302.7292707308784,17.46449538585975,223.5542668567745,True
./data/train/PICAI/11069/,9,0,0.5625,0.5625,3.0,84.82859597148801,10.854888000497482,293.5799330953681,181.56774413322145,201.171404028512,294.1451119995025,-6.587386943726926,123.55412521018368,183.4759508515876,20.270729269121603,279.6499201091867,98.57505633498934,112.52404914841236,302.7292707308784,17.46449538585975,223.5542668567745,True
./data/train/PICAI/11069/,11,0,0.5625,0.5625,3.0,84.82859597148801,10.854888000497482,293.5799330953681,181.56774413322145,201.171404028512,294.1451119995025,-6.587386943726926,123.55412521018368,183.4759508515876,20.270729269121603,279.6499201091867,98.57505633498934,112.52404914841236,302.7292707308784,17.46449538585975,223.5542668567745,True
