path,curFrame,Deleted,pixelSpacingX,pixelSpacingY,pixelSpacingZ,tra_UL_x,tra_UL_y,tra_LL_x,tra_LL_y,tra_LR_x,tra_LR_y,tra_UR_x,tra_UR_y,cor_UL_x,cor_UL_y,cor_LL_x,cor_LL_y,cor_LR_x,cor_LR_y,cor_UR_x,cor_UR_y,Dirty
./data/train/PICAI/10357/,9,0,0.5625,0.5625,3.5999998781416056,47.89583366802928,15.256653919625135,299.2195188371672,134.07754969559585,232.1041663319707,276.74334608037486,-18.221954786907304,157.9922067781483,140.76685645399706,2.6775715225458043,259.19111631972174,58.073371681540834,139.23314354600294,311.3224284774542,20.808883680278257,255.9266283184592,True
./data/train/PICAI/10357/,8,0,0.5625,0.5625,3.5999998781416056,47.89583366802928,15.256653919625135,299.2195188371672,134.07754969559585,232.1041663319707,276.74334608037486,-18.221954786907304,157.9922067781483,140.76685645399706,2.6775715225458043,259.19111631972174,58.073371681540834,139.23314354600294,311.3224284774542,20.808883680278257,255.9266283184592,True
./data/train/PICAI/10357/,10,0,0.5625,0.5625,3.5999998781416056,47.89583366802928,15.256653919625135,299.2195188371672,134.07754969559585,232.1041663319707,276.74334608037486,-18.221954786907304,157.9922067781483,140.76685645399706,2.6775715225458043,259.19111631972174,58.073371681540834,139.23314354600294,311.3224284774542,20.808883680278257,255.9266283184592,True
