path,curFrame,Deleted,pixelSpacingX,pixelSpacingY,pixelSpacingZ,tra_UL_x,tra_UL_y,tra_LL_x,tra_LL_y,tra_LR_x,tra_LR_y,tra_UR_x,tra_UR_y,cor_UL_x,cor_UL_y,cor_LL_x,cor_LL_y,cor_LR_x,cor_LR_y,cor_UR_x,cor_UR_y,Dirty,h_par_cor,h_orth_cor,h_par_tra,h_orth_tra
./data/train/PICAI/11188/,14,0,0.383684039116,0.383684039116,3.3,49.41723956830916,187.48137787404883,460.7253182173902,270.786026231757,420.5827604316908,471.5186221259512,9.274681782609749,388.213973768243,216.5866819981852,127.40677700100392,376.82308201141046,159.7996174260373,295.4133180018148,565.5932229989961,135.17691798858954,533.2003825739629,True,,,,
./data/train/PICAI/11188/,15,0,0.383684039116,0.383684039116,3.3,49.41723956830916,187.48137787404883,460.7253182173902,270.786026231757,420.5827604316908,471.5186221259512,9.274681782609749,388.213973768243,220.5866819981852,127.40677700100392,380.82308201141046,159.7996174260373,299.4133180018148,565.5932229989961,139.17691798858954,533.2003825739629,True,,,,
./data/train/PICAI/11188/,-1,0,-1.0,-1.0,-1.0,-1.0,-1.0,-1.0,-1.0,-1.0,-1.0,-1.0,-1.0,-1.0,-1.0,-1.0,-1.0,-1.0,-1.0,-1.0,-1.0,False,80.0,60.0,30.0,160.0
./data/train/PICAI/11188/,16,0,0.383684039116,0.383684039116,3.3,57.10425468489802,177.96335823047806,463.4888214757447,282.6800420693771,412.895745315102,481.0366417695219,6.511178524255342,376.3199579306229,228.10714991271465,125.64430296230024,386.4286412296003,166.37887534494948,283.8928500872854,567.3556970376998,125.57135877039966,526.6211246550506,True,,,,
