path,curFrame,Deleted,pixelSpacingX,pixelSpacingY,pixelSpacingZ,tra_UL_x,tra_UL_y,tra_LL_x,tra_LL_y,tra_LR_x,tra_LR_y,tra_UR_x,tra_UR_y,cor_UL_x,cor_UL_y,cor_LL_x,cor_LL_y,cor_LR_x,cor_LR_y,cor_UR_x,cor_UR_y,Dirty
./data/train/PICAI/11022/,11,0,0.5625,0.5625,3.6000000191263264,28.942649586699048,2.657812469735461,280.63883772801944,160.4362294827385,205.05735041330087,280.3421875302644,-45.66069012728569,122.77168220807928,140.542012059634,3.89780164515804,246.0450786403256,70.28381630238945,100.45798794036602,303.1021983548419,-5.045078640325656,236.7161836976105,True
./data/train/PICAI/11022/,10,0,0.5625,0.5625,3.6000000191263264,24.150769279460363,5.81554858936849,281.2000182478396,154.7137809656873,209.8492307205396,277.1844514106314,-46.21521049482742,128.45986721197963,135.30876157923262,3.289479128492985,243.0643970419829,65.95304929504873,105.6912384207674,303.7105208715069,-2.064397041983,241.04695070495129,True
./data/train/PICAI/11022/,12,0,0.5625,0.5625,3.6000000191263264,28.942649586699048,2.657812469735461,280.63883772801944,160.4362294827385,205.05735041330087,280.3421875302644,-45.66069012728569,122.77168220807928,140.542012059634,3.89780164515804,246.0450786403256,70.28381630238945,100.45798794036602,303.1021983548419,-5.045078640325656,236.7161836976105,True
