path,curFrame,Deleted,pixelSpacingX,pixelSpacingY,pixelSpacingZ,tra_UL_x,tra_UL_y,tra_LL_x,tra_LL_y,tra_LR_x,tra_LR_y,tra_UR_x,tra_UR_y,cor_UL_x,cor_UL_y,cor_LL_x,cor_LL_y,cor_LR_x,cor_LR_y,cor_UR_x,cor_UR_y,Dirty
./data/train/PICAI/10997/,8,0,0.5625,0.5625,3.5999999576145,16.54988920211484,87.68772900548832,286.9003848510181,119.790836368988,269.45011079788515,265.3122709945118,0.0873034895769535,233.05272916597173,114.24421099748088,41.86028600079917,230.85889636601885,55.789218350297546,198.75578900251915,326.1397139992007,82.14110363398116,312.2107816497024,True
./data/train/PICAI/10997/,9,0,0.5625,0.5625,3.5999999576145,16.54988920211484,87.68772900548832,286.9003848510181,119.790836368988,269.45011079788515,265.3122709945118,0.0873034895769535,233.05272916597173,112.24421099748088,41.86028600079917,228.85889636601885,55.789218350297546,196.75578900251915,326.1397139992007,80.14110363398116,312.2107816497024,True
./data/train/PICAI/10997/,10,0,0.5625,0.5625,3.5999999576145,16.54988920211484,87.68772900548832,286.9003848510181,119.790836368988,269.45011079788515,265.3122709945118,0.0873034895769535,233.05272916597173,112.24421099748088,41.86028600079917,228.85889636601885,55.789218350297546,196.75578900251915,326.1397139992007,80.14110363398116,312.2107816497024,True
