path,curFrame,Deleted,pixelSpacingX,pixelSpacingY,pixelSpacingZ,tra_UL_x,tra_UL_y,tra_LL_x,tra_LL_y,tra_LR_x,tra_LR_y,tra_UR_x,tra_UR_y,cor_UL_x,cor_UL_y,cor_LL_x,cor_LL_y,cor_LR_x,cor_LR_y,cor_UR_x,cor_UR_y,Dirty
./data/train/PICAI/11052/,9,0,0.5625,0.5625,3.5999999311235444,60.79035945121457,-5.820239466923283,264.769930290498,138.11146197588522,190.20964054878544,244.82023946692328,-13.769930290498053,100.8885380241148,163.9277114520367,-10.583925645014578,255.54374101065883,52.61135829830266,104.19433053714071,267.7702668968511,12.761086849537726,203.49495821502467,True
./data/train/PICAI/11052/,8,0,0.5625,0.5625,3.5999999311235444,60.79035945121457,-5.820239466923283,264.769930290498,138.11146197588522,190.20964054878544,244.82023946692328,-13.769930290498053,100.8885380241148,163.9277114520367,-10.583925645014578,255.54374101065883,52.61135829830266,104.19433053714071,267.7702668968511,12.761086849537726,203.49495821502467,True
./data/train/PICAI/11052/,10,0,0.5625,0.5625,3.5999999311235444,60.79035945121457,-5.820239466923283,264.769930290498,138.11146197588522,190.20964054878544,244.82023946692328,-13.769930290498053,100.8885380241148,163.9277114520367,-10.583925645014578,255.54374101065883,52.61135829830266,104.19433053714071,267.7702668968511,12.761086849537726,203.49495821502467,True
