path,curFrame,Deleted,pixelSpacingX,pixelSpacingY,pixelSpacingZ,tra_UL_x,tra_UL_y,tra_LL_x,tra_LL_y,tra_LR_x,tra_LR_y,tra_UR_x,tra_UR_y,cor_UL_x,cor_UL_y,cor_LL_x,cor_LL_y,cor_LR_x,cor_LR_y,cor_UR_x,cor_UR_y,Dirty,h_par_cor,h_orth_cor,h_par_tra,h_orth_tra
./data/train/PICAI/10983/,9,0,0.5625,0.5625,3.6000000060604527,74.30895610310301,26.700780224311387,273.11724030616995,188.13270436644825,194.69104389689696,285.2992197756886,-4.11724030616989,123.8672956335518,192.1864458581287,37.3539495478837,267.23802443564944,98.95963559245456,104.8135541418713,297.6460504521164,29.64010622094541,237.03291055918672,True,,,,
./data/train/PICAI/10983/,8,0,0.5625,0.5625,3.6000000060604527,74.30895610310301,26.700780224311387,273.11724030616995,188.13270436644825,194.69104389689696,285.2992197756886,-4.11724030616989,123.8672956335518,192.1864458581287,37.3539495478837,267.23802443564944,98.95963559245456,104.8135541418713,297.6460504521164,29.64010622094541,237.03291055918672,True,,,,
./data/train/PICAI/10983/,-1,0,-1.0,-1.0,-1.0,-1.0,-1.0,-1.0,-1.0,-1.0,-1.0,-1.0,-1.0,-1.0,-1.0,-1.0,-1.0,-1.0,-1.0,-1.0,-1.0,False,80.0,60.0,30.0,160.0
./data/train/PICAI/10983/,10,0,0.5625,0.5625,3.6000000060604527,74.30895610310301,26.700780224311387,273.11724030616995,188.13270436644825,194.69104389689696,285.2992197756886,-4.11724030616989,123.8672956335518,192.1864458581287,37.3539495478837,267.23802443564944,98.95963559245456,104.8135541418713,297.6460504521164,29.64010622094541,237.03291055918672,True,,,,
