path,curFrame,Deleted,pixelSpacingX,pixelSpacingY,pixelSpacingZ,tra_UL_x,tra_UL_y,tra_LL_x,tra_LL_y,tra_LR_x,tra_LR_y,tra_UR_x,tra_UR_y,cor_UL_x,cor_UL_y,cor_LL_x,cor_LL_y,cor_LR_x,cor_LR_y,cor_UR_x,cor_UR_y,Dirty
./data/train/PICAI/10508/,9,0,0.5625,0.5625,3.600000063578272,26.95214298921212,40.30657000678679,271.13453054108146,146.58432689631044,219.04785701078788,265.6934299932132,-23.1173827443314,158.45073022140772,143.51223269790717,24.12664633610333,234.8175768012411,64.7263278394327,126.48776730209283,311.87335366389664,35.18242319875888,271.2736721605673,True
./data/train/PICAI/10508/,10,0,0.5625,0.5625,3.600000063578272,26.95214298921212,40.30657000678679,271.13453054108146,146.58432689631044,219.04785701078788,265.6934299932132,-23.1173827443314,158.45073022140772,143.51223269790717,24.12664633610333,234.8175768012411,64.7263278394327,126.48776730209283,311.87335366389664,35.18242319875888,271.2736721605673,True
./data/train/PICAI/10508/,11,0,0.5625,0.5625,3.600000063578272,26.95214298921212,40.30657000678679,271.13453054108146,146.58432689631044,219.04785701078788,265.6934299932132,-23.1173827443314,158.45073022140772,143.51223269790717,24.12664633610333,234.8175768012411,64.7263278394327,126.48776730209283,311.87335366389664,35.18242319875888,271.2736721605673,True
