path,curFrame,Deleted,pixelSpacingX,pixelSpacingY,pixelSpacingZ,tra_UL_x,tra_UL_y,tra_LL_x,tra_LL_y,tra_LR_x,tra_LR_y,tra_UR_x,tra_UR_y,cor_UL_x,cor_UL_y,cor_LL_x,cor_LL_y,cor_LR_x,cor_LR_y,cor_UR_x,cor_UR_y,Dirty,h_par_cor,h_orth_cor,h_par_tra,h_orth_tra
./data/train/PICAI/10749/,-1,0,-1.0,-1.0,-1.0,-1.0,-1.0,-1.0,-1.0,-1.0,-1.0,-1.0,-1.0,-1.0,-1.0,-1.0,-1.0,-1.0,-1.0,-1.0,-1.0,False,80.0,60.0,30.0,160.0
./data/train/PICAI/10749/,8,0,0.5625,0.5625,3.6000000635782774,67.17372452247392,35.40429721939017,289.25067371292346,179.71586514886184,215.82627547752605,292.5957027806098,-5.2604056441821,148.42330795209816,183.7251156429666,35.91770431488695,268.84533462590844,91.30315655910046,122.27488435703336,315.0822956851131,38.14493344283325,259.8360165418595,True,,,,
./data/train/PICAI/10749/,9,0,0.5625,0.5625,3.6000000635782774,67.17372452247392,35.40429721939017,289.25067371292346,179.71586514886184,215.82627547752605,292.5957027806098,-5.2604056441821,148.42330795209816,183.7251156429666,35.91770431488695,268.84533462590844,91.30315655910046,122.27488435703336,315.0822956851131,38.14493344283325,259.8360165418595,True,,,,
./data/train/PICAI/10749/,10,0,0.5625,0.5625,3.6000000635782774,67.17372452247392,35.40429721939017,289.25067371292346,179.71586514886184,215.82627547752605,292.5957027806098,-5.2604056441821,148.42330795209816,183.7251156429666,35.91770431488695,268.84533462590844,91.30315655910046,122.27488435703336,315.0822956851131,38.14493344283325,259.8360165418595,True,,,,
