path,curFrame,Deleted,pixelSpacingX,pixelSpacingY,pixelSpacingZ,tra_UL_x,tra_UL_y,tra_LL_x,tra_LL_y,tra_LR_x,tra_LR_y,tra_UR_x,tra_UR_y,cor_UL_x,cor_UL_y,cor_LL_x,cor_LL_y,cor_LR_x,cor_LR_y,cor_UR_x,cor_UR_y,Dirty
./data/train/PICAI/10145/,11,0,0.5625,0.5625,2.999999913302364,113.59843325699154,-8.643101909987479,302.00684896117787,204.66013034831352,170.40156674300846,320.64310190998765,-16.127463719606,108.0239099383378,195.0850672073917,-2.402940185699407,303.7232334211604,120.14398487449776,96.91493279260844,302.40294018569944,-11.723233421160272,179.8560151255023,True
./data/train/PICAI/10145/,12,0,0.5625,0.5625,2.999999913302364,113.59843325699154,-8.643101909987479,302.00684896117787,204.66013034831352,170.40156674300846,320.64310190998765,-16.127463719606,108.0239099383378,195.0850672073917,-2.402940185699407,303.7232334211604,120.14398487449776,96.91493279260844,302.40294018569944,-11.723233421160272,179.8560151255023,True
./data/train/PICAI/10145/,13,0,0.5625,0.5625,2.999999913302364,113.59843325699154,-8.643101909987479,302.00684896117787,204.66013034831352,170.40156674300846,320.64310190998765,-16.127463719606,108.0239099383378,195.0850672073917,-2.402940185699407,303.7232334211604,120.14398487449776,96.91493279260844,302.40294018569944,-11.723233421160272,179.8560151255023,True
