path,curFrame,Deleted,pixelSpacingX,pixelSpacingY,pixelSpacingZ,tra_UL_x,tra_UL_y,tra_LL_x,tra_LL_y,tra_LR_x,tra_LR_y,tra_UR_x,tra_UR_y,cor_UL_x,cor_UL_y,cor_LL_x,cor_LL_y,cor_LR_x,cor_LR_y,cor_UR_x,cor_UR_y,Dirty
./data/train/PICAI/11459/,10,0,0.5625,0.5625,3.6,113.23745099469672,0.0139918604118634,294.2954093405697,199.74885541613708,183.7625490053033,299.9860081395881,3.6748863857061167,100.49306647946268,212.83476394691317,23.29361467962022,295.35423912628744,113.9497574175542,94.1652360530869,296.7063853203798,11.64576087371256,206.0502425824457,True
./data/train/PICAI/11459/,11,0,0.5625,0.5625,3.6,110.6252048777504,0.652251793180227,295.1414412380633,197.19679768399143,186.3747951222496,299.3477482068197,2.832928826721769,103.02815337035248,210.4398715757865,22.278901307994943,294.5289464884977,111.4810732564653,96.56012842421356,297.72109869200506,12.471053511502248,208.5189267435346,True
./data/train/PICAI/11459/,12,0,0.5625,0.5625,3.6,110.6252048777504,0.652251793180227,295.1414412380633,197.19679768399143,186.3747951222496,299.3477482068197,2.832928826721769,103.02815337035248,210.4398715757865,22.278901307994943,294.5289464884977,111.4810732564653,96.56012842421356,297.72109869200506,12.471053511502248,208.5189267435346,True
