path,curFrame,Deleted,pixelSpacingX,pixelSpacingY,pixelSpacingZ,tra_UL_x,tra_UL_y,tra_LL_x,tra_LL_y,tra_LR_x,tra_LR_y,tra_UR_x,tra_UR_y,cor_UL_x,cor_UL_y,cor_LL_x,cor_LL_y,cor_LR_x,cor_LR_y,cor_UR_x,cor_UR_y,Dirty
./data/train/PICAI/10595/,8,0,0.5625,0.5625,3.6000000635782774,60.55087016836447,22.433994079778472,288.2098736763384,161.99537169463443,210.4491298316356,289.56600592022147,-16.215351780969968,150.1091567686332,153.42890454124236,18.59896350664434,265.03342271497763,85.63202641748249,126.57109545875764,312.40103649335566,16.065627643658246,244.4779801504169,True
./data/train/PICAI/10595/,7,0,0.5625,0.5625,3.6000000635782774,60.55087016836447,22.433994079778472,288.2098736763384,161.99537169463443,210.4491298316356,289.56600592022147,-16.215351780969968,150.1091567686332,153.42890454124236,18.59896350664434,265.03342271497763,85.63202641748249,126.57109545875764,312.40103649335566,16.065627643658246,244.4779801504169,True
./data/train/PICAI/10595/,9,0,0.5625,0.5625,3.6000000635782774,60.55087016836447,22.433994079778472,288.2098736763384,161.99537169463443,210.4491298316356,289.56600592022147,-16.215351780969968,150.1091567686332,153.42890454124236,18.59896350664434,265.03342271497763,85.63202641748249,126.57109545875764,312.40103649335566,16.065627643658246,244.4779801504169,True
