path,curFrame,Deleted,pixelSpacingX,pixelSpacingY,pixelSpacingZ,tra_UL_x,tra_UL_y,tra_LL_x,tra_LL_y,tra_LR_x,tra_LR_y,tra_UR_x,tra_UR_y,cor_UL_x,cor_UL_y,cor_LL_x,cor_LL_y,cor_LR_x,cor_LR_y,cor_UR_x,cor_UR_y,Dirty,h_par_cor,h_orth_cor,h_par_tra,h_orth_tra
./data/train/PICAI/10679/,8,0,0.5625,0.5625,3.599999909692587,52.521477092017406,21.95483751500771,272.6160509946948,159.6624209612323,200.47852290798252,275.0451624849923,-18.56508550369728,136.39128546025609,164.3753875729772,16.345311869572555,247.74540166220925,68.78042177468528,105.6246124270228,296.6546881304276,21.255968803036183,244.16724226907172,True,,,,
./data/train/PICAI/10679/,9,0,0.5625,0.5625,3.599999909692587,52.521477092017406,21.95483751500771,272.6160509946948,159.6624209612323,200.47852290798252,275.0451624849923,-18.56508550369728,136.39128546025609,164.3753875729772,16.345311869572555,247.74540166220925,68.78042177468528,105.6246124270228,296.6546881304276,21.255968803036183,244.16724226907172,True,,,,
./data/train/PICAI/10679/,-1,0,-1.0,-1.0,-1.0,-1.0,-1.0,-1.0,-1.0,-1.0,-1.0,-1.0,-1.0,-1.0,-1.0,-1.0,-1.0,-1.0,-1.0,-1.0,-1.0,False,80.0,60.0,30.0,160.0
./data/train/PICAI/10679/,10,0,0.5625,0.5625,3.599999909692587,52.521477092017406,21.95483751500771,272.6160509946948,159.6624209612323,200.47852290798252,275.0451624849923,-18.56508550369728,136.39128546025609,164.3753875729772,16.345311869572555,247.74540166220925,68.78042177468528,105.6246124270228,296.6546881304276,21.255968803036183,244.16724226907172,True,,,,
