path,curFrame,Deleted,pixelSpacingX,pixelSpacingY,pixelSpacingZ,tra_UL_x,tra_UL_y,tra_LL_x,tra_LL_y,tra_LR_x,tra_LR_y,tra_UR_x,tra_UR_y,cor_UL_x,cor_UL_y,cor_LL_x,cor_LL_y,cor_LR_x,cor_LR_y,cor_UR_x,cor_UR_y,Dirty,h_par_cor,h_orth_cor,h_par_tra,h_orth_tra
./data/train/PICAI/10289/,15,0,0.254629641771,0.254629641771,3.300000032049965,56.95015234688094,303.2671576477074,737.3928203588405,337.90493397308626,720.049847653119,688.7328423522927,39.6071796411598,654.0950660269139,284.7487507688728,190.67432201951124,550.167371758426,203.86354610601265,515.2512492311271,882.3256779804886,250.82289631031543,868.9972807930274,True,,,,
./data/train/PICAI/10289/,16,0,0.254629641771,0.254629641771,3.300000032049965,60.36430089312137,297.5101690976585,740.0988216404303,344.0180319213455,716.6356991068785,694.4898309023415,36.90117835956994,647.9819680786546,284.8017943809273,188.71558130132564,549.9498071295698,206.53499025464828,503.1982056190726,884.2844186986742,239.0427390220714,866.3431404019467,True,,,,
./data/train/PICAI/10289/,-1,0,-1.0,-1.0,-1.0,-1.0,-1.0,-1.0,-1.0,-1.0,-1.0,-1.0,-1.0,-1.0,-1.0,-1.0,-1.0,-1.0,-1.0,-1.0,-1.0,False,80.0,60.0,30.0,160.0
./data/train/PICAI/10289/,17,0,0.254629641771,0.254629641771,3.300000032049965,82.90969958471175,264.29799678877623,754.0591680747472,381.602689557408,694.0903004152882,727.7020032112238,22.94083192525278,610.397310442592,327.753364411912,179.20646011129435,589.5862331695944,224.64376678898293,472.246635588088,893.7935398887055,211.413614525562,848.3387808045798,True,,,,
