path,curFrame,Deleted,pixelSpacingX,pixelSpacingY,pixelSpacingZ,tra_UL_x,tra_UL_y,tra_LL_x,tra_LL_y,tra_LR_x,tra_LR_y,tra_UR_x,tra_UR_y,cor_UL_x,cor_UL_y,cor_LL_x,cor_LL_y,cor_LR_x,cor_LR_y,cor_UR_x,cor_UR_y,Dirty
./data/train/PICAI/10137/,11,0,0.5625,0.5625,3.6,20.0,66.0,276.0,141.0,235.0,279.0,-19.0,204.0,120.0,35.0,230.0,68.0,154.0,326.0,44.0,294.0,True
./data/train/PICAI/10137/,10,0,0.5625,0.5625,3.6,21.87505405625862,64.14008677383634,276.52713353349856,143.5964799585103,233.12494594374127,280.85991322616366,-19.52743814318572,201.43842485436429,122.54191431896608,34.725469445311234,231.9492313737388,69.64020809357335,151.4580856810339,326.27453055468874,42.033316219823945,292.359639601583,True
./data/train/PICAI/10137/,9,0,0.5625,0.5625,3.6,21.87505405625864,64.14008677383634,276.52713353349856,143.5964799585103,233.12494594374127,280.85991322616366,-19.527438143185748,201.43842485436429,122.54191431896608,34.72546944531126,231.9492313737388,69.64020809357335,151.4580856810339,326.27453055468874,42.03331621982393,292.359639601583,True
./data/train/PICAI/10137/,12,0,0.5625,0.5625,3.6,20.0,66.0,276.0,141.0,235.0,279.0,-19.0,204.0,120.0,35.0,230.0,68.0,154.0,326.0,44.0,294.0,True
