path,curFrame,Deleted,pixelSpacingX,pixelSpacingY,pixelSpacingZ,tra_UL_x,tra_UL_y,tra_LL_x,tra_LL_y,tra_LR_x,tra_LR_y,tra_UR_x,tra_UR_y,cor_UL_x,cor_UL_y,cor_LL_x,cor_LL_y,cor_LR_x,cor_LR_y,cor_UR_x,cor_UR_y,Dirty
./data/train/PICAI/10157/,10,0,0.5625,0.5625,3.5999999576145,11.274321905869073,57.5560449386782,260.1607215656842,135.9177707005243,218.72567809413096,267.44395506132184,-29.1613307386651,189.0473298027732,114.94261884304188,27.262827565743635,216.103183929539,58.75155684116187,135.05738115695812,316.7371724342564,33.896816070461,285.24844315883814,True
./data/train/PICAI/10157/,9,0,0.5625,0.5625,3.5999999576145,11.274321905869073,57.5560449386782,260.1607215656842,135.9177707005243,218.72567809413096,267.44395506132184,-29.1613307386651,189.0473298027732,114.94261884304188,27.262827565743635,216.103183929539,58.75155684116187,135.05738115695812,316.7371724342564,33.896816070461,285.24844315883814,True
./data/train/PICAI/10157/,11,0,0.5625,0.5625,3.5999999576145,11.274321905869073,57.5560449386782,260.1607215656842,135.9177707005243,218.72567809413096,267.44395506132184,-29.1613307386651,189.0473298027732,114.94261884304188,27.262827565743635,216.103183929539,58.75155684116187,135.05738115695812,316.7371724342564,33.896816070461,285.24844315883814,True
