path,curFrame,Deleted,pixelSpacingX,pixelSpacingY,pixelSpacingZ,tra_UL_x,tra_UL_y,tra_LL_x,tra_LL_y,tra_LR_x,tra_LR_y,tra_UR_x,tra_UR_y,cor_UL_x,cor_UL_y,cor_LL_x,cor_LL_y,cor_LR_x,cor_LR_y,cor_UR_x,cor_UR_y,Dirty
./data/train/PICAI/10475/,11,0,0.5625,0.5625,3.5999999479814093,103.84447094668543,-17.104376501866426,318.3940328282082,139.20776472985833,201.15552905331452,298.10437650186645,-12.401486676566918,141.91410461354678,174.22788796590828,-7.723044829336402,294.6061642975147,78.59074657986663,116.77211203409172,320.72304482933646,-3.4842949541096004,233.416707268492,True
./data/train/PICAI/10475/,10,0,0.5625,0.5625,3.5999999479814093,103.84447094668543,-17.104376501866426,318.3940328282082,139.20776472985833,201.15552905331452,298.10437650186645,-12.401486676566918,141.91410461354678,174.22788796590828,-7.723044829336402,294.6061642975147,78.59074657986663,116.77211203409172,320.72304482933646,-3.4842949541096004,233.416707268492,True
./data/train/PICAI/10475/,12,0,0.5625,0.5625,3.5999999479814093,103.84447094668543,-17.104376501866426,318.3940328282082,139.20776472985833,201.15552905331452,298.10437650186645,-12.401486676566918,141.91410461354678,174.22788796590828,-7.723044829336402,294.6061642975147,78.59074657986663,116.77211203409172,320.72304482933646,-3.4842949541096004,233.416707268492,True
