path,curFrame,Deleted,pixelSpacingX,pixelSpacingY,pixelSpacingZ,tra_UL_x,tra_UL_y,tra_LL_x,tra_LL_y,tra_LR_x,tra_LR_y,tra_UR_x,tra_UR_y,cor_UL_x,cor_UL_y,cor_LL_x,cor_LL_y,cor_LR_x,cor_LR_y,cor_UR_x,cor_UR_y,Dirty,h_par_cor,h_orth_cor,h_par_tra,h_orth_tra
./data/train/PICAI/10676/,14,0,0.392857134342,0.392857134342,3.3000000026455,55.96008933913072,175.14578988761855,493.1073144864269,317.2805975387334,422.0399106608693,535.8542101123816,-14.119626145831546,393.8758369263068,252.58951918705947,118.37987327485484,424.8491326674225,175.02460439431513,286.41048081294053,601.6201267251452,113.99443286753733,545.96308394628,True,,,,
./data/train/PICAI/10676/,15,0,0.392857134342,0.392857134342,3.3000000026455,55.96008933913072,175.14578988761855,493.1073144864269,317.2805975387334,422.0399106608693,535.8542101123816,-14.119626145831546,393.8758369263068,252.58951918705947,118.37987327485484,424.8491326674225,175.02460439431513,286.41048081294053,601.6201267251452,113.99443286753733,545.96308394628,True,,,,
./data/train/PICAI/10676/,-1,0,-1.0,-1.0,-1.0,-1.0,-1.0,-1.0,-1.0,-1.0,-1.0,-1.0,-1.0,-1.0,-1.0,-1.0,-1.0,-1.0,-1.0,-1.0,-1.0,False,80.0,60.0,30.0,160.0
./data/train/PICAI/10676/,16,0,0.392857134342,0.392857134342,3.3000000026455,55.96008933913072,175.14578988761855,493.1073144864269,317.2805975387334,422.0399106608693,535.8542101123816,-14.119626145831546,393.8758369263068,252.58951918705947,118.37987327485484,424.8491326674225,175.02460439431513,286.41048081294053,601.6201267251452,113.99443286753733,545.96308394628,True,,,,
