path,curFrame,Deleted,pixelSpacingX,pixelSpacingY,pixelSpacingZ,tra_UL_x,tra_UL_y,tra_LL_x,tra_LL_y,tra_LR_x,tra_LR_y,tra_UR_x,tra_UR_y,cor_UL_x,cor_UL_y,cor_LL_x,cor_LL_y,cor_LR_x,cor_LR_y,cor_UR_x,cor_UR_y,Dirty
./data/train/PICAI/11212/,9,0,0.5625,0.5625,3.599999957614445,53.83583337752678,20.298545135252795,295.4735593664235,154.75005825025966,232.1641666224732,268.70145486474723,-8.564520411079485,133.16659130890096,172.72190687659167,13.785433719650255,264.5330344326853,64.97837128801697,134.27809312340833,297.2145662803498,43.46316026540636,245.9344729692354,True
./data/train/PICAI/11212/,8,0,0.5625,0.5625,3.599999957614445,62.71688833129868,14.381315789042644,294.3871335198912,165.3611074641454,223.28311166870128,274.61868421095744,-7.404738231172161,122.62159243426096,182.5605916994253,15.47149572290897,270.577033157831,72.9441503770924,124.43940830057473,295.5285042770911,37.42281453732531,238.0383972164704,True
./data/train/PICAI/11212/,10,0,0.5625,0.5625,3.599999957614445,53.83583337752678,20.298545135252795,295.4735593664235,154.75005825025966,232.1641666224732,268.70145486474723,-8.564520411079485,133.16659130890096,172.72190687659167,13.785433719650255,264.5330344326853,64.97837128801697,134.27809312340833,297.2145662803498,43.46316026540636,245.9344729692354,True
