path,curFrame,Deleted,pixelSpacingX,pixelSpacingY,pixelSpacingZ,tra_UL_x,tra_UL_y,tra_LL_x,tra_LL_y,tra_LR_x,tra_LR_y,tra_UR_x,tra_UR_y,cor_UL_x,cor_UL_y,cor_LL_x,cor_LL_y,cor_LR_x,cor_LR_y,cor_UR_x,cor_UR_y,Dirty
./data/train/PICAI/10493/,12,0,0.5625,0.5625,4.00040435791014,37.13291682925527,10.843370265364172,300.3039963502322,171.43908285995266,210.8670831707447,318.1566297346359,-52.30399635023237,157.56091714004734,122.1941294083728,7.3909305160126735,272.59369569686555,98.39076820945736,130.80587059162718,332.6090694839873,-20.1234694218289,240.29799580860083,True
./data/train/PICAI/10493/,13,0,0.5625,0.5625,4.00040435791014,37.13291682925527,10.843370265364172,300.3039963502322,171.43908285995266,210.8670831707447,318.1566297346359,-52.30399635023237,157.56091714004734,122.1941294083728,7.3909305160126735,272.59369569686555,98.39076820945736,130.80587059162718,332.6090694839873,-20.1234694218289,240.29799580860083,True
./data/train/PICAI/10493/,14,0,0.5625,0.5625,4.00040435791014,37.13291682925527,10.843370265364172,300.3039963502322,171.43908285995266,210.8670831707447,318.1566297346359,-52.30399635023237,157.56091714004734,122.1941294083728,7.3909305160126735,272.59369569686555,98.39076820945736,130.80587059162718,332.6090694839873,-20.1234694218289,240.29799580860083,True
