path,curFrame,Deleted,pixelSpacingX,pixelSpacingY,pixelSpacingZ,tra_UL_x,tra_UL_y,tra_LL_x,tra_LL_y,tra_LR_x,tra_LR_y,tra_UR_x,tra_UR_y,cor_UL_x,cor_UL_y,cor_LL_x,cor_LL_y,cor_LR_x,cor_LR_y,cor_UR_x,cor_UR_y,Dirty
./data/train/PICAI/11026/,8,0,0.5625,0.5625,3.599999957614445,14.400471305147178,24.06366592573255,261.5392469828687,119.38641009792369,213.5995286948529,244.93633407426745,-33.53924698286855,149.61358990207637,121.05113534012398,-0.7445945672752998,222.5402231027288,38.764455853030896,125.948864659876,287.7445945672752,24.459776897271112,248.23554414696903,True
./data/train/PICAI/11026/,9,0,0.5625,0.5625,3.599999957614445,16.343020583496298,22.34223445857802,261.78054455462825,121.96362687466583,211.65697941650376,246.65776554142195,-33.780544554628136,147.0363731253342,123.56892360484228,-0.765363998212365,224.3530260819212,40.50889781093055,123.4310763951577,287.76536399821225,22.6469739180788,246.4911021890694,True
./data/train/PICAI/11026/,10,0,0.5625,0.5625,3.599999957614445,20.3167601454263,19.002378507821973,262.12803375233113,127.12873032183036,207.6832398545737,249.997621492178,-34.128033752331035,141.87126967816965,128.6036702135852,-0.6750760372644322,227.885926774624,44.09135705884093,118.3963297864148,287.6750760372644,19.11407322537597,242.90864294115903,True
