path,curFrame,Deleted,pixelSpacingX,pixelSpacingY,pixelSpacingZ,tra_UL_x,tra_UL_y,tra_LL_x,tra_LL_y,tra_LR_x,tra_LR_y,tra_UR_x,tra_UR_y,cor_UL_x,cor_UL_y,cor_LL_x,cor_LL_y,cor_LR_x,cor_LR_y,cor_UR_x,cor_UR_y,Dirty
./data/train/PICAI/10587/,14,0,0.392857134342,0.392857134342,3.29999999999997,73.85258987263012,74.81510967444078,482.9810064805301,214.6219003675712,413.1474101273699,421.1848903255592,4.018993519469944,281.37809963242887,249.6948335442761,22.197332414508963,412.7256259932032,77.54135389357111,269.3051664557239,497.802667585491,106.2743740067969,442.4586461064289,True
./data/train/PICAI/10587/,13,0,0.392857134342,0.392857134342,3.29999999999997,73.85258987263012,74.81510967444078,482.9810064805301,214.6219003675712,413.1474101273699,421.1848903255592,4.018993519469944,281.37809963242887,249.6948335442761,22.197332414508963,412.7256259932032,77.54135389357111,269.3051664557239,497.802667585491,106.2743740067969,442.4586461064289,True
./data/train/PICAI/10587/,15,0,0.392857134342,0.392857134342,3.29999999999997,73.85258987263012,74.81510967444078,482.9810064805301,214.6219003675712,413.1474101273699,421.1848903255592,4.018993519469944,281.37809963242887,249.6948335442761,22.197332414508963,412.7256259932032,77.54135389357111,269.3051664557239,497.802667585491,106.2743740067969,442.4586461064289,True
