path,curFrame,Deleted,pixelSpacingX,pixelSpacingY,pixelSpacingZ,tra_UL_x,tra_UL_y,tra_LL_x,tra_LL_y,tra_LR_x,tra_LR_y,tra_UR_x,tra_UR_y,cor_UL_x,cor_UL_y,cor_LL_x,cor_LL_y,cor_LR_x,cor_LR_y,cor_UR_x,cor_UR_y,Dirty
./data/train/PICAI/10832/,11,0,0.5625,0.5625,3.599999947981364,106.97923103597395,16.598760072786575,271.27783818635925,215.6162660576709,169.02076896402608,300.4012399272136,5.642666667093067,101.7744650708184,207.49687551788105,42.139299126875386,282.12989933851395,132.48259857619166,83.50312448211903,295.86070087312453,8.870100661486134,205.5174014238084,True
./data/train/PICAI/10832/,10,0,0.5625,0.5625,3.599999947981364,106.97923103597395,16.598760072786575,271.27783818635925,215.6162660576709,169.02076896402608,300.4012399272136,5.642666667093067,101.7744650708184,207.49687551788105,42.139299126875386,282.12989933851395,132.48259857619166,83.50312448211903,295.86070087312453,8.870100661486134,205.5174014238084,True
./data/train/PICAI/10832/,12,0,0.5625,0.5625,3.599999947981364,106.97923103597395,16.598760072786575,271.27783818635925,215.6162660576709,169.02076896402608,300.4012399272136,5.642666667093067,101.7744650708184,207.49687551788105,42.139299126875386,282.12989933851395,132.48259857619166,83.50312448211903,295.86070087312453,8.870100661486134,205.5174014238084,True
