path,curFrame,Deleted,pixelSpacingX,pixelSpacingY,pixelSpacingZ,tra_UL_x,tra_UL_y,tra_LL_x,tra_LL_y,tra_LR_x,tra_LR_y,tra_UR_x,tra_UR_y,cor_UL_x,cor_UL_y,cor_LL_x,cor_LL_y,cor_LR_x,cor_LR_y,cor_UR_x,cor_UR_y,Dirty
./data/train/PICAI/10326/,9,0,0.5625,0.5625,3.6000000635782783,38.45140562855873,43.52952090886959,289.8153248534246,132.53053276780946,243.54859437144123,262.4704790911304,-6.656868922745503,172.65830765684527,144.76260383447186,28.392195322188822,247.01136620877327,64.69908988677015,162.23739616552814,303.60780467781115,59.17747421588126,266.1424541825508,True
./data/train/PICAI/10326/,8,0,0.5625,0.5625,3.6000000635782783,38.45140562855873,43.52952090886959,289.8153248534246,132.53053276780946,243.54859437144123,262.4704790911304,-6.656868922745503,172.65830765684527,144.76260383447186,28.392195322188822,247.01136620877327,64.69908988677015,162.23739616552814,303.60780467781115,59.17747421588126,266.1424541825508,True
./data/train/PICAI/10326/,10,0,0.5625,0.5625,3.6000000635782783,38.45140562855873,43.52952090886959,289.8153248534246,132.53053276780946,243.54859437144123,262.4704790911304,-6.656868922745503,172.65830765684527,144.76260383447186,28.392195322188822,247.01136620877327,64.69908988677015,162.23739616552814,303.60780467781115,59.17747421588126,266.1424541825508,True
