path,curFrame,Deleted,pixelSpacingX,pixelSpacingY,pixelSpacingZ,tra_UL_x,tra_UL_y,tra_LL_x,tra_LL_y,tra_LR_x,tra_LR_y,tra_UR_x,tra_UR_y,cor_UL_x,cor_UL_y,cor_LL_x,cor_LL_y,cor_LR_x,cor_LR_y,cor_UR_x,cor_UR_y,Dirty
./data/train/PICAI/10788/,9,0,0.5625,0.5625,3.6,54.44030846821676,52.1853780898693,306.80882458189734,144.96539789251324,259.5596915317832,275.81462191013065,7.191175418102688,183.0346021074868,148.27781042037543,30.95954897018754,268.5284882457768,74.64907268619442,181.72218957962457,312.04045102981246,61.33233865326308,267.360659245064,True
./data/train/PICAI/10788/,10,0,0.5625,0.5625,3.6,54.44030846821676,52.1853780898693,306.80882458189734,144.96539789251324,259.5596915317832,275.81462191013065,7.191175418102688,183.0346021074868,148.27781042037543,30.95954897018754,268.5284882457768,74.64907268619442,181.72218957962457,312.04045102981246,61.33233865326308,267.360659245064,True
./data/train/PICAI/10788/,11,0,0.5625,0.5625,3.6,54.44030846821676,52.1853780898693,306.80882458189734,144.96539789251324,259.5596915317832,275.81462191013065,7.191175418102688,183.0346021074868,148.27781042037543,30.95954897018754,268.5284882457768,74.64907268619442,181.72218957962457,312.04045102981246,61.33233865326308,267.360659245064,True
