path,curFrame,Deleted,pixelSpacingX,pixelSpacingY,pixelSpacingZ,tra_UL_x,tra_UL_y,tra_LL_x,tra_LL_y,tra_LR_x,tra_LR_y,tra_UR_x,tra_UR_y,cor_UL_x,cor_UL_y,cor_LL_x,cor_LL_y,cor_LR_x,cor_LR_y,cor_UR_x,cor_UR_y,Dirty
./data/train/PICAI/10856/,9,0,0.5625,0.5625,3.6000000593646897,77.11138482886835,11.754422100225868,288.206845002981,174.78419451581752,198.88861517113165,291.24557789977416,-11.2191566623859,128.37223994922277,177.67938032361047,20.83115031863284,269.66326102206165,92.09801282606416,106.3206196763895,305.16884968136725,14.336738977938367,233.90198717393585,True
./data/train/PICAI/10856/,8,0,0.5625,0.5625,3.6000000593646897,77.11138482886835,11.754422100225868,288.206845002981,174.78419451581752,198.88861517113165,291.24557789977416,-11.2191566623859,128.37223994922277,177.67938032361047,20.83115031863284,269.66326102206165,92.09801282606416,106.3206196763895,305.16884968136725,14.336738977938367,233.90198717393585,True
./data/train/PICAI/10856/,10,0,0.5625,0.5625,3.6000000593646897,77.11138482886835,11.754422100225868,288.206845002981,174.78419451581752,198.88861517113165,291.24557789977416,-11.2191566623859,128.37223994922277,177.67938032361047,20.83115031863284,269.66326102206165,92.09801282606416,106.3206196763895,305.16884968136725,14.336738977938367,233.90198717393585,True
