path,curFrame,Deleted,pixelSpacingX,pixelSpacingY,pixelSpacingZ,tra_UL_x,tra_UL_y,tra_LL_x,tra_LL_y,tra_LR_x,tra_LR_y,tra_UR_x,tra_UR_y,cor_UL_x,cor_UL_y,cor_LL_x,cor_LL_y,cor_LR_x,cor_LR_y,cor_UR_x,cor_UR_y,Dirty
./data/train/PICAI/11408/,8,0,0.5625,0.5625,3.6000000635782774,85.20360903535135,-5.134884764819844,299.8327257779358,153.73720921740892,205.79639096464865,281.13488476481984,-7.851098594488093,122.45359977796768,179.80297189358208,3.869699797090931,282.98642143242466,80.97466553383939,121.1970281064179,300.1303002029091,18.013578567575365,223.0253344661606,True
./data/train/PICAI/11408/,7,0,0.5625,0.5625,3.6000000635782774,85.20360903535135,-5.134884764819844,299.8327257779358,153.73720921740892,205.79639096464865,281.13488476481984,-7.851098594488093,122.45359977796768,179.80297189358208,3.869699797090931,282.98642143242466,80.97466553383939,121.1970281064179,300.1303002029091,18.013578567575365,223.0253344661606,True
./data/train/PICAI/11408/,9,0,0.5625,0.5625,3.6000000635782774,85.20360903535135,-5.134884764819844,299.8327257779358,153.73720921740892,205.79639096464865,281.13488476481984,-7.851098594488093,122.45359977796768,179.80297189358208,3.869699797090931,282.98642143242466,80.97466553383939,121.1970281064179,300.1303002029091,18.013578567575365,223.0253344661606,True
