path,curFrame,Deleted,pixelSpacingX,pixelSpacingY,pixelSpacingZ,tra_UL_x,tra_UL_y,tra_LL_x,tra_LL_y,tra_LR_x,tra_LR_y,tra_UR_x,tra_UR_y,cor_UL_x,cor_UL_y,cor_LL_x,cor_LL_y,cor_LR_x,cor_LR_y,cor_UR_x,cor_UR_y,Dirty,cor_mid_x,cor_mid_y,tra_mid_x,tra_mid_y,Alpha,h_par_cor,h_orth_cor,h_par_tra,h_orth_tra,cor_U_mid_x,cor_U_mid_y,tra_U_mid_x,tra_U_mid_y,tra_L_mid_x,tra_L_mid_y
./data/train/PICAI/10156/,10,0,0.5625,0.5625,3.6000000635782774,93.2657585776424,11.260196231430283,302.3733369080835,201.44366897934057,212.66566154166296,301.07413591752174,3.366520964427963,109.76582518944342,217.83388454026075,3.067315143920837,299.6634215146953,77.73411232528609,107.35648125186232,287.085588858764,25.526944277427987,212.4187916773988,True,200.0,185.0,200.0,185.0,-2.3492980478039964,80.0,60.0,30.0,160.0,125.0,109.0,50.0,33.0,249.0,235.0
./data/train/PICAI/10156/,9,0,0.5625,0.5625,3.6000000635782774,90.74587583612028,8.324174082360173,303.14076533359696,194.82925052005768,215.1855442831851,296.0101580665919,2.5794905851665817,108.38375818918804,217.3470702442021,2.124895551138508,300.4672594755846,75.35219827978374,111.84329554792096,288.0280084515464,28.72310631653866,214.8007057229011,True,200.0,185.0,200.0,185.0,-2.3492980478039964,80.0,60.0,30.0,160.0,125.0,109.0,50.0,33.0,249.0,235.0
./data/train/PICAI/10156/,11,0,0.5625,0.5625,3.6000000635782774,106.93142011930532,8.334332148951848,305.79898987322366,209.20101012677657,211.00000000000003,304.0000000000001,11.999999999999886,101.99999999999996,237.1903657921232,6.152904002684714,315.0000000000002,85.00000000000003,111.99999999999991,284.00000000000017,34.19036579212302,205.15290400268483,True,200.0,185.0,200.0,185.0,-2.3492980478039964,80.0,60.0,30.0,160.0,125.0,109.0,50.0,33.0,249.0,235.0
