path,curFrame,Deleted,pixelSpacingX,pixelSpacingY,pixelSpacingZ,tra_UL_x,tra_UL_y,tra_LL_x,tra_LL_y,tra_LR_x,tra_LR_y,tra_UR_x,tra_UR_y,cor_UL_x,cor_UL_y,cor_LL_x,cor_LL_y,cor_LR_x,cor_LR_y,cor_UR_x,cor_UR_y,Dirty
./data/train/PICAI/11435/,7,0,0.3515625,0.3515625,3.6000000635782783,16.8401214126431,86.68546064092646,453.1472068691433,162.94899832738776,413.15987858735696,394.3145393590736,-22.15101217105152,317.96384592986453,167.02113815257525,30.408832322086937,360.7430736701375,64.65517080271087,287.9788618474248,483.59116767791306,93.34788737451836,450.4281796381285,True
./data/train/PICAI/11435/,8,0,0.3515625,0.3515625,3.6000000635782783,16.8401214126431,86.68546064092646,453.1472068691433,162.94899832738776,413.15987858735696,394.3145393590736,-22.15101217105152,317.96384592986453,167.02113815257525,30.408832322086937,360.7430736701375,64.65517080271087,287.9788618474248,483.59116767791306,93.34788737451836,450.4281796381285,True
./data/train/PICAI/11435/,9,0,0.3515625,0.3515625,3.6000000635782783,16.8401214126431,86.68546064092646,453.1472068691433,162.94899832738776,413.15987858735696,394.3145393590736,-22.15101217105152,317.96384592986453,167.02113815257525,30.408832322086937,360.7430736701375,64.65517080271087,287.9788618474248,483.59116767791306,93.34788737451836,450.4281796381285,True
