path,curFrame,Deleted,pixelSpacingX,pixelSpacingY,pixelSpacingZ,tra_UL_x,tra_UL_y,tra_LL_x,tra_LL_y,tra_LR_x,tra_LR_y,tra_UR_x,tra_UR_y,cor_UL_x,cor_UL_y,cor_LL_x,cor_LL_y,cor_LR_x,cor_LR_y,cor_UR_x,cor_UR_y,Dirty,h_par_cor,h_orth_cor,h_par_tra,h_orth_tra
./data/train/PICAI/11373/,8,0,0.5625,0.5625,3.600000169542089,99.89716581186228,-1.221015087753159,262.1483010620691,206.7370795131044,159.10283418813776,288.221015087753,-3.148301062069237,80.26292048689558,204.69020757354468,33.291148815775585,267.2765713024461,113.01534260407128,57.30979242645522,277.7088511842244,-5.276571302445859,197.98465739592868,True,,,,
./data/train/PICAI/11373/,9,0,0.5625,0.5625,3.600000169542089,99.89716581186228,-1.221015087753159,262.1483010620691,206.7370795131044,159.10283418813776,288.221015087753,-3.148301062069237,80.26292048689558,204.69020757354468,33.291148815775585,267.2765713024461,113.01534260407128,57.30979242645522,277.7088511842244,-5.276571302445859,197.98465739592868,True,,,,
./data/train/PICAI/11373/,-1,0,-1.0,-1.0,-1.0,-1.0,-1.0,-1.0,-1.0,-1.0,-1.0,-1.0,-1.0,-1.0,-1.0,-1.0,-1.0,-1.0,-1.0,-1.0,-1.0,False,80.0,60.0,30.0,160.0
./data/train/PICAI/11373/,10,0,0.5625,0.5625,3.600000169542089,99.89716581186228,-1.221015087753159,262.1483010620691,206.7370795131044,159.10283418813776,288.221015087753,-3.148301062069237,80.26292048689558,204.69020757354468,33.291148815775585,267.2765713024461,113.01534260407128,57.30979242645522,277.7088511842244,-5.276571302445859,197.98465739592868,True,,,,
