path,curFrame,Deleted,pixelSpacingX,pixelSpacingY,pixelSpacingZ,tra_UL_x,tra_UL_y,tra_LL_x,tra_LL_y,tra_LR_x,tra_LR_y,tra_UR_x,tra_UR_y,cor_UL_x,cor_UL_y,cor_LL_x,cor_LL_y,cor_LR_x,cor_LR_y,cor_UR_x,cor_UR_y,Dirty
./data/train/PICAI/10477/,8,0,0.5625,0.5625,3.5999998781416056,58.40823465410576,22.05731921909998,285.9818973815225,200.70565543533263,207.5917653458941,299.9426807809,-19.020635685584253,121.56998192048437,169.26242310131272,27.51797371509693,256.6956088386458,96.28161259365724,89.73757689868724,308.4820262849031,3.265652857292693,239.9940247621597,True
./data/train/PICAI/10477/,9,0,0.5625,0.5625,3.5999998781416056,58.40823465410576,22.05731921909998,285.9818973815225,200.70565543533263,207.5917653458941,299.9426807809,-19.020635685584253,121.56998192048437,169.26242310131272,27.51797371509693,256.6956088386458,96.28161259365724,89.73757689868724,308.4820262849031,3.265652857292693,239.9940247621597,True
./data/train/PICAI/10477/,10,0,0.5625,0.5625,3.5999998781416056,58.40823465410576,22.05731921909998,285.9818973815225,200.70565543533263,207.5917653458941,299.9426807809,-19.020635685584253,121.56998192048437,169.26242310131272,27.51797371509693,256.6956088386458,96.28161259365724,89.73757689868724,308.4820262849031,3.265652857292693,239.9940247621597,True
