path,curFrame,Deleted,pixelSpacingX,pixelSpacingY,pixelSpacingZ,tra_UL_x,tra_UL_y,tra_LL_x,tra_LL_y,tra_LR_x,tra_LR_y,tra_UR_x,tra_UR_y,cor_UL_x,cor_UL_y,cor_LL_x,cor_LL_y,cor_LR_x,cor_LR_y,cor_UR_x,cor_UR_y,Dirty,cor_mid_x,cor_mid_y,tra_mid_x,tra_mid_y,Alpha,h_par_cor,h_orth_cor,h_par_tra,h_orth_tra,cor_U_mid_x,cor_U_mid_y,tra_U_mid_x,tra_U_mid_y,tra_L_mid_x,tra_L_mid_y
./data/train/PICAI/10006/,10,0,0.5625,0.5625,3.5999999708599333,45.47806858186608,7.719976884109627,271.6271961074517,179.0233371171723,197.34170582969432,275.9304321360444,-27.912854953362427,103.5315259723676,170.04554602157248,-10.347980452716,255.2488316788366,54.098897774290975,82.95445397842748,280.347980452716,-1.3588382467360276,214.80205186707303,True,166.0,172.0,166.0,172.0,-2.384224530152191,80.0,60.0,30.0,160.0,88.0,98.0,10.0,25.0,217.0,220.0
./data/train/PICAI/10006/,9,0,0.5625,0.5625,3.5999999708599333,45.47806858186608,7.719976884109627,271.6271961074517,179.0233371171723,197.34170582969432,275.9304321360444,-27.912854953362427,103.5315259723676,170.04554602157248,-10.347980452716,255.2488316788366,54.098897774290975,82.95445397842748,280.347980452716,-1.3588382467360276,214.80205186707303,True,166.0,172.0,166.0,172.0,-2.384224530152191,80.0,60.0,30.0,160.0,88.0,98.0,10.0,25.0,217.0,220.0
./data/train/PICAI/10006/,11,0,0.5625,0.5625,3.5999999708599333,45.47806858186608,7.719976884109627,271.6271961074517,179.0233371171723,197.34170582969432,275.9304321360444,-27.912854953362427,103.5315259723676,170.04554602157248,-10.347980452716,255.2488316788366,54.098897774290975,82.95445397842748,280.347980452716,-1.3588382467360276,214.80205186707303,True,166.0,172.0,166.0,172.0,-2.384224530152191,80.0,60.0,30.0,160.0,88.0,98.0,10.0,25.0,217.0,220.0
