path,curFrame,Deleted,pixelSpacingX,pixelSpacingY,pixelSpacingZ,tra_UL_x,tra_UL_y,tra_LL_x,tra_LL_y,tra_LR_x,tra_LR_y,tra_UR_x,tra_UR_y,cor_UL_x,cor_UL_y,cor_LL_x,cor_LL_y,cor_LR_x,cor_LR_y,cor_UR_x,cor_UR_y,Dirty
./data/train/PICAI/10201/,12,0,0.3125,0.3125,3.300000104037182,-21.30322992847224,269.10090113971785,498.813010711516,295.9168706826199,486.3032299284722,534.8990988602822,-32.81438117676146,508.03079336113706,181.6173681367536,152.93790780333887,371.3527333739841,162.02037323375936,345.3826318632464,660.0620921966611,155.64726662601595,650.9796267662407,True
./data/train/PICAI/10201/,13,0,0.3125,0.3125,3.300000104037182,-21.30322992847224,269.10090113971785,498.813010711516,295.9168706826199,486.3032299284722,534.8990988602822,-32.81438117676146,508.03079336113706,181.6173681367536,152.93790780333887,371.3527333739841,162.02037323375936,345.3826318632464,660.0620921966611,155.64726662601595,650.9796267662407,True
./data/train/PICAI/10201/,14,0,0.3125,0.3125,3.300000104037182,-21.30322992847224,269.10090113971785,498.813010711516,295.9168706826199,486.3032299284722,534.8990988602822,-32.81438117676146,508.03079336113706,181.6173681367536,152.93790780333887,371.3527333739841,162.02037323375936,345.3826318632464,660.0620921966611,155.64726662601595,650.9796267662407,True
