path,curFrame,Deleted,pixelSpacingX,pixelSpacingY,pixelSpacingZ,tra_UL_x,tra_UL_y,tra_LL_x,tra_LL_y,tra_LR_x,tra_LR_y,tra_UR_x,tra_UR_y,cor_UL_x,cor_UL_y,cor_LL_x,cor_LL_y,cor_LR_x,cor_LR_y,cor_UR_x,cor_UR_y,Dirty,h_par_cor,h_orth_cor,h_par_tra,h_orth_tra
./data/train/PICAI/10721/,8,0,0.5625,0.5625,3.600000114543714,21.72730692589134,38.208042751753055,287.66252056833696,153.82578423179967,236.27269307410864,270.79195724824694,-28.66632587024512,155.26137151094798,166.3022782840987,25.23150246944704,255.25036248336195,64.1318664430757,148.69772171590128,306.76849753055296,60.74583221472983,267.955289299672,True,,,,
./data/train/PICAI/10721/,9,0,0.5625,0.5625,3.600000114543714,17.73412377358835,42.02264766821341,287.54233785674546,148.28895283244378,240.26587622641165,266.97735233178656,-28.54370832199081,160.76338312379914,159.38416645861406,25.010059752754728,249.63566901250368,60.78248330449735,151.6158335413859,306.9899402472453,62.36296052225092,271.2698526517456,True,,,,
./data/train/PICAI/10721/,-1,0,-1.0,-1.0,-1.0,-1.0,-1.0,-1.0,-1.0,-1.0,-1.0,-1.0,-1.0,-1.0,-1.0,-1.0,-1.0,-1.0,-1.0,-1.0,-1.0,False,80.0,60.0,30.0,160.0
./data/train/PICAI/10721/,10,0,0.5625,0.5625,3.600000114543714,27.96057120948322,32.753197866695075,287.4803648250892,162.13046295493757,230.03942879051675,276.2468021333049,-28.49009675634749,147.00871014602248,165.65746899477372,25.885096454078337,252.44776518923624,69.38733187339302,133.34253100522625,306.1149035459217,47.54250287950538,262.75184122756707,True,,,,
