path,curFrame,Deleted,pixelSpacingX,pixelSpacingY,pixelSpacingZ,tra_UL_x,tra_UL_y,tra_LL_x,tra_LL_y,tra_LR_x,tra_LR_y,tra_UR_x,tra_UR_y,cor_UL_x,cor_UL_y,cor_LL_x,cor_LL_y,cor_LR_x,cor_LR_y,cor_UR_x,cor_UR_y,Dirty,h_par_cor,h_orth_cor,h_par_tra,h_orth_tra
./data/train/PICAI/11006/,-1,0,-1.0,-1.0,-1.0,-1.0,-1.0,-1.0,-1.0,-1.0,-1.0,-1.0,-1.0,-1.0,-1.0,-1.0,-1.0,-1.0,-1.0,-1.0,-1.0,False,80.0,60.0,30.0,160.0
./data/train/PICAI/11006/,15,0,0.392857134342,0.392857134342,3.3,12.663129326880409,230.5678672843806,427.6978985540776,309.57508424920803,386.3368706731196,525.4321327156194,-27.846803586296065,445.2954745810903,192.43981423956973,134.76631767011983,355.4272484838399,166.39061653143435,266.5601857604302,626.2336823298804,104.7021926858617,595.4604784363471,True,,,,
./data/train/PICAI/11006/,14,0,0.392857134342,0.392857134342,3.3,12.663129326880409,230.5678672843806,427.6978985540776,309.57508424920803,386.3368706731196,525.4321327156194,-27.846803586296065,445.2954745810903,192.43981423956973,134.76631767011983,355.4272484838399,166.39061653143435,266.5601857604302,626.2336823298804,104.7021926858617,595.4604784363471,True,,,,
./data/train/PICAI/11006/,16,0,0.392857134342,0.392857134342,3.3,12.663129326880409,230.5678672843806,427.6978985540776,309.57508424920803,386.3368706731196,525.4321327156194,-27.846803586296065,445.2954745810903,192.43981423956973,134.76631767011983,355.4272484838399,166.39061653143435,266.5601857604302,626.2336823298804,104.7021926858617,595.4604784363471,True,,,,
