path,curFrame,Deleted,pixelSpacingX,pixelSpacingY,pixelSpacingZ,tra_UL_x,tra_UL_y,tra_LL_x,tra_LL_y,tra_LR_x,tra_LR_y,tra_UR_x,tra_UR_y,cor_UL_x,cor_UL_y,cor_LL_x,cor_LL_y,cor_LR_x,cor_LR_y,cor_UR_x,cor_UR_y,Dirty
./data/train/PICAI/10896/,10,0,0.5625,0.5625,3.6000000635782774,54.04347020868087,31.994204524542965,290.7379681689518,158.90249674902844,224.9565297913192,279.00579547545703,-9.883600459818268,152.84671643780337,166.88187747568662,17.368108796525263,273.8266315704452,75.67608056378569,144.1181225243134,316.63189120347465,36.24618457498795,257.94931284279846,True
./data/train/PICAI/10896/,9,0,0.5625,0.5625,3.6000000635782774,43.60441876626476,39.91220869034602,290.45900917143604,145.70829177424483,235.39558123373527,271.087791309654,-9.546399659509971,165.8764516352006,153.79728737903326,16.94550733240129,265.41695898444226,65.71075018733495,157.20271262096676,317.05449266759865,44.62673625959461,267.9968781079423,True
./data/train/PICAI/10896/,11,0,0.5625,0.5625,3.6000000635782774,43.60441876626476,39.91220869034602,290.45900917143604,145.70829177424483,235.39558123373527,271.087791309654,-9.546399659509971,165.8764516352006,153.79728737903326,16.94550733240129,265.41695898444226,65.71075018733495,157.20271262096676,317.05449266759865,44.62673625959461,267.9968781079423,True
