path,curFrame,Deleted,pixelSpacingX,pixelSpacingY,pixelSpacingZ,tra_UL_x,tra_UL_y,tra_LL_x,tra_LL_y,tra_LR_x,tra_LR_y,tra_UR_x,tra_UR_y,cor_UL_x,cor_UL_y,cor_LL_x,cor_LL_y,cor_LR_x,cor_LR_y,cor_UR_x,cor_UR_y,Dirty
./data/train/PICAI/10206/,10,0,0.5625,0.5625,3.5999999576145,37.0,33.0,291.0,132.0,245.0,251.0,-9.0,151.0,158.0,10.0,251.0,46.0,154.0,295.0,61.0,258.0,True
./data/train/PICAI/10206/,9,0,0.5625,0.5625,3.5999999576145,46.89572735795319,24.350580662243274,291.30076214123847,145.11141443123128,235.1042726420468,259.64941933775674,-9.21360639849081,137.892390870677,170.4120827377248,10.716567007421588,259.92058292134146,54.68506021425661,141.5879172622752,294.2834329925784,52.16657282140622,249.31874508765168,True
./data/train/PICAI/10206/,11,0,0.5625,0.5625,3.5999999576145,37.0,33.0,291.0,132.0,245.0,251.0,-9.0,151.0,158.0,10.0,251.0,46.0,154.0,295.0,61.0,258.0,True
