path,curFrame,Deleted,pixelSpacingX,pixelSpacingY,pixelSpacingZ,tra_UL_x,tra_UL_y,tra_LL_x,tra_LL_y,tra_LR_x,tra_LR_y,tra_UR_x,tra_UR_y,cor_UL_x,cor_UL_y,cor_LL_x,cor_LL_y,cor_LR_x,cor_LR_y,cor_UR_x,cor_UR_y,Dirty
./data/train/PICAI/10908/,8,0,0.5625,0.5625,3.5999999576145,-0.198744190607556,80.65642837836104,265.9558252503999,95.74765648186356,258.1987441906076,234.34357162163897,-6.957195715645298,219.2000075618935,91.99220544751049,31.38312297033616,204.519080771181,38.50367982293591,190.0077945524896,296.61687702966384,77.53325518506193,290.49494971181866,True
./data/train/PICAI/10908/,7,0,0.5625,0.5625,3.5999999576145,-0.198744190607556,80.65642837836104,265.9558252503999,95.74765648186356,258.1987441906076,234.34357162163897,-6.957195715645298,219.2000075618935,91.99220544751049,31.38312297033616,204.519080771181,38.50367982293591,190.0077945524896,296.61687702966384,77.53325518506193,290.49494971181866,True
./data/train/PICAI/10908/,9,0,0.5625,0.5625,3.5999999576145,-0.198744190607556,80.65642837836104,265.9558252503999,95.74765648186356,258.1987441906076,234.34357162163897,-6.957195715645298,219.2000075618935,91.99220544751049,31.38312297033616,204.519080771181,38.50367982293591,190.0077945524896,296.61687702966384,77.53325518506193,290.49494971181866,True
