path,curFrame,Deleted,pixelSpacingX,pixelSpacingY,pixelSpacingZ,tra_UL_x,tra_UL_y,tra_LL_x,tra_LL_y,tra_LR_x,tra_LR_y,tra_UR_x,tra_UR_y,cor_UL_x,cor_UL_y,cor_LL_x,cor_LL_y,cor_LR_x,cor_LR_y,cor_UR_x,cor_UR_y,Dirty
./data/train/PICAI/11191/,10,0,0.5625,0.5625,3.0000000529818887,7.773261278619927,94.51506565777112,270.7003987489087,166.392185672974,236.2267387213801,293.4849343422289,-26.700398748908725,221.607814327026,118.81750136263432,56.26523112897533,226.33339751432663,85.6647562050461,156.18249863736568,341.73476887102464,47.77660905357274,311.2361934363179,True
./data/train/PICAI/11191/,9,0,0.5625,0.5625,3.0000000529818887,7.773261278619927,94.51506565777112,270.7003987489087,166.392185672974,236.2267387213801,293.4849343422289,-26.700398748908725,221.607814327026,118.81750136263432,56.26523112897533,226.33339751432663,85.6647562050461,156.18249863736568,341.73476887102464,47.77660905357274,311.2361934363179,True
./data/train/PICAI/11191/,11,0,0.5625,0.5625,3.0000000529818887,7.773261278619927,94.51506565777112,270.7003987489087,166.392185672974,236.2267387213801,293.4849343422289,-26.700398748908725,221.607814327026,118.81750136263432,56.26523112897533,226.33339751432663,85.6647562050461,156.18249863736568,341.73476887102464,47.77660905357274,311.2361934363179,True
