path,curFrame,Deleted,pixelSpacingX,pixelSpacingY,pixelSpacingZ,tra_UL_x,tra_UL_y,tra_LL_x,tra_LL_y,tra_LR_x,tra_LR_y,tra_UR_x,tra_UR_y,cor_UL_x,cor_UL_y,cor_LL_x,cor_LL_y,cor_LR_x,cor_LR_y,cor_UR_x,cor_UR_y,Dirty
./data/train/PICAI/11337/,11,0,0.5625,0.5625,3.0,34.52559368332729,41.07857152121498,296.82556037401014,118.92282290862744,250.4744063166727,272.921428478785,-10.831038478641917,195.18170555464025,121.196824008018,18.027323883658653,256.7176274192491,58.414349557437575,181.803175991982,311.97267611634135,46.28237258075095,271.5856504425624,True
./data/train/PICAI/11337/,10,0,0.5625,0.5625,3.0,34.52559368332729,41.07857152121498,296.82556037401014,118.92282290862744,250.4744063166727,272.921428478785,-10.831038478641917,195.18170555464025,121.196824008018,18.027323883658653,256.7176274192491,58.414349557437575,181.803175991982,311.97267611634135,46.28237258075095,271.5856504425624,True
./data/train/PICAI/11337/,12,0,0.5625,0.5625,3.0,34.52559368332729,41.07857152121498,296.82556037401014,118.92282290862744,250.4744063166727,272.921428478785,-10.831038478641917,195.18170555464025,121.196824008018,18.027323883658653,256.7176274192491,58.414349557437575,181.803175991982,311.97267611634135,46.28237258075095,271.5856504425624,True
