path,curFrame,Deleted,pixelSpacingX,pixelSpacingY,pixelSpacingZ,tra_UL_x,tra_UL_y,tra_LL_x,tra_LL_y,tra_LR_x,tra_LR_y,tra_UR_x,tra_UR_y,cor_UL_x,cor_UL_y,cor_LL_x,cor_LL_y,cor_LR_x,cor_LR_y,cor_UR_x,cor_UR_y,Dirty
./data/train/PICAI/11428/,9,0,0.5625,0.5625,3.599999798668738,3.4737382855370527,74.74856983696003,267.067726613423,88.39442332431356,259.5262617144629,224.25143016304,-3.0701625631632226,210.53582020194236,98.42885852682514,17.91836856754702,206.07504606329996,23.422758530303295,191.5711414731749,289.0816314324529,84.92251798695985,283.5074849959526,True
./data/train/PICAI/11428/,8,0,0.5625,0.5625,3.599999798668738,3.4737382855370527,74.74856983696003,267.067726613423,88.39442332431356,259.5262617144629,224.25143016304,-3.0701625631632226,210.53582020194236,98.42885852682514,17.91836856754702,206.07504606329996,23.422758530303295,191.5711414731749,289.0816314324529,84.92251798695985,283.5074849959526,True
./data/train/PICAI/11428/,10,0,0.5625,0.5625,3.599999798668738,3.4737382855370527,74.74856983696003,267.067726613423,88.39442332431356,259.5262617144629,224.25143016304,-3.0701625631632226,210.53582020194236,98.42885852682514,17.91836856754702,206.07504606329996,23.422758530303295,191.5711414731749,289.0816314324529,84.92251798695985,283.5074849959526,True
