path,curFrame,Deleted,pixelSpacingX,pixelSpacingY,pixelSpacingZ,tra_UL_x,tra_UL_y,tra_LL_x,tra_LL_y,tra_LR_x,tra_LR_y,tra_UR_x,tra_UR_y,cor_UL_x,cor_UL_y,cor_LL_x,cor_LL_y,cor_LR_x,cor_LR_y,cor_UR_x,cor_UR_y,Dirty,h_par_cor,h_orth_cor,h_par_tra,h_orth_tra
./data/train/PICAI/11228/,-1,0,-1.0,-1.0,-1.0,-1.0,-1.0,-1.0,-1.0,-1.0,-1.0,-1.0,-1.0,-1.0,-1.0,-1.0,-1.0,-1.0,-1.0,-1.0,-1.0,False,80.0,60.0,30.0,160.0
./data/train/PICAI/11228/,10,0,0.5625,0.5625,3.599999817934909,15.137220155012471,44.48157551989563,280.39721733840133,136.7915635724817,227.8627798449876,286.5184244801044,-36.41559015495369,194.3992454228949,112.29406268906496,16.769526883600406,240.2067343588976,60.98884874956303,147.70593731093504,327.2304731163996,19.79326564110235,283.01115125043697,True,,,,
./data/train/PICAI/11228/,9,0,0.5625,0.5625,3.599999817934909,15.137220155012471,44.48157551989563,280.39721733840133,136.7915635724817,227.8627798449876,286.5184244801044,-36.41559015495369,194.3992454228949,112.29406268906496,16.769526883600406,240.2067343588976,60.98884874956303,147.70593731093504,327.2304731163996,19.79326564110235,283.01115125043697,True,,,,
./data/train/PICAI/11228/,11,0,0.5625,0.5625,3.599999817934909,15.137220155012471,44.48157551989563,280.39721733840133,136.7915635724817,227.8627798449876,286.5184244801044,-36.41559015495369,194.3992454228949,112.29406268906496,16.769526883600406,240.2067343588976,60.98884874956303,147.70593731093504,327.2304731163996,19.79326564110235,283.01115125043697,True,,,,
