path,curFrame,Deleted,pixelSpacingX,pixelSpacingY,pixelSpacingZ,tra_UL_x,tra_UL_y,tra_LL_x,tra_LL_y,tra_LR_x,tra_LR_y,tra_UR_x,tra_UR_y,cor_UL_x,cor_UL_y,cor_LL_x,cor_LL_y,cor_LR_x,cor_LR_y,cor_UR_x,cor_UR_y,Dirty
./data/train/PICAI/10519/,9,0,0.5625,0.5625,3.6000000635782774,-4.819794200837393,35.93948534128224,250.92129951040351,81.6176309623373,226.8197942008374,214.0605146587177,-26.924040440894345,168.2776971251768,93.85875376487064,-3.7131911802748334,195.87172781242737,12.970727003788468,150.14124623512936,267.71319118027486,48.02360027508675,249.0320139267024,True
./data/train/PICAI/10519/,8,0,0.5625,0.5625,3.6000000635782774,1.6748844491824428,28.07725184560435,253.6066593439498,91.48372468846418,220.3251155508176,221.9227481543957,-29.606963953636978,158.55118012441045,103.39417808362364,-5.345634771608644,203.9948423527989,18.41370757199764,140.6058219163764,269.3456347716087,40.040062460075646,243.5865970376896,True
./data/train/PICAI/10519/,10,0,0.5625,0.5625,3.6000000635782774,-4.819794200837393,35.93948534128224,250.92129951040351,81.6176309623373,226.8197942008374,214.0605146587177,-26.924040440894345,168.2776971251768,93.85875376487064,-3.7131911802748334,195.87172781242737,12.970727003788468,150.14124623512936,267.71319118027486,48.02360027508675,249.0320139267024,True
