path,curFrame,Deleted,pixelSpacingX,pixelSpacingY,pixelSpacingZ,tra_UL_x,tra_UL_y,tra_LL_x,tra_LL_y,tra_LR_x,tra_LR_y,tra_UR_x,tra_UR_y,cor_UL_x,cor_UL_y,cor_LL_x,cor_LL_y,cor_LR_x,cor_LR_y,cor_UR_x,cor_UR_y,Dirty
./data/train/PICAI/11016/,9,0,0.5625,0.5625,3.6000000635782783,-11.680731518757495,55.2500749156263,252.99569204903173,99.45856739574036,231.6807315187575,227.74992508437367,-32.99569204903172,183.54143260425968,105.61981579866382,9.162136022722253,201.58867668145012,25.16144040948864,157.38018420133616,289.83786397727783,62.4099528533044,273.7862236342685,True
./data/train/PICAI/11016/,8,0,0.5625,0.5625,3.6000000635782783,-3.7005233162528697,44.97310738654102,256.1157025540052,112.08144348970384,223.70052331625288,238.02689261345893,-36.11570255400517,170.91855651029616,111.9495484835506,7.440557287801681,206.15878761961216,31.74321684194028,139.0504515164494,291.55944271219835,45.84060320740692,267.29168265476227,True
./data/train/PICAI/11016/,10,0,0.5625,0.5625,3.6000000635782783,-10.156930206215591,53.139589614926194,253.7076372815327,101.96058944597854,230.1569302062156,229.8604103850737,-33.7076372815327,181.03941055402143,104.07299091674284,8.731838665794186,199.74800891430948,26.40359384645761,150.92700908325713,290.268161334206,56.25138191270963,272.5615066568399,True
