path,curFrame,Deleted,pixelSpacingX,pixelSpacingY,pixelSpacingZ,tra_UL_x,tra_UL_y,tra_LL_x,tra_LL_y,tra_LR_x,tra_LR_y,tra_UR_x,tra_UR_y,cor_UL_x,cor_UL_y,cor_LL_x,cor_LL_y,cor_LR_x,cor_LR_y,cor_UR_x,cor_UR_y,Dirty
./data/train/PICAI/10660/,9,0,0.5625,0.5625,3.600000169542111,66.69951430577113,26.98475680489404,259.9503314340676,187.4687799325741,166.30048569422885,300.0152431951059,-26.26470709394624,140.76811911918122,152.57858638813747,34.19390987638087,249.13963064186203,113.46834246612649,82.32982452807556,314.2679654345999,-13.261547205587467,235.2589597823832,True
./data/train/PICAI/10660/,8,0,0.5625,0.5625,3.600000169542111,66.69951430577113,26.98475680489404,259.9503314340676,187.4687799325741,166.30048569422885,300.0152431951059,-26.26470709394624,140.76811911918122,152.57858638813747,34.19390987638087,249.13963064186203,113.46834246612649,82.32982452807556,314.2679654345999,-13.261547205587467,235.2589597823832,True
./data/train/PICAI/10660/,10,0,0.5625,0.5625,3.600000169542111,66.69951430577113,26.98475680489404,259.9503314340676,187.4687799325741,166.30048569422885,300.0152431951059,-26.26470709394624,140.76811911918122,152.57858638813747,34.19390987638087,249.13963064186203,113.46834246612649,82.32982452807556,314.2679654345999,-13.261547205587467,235.2589597823832,True
