path,curFrame,Deleted,pixelSpacingX,pixelSpacingY,pixelSpacingZ,tra_UL_x,tra_UL_y,tra_LL_x,tra_LL_y,tra_LR_x,tra_LR_y,tra_UR_x,tra_UR_y,cor_UL_x,cor_UL_y,cor_LL_x,cor_LL_y,cor_LR_x,cor_LR_y,cor_UR_x,cor_UR_y,Dirty
./data/train/PICAI/10238/,12,0,0.5625,0.5625,4.000404357910117,11.682397671759505,85.34434192850718,300.5661020125848,144.99503652901225,273.3176023282404,276.6556580714928,-14.573555860943458,217.1268328143929,131.04643091936308,46.2933180850969,243.97054492406363,70.2337540931021,190.95356908063687,329.7066819149032,78.02945507593637,305.76624590689795,True
./data/train/PICAI/10238/,11,0,0.5625,0.5625,4.000404357910117,11.682397671759505,85.34434192850718,300.5661020125848,144.99503652901225,273.3176023282404,276.6556580714928,-14.573555860943458,217.1268328143929,131.04643091936308,46.2933180850969,243.97054492406363,70.2337540931021,190.95356908063687,329.7066819149032,78.02945507593637,305.76624590689795,True
./data/train/PICAI/10238/,13,0,0.5625,0.5625,4.000404357910117,8.423753897082946,89.96808125195847,299.2132573101124,139.50054237397185,276.57624610291697,272.0319187480415,-13.217062612020698,222.58661336877583,126.11918594611711,47.42500645229092,239.81001879919128,67.40986384918905,195.8808140538829,328.5749935477091,82.18998120080872,308.590136150811,True
