path,curFrame,Deleted,pixelSpacingX,pixelSpacingY,pixelSpacingZ,tra_UL_x,tra_UL_y,tra_LL_x,tra_LL_y,tra_LR_x,tra_LR_y,tra_UR_x,tra_UR_y,cor_UL_x,cor_UL_y,cor_LL_x,cor_LL_y,cor_LR_x,cor_LR_y,cor_UR_x,cor_UR_y,Dirty
./data/train/PICAI/11343/,9,0,0.5625,0.5625,3.6000000191148467,73.1471017126636,17.22276037950425,290.1762552260263,184.7111078108205,212.8528982873364,283.7772396204958,-2.213000859131057,116.67051017993266,188.66168131798585,20.10785268861551,277.0931408985485,89.2517385821009,119.33831868201416,292.8921473113844,29.73442292262726,224.53907960597024,True
./data/train/PICAI/11343/,8,0,0.5625,0.5625,3.6000000191148467,73.1471017126636,17.22276037950425,290.1762552260263,184.7111078108205,212.8528982873364,283.7772396204958,-2.213000859131057,116.67051017993266,188.66168131798585,20.10785268861551,277.0931408985485,89.2517385821009,119.33831868201416,292.8921473113844,29.73442292262726,224.53907960597024,True
./data/train/PICAI/11343/,10,0,0.5625,0.5625,3.6000000191148467,73.1471017126636,17.22276037950425,290.1762552260263,184.7111078108205,212.8528982873364,283.7772396204958,-2.213000859131057,116.67051017993266,188.66168131798585,20.10785268861551,277.0931408985485,89.2517385821009,119.33831868201416,292.8921473113844,29.73442292262726,224.53907960597024,True
