path,curFrame,Deleted,pixelSpacingX,pixelSpacingY,pixelSpacingZ,tra_UL_x,tra_UL_y,tra_LL_x,tra_LL_y,tra_LR_x,tra_LR_y,tra_UR_x,tra_UR_y,cor_UL_x,cor_UL_y,cor_LL_x,cor_LL_y,cor_LR_x,cor_LR_y,cor_UR_x,cor_UR_y,Dirty
./data/train/PICAI/10004/,10,0,0.5625,0.5625,3.5999999576145,15.0,77.0,296.0,117.0,275,261,-5,221,117.0,29.0,231,45,193,315,79.0,299.0,True
./data/train/PICAI/10004/,9,0,0.5625,0.5625,3.5999999576145,15.0,77.0,296.0,117.0,275,261,-5,221,117.0,29.0,231,45,193,315,79.0,299.0,True
./data/train/PICAI/10004/,11,0,0.5625,0.5625,3.5999999576145,15.0,77.0,296.0,117.0,275,261,-5,221,105.11647227417788,27.33213645953373,231,45,193,315,67.11647227417788,297.3321364595339,True
