path,curFrame,Deleted,pixelSpacingX,pixelSpacingY,pixelSpacingZ,tra_UL_x,tra_UL_y,tra_LL_x,tra_LL_y,tra_LR_x,tra_LR_y,tra_UR_x,tra_UR_y,cor_UL_x,cor_UL_y,cor_LL_x,cor_LL_y,cor_LR_x,cor_LR_y,cor_UR_x,cor_UR_y,Dirty,h_par_cor,h_orth_cor,h_par_tra,h_orth_tra
./data/train/PICAI/10819/,15,0,0.392857134342,0.392857134342,3.2999999999999767,37.46119895949073,182.682300908816,428.0770882305097,308.1264201373051,368.5388010405092,494.317699091184,-22.077088230509588,368.87357986269495,227.1292497341147,122.08501926214004,369.8232306756347,168.13312240506124,239.8707502658853,572.9149807378599,97.17676932436518,526.8668775949386,True,,,,
./data/train/PICAI/10819/,16,0,0.392857134342,0.392857134342,3.2999999999999767,45.84293241459864,174.23221220227725,429.35825825018367,319.94767071380727,360.15706758540125,502.7677877977227,-23.358258250183525,357.0523292861928,238.93528919434203,122.06052335188954,379.0237414830917,175.5135451125225,228.064710805658,572.9394766481104,87.97625851690819,519.4864548874774,True,,,,
./data/train/PICAI/10819/,-1,0,-1.0,-1.0,-1.0,-1.0,-1.0,-1.0,-1.0,-1.0,-1.0,-1.0,-1.0,-1.0,-1.0,-1.0,-1.0,-1.0,-1.0,-1.0,-1.0,False,80.0,60.0,30.0,160.0
./data/train/PICAI/10819/,17,0,0.392857134342,0.392857134342,3.2999999999999767,76.75530340168572,149.43777061295495,429.1409458551446,359.53622132752673,329.24469659831425,527.5622293870449,-23.14094585514448,317.4637786724733,277.99986923258234,126.4292836256165,406.6780433344992,203.39633832954016,189.0001307674176,568.5707163743834,60.32195666550078,491.6036616704599,True,,,,
