path,curFrame,Deleted,pixelSpacingX,pixelSpacingY,pixelSpacingZ,tra_UL_x,tra_UL_y,tra_LL_x,tra_LL_y,tra_LR_x,tra_LR_y,tra_UR_x,tra_UR_y,cor_UL_x,cor_UL_y,cor_LL_x,cor_LL_y,cor_LR_x,cor_LR_y,cor_UR_x,cor_UR_y,Dirty
./data/train/PICAI/10247/,9,0,0.5625,0.5625,3.5999999812257792,29.333237242557544,59.59506109150843,287.3290234383836,129.18797959043033,248.66676275744248,270.40493890849154,-8.330393903629101,200.7596844533267,123.45869653419874,33.0092395497297,239.2388938772091,63.99223332395334,169.5413034658013,319.9907604502703,54.75973565754552,288.9554307198037,True
./data/train/PICAI/10247/,8,0,0.5625,0.5625,3.5999999812257792,29.333237242557544,59.59506109150843,287.3290234383836,129.18797959043033,248.66676275744248,270.40493890849154,-8.330393903629101,200.7596844533267,123.45869653419874,33.0092395497297,239.2388938772091,63.99223332395334,169.5413034658013,319.9907604502703,54.75973565754552,288.9554307198037,True
./data/train/PICAI/10247/,10,0,0.5625,0.5625,3.5999999812257792,29.333237242557544,59.59506109150843,287.3290234383836,129.18797959043033,248.66676275744248,270.40493890849154,-8.330393903629101,200.7596844533267,123.45869653419874,33.0092395497297,239.2388938772091,63.99223332395334,169.5413034658013,319.9907604502703,54.75973565754552,288.9554307198037,True
