path,curFrame,Deleted,pixelSpacingX,pixelSpacingY,pixelSpacingZ,tra_UL_x,tra_UL_y,tra_LL_x,tra_LL_y,tra_LR_x,tra_LR_y,tra_UR_x,tra_UR_y,cor_UL_x,cor_UL_y,cor_LL_x,cor_LL_y,cor_LR_x,cor_LR_y,cor_UR_x,cor_UR_y,Dirty
./data/train/PICAI/10280/,9,0,0.5625,0.5625,3.5999999046325946,38.758730064906615,33.060144677009674,289.6039991341348,130.50064439651328,237.2412699350934,262.9398553229903,-11.628622452944429,165.81222453356716,140.42045352311598,13.121127257398712,250.0937510655511,55.80329925190374,154.57954647688402,300.8788727426012,44.90624893444891,258.19670074809625,True
./data/train/PICAI/10280/,10,0,0.5625,0.5625,3.5999999046325946,27.287897680277865,44.063334669870216,286.9443158148831,114.7495746427752,248.7121023197222,251.9366653301298,-8.947056745373885,181.35509726971063,125.41979855499515,14.649324890438123,238.9537961456976,45.63369822724107,169.58020144500483,299.35067510956185,56.04620385430239,268.3663017727589,True
./data/train/PICAI/10280/,11,0,0.5625,0.5625,3.5999999046325946,29.11870459678461,42.14697212021864,287.5019308117034,117.3540755797336,246.88129540321543,253.8530278797814,-9.50680271118364,178.7854373677546,127.90752331525688,14.285652937912973,240.8834772515336,47.24674867498304,167.09247668474313,299.714347062087,54.11652274846644,266.75325132501695,True
