path,curFrame,Deleted,pixelSpacingX,pixelSpacingY,pixelSpacingZ,tra_UL_x,tra_UL_y,tra_LL_x,tra_LL_y,tra_LR_x,tra_LR_y,tra_UR_x,tra_UR_y,cor_UL_x,cor_UL_y,cor_LL_x,cor_LL_y,cor_LR_x,cor_LR_y,cor_UR_x,cor_UR_y,Dirty
./data/train/PICAI/10388/,10,0,0.5625,0.5625,3.600000169542111,30.02218727010193,26.41880822475234,262.0522963176688,114.8044885998805,211.9778127298981,245.5811917752477,-18.07691963647838,157.5083803302,130.32811607757952,5.294385745200458,224.8241380306534,41.5228529366812,129.67188392242048,290.7056142547996,36.16355030994176,254.63358152835903,True
./data/train/PICAI/10388/,9,0,0.5625,0.5625,3.600000169542111,30.02218727010193,26.41880822475234,262.0522963176688,114.8044885998805,211.9778127298981,245.5811917752477,-18.07691963647838,157.5083803302,130.32811607757952,5.294385745200458,224.8241380306534,41.5228529366812,129.67188392242048,290.7056142547996,36.16355030994176,254.63358152835903,True
./data/train/PICAI/10388/,11,0,0.5625,0.5625,3.600000169542111,30.02218727010193,26.41880822475234,262.0522963176688,114.8044885998805,211.9778127298981,245.5811917752477,-18.07691963647838,157.5083803302,130.32811607757952,5.294385745200458,224.8241380306534,41.5228529366812,129.67188392242048,290.7056142547996,36.16355030994176,254.63358152835903,True
