path,curFrame,Deleted,pixelSpacingX,pixelSpacingY,pixelSpacingZ,tra_UL_x,tra_UL_y,tra_LL_x,tra_LL_y,tra_LR_x,tra_LR_y,tra_UR_x,tra_UR_y,cor_UL_x,cor_UL_y,cor_LL_x,cor_LL_y,cor_LR_x,cor_LR_y,cor_UR_x,cor_UR_y,Dirty
./data/train/PICAI/11042/,10,0,0.5625,0.5625,3.6000000635782783,74.44168504283728,29.986370501086867,289.70040754480794,163.67138232672002,217.55831495716265,280.01362949891313,1.957572311866386,147.26831029406588,164.29962598545603,28.40792743473014,265.0954865568056,90.63488695936964,129.70037401454397,310.5920725652699,28.90451344319452,248.3651130406304,True
./data/train/PICAI/11042/,9,0,0.5625,0.5625,3.6000000635782783,74.44168504283728,29.986370501086867,289.70040754480794,163.67138232672002,217.55831495716265,280.01362949891313,1.957572311866386,147.26831029406588,164.29962598545603,28.40792743473014,265.0954865568056,90.63488695936964,129.70037401454397,310.5920725652699,28.90451344319452,248.3651130406304,True
./data/train/PICAI/11042/,11,0,0.5625,0.5625,3.6000000635782783,74.44168504283728,29.986370501086867,289.70040754480794,163.67138232672002,217.55831495716265,280.01362949891313,1.957572311866386,147.26831029406588,164.29962598545603,28.40792743473014,265.0954865568056,90.63488695936964,129.70037401454397,310.5920725652699,28.90451344319452,248.3651130406304,True
