path,curFrame,Deleted,pixelSpacingX,pixelSpacingY,pixelSpacingZ,tra_UL_x,tra_UL_y,tra_LL_x,tra_LL_y,tra_LR_x,tra_LR_y,tra_UR_x,tra_UR_y,cor_UL_x,cor_UL_y,cor_LL_x,cor_LL_y,cor_LR_x,cor_LR_y,cor_UR_x,cor_UR_y,Dirty,h_par_cor,h_orth_cor,h_par_tra,h_orth_tra
./data/train/PICAI/10734/,10,0,0.5625,0.5625,4.000404357910147,265.02311820077364,242.20797195289,2.6246290241253405,203.56818833791075,20.976881799226334,76.79202804711002,283.27084251260703,116.4263335574575,126.305593017927,23.033024225922816,226.33419059705213,37.56848659742885,187.694406982073,299.9669757740771,88.76485976158384,284.54151997047046,True,,,,
./data/train/PICAI/10734/,9,0,0.5625,0.5625,4.000404357910147,269.1844905592101,235.7084269770256,5.123359367920273,210.85447369034512,16.81550944078994,83.29157302297438,280.8243046758368,109.1441558444094,125.10085705072008,24.829209544577367,225.7530962359604,34.10965926413289,200.89914294928,298.17079045542255,101.2978692550372,287.9440471573554,True,,,,
./data/train/PICAI/10734/,-1,0,-1.0,-1.0,-1.0,-1.0,-1.0,-1.0,-1.0,-1.0,-1.0,-1.0,-1.0,-1.0,-1.0,-1.0,-1.0,-1.0,-1.0,-1.0,-1.0,False,80.0,60.0,30.0,160.0
./data/train/PICAI/10734/,11,0,0.5625,0.5625,4.000404357910147,271.7672581229397,231.2582276502161,6.999595377306036,215.6350152976156,14.232741877060278,87.7417723497839,278.98295221625665,104.36483239754077,118.354202383777,26.235126711787643,219.2690099688235,31.99721054257876,203.645797616223,296.76487328821224,103.74829013277024,290.02039416870207,True,,,,
