path,curFrame,Deleted,pixelSpacingX,pixelSpacingY,pixelSpacingZ,tra_UL_x,tra_UL_y,tra_LL_x,tra_LL_y,tra_LR_x,tra_LR_y,tra_UR_x,tra_UR_y,cor_UL_x,cor_UL_y,cor_LL_x,cor_LL_y,cor_LR_x,cor_LR_y,cor_UR_x,cor_UR_y,Dirty,h_par_cor,h_orth_cor,h_par_tra,h_orth_tra
./data/train/PICAI/10821/,9,0,0.5625,0.5625,3.6,29.51158816225044,52.55994192742058,292.930952927182,135.38649725142267,253.4884118377496,259.44005807257946,-9.003145350666273,175.54618222457344,135.0406579279012,19.80175789218194,247.7722318274793,55.0237999415006,167.9593420720988,304.19824210781803,56.1555757490364,267.90887953449544,True,,,,
./data/train/PICAI/10821/,10,0,0.5625,0.5625,3.6,29.51158816225044,52.55994192742058,292.930952927182,135.38649725142267,253.4884118377496,259.44005807257946,-9.003145350666273,175.54618222457344,135.0406579279012,19.80175789218194,247.7722318274793,55.0237999415006,167.9593420720988,304.19824210781803,56.1555757490364,267.90887953449544,True,,,,
./data/train/PICAI/10821/,-1,0,-1.0,-1.0,-1.0,-1.0,-1.0,-1.0,-1.0,-1.0,-1.0,-1.0,-1.0,-1.0,-1.0,-1.0,-1.0,-1.0,-1.0,-1.0,-1.0,False,80.0,60.0,30.0,160.0
./data/train/PICAI/10821/,11,0,0.5625,0.5625,3.6,29.51158816225044,52.55994192742058,292.930952927182,135.38649725142267,253.4884118377496,259.44005807257946,-9.003145350666273,175.54618222457344,135.0406579279012,19.80175789218194,247.7722318274793,55.0237999415006,167.9593420720988,304.19824210781803,56.1555757490364,267.90887953449544,True,,,,
