path,curFrame,Deleted,pixelSpacingX,pixelSpacingY,pixelSpacingZ,tra_UL_x,tra_UL_y,tra_LL_x,tra_LL_y,tra_LR_x,tra_LR_y,tra_UR_x,tra_UR_y,cor_UL_x,cor_UL_y,cor_LL_x,cor_LL_y,cor_LR_x,cor_LR_y,cor_UR_x,cor_UR_y,Dirty
./data/train/PICAI/10895/,8,0,0.5625,0.5625,3.59999995375674,10.27830442355986,40.42968636357082,259.1110519107323,126.57063933011956,217.7216955764402,247.57031363642915,-30.060086419734745,160.48306709136884,128.4178719955854,12.722897226041226,218.8787183744467,44.500802638765634,131.5821280044146,296.27710277395875,41.06894566931034,265.497826895989,True
./data/train/PICAI/10895/,9,0,0.5625,0.5625,3.59999995375674,10.27830442355986,40.42968636357082,259.1110519107323,126.57063933011956,217.7216955764402,247.57031363642915,-30.060086419734745,160.48306709136884,128.4178719955854,12.722897226041226,218.8787183744467,44.500802638765634,131.5821280044146,296.27710277395875,41.06894566931034,265.497826895989,True
./data/train/PICAI/10895/,10,0,0.5625,0.5625,3.59999995375674,10.27830442355986,40.42968636357082,259.1110519107323,126.57063933011956,217.7216955764402,247.57031363642915,-30.060086419734745,160.48306709136884,128.4178719955854,12.722897226041226,218.8787183744467,44.500802638765634,131.5821280044146,296.27710277395875,41.06894566931034,265.497826895989,True
