path,curFrame,Deleted,pixelSpacingX,pixelSpacingY,pixelSpacingZ,tra_UL_x,tra_UL_y,tra_LL_x,tra_LL_y,tra_LR_x,tra_LR_y,tra_UR_x,tra_UR_y,cor_UL_x,cor_UL_y,cor_LL_x,cor_LL_y,cor_LR_x,cor_LR_y,cor_UR_x,cor_UR_y,Dirty
./data/train/PICAI/10352/,9,0,0.5625,0.5625,3.5999999576145,10.214147184295982,98.87251309321996,262.8789231494292,120.28538273951136,252.785852815704,240.12748690678004,0.1210768505708301,218.71461726048864,110.20509540484208,49.32109415280334,207.08560739638835,57.0130637481582,185.794904595158,302.67890584719663,88.91439260361167,294.98693625184177,True
./data/train/PICAI/10352/,10,0,0.5625,0.5625,3.5999999576145,10.214147184295982,98.87251309321996,262.8789231494292,120.28538273951136,252.785852815704,240.12748690678004,0.1210768505708301,218.71461726048864,110.20509540484208,49.32109415280334,207.08560739638835,57.0130637481582,185.794904595158,302.67890584719663,88.91439260361167,294.98693625184177,True
./data/train/PICAI/10352/,11,0,0.5625,0.5625,3.5999999576145,10.214147184295982,98.87251309321996,262.8789231494292,120.28538273951136,252.785852815704,240.12748690678004,0.1210768505708301,218.71461726048864,110.20509540484208,49.32109415280334,207.08560739638835,57.0130637481582,185.794904595158,302.67890584719663,88.91439260361167,294.98693625184177,True
