path,curFrame,Deleted,pixelSpacingX,pixelSpacingY,pixelSpacingZ,tra_UL_x,tra_UL_y,tra_LL_x,tra_LL_y,tra_LR_x,tra_LR_y,tra_UR_x,tra_UR_y,cor_UL_x,cor_UL_y,cor_LL_x,cor_LL_y,cor_LR_x,cor_LR_y,cor_UR_x,cor_UR_y,Dirty
./data/train/PICAI/10120/,10,0,0.5625,0.5625,3.599999948633818,-5.3964925659353895,108.46467204250315,247.94282936437585,118.81783406625864,242.39649256593532,254.5353279574969,-10.942829364375854,244.1821659337413,90.28447367985656,47.78372751953907,190.80819991702435,51.7812846979846,179.71552632014345,323.2162724804609,78.1244795589717,318.2909077254997,True
./data/train/PICAI/10120/,9,0,0.5625,0.5625,3.599999948633818,-5.3964925659353895,108.46467204250315,247.94282936437585,118.81783406625864,242.39649256593532,254.5353279574969,-10.942829364375854,244.1821659337413,92.28447367985656,47.78372751953907,192.80819991702435,51.7812846979846,181.71552632014345,323.2162724804609,80.1244795589717,318.2909077254997,True
./data/train/PICAI/10120/,11,0,0.5625,0.5625,3.599999948633818,-5.3964925659353895,108.46467204250315,247.94282936437585,118.81783406625864,242.39649256593532,254.5353279574969,-10.942829364375854,244.1821659337413,90.28447367985656,47.78372751953907,190.80819991702435,51.7812846979846,179.71552632014345,323.2162724804609,78.1244795589717,318.2909077254997,True
