path,curFrame,Deleted,pixelSpacingX,pixelSpacingY,pixelSpacingZ,tra_UL_x,tra_UL_y,tra_LL_x,tra_LL_y,tra_LR_x,tra_LR_y,tra_UR_x,tra_UR_y,cor_UL_x,cor_UL_y,cor_LL_x,cor_LL_y,cor_LR_x,cor_LR_y,cor_UR_x,cor_UR_y,Dirty,h_par_cor,h_orth_cor,h_par_tra,h_orth_tra
./data/train/PICAI/10363/,14,0,0.392857134342,0.392857134342,3.299999912441916,107.2705687930969,150.8298524340306,483.502145940546,393.4896973963629,362.72943120690303,581.1701475659694,-12.509599788904666,338.63217194704225,300.79489209154895,147.20767585328895,443.6361218806903,239.3021006157344,203.20510790845103,613.792324146711,60.36387811930968,521.6978993842655,True,,,,
./data/train/PICAI/10363/,15,0,0.392857134342,0.392857134342,3.299999912441916,107.2705687930969,150.8298524340306,483.502145940546,393.4896973963629,362.72943120690303,581.1701475659694,-12.509599788904666,338.63217194704225,300.79489209154895,147.20767585328895,443.6361218806903,239.3021006157344,203.20510790845103,613.792324146711,60.36387811930968,521.6978993842655,True,,,,
./data/train/PICAI/10363/,-1,0,-1.0,-1.0,-1.0,-1.0,-1.0,-1.0,-1.0,-1.0,-1.0,-1.0,-1.0,-1.0,-1.0,-1.0,-1.0,-1.0,-1.0,-1.0,-1.0,False,80.0,60.0,30.0,160.0
./data/train/PICAI/10363/,16,0,0.392857134342,0.392857134342,3.299999912441916,107.2705687930969,150.8298524340306,483.502145940546,393.4896973963629,362.72943120690303,581.1701475659694,-12.509599788904666,338.63217194704225,300.79489209154895,147.20767585328895,443.6361218806903,239.3021006157344,203.20510790845103,613.792324146711,60.36387811930968,521.6978993842655,True,,,,
