path,curFrame,Deleted,pixelSpacingX,pixelSpacingY,pixelSpacingZ,tra_UL_x,tra_UL_y,tra_LL_x,tra_LL_y,tra_LR_x,tra_LR_y,tra_UR_x,tra_UR_y,cor_UL_x,cor_UL_y,cor_LL_x,cor_LL_y,cor_LR_x,cor_LR_y,cor_UR_x,cor_UR_y,Dirty
./data/train/PICAI/10228/,9,0,0.5625,0.5625,3.599998825166869,69.62260718047948,36.960310071109845,289.1514048338629,176.45621323984068,218.3773928195206,289.03968992889025,-1.493424977188596,150.48347938094523,155.12114786765642,24.91276131618229,271.57254427583746,98.60064001013252,133.35835387121824,317.5317651860557,16.906957463037173,243.84388649210536,True
./data/train/PICAI/10228/,10,0,0.5625,0.5625,3.599998825166869,69.62260718047948,36.960310071109845,289.1514048338629,176.45621323984068,218.3773928195206,289.03968992889025,-1.493424977188596,150.48347938094523,155.12114786765642,24.91276131618229,271.57254427583746,98.60064001013252,133.35835387121824,317.5317651860557,16.906957463037173,243.84388649210536,True
./data/train/PICAI/10228/,11,0,0.5625,0.5625,3.599998825166869,69.62260718047948,36.960310071109845,289.1514048338629,176.45621323984068,218.3773928195206,289.03968992889025,-1.493424977188596,150.48347938094523,155.12114786765642,24.91276131618229,271.57254427583746,98.60064001013252,133.35835387121824,317.5317651860557,16.906957463037173,243.84388649210536,True
