path,curFrame,Deleted,pixelSpacingX,pixelSpacingY,pixelSpacingZ,tra_UL_x,tra_UL_y,tra_LL_x,tra_LL_y,tra_LR_x,tra_LR_y,tra_UR_x,tra_UR_y,cor_UL_x,cor_UL_y,cor_LL_x,cor_LL_y,cor_LR_x,cor_LR_y,cor_UR_x,cor_UR_y,Dirty
./data/train/PICAI/11066/,7,0,0.5625,0.5625,3.600000169542111,41.35513495412121,50.64547363631097,270.5654713404577,161.40476983153997,213.6448650458788,280.354526363689,-14.572925188816429,169.71709951186517,144.80780802252974,30.54103972186759,241.66266597804457,76.96724131684623,126.58516855043506,316.7299773410219,29.73031059492016,270.30377574604336,True
./data/train/PICAI/11066/,8,0,0.5625,0.5625,3.600000169542111,41.35513495412121,50.64547363631097,270.5654713404577,161.40476983153997,213.6448650458788,280.354526363689,-14.572925188816429,169.71709951186517,144.80780802252974,30.54103972186759,241.66266597804457,76.96724131684623,126.58516855043506,316.7299773410219,29.73031059492016,270.30377574604336,True
./data/train/PICAI/11066/,9,0,0.5625,0.5625,3.600000169542111,41.35513495412121,50.64547363631097,270.5654713404577,161.40476983153997,213.6448650458788,280.354526363689,-14.572925188816429,169.71709951186517,144.80780802252974,30.54103972186759,241.66266597804457,76.96724131684623,126.58516855043506,316.7299773410219,29.73031059492016,270.30377574604336,True
