path,curFrame,Deleted,pixelSpacingX,pixelSpacingY,pixelSpacingZ,tra_UL_x,tra_UL_y,tra_LL_x,tra_LL_y,tra_LR_x,tra_LR_y,tra_UR_x,tra_UR_y,cor_UL_x,cor_UL_y,cor_LL_x,cor_LL_y,cor_LR_x,cor_LR_y,cor_UR_x,cor_UR_y,Dirty,h_par_cor,h_orth_cor,h_par_tra,h_orth_tra
./data/train/PICAI/11101/,15,0,0.392857134342,0.392857134342,3.299999872843427,24.99173646410333,279.06470236138364,440.90355847490497,303.300137402977,428.00826353589673,515.9352976386164,12.096441525095033,491.699862597023,183.2329883578525,171.53702727373,339.5116418152362,180.19626936221428,314.76701164214745,618.46297272627,158.48835818476374,609.8037306377857,True,,,,
./data/train/PICAI/11101/,16,0,0.392857134342,0.392857134342,3.299999872843427,20.981157574279703,286.16938692348816,437.48542182599147,295.87494513207656,432.0188424257204,508.83061307651184,15.514578174008506,499.1250548679234,175.47430656458818,173.96839048488584,331.9599624795068,177.16831124604747,322.5256934354118,616.031609515114,166.04003752049317,612.8316887539527,True,,,,
./data/train/PICAI/11101/,-1,0,-1.0,-1.0,-1.0,-1.0,-1.0,-1.0,-1.0,-1.0,-1.0,-1.0,-1.0,-1.0,-1.0,-1.0,-1.0,-1.0,-1.0,-1.0,-1.0,False,80.0,60.0,30.0,160.0
./data/train/PICAI/11101/,17,0,0.392857134342,0.392857134342,3.299999872843427,20.981157574279703,286.16938692348816,437.48542182599147,295.87494513207656,432.0188424257204,508.83061307651184,15.514578174008506,499.1250548679234,175.47430656458818,173.96839048488584,331.9599624795068,177.16831124604747,322.5256934354118,616.031609515114,166.04003752049317,612.8316887539527,True,,,,
