path,curFrame,Deleted,pixelSpacingX,pixelSpacingY,pixelSpacingZ,tra_UL_x,tra_UL_y,tra_LL_x,tra_LL_y,tra_LR_x,tra_LR_y,tra_UR_x,tra_UR_y,cor_UL_x,cor_UL_y,cor_LL_x,cor_LL_y,cor_LR_x,cor_LR_y,cor_UR_x,cor_UR_y,Dirty
./data/train/PICAI/10883/,9,0,0.5625,0.5625,3.6,11.516123647631543,72.03760450047824,267.06111202049146,107.93689303820508,248.48387635236844,242.9623954995218,-6.07948483704368,206.8722979664184,105.18425531974228,32.50784349592095,215.12423341530263,47.81147758549962,178.81574468025772,306.49215650407905,69.06657558007393,292.170149597948,True
./data/train/PICAI/10883/,10,0,0.5625,0.5625,3.6,11.516123647631543,72.03760450047824,267.06111202049146,107.93689303820508,248.48387635236844,242.9623954995218,-6.07948483704368,206.8722979664184,105.18425531974228,32.50784349592095,215.12423341530263,47.81147758549962,178.81574468025772,306.49215650407905,69.06657558007393,292.170149597948,True
./data/train/PICAI/10883/,11,0,0.5625,0.5625,3.6,11.516123647631543,72.03760450047824,267.06111202049146,107.93689303820508,248.48387635236844,242.9623954995218,-6.07948483704368,206.8722979664184,105.18425531974228,32.50784349592095,215.12423341530263,47.81147758549962,178.81574468025772,306.49215650407905,69.06657558007393,292.170149597948,True
