path,curFrame,Deleted,pixelSpacingX,pixelSpacingY,pixelSpacingZ,tra_UL_x,tra_UL_y,tra_LL_x,tra_LL_y,tra_LR_x,tra_LR_y,tra_UR_x,tra_UR_y,cor_UL_x,cor_UL_y,cor_LL_x,cor_LL_y,cor_LR_x,cor_LR_y,cor_UR_x,cor_UR_y,Dirty
./data/train/PICAI/10504/,10,0,0.5625,0.5625,3.599999957614444,59.53244081398084,19.53614986506416,292.0292567836567,149.88272850816745,223.4675591860192,273.46385013493585,-9.081592739899577,144.11590102658712,163.63214158737452,12.540271641411325,265.8191089682146,68.96565331940371,135.36785841262548,303.4597283585887,33.23322698802828,246.0357171458417,True
./data/train/PICAI/10504/,9,0,0.5625,0.5625,3.599999957614444,59.53244081398084,19.53614986506416,292.0292567836567,149.88272850816745,223.4675591860192,273.46385013493585,-9.081592739899577,144.11590102658712,163.63214158737452,12.540271641411325,265.8191089682146,68.96565331940371,135.36785841262548,303.4597283585887,33.23322698802828,246.0357171458417,True
./data/train/PICAI/10504/,11,0,0.5625,0.5625,3.599999957614444,59.53244081398084,19.53614986506416,292.0292567836567,149.88272850816745,223.4675591860192,273.46385013493585,-9.081592739899577,144.11590102658712,163.63214158737452,12.540271641411325,265.8191089682146,68.96565331940371,135.36785841262548,303.4597283585887,33.23322698802828,246.0357171458417,True
