path,curFrame,Deleted,pixelSpacingX,pixelSpacingY,pixelSpacingZ,tra_UL_x,tra_UL_y,tra_LL_x,tra_LL_y,tra_LR_x,tra_LR_y,tra_UR_x,tra_UR_y,cor_UL_x,cor_UL_y,cor_LL_x,cor_LL_y,cor_LR_x,cor_LR_y,cor_UR_x,cor_UR_y,Dirty
./data/train/PICAI/11239/,11,0,0.5625,0.5625,3.600000034679091,53.40745119878723,22.726412237806727,286.157098361082,150.49809042130445,208.5925488012128,291.2735877621933,-23.16090366299028,163.5890653214432,142.83282334440116,21.08002279540128,255.85169909634888,83.1665247403957,128.16717665559884,314.9199772045987,15.14830090365109,252.83347525960423,True
./data/train/PICAI/11239/,10,0,0.5625,0.5625,3.600000034679091,53.40745119878723,22.726412237806727,286.157098361082,150.49809042130445,208.5925488012128,291.2735877621933,-23.16090366299028,163.5890653214432,142.83282334440116,21.08002279540128,255.85169909634888,83.1665247403957,128.16717665559884,314.9199772045987,15.14830090365109,252.83347525960423,True
./data/train/PICAI/11239/,12,0,0.5625,0.5625,3.600000034679091,53.40745119878723,22.726412237806727,286.157098361082,150.49809042130445,208.5925488012128,291.2735877621933,-23.16090366299028,163.5890653214432,142.83282334440116,21.08002279540128,255.85169909634888,83.1665247403957,128.16717665559884,314.9199772045987,15.14830090365109,252.83347525960423,True
