path,curFrame,Deleted,pixelSpacingX,pixelSpacingY,pixelSpacingZ,tra_UL_x,tra_UL_y,tra_LL_x,tra_LL_y,tra_LR_x,tra_LR_y,tra_UR_x,tra_UR_y,cor_UL_x,cor_UL_y,cor_LL_x,cor_LL_y,cor_LR_x,cor_LR_y,cor_UR_x,cor_UR_y,Dirty
./data/train/PICAI/10838/,9,0,0.5625,0.5625,3.599999957614445,5.372587611394408,37.23621631492277,258.50629282328765,115.59645677970404,220.6274123886056,238.7637836850772,-32.593448566035335,161.39973791838776,114.42005954268348,1.5338681368218658,213.1182977095013,32.252881512353724,135.57994045731652,287.4661318631781,35.79835184965927,257.6561574429903,True
./data/train/PICAI/10838/,8,0,0.5625,0.5625,3.599999957614445,5.372587611394408,37.23621631492277,258.50629282328765,115.59645677970404,220.6274123886056,238.7637836850772,-32.593448566035335,161.39973791838776,114.42005954268348,1.5338681368218658,213.1182977095013,32.252881512353724,135.57994045731652,287.4661318631781,35.79835184965927,257.6561574429903,True
./data/train/PICAI/10838/,10,0,0.5625,0.5625,3.599999957614445,5.372587611394408,37.23621631492277,258.50629282328765,115.59645677970404,220.6274123886056,238.7637836850772,-32.593448566035335,161.39973791838776,114.42005954268348,1.5338681368218658,213.1182977095013,32.252881512353724,135.57994045731652,287.4661318631781,35.79835184965927,257.6561574429903,True
