path,curFrame,Deleted,pixelSpacingX,pixelSpacingY,pixelSpacingZ,tra_UL_x,tra_UL_y,tra_LL_x,tra_LL_y,tra_LR_x,tra_LR_y,tra_UR_x,tra_UR_y,cor_UL_x,cor_UL_y,cor_LL_x,cor_LL_y,cor_LR_x,cor_LR_y,cor_UR_x,cor_UR_y,Dirty
./data/train/PICAI/11121/,8,0,0.5625,0.5625,3.600000063578272,9.94332353082396,68.89331647864371,268.20503587400344,124.45308553475864,240.05667646917607,256.1066835213563,-17.206406339248844,200.4945785089984,109.57090600553444,25.294346378575057,221.98886305058048,49.44394127824549,166.42909399446555,307.705653621425,54.01113694941952,283.55605872175454,True
./data/train/PICAI/11121/,9,0,0.5625,0.5625,3.600000063578272,9.94332353082396,68.89331647864371,268.20503587400344,124.45308553475864,240.05667646917607,256.1066835213563,-17.206406339248844,200.4945785089984,109.57090600553444,25.294346378575057,221.98886305058048,49.44394127824549,166.42909399446555,307.705653621425,54.01113694941952,283.55605872175454,True
./data/train/PICAI/11121/,10,0,0.5625,0.5625,3.600000063578272,9.94332353082396,68.89331647864371,268.20503587400344,124.45308553475864,240.05667646917607,256.1066835213563,-17.206406339248844,200.4945785089984,109.57090600553444,25.294346378575057,221.98886305058048,49.44394127824549,166.42909399446555,307.705653621425,54.01113694941952,283.55605872175454,True
