path,curFrame,Deleted,pixelSpacingX,pixelSpacingY,pixelSpacingZ,tra_UL_x,tra_UL_y,tra_LL_x,tra_LL_y,tra_LR_x,tra_LR_y,tra_UR_x,tra_UR_y,cor_UL_x,cor_UL_y,cor_LL_x,cor_LL_y,cor_LR_x,cor_LR_y,cor_UR_x,cor_UR_y,Dirty,h_par_cor,h_orth_cor,h_par_tra,h_orth_tra
./data/train/PICAI/10318/,9,0,0.5625,0.5625,3.6000000635782783,35.644765370130784,80.89324502088229,300.95865621535074,125.94365372680528,278.35523462986924,258.10675497911774,12.884909319608964,212.0686579325996,143.4444664393061,31.4047726441635,243.26845001772668,47.99309089934575,196.5555335606939,315.5952273558365,97.71923832286843,298.85047463561403,True,,,,
./data/train/PICAI/10318/,10,0,0.5625,0.5625,3.6000000635782783,35.644765370130784,80.89324502088229,300.95865621535074,125.94365372680528,278.35523462986924,258.10675497911774,12.884909319608964,212.0686579325996,143.4444664393061,31.4047726441635,243.26845001772668,47.99309089934575,196.5555335606939,315.5952273558365,97.71923832286843,298.85047463561403,True,,,,
./data/train/PICAI/10318/,-1,0,-1.0,-1.0,-1.0,-1.0,-1.0,-1.0,-1.0,-1.0,-1.0,-1.0,-1.0,-1.0,-1.0,-1.0,-1.0,-1.0,-1.0,-1.0,-1.0,False,80.0,60.0,30.0,160.0
./data/train/PICAI/10318/,11,0,0.5625,0.5625,3.6000000635782783,35.644765370130784,80.89324502088229,300.95865621535074,125.94365372680528,278.35523462986924,258.10675497911774,12.884909319608964,212.0686579325996,143.4444664393061,31.4047726441635,243.26845001772668,47.99309089934575,196.5555335606939,315.5952273558365,97.71923832286843,298.85047463561403,True,,,,
