path,curFrame,Deleted,pixelSpacingX,pixelSpacingY,pixelSpacingZ,tra_UL_x,tra_UL_y,tra_LL_x,tra_LL_y,tra_LR_x,tra_LR_y,tra_UR_x,tra_UR_y,cor_UL_x,cor_UL_y,cor_LL_x,cor_LL_y,cor_LR_x,cor_LR_y,cor_UR_x,cor_UR_y,Dirty
./data/train/PICAI/10926/,7,0,0.5625,0.5625,3.599999957614445,35.06003554579429,59.64410502106797,301.25739429738195,124.07985747014408,265.93996445420566,270.35589497893204,-0.2573942973820067,205.92014252985592,122.12949564466628,29.144233249730263,254.8322078460884,60.59286027798743,192.94848838800976,317.06977008866386,60.40926474060174,284.60418033772777,True
./data/train/PICAI/10926/,8,0,0.5625,0.5625,3.599999957614445,38.80722616246261,55.67948832686173,302.593649345391,129.36614210050715,262.19277383753735,274.3205116731383,-1.5936493453910998,200.63385789949285,127.17529431486145,27.996157876647203,258.69962635424685,64.05688511791868,187.9026897178146,318.2178454617469,56.57723812682016,281.1464806722615,True
./data/train/PICAI/10926/,9,0,0.5625,0.5625,3.599999957614445,31.453490743650093,63.73708164447452,299.73746458681785,118.84342773018888,269.54650925634985,266.26291835552547,1.2625354131820927,211.15657226981108,117.12683799138526,30.467705080367978,250.8462525413124,57.26591658786651,197.9511460412908,315.7462982580262,64.35962896538126,287.9260378658102,True
