path,curFrame,Deleted,pixelSpacingX,pixelSpacingY,pixelSpacingZ,tra_UL_x,tra_UL_y,tra_LL_x,tra_LL_y,tra_LR_x,tra_LR_y,tra_UR_x,tra_UR_y,cor_UL_x,cor_UL_y,cor_LL_x,cor_LL_y,cor_LR_x,cor_LR_y,cor_UR_x,cor_UR_y,Dirty
./data/train/PICAI/10353/,12,0,0.625,0.625,3.600000034679091,5.472468230104155,81.75610513802455,269.11544025342613,108.83715575852094,256.52753176989586,241.24389486197543,-8.19879069426554,215.0718831968232,105.7857841827595,31.06116227366724,211.29526643773693,41.295865703010776,184.2142158172405,304.9388377263328,78.70473356226309,294.70413429698925,True
./data/train/PICAI/10353/,13,0,0.625,0.625,3.600000034679091,5.472468230104155,81.75610513802455,269.11544025342613,108.83715575852094,256.52753176989586,241.24389486197543,-8.19879069426554,215.0718831968232,105.7857841827595,31.06116227366724,211.29526643773693,41.295865703010776,184.2142158172405,304.9388377263328,78.70473356226309,294.70413429698925,True
./data/train/PICAI/10353/,14,0,0.625,0.625,3.600000034679091,5.472468230104155,81.75610513802455,269.11544025342613,108.83715575852094,256.52753176989586,241.24389486197543,-8.19879069426554,215.0718831968232,105.7857841827595,31.06116227366724,211.29526643773693,41.295865703010776,184.2142158172405,304.9388377263328,78.70473356226309,294.70413429698925,True
