path,curFrame,Deleted,pixelSpacingX,pixelSpacingY,pixelSpacingZ,tra_UL_x,tra_UL_y,tra_LL_x,tra_LL_y,tra_LR_x,tra_LR_y,tra_UR_x,tra_UR_y,cor_UL_x,cor_UL_y,cor_LL_x,cor_LL_y,cor_LR_x,cor_LR_y,cor_UR_x,cor_UR_y,Dirty
./data/train/PICAI/10637/,9,0,0.5625,0.5625,4.000404357910143,26.043424607931087,27.19776886771696,245.4804273118128,139.7517641070536,181.9565753920689,265.80223113228305,-37.4804273118128,153.2482358929464,125.00531258354,9.681579551385056,217.5018548300917,57.61267251234189,96.99468741646,295.3184204486149,3.399094811272392,248.27732091975872,True
./data/train/PICAI/10637/,10,0,0.5625,0.5625,4.000404357910143,26.043424607931087,27.19776886771696,245.4804273118128,139.7517641070536,181.9565753920689,265.80223113228305,-37.4804273118128,153.2482358929464,125.00531258354,9.681579551385056,217.5018548300917,57.61267251234189,96.99468741646,295.3184204486149,3.399094811272392,248.27732091975872,True
./data/train/PICAI/10637/,11,0,0.5625,0.5625,4.000404357910143,26.043424607931087,27.19776886771696,245.4804273118128,139.7517641070536,181.9565753920689,265.80223113228305,-37.4804273118128,153.2482358929464,125.00531258354,9.681579551385056,217.5018548300917,57.61267251234189,96.99468741646,295.3184204486149,3.399094811272392,248.27732091975872,True
