path,curFrame,Deleted,pixelSpacingX,pixelSpacingY,pixelSpacingZ,tra_UL_x,tra_UL_y,tra_LL_x,tra_LL_y,tra_LR_x,tra_LR_y,tra_UR_x,tra_UR_y,cor_UL_x,cor_UL_y,cor_LL_x,cor_LL_y,cor_LR_x,cor_LR_y,cor_UR_x,cor_UR_y,Dirty
./data/train/PICAI/10160/,10,0,0.5625,0.5625,3.599999957614445,82.16331311920423,-8.585671974411525,309.8326383612799,142.8332117350451,220.83668688079567,276.5856719744115,-5.749287920440565,124.25774930961084,179.0391136949744,-3.644803029032943,286.29261427173464,66.97167248504894,134.9608863050256,293.6448030290329,27.794541471013105,222.03213281685927,True
./data/train/PICAI/10160/,9,0,0.5625,0.5625,3.599999957614445,82.16331311920423,-8.585671974411525,309.8326383612799,142.8332117350451,220.83668688079567,276.5856719744115,-5.749287920440565,124.25774930961084,179.0391136949744,-3.644803029032943,286.29261427173464,66.97167248504894,134.9608863050256,293.6448030290329,27.794541471013105,222.03213281685927,True
./data/train/PICAI/10160/,11,0,0.5625,0.5625,3.599999957614445,82.16331311920423,-8.585671974411525,309.8326383612799,142.8332117350451,220.83668688079567,276.5856719744115,-5.749287920440565,124.25774930961084,179.0391136949744,-3.644803029032943,286.29261427173464,66.97167248504894,134.9608863050256,293.6448030290329,27.794541471013105,222.03213281685927,True
