path,curFrame,Deleted,pixelSpacingX,pixelSpacingY,pixelSpacingZ,tra_UL_x,tra_UL_y,tra_LL_x,tra_LL_y,tra_LR_x,tra_LR_y,tra_UR_x,tra_UR_y,cor_UL_x,cor_UL_y,cor_LL_x,cor_LL_y,cor_LR_x,cor_LR_y,cor_UR_x,cor_UR_y,Dirty
./data/train/PICAI/10929/,7,0,0.5625,0.5625,3.5999999187539564,72.41453792694116,26.62467718755485,268.26277507948424,195.75323185601195,176.58546207305884,302.3753228124451,-19.38464442288935,134.23931429562936,176.38277774710411,35.79409606168596,259.2704475987505,107.42952156167502,80.61722225289587,315.20590393831395,-2.270447598750451,243.57047843832493,True
./data/train/PICAI/10929/,8,0,0.5625,0.5625,3.5999999187539564,65.27008238081038,29.539572989620325,269.70142096751863,188.186438082022,183.7299176191896,299.46042701037965,-20.77117744126275,141.81112596823783,169.00551398895075,33.479567186651195,255.5286976642032,100.67881336321588,87.99448601104925,317.52043281334875,1.4713023357968638,250.3211866367841,True
./data/train/PICAI/10929/,9,0,0.5625,0.5625,3.5999999187539564,72.41453792694116,26.62467718755485,268.26277507948424,195.75323185601195,176.58546207305884,302.3753228124451,-19.38464442288935,134.23931429562936,176.38277774710411,35.79409606168596,259.2704475987505,107.42952156167502,80.61722225289587,315.20590393831395,-2.270447598750451,243.57047843832493,True
