path,curFrame,Deleted,pixelSpacingX,pixelSpacingY,pixelSpacingZ,tra_UL_x,tra_UL_y,tra_LL_x,tra_LL_y,tra_LR_x,tra_LR_y,tra_UR_x,tra_UR_y,cor_UL_x,cor_UL_y,cor_LL_x,cor_LL_y,cor_LR_x,cor_LR_y,cor_UR_x,cor_UR_y,Dirty
./data/train/PICAI/11421/,11,0,0.5625,0.5625,3.600000034679091,22.08605128505387,55.419930601126495,272.6453170862537,135.32646551013002,229.9139487149461,269.5800693988735,-19.655049017512027,189.53436138890996,124.80189952994468,26.15370615820248,228.38930601174167,59.057341494969904,147.19810047005532,314.84629384179755,43.61069398825833,281.94265850503,True
./data/train/PICAI/11421/,10,0,0.5625,0.5625,3.600000034679091,22.08605128505387,55.419930601126495,272.6453170862537,135.32646551013002,229.9139487149461,269.5800693988735,-19.655049017512027,189.53436138890996,124.80189952994468,26.15370615820248,228.38930601174167,59.057341494969904,147.19810047005532,314.84629384179755,43.61069398825833,281.94265850503,True
./data/train/PICAI/11421/,12,0,0.5625,0.5625,3.600000034679091,22.08605128505387,55.419930601126495,272.6453170862537,135.32646551013002,229.9139487149461,269.5800693988735,-19.655049017512027,189.53436138890996,124.80189952994468,26.15370615820248,228.38930601174167,59.057341494969904,147.19810047005532,314.84629384179755,43.61069398825833,281.94265850503,True
