path,curFrame,Deleted,pixelSpacingX,pixelSpacingY,pixelSpacingZ,tra_UL_x,tra_UL_y,tra_LL_x,tra_LL_y,tra_LR_x,tra_LR_y,tra_UR_x,tra_UR_y,cor_UL_x,cor_UL_y,cor_LL_x,cor_LL_y,cor_LR_x,cor_LR_y,cor_UR_x,cor_UR_y,Dirty
./data/train/PICAI/11299/,12,0,0.3125,0.3125,3.300000104037227,15.12676572006589,260.8125950848754,534.1722944873552,281.71089804672465,524.8732342799341,531.1874049151246,5.827705512644911,510.28910195327535,201.20688939472603,155.24303080883055,414.6006280003309,162.80030041648428,395.793110605274,655.7569691911694,182.39937199966909,648.1996995835157,True
./data/train/PICAI/11299/,11,0,0.3125,0.3125,3.300000104037227,15.12676572006589,260.8125950848754,534.1722944873552,281.71089804672465,524.8732342799341,531.1874049151246,5.827705512644911,510.28910195327535,201.20688939472603,155.24303080883055,414.6006280003309,162.80030041648428,395.793110605274,655.7569691911694,182.39937199966909,648.1996995835157,True
./data/train/PICAI/11299/,13,0,0.3125,0.3125,3.300000104037227,15.12676572006589,260.8125950848754,534.1722944873552,281.71089804672465,524.8732342799341,531.1874049151246,5.827705512644911,510.28910195327535,201.20688939472603,155.24303080883055,414.6006280003309,162.80030041648428,395.793110605274,655.7569691911694,182.39937199966909,648.1996995835157,True
