path,curFrame,Deleted,pixelSpacingX,pixelSpacingY,pixelSpacingZ,tra_UL_x,tra_UL_y,tra_LL_x,tra_LL_y,tra_LR_x,tra_LR_y,tra_UR_x,tra_UR_y,cor_UL_x,cor_UL_y,cor_LL_x,cor_LL_y,cor_LR_x,cor_LR_y,cor_UR_x,cor_UR_y,Dirty
./data/train/PICAI/11368/,9,0,0.5625,0.5625,3.600000169542111,33.69111909114169,44.06478179635168,293.95730533996345,139.1411316184481,244.3088809088584,274.93521820364833,-14.889984815959451,180.7866759580676,134.92627941832436,25.526385921815688,250.0715202608868,66.59429932520504,160.07372058167564,313.4736140781843,44.85872326536908,271.4081366245351,True
./data/train/PICAI/11368/,8,0,0.5625,0.5625,3.600000169542111,33.69111909114169,44.06478179635168,293.95730533996345,139.1411316184481,244.3088809088584,274.93521820364833,-14.889984815959451,180.7866759580676,134.92627941832436,25.526385921815688,250.0715202608868,66.59429932520504,160.07372058167564,313.4736140781843,44.85872326536908,271.4081366245351,True
./data/train/PICAI/11368/,10,0,0.5625,0.5625,3.600000169542111,33.69111909114169,44.06478179635168,293.95730533996345,139.1411316184481,244.3088809088584,274.93521820364833,-14.889984815959451,180.7866759580676,134.92627941832436,25.526385921815688,250.0715202608868,66.59429932520504,160.07372058167564,313.4736140781843,44.85872326536908,271.4081366245351,True
