path,curFrame,Deleted,pixelSpacingX,pixelSpacingY,pixelSpacingZ,tra_UL_x,tra_UL_y,tra_LL_x,tra_LL_y,tra_LR_x,tra_LR_y,tra_UR_x,tra_UR_y,cor_UL_x,cor_UL_y,cor_LL_x,cor_LL_y,cor_LR_x,cor_LR_y,cor_UR_x,cor_UR_y,Dirty
./data/train/PICAI/10078/,10,0,0.5625,0.5625,3.599999957614445,21.449450061512096,73.90947402148326,280.74665935755706,116.44131211111984,259.5505499384879,242.09052597851672,1.2706407440366263,198.57629260016105,124.33074657155984,35.80466448206917,225.99682231576583,53.186826288313,185.7264657130013,297.52122496988665,83.05952817429278,280.1275691925549,True
./data/train/PICAI/10078/,9,0,0.5625,0.5625,3.599999957614445,21.449450061512096,73.90947402148326,280.74665935755706,116.44131211111984,259.5505499384879,242.09052597851672,1.2706407440366263,198.57629260016105,124.33074657155984,35.80466448206917,225.99682231576583,53.186826288313,185.7264657130013,297.52122496988665,83.05952817429278,280.1275691925549,True
./data/train/PICAI/10078/,11,0,0.5625,0.5625,3.599999957614445,21.449450061512096,73.90947402148326,280.74665935755706,116.44131211111984,259.5505499384879,242.09052597851672,1.2706407440366263,198.57629260016105,124.33074657155984,35.80466448206917,225.99682231576583,53.186826288313,185.7264657130013,297.52122496988665,83.05952817429278,280.1275691925549,True
