path,curFrame,Deleted,pixelSpacingX,pixelSpacingY,pixelSpacingZ,tra_UL_x,tra_UL_y,tra_LL_x,tra_LL_y,tra_LR_x,tra_LR_y,tra_UR_x,tra_UR_y,cor_UL_x,cor_UL_y,cor_LL_x,cor_LL_y,cor_LR_x,cor_LR_y,cor_UR_x,cor_UR_y,Dirty
./data/train/PICAI/10063/,9,0,0.5625,0.5625,3.5999999576145,2.1348221064213107,77.64557130387746,261.024009998113,87.66497212330717,255.8651778935787,225.3544286961225,-3.248961052456991,214.36065781190763,92.30561780724044,28.59886500543439,200.16368512087703,33.46068723244426,189.69438219275963,290.4011349945656,81.83631487912288,285.53931276755566,True
./data/train/PICAI/10063/,8,0,0.5625,0.5625,3.5999999576145,9.0544199981653,66.86958089419923,266.08520804884256,99.41453432860962,248.94558000183468,236.1304191058008,-8.22438114980261,202.59519760264885,103.89970027968266,24.852988296573585,210.923599356648,39.096759790232326,178.10029972031737,294.1470117034263,71.07640064335203,279.9032402097676,True
./data/train/PICAI/10063/,10,0,0.5625,0.5625,3.5999999576145,2.1348221064213107,77.64557130387746,261.024009998113,87.66497212330717,255.8651778935787,225.3544286961225,-3.248961052456991,214.36065781190763,92.30561780724044,28.59886500543439,200.16368512087703,33.46068723244426,189.69438219275963,290.4011349945656,81.83631487912288,285.53931276755566,True
