path,curFrame,Deleted,pixelSpacingX,pixelSpacingY,pixelSpacingZ,tra_UL_x,tra_UL_y,tra_LL_x,tra_LL_y,tra_LR_x,tra_LR_y,tra_UR_x,tra_UR_y,cor_UL_x,cor_UL_y,cor_LL_x,cor_LL_y,cor_LR_x,cor_LR_y,cor_UR_x,cor_UR_y,Dirty
./data/train/PICAI/10922/,9,0,0.5625,0.5625,3.600000169542111,35.779370430540766,51.104344284321954,291.3963927900626,132.57788526574595,251.2206295694592,256.89565571567806,-2.396697399749769,175.45701954712865,128.2129236109085,14.92113209288286,250.8971026116924,53.61357256938659,171.52797145920482,303.2664135708445,48.84379245842098,264.573973094341,True
./data/train/PICAI/10922/,10,0,0.5625,0.5625,3.600000169542111,53.20201698952312,35.5199414912381,292.9266998333071,155.97772013357925,233.79798301047688,272.480058508762,-3.957084327282644,152.36957622175467,151.03313359645506,13.308153371990642,266.1540355439733,70.71625961069228,148.70776147365825,304.87939229173685,33.58685952613993,247.47128605303527,True
./data/train/PICAI/10922/,11,0,0.5625,0.5625,3.600000169542111,35.779370430540766,51.104344284321954,291.3963927900626,132.57788526574595,251.2206295694592,256.89565571567806,-2.396697399749769,175.45701954712865,132.2129236109085,14.92113209288286,254.8971026116924,53.61357256938659,175.52797145920482,303.2664135708445,52.84379245842098,264.573973094341,True
