path,curFrame,Deleted,pixelSpacingX,pixelSpacingY,pixelSpacingZ,tra_UL_x,tra_UL_y,tra_LL_x,tra_LL_y,tra_LR_x,tra_LR_y,tra_UR_x,tra_UR_y,cor_UL_x,cor_UL_y,cor_LL_x,cor_LL_y,cor_LR_x,cor_LR_y,cor_UR_x,cor_UR_y,Dirty
./data/train/PICAI/11095/,8,0,0.5625,0.5625,3.5999999576145,23.96829393656415,34.817916599827896,253.55483942121828,149.11147780264838,193.03170606343585,269.1820834001721,-34.55971132069857,155.02803514483983,127.69736782530347,20.30371877701233,223.59619337751693,68.10973573833355,109.30263217469653,297.6962812229877,13.403806622483032,249.8902642616665,True
./data/train/PICAI/11095/,7,0,0.5625,0.5625,3.5999999576145,23.96829393656415,34.817916599827896,253.55483942121828,149.11147780264838,193.03170606343585,269.1820834001721,-34.55971132069857,155.02803514483983,127.69736782530347,20.30371877701233,223.59619337751693,68.10973573833355,109.30263217469653,297.6962812229877,13.403806622483032,249.8902642616665,True
./data/train/PICAI/11095/,9,0,0.5625,0.5625,3.5999999576145,23.96829393656415,34.817916599827896,253.55483942121828,149.11147780264838,193.03170606343585,269.1820834001721,-34.55971132069857,155.02803514483983,127.69736782530347,20.30371877701233,223.59619337751693,68.10973573833355,109.30263217469653,297.6962812229877,13.403806622483032,249.8902642616665,True
