path,curFrame,Deleted,pixelSpacingX,pixelSpacingY,pixelSpacingZ,tra_UL_x,tra_UL_y,tra_LL_x,tra_LL_y,tra_LR_x,tra_LR_y,tra_UR_x,tra_UR_y,cor_UL_x,cor_UL_y,cor_LL_x,cor_LL_y,cor_LR_x,cor_LR_y,cor_UR_x,cor_UR_y,Dirty,h_par_cor,h_orth_cor,h_par_tra,h_orth_tra,cor_mid_x,cor_mid_y,tra_mid_x,tra_mid_y,Alpha,cor_U_mid_x,cor_U_mid_y,tra_U_mid_x,tra_U_mid_y,tra_L_mid_x,tra_L_mid_y
./data/train/PICAI/11452/,10,0,0.3125,0.3125,-1.0,225.06314634448165,145.5515890637988,562.0631463444824,531.5515890637986,396,677,59,291,455,144,582,289,195,626,68,481,True,80.0,60.0,30.0,160.0,389.0,458.0,389.0,458.0,-2.2874505248021566,262.0,313.0,136.0,168.0,473.0,554.0
./data/train/PICAI/11452/,11,0,0.3125,0.3125,-1.0,225.06314634448165,145.5515890637988,562.0631463444824,531.5515890637986,396,677,59,291,455,144,582,289,195,626,68,481,True,80.0,60.0,30.0,160.0,389.0,458.0,389.0,458.0,-2.2874505248021566,262.0,313.0,136.0,168.0,473.0,554.0
./data/train/PICAI/11452/,12,0,0.3125,0.3125,-1.0,225.06314634448165,145.5515890637988,562.0631463444824,531.5515890637986,396,677,59,291,455,144,582,289,195,626,68,481,True,80.0,60.0,30.0,160.0,389.0,458.0,389.0,458.0,-2.2874505248021566,262.0,313.0,136.0,168.0,473.0,554.0
