path,curFrame,Deleted,pixelSpacingX,pixelSpacingY,pixelSpacingZ,tra_UL_x,tra_UL_y,tra_LL_x,tra_LL_y,tra_LR_x,tra_LR_y,tra_UR_x,tra_UR_y,cor_UL_x,cor_UL_y,cor_LL_x,cor_LL_y,cor_LR_x,cor_LR_y,cor_UR_x,cor_UR_y,Dirty,h_par_cor,h_orth_cor,h_par_tra,h_orth_tra,cor_mid_x,cor_mid_y,tra_mid_x,tra_mid_y,Alpha,cor_U_mid_x,cor_U_mid_y,tra_U_mid_x,tra_U_mid_y,tra_L_mid_x,tra_L_mid_y
./data/train/PICAI/10490/,13,0,0.254629641771,0.254629641771,-1.0,99.64054124471079,215.22091773414925,679.1700999267373,457.2363937141285,579.5782806337997,696.6202618285554,0.048721951773416095,454.6047858485761,384.43131036316606,144.01506168977141,602.5841656168132,235.45537962820222,360.56868963683394,814.9849383102286,142.41583438318685,723.5446203717979,True,80.0,60.0,30.0,160.0,485.0,518.0,485.0,518.0,-2.8159510682465063,261.0,442.0,38.0,367.0,633.0,568.0
./data/train/PICAI/10490/,14,0,0.254629641771,0.254629641771,-1.0,97.33583577508315,220.7606228434731,676.8653944571096,462.77609882345234,579.5782806337997,696.6202618285554,0.048721951773416095,454.6047858485761,384.43131036316606,144.01506168977141,602.5841656168132,235.45537962820222,360.56868963683394,814.9849383102286,142.41583438318685,723.5446203717979,True,80.0,60.0,30.0,160.0,485.0,518.0,485.0,518.0,-2.8159510682465063,261.0,442.0,38.0,367.0,633.0,568.0
./data/train/PICAI/10490/,15,0,0.254629641771,0.254629641771,-1.0,98.87230608816824,217.06748610392387,678.4018647701947,459.0829620839031,579.5782806337997,696.6202618285554,0.048721951773416095,454.6047858485761,384.43131036316606,144.01506168977141,602.5841656168132,235.45537962820222,360.56868963683394,814.9849383102286,142.41583438318685,723.5446203717979,True,80.0,60.0,30.0,160.0,485.0,518.0,485.0,518.0,-2.8159510682465063,261.0,442.0,38.0,367.0,633.0,568.0
./data/train/PICAI/10490/,-1,0,-1.0,-1.0,-1.0,-1.0,-1.0,-1.0,-1.0,-1.0,-1.0,-1.0,-1.0,-1.0,-1.0,-1.0,-1.0,-1.0,-1.0,-1.0,-1.0,False,80.0,60.0,30.0,160.0,,,,,,,,,,,
