path,curFrame,Deleted,pixelSpacingX,pixelSpacingY,pixelSpacingZ,tra_UL_x,tra_UL_y,tra_LL_x,tra_LL_y,tra_LR_x,tra_LR_y,tra_UR_x,tra_UR_y,cor_UL_x,cor_UL_y,cor_LL_x,cor_LL_y,cor_LR_x,cor_LR_y,cor_UR_x,cor_UR_y,Dirty
./data/train/PICAI/10298/,9,0,0.5625,0.5625,3.789473684210526,27.323102118536667,38.29379291692746,281.85558507990424,111.22674238094623,240.67689788146333,255.7062070830725,-12.858021029644476,182.8430140927979,121.01824790022349,12.114915678163015,237.98445803753947,45.355037310209525,164.98175209977651,300.88508432183704,48.08529843620468,266.64739863953065,True
./data/train/PICAI/10298/,8,0,0.5625,0.5625,3.789473684210526,27.323102118536667,38.29379291692746,281.85558507990424,111.22674238094623,240.67689788146333,255.7062070830725,-12.858021029644476,182.8430140927979,121.01824790022349,12.114915678163015,237.98445803753947,45.355037310209525,164.98175209977651,300.88508432183704,48.08529843620468,266.64739863953065,True
./data/train/PICAI/10298/,10,0,0.5625,0.5625,3.789473684210526,27.323102118536667,38.29379291692746,281.85558507990424,111.22674238094623,240.67689788146333,255.7062070830725,-12.858021029644476,182.8430140927979,121.01824790022349,12.114915678163015,237.98445803753947,45.355037310209525,164.98175209977651,300.88508432183704,48.08529843620468,266.64739863953065,True
