path,curFrame,Deleted,pixelSpacingX,pixelSpacingY,pixelSpacingZ,tra_UL_x,tra_UL_y,tra_LL_x,tra_LL_y,tra_LR_x,tra_LR_y,tra_UR_x,tra_UR_y,cor_UL_x,cor_UL_y,cor_LL_x,cor_LL_y,cor_LR_x,cor_LR_y,cor_UR_x,cor_UR_y,Dirty
./data/train/PICAI/10304/,10,0,0.5625,0.5625,4.000404190319252,13.261268897458123,3.882068491640865,279.0840379563011,86.36391770641687,235.7387311025419,226.1179315083591,-29.00068751546175,142.727043338239,127.72890994420854,-25.539969049246963,232.31716055682915,6.698173480862621,150.27109005579143,267.539969049247,45.682839443170806,235.30182651913736,True
./data/train/PICAI/10304/,9,0,0.5625,0.5625,4.000404190319252,13.261268897458123,3.882068491640865,279.0840379563011,86.36391770641687,235.7387311025419,226.1179315083591,-29.00068751546175,142.727043338239,127.72890994420854,-25.539969049246963,232.31716055682915,6.698173480862621,150.27109005579143,267.539969049247,45.682839443170806,235.30182651913736,True
./data/train/PICAI/10304/,11,0,0.5625,0.5625,4.000404190319252,13.261268897458123,3.882068491640865,279.0840379563011,86.36391770641687,235.7387311025419,226.1179315083591,-29.00068751546175,142.727043338239,127.72890994420854,-25.539969049246963,232.31716055682915,6.698173480862621,150.27109005579143,267.539969049247,45.682839443170806,235.30182651913736,True
