path,curFrame,Deleted,pixelSpacingX,pixelSpacingY,pixelSpacingZ,tra_UL_x,tra_UL_y,tra_LL_x,tra_LL_y,tra_LR_x,tra_LR_y,tra_UR_x,tra_UR_y,cor_UL_x,cor_UL_y,cor_LL_x,cor_LL_y,cor_LR_x,cor_LR_y,cor_UR_x,cor_UR_y,Dirty
./data/train/PICAI/10654/,9,0,0.5625,0.5625,3.599999997350928,98.65057956221352,-25.89779384719245,288.16988523871726,158.4834220504584,188.3494204377864,259.8977938471925,0.0670138130381872,74.83095360942028,189.58226816654064,-3.6424724554960335,272.74654393813137,76.38066941850717,83.4177318334593,268.6424724554961,1.4903551136239628,187.93370624137145,True
./data/train/PICAI/10654/,8,0,0.5625,0.5625,3.599999997350928,96.16349996896687,-25.09329950709169,288.87183685650507,155.95226628792938,190.83650003103304,259.09329950709173,-0.6470919851133488,77.34062693088406,187.1981697173192,-4.548150616175519,271.7463755632682,74.01138660389134,85.80183028268078,269.5481506161756,2.4783693081234617,190.28150661492205,True
./data/train/PICAI/10654/,10,0,0.5625,0.5625,3.599999997350928,106.19073682020088,-28.049194692630152,285.80054562769743,165.9980072458021,180.80926317979907,262.0491946926302,2.470541102359136,67.38204233305574,196.63466724410705,-0.6777826645290759,275.49688161455106,83.58817217246406,76.36533275589292,265.6777826645291,-1.225794884494519,180.79187740639367,True
