path,curFrame,Deleted,pixelSpacingX,pixelSpacingY,pixelSpacingZ,tra_UL_x,tra_UL_y,tra_LL_x,tra_LL_y,tra_LR_x,tra_LR_y,tra_UR_x,tra_UR_y,cor_UL_x,cor_UL_y,cor_LL_x,cor_LL_y,cor_LR_x,cor_LR_y,cor_UR_x,cor_UR_y,Dirty
./data/train/PICAI/11473/,9,0,0.5625,0.5625,3.599999847997088,67.89782658340899,24.199584290040946,298.6633959014952,164.63908022084922,225.102173416591,284.80041570995905,-3.738024274719777,145.49799677689887,167.96177802183897,21.73200141843779,270.7947688699691,85.05953092360937,137.03822197816103,306.2679985815621,34.20523113003085,242.94046907639063,True
./data/train/PICAI/11473/,10,0,0.5625,0.5625,3.599999847997088,65.6357422612213,25.59122675179799,298.8171720281939,161.98191855967167,227.3642577387787,283.408773248202,-3.872248914927809,148.1213828875688,165.47650418389114,21.483824289432107,269.39905085302564,83.00702555368325,139.52349581610886,306.51617571056784,35.600949146974315,244.99297444631677,True
./data/train/PICAI/11473/,11,0,0.5625,0.5625,3.599999847997088,59.0,30.0,299.0,154.0,234.0,279.0,-4.0,156.0,158.0,21.0,265.0,77.0,147.0,307.0,40.0,251.0,True
