path,curFrame,Deleted,pixelSpacingX,pixelSpacingY,pixelSpacingZ,tra_UL_x,tra_UL_y,tra_LL_x,tra_LL_y,tra_LR_x,tra_LR_y,tra_UR_x,tra_UR_y,cor_UL_x,cor_UL_y,cor_LL_x,cor_LL_y,cor_LR_x,cor_LR_y,cor_UR_x,cor_UR_y,Dirty
./data/train/PICAI/10283/,10,0,0.5625,0.5625,3.6000001937818453,107.42406410972492,-21.978270989207942,301.1914654554438,172.98376166260675,170.57593589027505,301.9782709892079,-22.230203759505315,107.29187569321029,173.3993495102692,-8.400768849024734,293.53201457229886,112.2532343398654,95.54490910533976,309.3144077577034,-24.587755956690057,188.66040456881325,True
./data/train/PICAI/10283/,11,0,0.5625,0.5625,3.6000001937818453,107.42406410972492,-21.978270989207942,301.1914654554438,172.98376166260675,170.57593589027505,301.9782709892079,-22.230203759505315,107.29187569321029,173.3993495102692,-8.400768849024734,293.53201457229886,112.2532343398654,95.54490910533976,309.3144077577034,-24.587755956690057,188.66040456881325,True
./data/train/PICAI/10283/,12,0,0.5625,0.5625,3.6000001937818453,107.42406410972492,-21.978270989207942,301.1914654554438,172.98376166260675,170.57593589027505,301.9782709892079,-22.230203759505315,107.29187569321029,173.3993495102692,-8.400768849024734,293.53201457229886,112.2532343398654,95.54490910533976,309.3144077577034,-24.587755956690057,188.66040456881325,True
