path,curFrame,Deleted,pixelSpacingX,pixelSpacingY,pixelSpacingZ,tra_UL_x,tra_UL_y,tra_LL_x,tra_LL_y,tra_LR_x,tra_LR_y,tra_UR_x,tra_UR_y,cor_UL_x,cor_UL_y,cor_LL_x,cor_LL_y,cor_LR_x,cor_LR_y,cor_UR_x,cor_UR_y,Dirty
./data/train/PICAI/10378/,9,0,0.5625,0.5625,3.6000000635782774,67.35796008447817,39.76371066510313,308.12683904638715,156.19114267073354,245.64203991552185,285.2362893348969,4.786005210865255,169.8050520273582,160.768499413103,26.55328303700708,272.4922317108485,80.49591591177222,158.23150058689697,319.446716962993,45.51157359105967,265.4169283454802,True
./data/train/PICAI/10378/,8,0,0.5625,0.5625,3.6000000635782774,67.35796008447817,39.76371066510313,308.12683904638715,156.19114267073354,245.64203991552185,285.2362893348969,4.786005210865255,169.8050520273582,160.768499413103,26.55328303700708,272.4922317108485,80.49591591177222,158.23150058689697,319.446716962993,45.51157359105967,265.4169283454802,True
./data/train/PICAI/10378/,10,0,0.5625,0.5625,3.6000000635782774,67.35796008447817,39.76371066510313,308.12683904638715,156.19114267073354,245.64203991552185,285.2362893348969,4.786005210865255,169.8050520273582,160.768499413103,26.55328303700708,272.4922317108485,80.49591591177222,158.23150058689697,319.446716962993,45.51157359105967,265.4169283454802,True
