path,curFrame,Deleted,pixelSpacingX,pixelSpacingY,pixelSpacingZ,tra_UL_x,tra_UL_y,tra_LL_x,tra_LL_y,tra_LR_x,tra_LR_y,tra_UR_x,tra_UR_y,cor_UL_x,cor_UL_y,cor_LL_x,cor_LL_y,cor_LR_x,cor_LR_y,cor_UR_x,cor_UR_y,Dirty
./data/train/PICAI/10609/,9,0,0.5625,0.5625,3.599999960509818,44.95863130719606,32.780939761874464,279.5986064653239,166.74019497700797,218.041368692804,274.2190602381255,-15.608338396582129,140.3989781239521,160.8725530769765,30.109917034077057,250.5105367387248,82.09098940716463,126.12744692302353,298.89008296592294,36.3502901603152,247.8992786615769,True
./data/train/PICAI/10609/,8,0,0.5625,0.5625,3.599999960509818,44.95863130719606,32.780939761874464,279.5986064653239,166.74019497700797,218.041368692804,274.2190602381255,-15.608338396582129,140.3989781239521,160.8725530769765,30.109917034077057,250.5105367387248,82.09098940716463,126.12744692302353,298.89008296592294,36.3502901603152,247.8992786615769,True
./data/train/PICAI/10609/,10,0,0.5625,0.5625,3.599999960509818,44.95863130719606,32.780939761874464,279.5986064653239,166.74019497700797,218.041368692804,274.2190602381255,-15.608338396582129,140.3989781239521,160.8725530769765,30.109917034077057,250.5105367387248,82.09098940716463,126.12744692302353,298.89008296592294,36.3502901603152,247.8992786615769,True
