path,curFrame,Deleted,pixelSpacingX,pixelSpacingY,pixelSpacingZ,tra_UL_x,tra_UL_y,tra_LL_x,tra_LL_y,tra_LR_x,tra_LR_y,tra_UR_x,tra_UR_y,cor_UL_x,cor_UL_y,cor_LL_x,cor_LL_y,cor_LR_x,cor_LR_y,cor_UR_x,cor_UR_y,Dirty
./data/train/PICAI/10478/,12,0,0.625,0.625,3.599999933547492,52.82488227362275,51.72532844129688,289.8107665829841,174.19447001626716,232.1751177263772,287.27467155870306,-3.8291393995363294,164.9963389791094,167.78885619734862,39.78709106781474,262.19055904771403,88.69842409965224,143.21114380265138,318.2129089321852,48.809440952286,269.30157590034776,True
./data/train/PICAI/10478/,11,0,0.625,0.625,3.599999933547492,52.82488227362275,51.72532844129688,289.8107665829841,174.19447001626716,232.1751177263772,287.27467155870306,-3.8291393995363294,164.9963389791094,167.78885619734862,39.78709106781474,262.19055904771403,88.69842409965224,143.21114380265138,318.2129089321852,48.809440952286,269.30157590034776,True
./data/train/PICAI/10478/,13,0,0.625,0.625,3.599999933547492,52.82488227362275,51.72532844129688,289.8107665829841,174.19447001626716,232.1751177263772,287.27467155870306,-3.8291393995363294,164.9963389791094,167.78885619734862,39.78709106781474,262.19055904771403,88.69842409965224,143.21114380265138,318.2129089321852,48.809440952286,269.30157590034776,True
