path,curFrame,Deleted,pixelSpacingX,pixelSpacingY,pixelSpacingZ,tra_UL_x,tra_UL_y,tra_LL_x,tra_LL_y,tra_LR_x,tra_LR_y,tra_UR_x,tra_UR_y,cor_UL_x,cor_UL_y,cor_LL_x,cor_LL_y,cor_LR_x,cor_LR_y,cor_UR_x,cor_UR_y,Dirty
./data/train/PICAI/10273/,9,0,0.5625,0.5625,3.5999999342436872,15.999999999999943,49.99999999999994,268.0,121.99999999999994,226.00000000000006,272.0,-25.000000000000085,199.99999999999994,102.99999999999997,23.99999999999997,224.0,57.99999999999993,152.0,310.0000000000001,31.999999999999957,276.00000000000006,True
./data/train/PICAI/10273/,10,0,0.5625,0.5625,3.5999999342436872,14.078774894040407,51.84940851355529,267.2969673369355,119.44043614262002,227.9212251059596,270.1505914864447,-24.297119641779148,202.5421114509426,100.50803734813684,24.44936355034946,222.08299028092785,56.33244400675542,154.49196265186313,309.5506364496506,33.9168574142285,277.6501035868073,True
./data/train/PICAI/10273/,11,0,0.5625,0.5625,3.5999999342436872,1.573638575567827,65.69341997049253,261.1416551675684,101.92109947794908,240.42636142443217,256.30658002950753,-18.151387098826746,219.93972742109077,83.33667887854213,28.801407143477036,207.89100062891436,45.630576264522475,171.66332112145784,305.1985928565231,48.09926743982713,288.23025063451746,True
