path,curFrame,Deleted,pixelSpacingX,pixelSpacingY,pixelSpacingZ,tra_UL_x,tra_UL_y,tra_LL_x,tra_LL_y,tra_LR_x,tra_LR_y,tra_UR_x,tra_UR_y,cor_UL_x,cor_UL_y,cor_LL_x,cor_LL_y,cor_LR_x,cor_LR_y,cor_UR_x,cor_UR_y,Dirty
./data/train/PICAI/11388/,11,0,0.5625,0.5625,3.600000034679091,52.776798690346055,30.4539013863849,281.6659585741976,178.85454992831254,212.223201309654,284.546098613615,-14.702704207302332,136.52706806244055,177.19030482289412,33.00328476438753,259.6492546830759,85.70548194776903,119.80969517710588,301.99671523561244,37.54155431230059,248.31289086878337,True
./data/train/PICAI/11388/,12,0,0.5625,0.5625,3.600000034679091,52.776798690346055,30.4539013863849,281.6659585741976,178.85454992831254,212.223201309654,284.546098613615,-14.702704207302332,136.52706806244055,177.19030482289412,33.00328476438753,259.6492546830759,85.70548194776903,119.80969517710588,301.99671523561244,37.54155431230059,248.31289086878337,True
./data/train/PICAI/11388/,13,0,0.5625,0.5625,3.600000034679091,52.776798690346055,30.4539013863849,281.6659585741976,178.85454992831254,212.223201309654,284.546098613615,-14.702704207302332,136.52706806244055,177.19030482289412,33.00328476438753,259.6492546830759,85.70548194776903,119.80969517710588,301.99671523561244,37.54155431230059,248.31289086878337,True
