path,curFrame,Deleted,pixelSpacingX,pixelSpacingY,pixelSpacingZ,tra_UL_x,tra_UL_y,tra_LL_x,tra_LL_y,tra_LR_x,tra_LR_y,tra_UR_x,tra_UR_y,cor_UL_x,cor_UL_y,cor_LL_x,cor_LL_y,cor_LR_x,cor_LR_y,cor_UR_x,cor_UR_y,Dirty
./data/train/PICAI/11036/,8,0,0.5625,0.5625,3.6000000635782783,27.608654203332875,40.49368238563446,255.15712327073672,142.83963601879367,197.3913457966671,271.5063176143655,-29.267129838636063,170.25941433984227,122.2746286610243,22.5427226647044,225.02997525106173,68.53553457223288,115.72537133897568,314.45727733529554,12.9700247489383,268.4644654277671,True
./data/train/PICAI/11036/,9,0,0.5625,0.5625,3.6000000635782783,19.758131843122328,46.6967709041845,253.89159710385303,132.9204361301667,205.24186815687764,265.3032290958155,-27.927105773536383,180.11385419355491,112.08518684598474,22.66984070829156,217.7985229524405,61.38276580112749,125.91481315401526,314.3301592917084,20.20147704755952,275.6172341988725,True
./data/train/PICAI/11036/,10,0,0.5625,0.5625,3.6000000635782783,27.608654203332875,40.49368238563446,255.15712327073672,142.83963601879367,197.3913457966671,271.5063176143655,-29.267129838636063,170.25941433984227,122.2746286610243,22.5427226647044,225.02997525106173,68.53553457223288,115.72537133897568,314.45727733529554,12.9700247489383,268.4644654277671,True
