path,curFrame,Deleted,pixelSpacingX,pixelSpacingY,pixelSpacingZ,tra_UL_x,tra_UL_y,tra_LL_x,tra_LL_y,tra_LR_x,tra_LR_y,tra_UR_x,tra_UR_y,cor_UL_x,cor_UL_y,cor_LL_x,cor_LL_y,cor_LR_x,cor_LR_y,cor_UR_x,cor_UR_y,Dirty
./data/train/PICAI/11054/,10,0,0.5625,0.5625,3.6000000635783334,-5.404871848146826,102.14683238064305,263.2805086160447,97.13022747166077,265.40487184814674,227.8531676193569,-1.42614090691103,232.12055934150737,64.07005287292966,41.843581958304696,171.02348887941315,39.61590909025142,176.92994712707025,297.1564180416953,69.04932726602001,299.75869750316474,True
./data/train/PICAI/11054/,9,0,0.5625,0.5625,3.6000000635783334,-5.404871848146826,102.14683238064305,263.2805086160447,97.13022747166077,265.40487184814674,227.8531676193569,-1.42614090691103,232.12055934150737,64.07005287292966,41.843581958304696,171.02348887941315,39.61590909025142,176.92994712707025,297.1564180416953,69.04932726602001,299.75869750316474,True
./data/train/PICAI/11054/,8,0,0.5625,0.5625,3.6000000635783334,-5.404871848146826,102.14683238064305,263.2805086160447,97.13022747166077,265.40487184814674,227.8531676193569,-1.42614090691103,232.12055934150737,64.07005287292966,41.843581958304696,171.02348887941315,39.61590909025142,176.92994712707025,297.1564180416953,69.04932726602001,299.75869750316474,True
