path,curFrame,Deleted,pixelSpacingX,pixelSpacingY,pixelSpacingZ,tra_UL_x,tra_UL_y,tra_LL_x,tra_LL_y,tra_LR_x,tra_LR_y,tra_UR_x,tra_UR_y,cor_UL_x,cor_UL_y,cor_LL_x,cor_LL_y,cor_LR_x,cor_LR_y,cor_UR_x,cor_UR_y,Dirty
./data/train/PICAI/11013/,10,0,0.5625,0.5625,3.600000063578291,116.15536816352336,-14.454454234548876,303.6430826090651,193.863468498919,159.84463183647665,324.4544542345492,-27.643082609064976,116.13653150108108,167.97726573326747,-5.656884682121422,290.5876104626881,130.64580477258392,78.32229197905747,322.7614849474285,-44.871004851725615,187.3774070485676,True
./data/train/PICAI/11013/,11,0,0.5625,0.5625,3.600000063578291,116.15536816352336,-14.454454234548876,303.6430826090651,193.863468498919,159.84463183647665,324.4544542345492,-27.643082609064976,116.13653150108108,167.97726573326747,-5.656884682121422,290.5876104626881,130.64580477258392,78.32229197905747,322.7614849474285,-44.871004851725615,187.3774070485676,True
./data/train/PICAI/11013/,12,0,0.5625,0.5625,3.600000063578291,116.15536816352336,-14.454454234548876,303.6430826090651,193.863468498919,159.84463183647665,324.4544542345492,-27.643082609064976,116.13653150108108,167.97726573326747,-5.656884682121422,290.5876104626881,130.64580477258392,78.32229197905747,322.7614849474285,-44.871004851725615,187.3774070485676,True
