path,curFrame,Deleted,pixelSpacingX,pixelSpacingY,pixelSpacingZ,tra_UL_x,tra_UL_y,tra_LL_x,tra_LL_y,tra_LR_x,tra_LR_y,tra_UR_x,tra_UR_y,cor_UL_x,cor_UL_y,cor_LL_x,cor_LL_y,cor_LR_x,cor_LR_y,cor_UR_x,cor_UR_y,Dirty,h_par_cor,h_orth_cor,h_par_tra,h_orth_tra
./data/train/PICAI/10809/,-1,0,-1.0,-1.0,-1.0,-1.0,-1.0,-1.0,-1.0,-1.0,-1.0,-1.0,-1.0,-1.0,-1.0,-1.0,-1.0,-1.0,-1.0,-1.0,-1.0,False,80.0,60.0,30.0,160.0
./data/train/PICAI/10809/,13,0,0.392857134342,0.392857134342,3.299999872843417,-16.16272570911198,356.3234271367234,408.99694248546496,242.02444839816465,465.1627257091119,449.6765728632766,40.295429219257954,564.9318563577982,123.66844248850776,218.23865387462104,273.3575381863918,177.7025634224119,389.3315575114922,611.7613461253791,240.598766569571,652.0050648728654,True,,,,
./data/train/PICAI/10809/,14,0,0.392857134342,0.392857134342,3.299999872843417,-18.832476534353816,373.22491202937925,397.3184303675948,229.546720626905,467.83247653435376,432.7750879706208,52.03993758195068,577.386859799592,108.26663581166125,227.9838156785335,254.763441666454,177.10468563149777,400.7333641883386,602.0161843214667,255.17013876004307,652.5369464189569,True,,,,
./data/train/PICAI/10809/,15,0,0.392857134342,0.392857134342,3.299999872843417,-15.31145308960106,352.13039250147364,411.7782534605146,245.2688813810686,464.31145308960106,453.8696074985264,37.49738389530259,561.6923803148695,127.12263236182795,215.95039125128287,277.4963820113523,178.03290957933953,385.877367638172,614.0496087487172,236.46487968458584,651.6914530648435,True,,,,
