path,curFrame,Deleted,pixelSpacingX,pixelSpacingY,pixelSpacingZ,tra_UL_x,tra_UL_y,tra_LL_x,tra_LL_y,tra_LR_x,tra_LR_y,tra_UR_x,tra_UR_y,cor_UL_x,cor_UL_y,cor_LL_x,cor_LL_y,cor_LR_x,cor_LR_y,cor_UR_x,cor_UR_y,Dirty
./data/train/PICAI/10259/,13,0,0.625,0.625,3.500000124392304,74.8701633610082,75.8739128519403,272.0056844827602,257.9826339831792,188.12983663899183,348.1260871480595,-8.07850062819358,166.39197261023676,184.81622075391465,92.5732074440151,266.6336844856399,167.6924634873747,100.18377924608542,347.42679255598495,18.740922107775987,271.3803526580584,True
./data/train/PICAI/10259/,12,0,0.625,0.625,3.500000124392304,74.8701633610082,75.8739128519403,272.0056844827602,257.9826339831792,188.12983663899183,348.1260871480595,-8.07850062819358,166.39197261023676,184.81622075391465,92.5732074440151,266.6336844856399,167.6924634873747,100.18377924608542,347.42679255598495,18.740922107775987,271.3803526580584,True
./data/train/PICAI/10259/,14,0,0.625,0.625,3.500000124392304,74.8701633610082,75.8739128519403,272.0056844827602,257.9826339831792,188.12983663899183,348.1260871480595,-8.07850062819358,166.39197261023676,184.81622075391465,92.5732074440151,266.6336844856399,167.6924634873747,100.18377924608542,347.42679255598495,18.740922107775987,271.3803526580584,True
