path,curFrame,Deleted,pixelSpacingX,pixelSpacingY,pixelSpacingZ,tra_UL_x,tra_UL_y,tra_LL_x,tra_LL_y,tra_LR_x,tra_LR_y,tra_UR_x,tra_UR_y,cor_UL_x,cor_UL_y,cor_LL_x,cor_LL_y,cor_LR_x,cor_LR_y,cor_UR_x,cor_UR_y,Dirty
./data/train/PICAI/11270/,10,0,0.5625,0.5625,3.599999947981364,69.4668800464286,10.595625717227136,290.0385693401389,175.43836860304228,200.53311995357143,296.4043742827729,-19.81361828579503,130.58726133217252,168.43372068657322,18.555999612893885,272.4613525157914,96.96678851343133,112.5662793134268,309.44400038710603,8.538647484208582,231.0332114865688,True
./data/train/PICAI/11270/,9,0,0.5625,0.5625,3.599999947981364,69.4668800464286,10.595625717227136,290.0385693401389,175.43836860304228,200.53311995357143,296.4043742827729,-19.81361828579503,130.58726133217252,168.43372068657322,18.555999612893885,272.4613525157914,96.96678851343133,112.5662793134268,309.44400038710603,8.538647484208582,231.0332114865688,True
./data/train/PICAI/11270/,11,0,0.5625,0.5625,3.599999947981364,69.4668800464286,10.595625717227136,290.0385693401389,175.43836860304228,200.53311995357143,296.4043742827729,-19.81361828579503,130.58726133217252,168.43372068657322,18.555999612893885,272.4613525157914,96.96678851343133,112.5662793134268,309.44400038710603,8.538647484208582,231.0332114865688,True
