path,curFrame,Deleted,pixelSpacingX,pixelSpacingY,pixelSpacingZ,tra_UL_x,tra_UL_y,tra_LL_x,tra_LL_y,tra_LR_x,tra_LR_y,tra_UR_x,tra_UR_y,cor_UL_x,cor_UL_y,cor_LL_x,cor_LL_y,cor_LR_x,cor_LR_y,cor_UR_x,cor_UR_y,Dirty
./data/train/PICAI/10950/,11,0,0.5625,0.5625,3.5999998179349224,16.703079745269463,21.54451493827404,280.4784020901142,73.33813734367564,253.2969202547305,210.455485061726,-9.627307122332695,157.53242148662272,118.3298730106258,-14.29592130218242,228.16934683083457,5.611112402005617,176.6701269893742,264.2959213021824,67.54257503598689,242.26917835955115,True
./data/train/PICAI/10950/,10,0,0.5625,0.5625,3.5999998179349224,13.478694143367974,25.73055764601783,278.9009030431588,68.28700278369186,256.521305856632,206.26944235398213,-8.089743467813577,162.554541285629,113.48628511767993,-13.193043239897747,223.95359315531653,2.86852128283492,181.51371488232007,263.19304323989775,71.6839182423618,244.9882150334737,True
./data/train/PICAI/10950/,12,0,0.5625,0.5625,3.5999998179349224,16.703079745269463,21.54451493827404,280.4784020901142,73.33813734367564,253.2969202547305,210.455485061726,-9.627307122332695,157.53242148662272,118.3298730106258,-14.29592130218242,228.16934683083457,5.611112402005617,176.6701269893742,264.2959213021824,67.54257503598689,242.26917835955115,True
