path,curFrame,Deleted,pixelSpacingX,pixelSpacingY,pixelSpacingZ,tra_UL_x,tra_UL_y,tra_LL_x,tra_LL_y,tra_LR_x,tra_LR_y,tra_UR_x,tra_UR_y,cor_UL_x,cor_UL_y,cor_LL_x,cor_LL_y,cor_LR_x,cor_LR_y,cor_UR_x,cor_UR_y,Dirty
./data/train/PICAI/10256/,10,0,0.5625,0.5625,3.5999999576145,61.97663213804192,38.52351588760469,310.9888835763284,149.25697349475962,253.02336786195804,281.4764841123954,3.020848354929996,170.60385340428033,148.47979705569733,19.38659786128512,279.54606609633777,77.28222966491258,174.86127727855015,311.99715247591587,43.79500823790967,254.1015206722886,True
./data/train/PICAI/10256/,9,0,0.5625,0.5625,3.5999999576145,61.97663213804192,38.52351588760469,310.9888835763284,149.25697349475962,253.02336786195804,281.4764841123954,3.020848354929996,170.60385340428033,148.47979705569733,19.38659786128512,279.54606609633777,77.28222966491258,174.86127727855015,311.99715247591587,43.79500823790967,254.1015206722886,True
./data/train/PICAI/10256/,11,0,0.5625,0.5625,3.5999999576145,61.97663213804192,38.52351588760469,310.9888835763284,149.25697349475962,253.02336786195804,281.4764841123954,3.020848354929996,170.60385340428033,148.47979705569733,19.38659786128512,279.54606609633777,77.28222966491258,174.86127727855015,311.99715247591587,43.79500823790967,254.1015206722886,True
