path,curFrame,Deleted,pixelSpacingX,pixelSpacingY,pixelSpacingZ,tra_UL_x,tra_UL_y,tra_LL_x,tra_LL_y,tra_LR_x,tra_LR_y,tra_UR_x,tra_UR_y,cor_UL_x,cor_UL_y,cor_LL_x,cor_LL_y,cor_LR_x,cor_LR_y,cor_UR_x,cor_UR_y,Dirty,h_par_cor,h_orth_cor,h_par_tra,h_orth_tra
./data/train/PICAI/10669/,8,0,0.5625,0.5625,3.5999999576145,44.10600611100583,35.53440540250922,287.5148461961993,156.20808342874955,227.8939938889941,275.4655945974908,-14.518651498107602,154.8790723139981,154.5239729428761,23.15385998147002,255.55103078985545,73.14919559173569,138.4760270571239,309.8461400185299,37.44896921014458,259.8508044082644,True,,,,
./data/train/PICAI/10669/,9,0,0.5625,0.5625,3.5999999576145,44.10600611100583,35.53440540250922,287.5148461961993,156.20808342874955,227.8939938889941,275.4655945974908,-14.518651498107602,154.8790723139981,154.5239729428761,23.15385998147002,255.55103078985545,73.14919559173569,138.4760270571239,309.8461400185299,37.44896921014458,259.8508044082644,True,,,,
./data/train/PICAI/10669/,-1,0,-1.0,-1.0,-1.0,-1.0,-1.0,-1.0,-1.0,-1.0,-1.0,-1.0,-1.0,-1.0,-1.0,-1.0,-1.0,-1.0,-1.0,-1.0,-1.0,False,80.0,60.0,30.0,160.0
./data/train/PICAI/10669/,10,0,0.5625,0.5625,3.5999999576145,44.10600611100583,35.53440540250922,287.5148461961993,156.20808342874955,227.8939938889941,275.4655945974908,-14.518651498107602,154.8790723139981,154.5239729428761,23.15385998147002,255.55103078985545,73.14919559173569,138.4760270571239,309.8461400185299,37.44896921014458,259.8508044082644,True,,,,
