path,curFrame,Deleted,pixelSpacingX,pixelSpacingY,pixelSpacingZ,tra_UL_x,tra_UL_y,tra_LL_x,tra_LL_y,tra_LR_x,tra_LR_y,tra_UR_x,tra_UR_y,cor_UL_x,cor_UL_y,cor_LL_x,cor_LL_y,cor_LR_x,cor_LR_y,cor_UR_x,cor_UR_y,Dirty,h_par_cor,h_orth_cor,h_par_tra,h_orth_tra
./data/train/PICAI/10914/,-1,0,-1.0,-1.0,-1.0,-1.0,-1.0,-1.0,-1.0,-1.0,-1.0,-1.0,-1.0,-1.0,-1.0,-1.0,-1.0,-1.0,-1.0,-1.0,-1.0,False,80.0,60.0,30.0,160.0
./data/train/PICAI/10914/,8,0,0.5625,0.5625,3.6000000635782783,-6.334778141123024,69.95068824796702,249.49976323376984,118.05149322562023,223.33477814112305,257.04931175203296,-32.49976323376984,208.94850677437972,90.0763413681378,28.92378589765798,197.8487477800411,49.17491959894866,147.9236586318622,310.076214102342,41.15064304697802,289.79018090434886,True,,,,
./data/train/PICAI/10914/,9,0,0.5625,0.5625,3.6000000635782783,-3.0,66.0,251.0,123.0,220.0,261.0,-34.0,204.0,95.0,28.0,202.0,52.0,143.0,311.0,37.0,287.0,True,,,,
./data/train/PICAI/10914/,10,0,0.5625,0.5625,3.6000000635782783,2.255562608552026,60.2981612403408,252.924314930366,130.51337760705923,214.744437391448,266.7018387596592,-35.924314930365995,196.4866223929408,106.43842897426678,26.93785788239714,212.0357262431756,56.50491403450189,139.56157102573323,312.06214211760283,34.962903291579025,282.5474219217411,True,,,,
