path,curFrame,Deleted,pixelSpacingX,pixelSpacingY,pixelSpacingZ,tra_UL_x,tra_UL_y,tra_LL_x,tra_LL_y,tra_LR_x,tra_LR_y,tra_UR_x,tra_UR_y,cor_UL_x,cor_UL_y,cor_LL_x,cor_LL_y,cor_LR_x,cor_LR_y,cor_UR_x,cor_UR_y,Dirty
./data/train/PICAI/10461/,8,0,0.5625,0.5625,3.5999999576145,1.778202241334327,105.62310834626652,258.79070882663626,85.28665195041988,269.22179775866573,219.37689165373345,13.183661238148858,239.48839699523623,82.57991526652447,45.783230264716224,194.3342093271875,36.40358426911098,215.4200847334756,292.2167697352839,103.44083961846866,300.6220456661038,True
./data/train/PICAI/10461/,9,0,0.5625,0.5625,3.5999999576145,1.778202241334327,105.62310834626652,258.79070882663626,85.28665195041988,269.22179775866573,219.37689165373345,13.183661238148858,239.48839699523623,82.57991526652447,45.783230264716224,194.3342093271875,36.40358426911098,215.4200847334756,292.2167697352839,103.44083961846866,300.6220456661038,True
./data/train/PICAI/10461/,10,0,0.5625,0.5625,3.5999999576145,1.778202241334327,105.62310834626652,258.79070882663626,85.28665195041988,269.22179775866573,219.37689165373345,13.183661238148858,239.48839699523623,82.57991526652447,45.783230264716224,194.3342093271875,36.40358426911098,215.4200847334756,292.2167697352839,103.44083961846866,300.6220456661038,True
