path,curFrame,Deleted,pixelSpacingX,pixelSpacingY,pixelSpacingZ,tra_UL_x,tra_UL_y,tra_LL_x,tra_LL_y,tra_LR_x,tra_LR_y,tra_UR_x,tra_UR_y,cor_UL_x,cor_UL_y,cor_LL_x,cor_LL_y,cor_LR_x,cor_LR_y,cor_UR_x,cor_UR_y,Dirty
./data/train/PICAI/11338/,8,0,0.5625,0.5625,3.5999999576145,46.93686299569538,43.486083045732286,295.22383411300825,140.8440820668228,249.06313700430465,258.51391695426764,0.7761658869917198,161.1559179331772,154.9097611957082,15.023320593451814,263.2582590451205,57.68842125965007,167.92471825557408,299.5799589382715,59.69658947071172,257.9952605495248,True
./data/train/PICAI/11338/,7,0,0.5625,0.5625,3.5999999576145,46.93686299569538,43.486083045732286,295.22383411300825,140.8440820668228,249.06313700430465,258.51391695426764,0.7761658869917198,161.1559179331772,154.9097611957082,15.023320593451814,263.2582590451205,57.68842125965007,167.92471825557408,299.5799589382715,59.69658947071172,257.9952605495248,True
./data/train/PICAI/11338/,9,0,0.5625,0.5625,3.5999999576145,46.93686299569538,43.486083045732286,295.22383411300825,140.8440820668228,249.06313700430465,258.51391695426764,0.7761658869917198,161.1559179331772,154.9097611957082,15.023320593451814,263.2582590451205,57.68842125965007,167.92471825557408,299.5799589382715,59.69658947071172,257.9952605495248,True
