path,curFrame,Deleted,pixelSpacingX,pixelSpacingY,pixelSpacingZ,tra_UL_x,tra_UL_y,tra_LL_x,tra_LL_y,tra_LR_x,tra_LR_y,tra_UR_x,tra_UR_y,cor_UL_x,cor_UL_y,cor_LL_x,cor_LL_y,cor_LR_x,cor_LR_y,cor_UR_x,cor_UR_y,Dirty
./data/train/PICAI/11157/,10,0,0.5625,0.5625,3.599999957614445,46.49107262954188,51.63623590521459,284.41055246476355,217.9020505362973,208.5089273704581,326.36376409478544,-28.266429659128207,159.2666955881477,161.08623016557326,59.36783766594891,256.6589137459707,127.15325020612028,108.91376983442674,337.63216233405115,13.341086254029292,269.8467497938797,True
./data/train/PICAI/11157/,9,0,0.5625,0.5625,3.599999957614445,46.49107262954188,51.63623590521459,284.41055246476355,217.9020505362973,208.5089273704581,326.36376409478544,-28.266429659128207,159.2666955881477,161.08623016557326,59.36783766594891,256.6589137459707,127.15325020612028,108.91376983442674,337.63216233405115,13.341086254029292,269.8467497938797,True
./data/train/PICAI/11157/,11,0,0.5625,0.5625,3.599999957614445,46.49107262954188,51.63623590521459,284.41055246476355,217.9020505362973,208.5089273704581,326.36376409478544,-28.266429659128207,159.2666955881477,161.08623016557326,59.36783766594891,256.6589137459707,127.15325020612028,108.91376983442674,337.63216233405115,13.341086254029292,269.8467497938797,True
