path,curFrame,Deleted,pixelSpacingX,pixelSpacingY,pixelSpacingZ,tra_UL_x,tra_UL_y,tra_LL_x,tra_LL_y,tra_LR_x,tra_LR_y,tra_UR_x,tra_UR_y,cor_UL_x,cor_UL_y,cor_LL_x,cor_LL_y,cor_LR_x,cor_LR_y,cor_UR_x,cor_UR_y,Dirty
./data/train/PICAI/10061/,11,0,0.5625,0.5625,3.60000004768375,94.80934557502408,12.596770187239514,287.25886341745945,194.6082618085496,192.19065442497595,294.4032298127604,1.6729882351187086,112.90937628165553,191.92111157866205,31.15206899271865,271.898507338268,107.4515851609838,94.07888842133792,295.8479310072813,14.101492661731868,219.54841483901612,True
./data/train/PICAI/10061/,10,0,0.5625,0.5625,3.60000004768375,94.80934557502408,12.596770187239514,287.25886341745945,194.6082618085496,192.19065442497595,294.4032298127604,1.6729882351187086,112.90937628165553,191.92111157866205,31.15206899271865,271.898507338268,107.4515851609838,94.07888842133792,295.8479310072813,14.101492661731868,219.54841483901612,True
./data/train/PICAI/10061/,12,0,0.5625,0.5625,3.60000004768375,85.09904111112331,16.336491730271888,289.7762414369845,184.48001276741263,201.90095888887672,290.663508269728,-0.8129870700890649,122.90160522334048,182.5698172352242,28.06189766549818,267.67477727469065,98.59661093974934,103.4301827647758,298.9381023345018,18.325222725309203,228.40338906025067,True
