path,curFrame,Deleted,pixelSpacingX,pixelSpacingY,pixelSpacingZ,tra_UL_x,tra_UL_y,tra_LL_x,tra_LL_y,tra_LR_x,tra_LR_y,tra_UR_x,tra_UR_y,cor_UL_x,cor_UL_y,cor_LL_x,cor_LL_y,cor_LR_x,cor_LR_y,cor_UR_x,cor_UR_y,Dirty
./data/train/PICAI/10579/,15,0,0.254629641771,0.254629641771,3.299999904556215,62.0145117714593,293.9958469449651,716.7831058058682,487.5290179162571,621.9854882285408,806.0041530550347,-31.784476271113817,612.5233180399858,342.96317393121944,195.82560418520865,599.3096877241032,272.3466134979122,407.03682606878056,922.1743958147912,150.69031227589673,845.6533865020876,True
./data/train/PICAI/10579/,16,0,0.254629641771,0.254629641771,3.299999904556215,49.0,309.0,713.0,468.0,635.0,791.0,-28.0,632.0,324.0,198.0,584.0,261.0,426.0,920.0,166.0,857.0,True
./data/train/PICAI/10579/,17,0,0.254629641771,0.254629641771,3.299999904556215,49.0,309.0,713.0,468.0,635.0,791.0,-28.0,632.0,324.0,198.0,584.0,261.0,426.0,920.0,166.0,857.0,True
