path,curFrame,Deleted,pixelSpacingX,pixelSpacingY,pixelSpacingZ,tra_UL_x,tra_UL_y,tra_LL_x,tra_LL_y,tra_LR_x,tra_LR_y,tra_UR_x,tra_UR_y,cor_UL_x,cor_UL_y,cor_LL_x,cor_LL_y,cor_LR_x,cor_LR_y,cor_UR_x,cor_UR_y,Dirty
./data/train/PICAI/10906/,8,0,0.5625,0.5625,3.5999999576145,123.25285511639366,-14.740684471176962,302.86324775092635,180.3910844262824,186.34165300873025,286.5333966683255,6.985391369639217,90.430537406024,217.46025150469228,10.461140569515322,300.5756614168865,102.09535162154508,100.53974849530768,284.5388594304846,17.424338583113354,192.90464837845497,True
./data/train/PICAI/10906/,9,0,0.5625,0.5625,3.5999999576145,125.88663833767475,-15.268267391499649,302.06415649982216,182.9684155650326,183.7078697874492,287.0609795886482,7.801391779096406,87.85778936646068,219.8430055977121,11.502284321254905,301.3465191355583,104.57310295409022,98.15699440228786,283.497715678745,16.65348086444152,190.4268970459098,True
./data/train/PICAI/10906/,10,0,0.5625,0.5625,3.5999999576145,136.50177423406407,-16.916740572924834,298.42184084683976,193.1265702072492,173.09273389105988,288.7094527700734,11.510467330586836,77.72089589273858,229.18151617704024,16.077761443917495,303.9941991359549,114.60726194244296,88.81848382295972,278.92223855608245,14.005800864044971,180.39273805755704,True
