path,curFrame,Deleted,pixelSpacingX,pixelSpacingY,pixelSpacingZ,tra_UL_x,tra_UL_y,tra_LL_x,tra_LL_y,tra_LR_x,tra_LR_y,tra_UR_x,tra_UR_y,cor_UL_x,cor_UL_y,cor_LL_x,cor_LL_y,cor_LR_x,cor_LR_y,cor_UR_x,cor_UR_y,Dirty
./data/train/PICAI/10949/,7,0,0.5625,0.5625,3.599999904632556,15.492300809154456,55.66945363013657,273.4880870049807,125.26237212905846,237.5076991908456,260.33054636986344,-19.489457470226085,190.68529191469852,115.530348142336,26.745504070646803,221.1149063128288,54.25733926828157,151.469651857664,311.25449592935325,46.831387265682736,282.691695240721,True
./data/train/PICAI/10949/,8,0,0.5625,0.5625,3.599999904632556,13.723293533222945,57.62239055194418,272.89434961998086,122.70206239250176,239.27670646677703,258.37760944805586,-18.896785569720976,193.2281811337541,113.05040172686194,27.0807837871584,219.09902658743977,52.74572417634356,153.94959827313806,310.91921621284166,48.82878098907587,284.1869552996526,True
./data/train/PICAI/10949/,9,0,0.5625,0.5625,3.599999904632556,10.288866005740545,61.6193881749639,271.57328988049744,117.6144758205466,242.71113399425943,254.3806118250361,-17.578767985128962,198.2809957161857,112.10994985135868,27.88091782664725,218.9896662574917,49.82918019396428,162.8900501486413,310.1190821733528,56.9003271746089,287.0717694473998,True
