path,curFrame,Deleted,pixelSpacingX,pixelSpacingY,pixelSpacingZ,tra_UL_x,tra_UL_y,tra_LL_x,tra_LL_y,tra_LR_x,tra_LR_y,tra_UR_x,tra_UR_y,cor_UL_x,cor_UL_y,cor_LL_x,cor_LL_y,cor_LR_x,cor_LR_y,cor_UR_x,cor_UR_y,Dirty
./data/train/PICAI/11091/,9,0,0.5625,0.5625,3.5999999877720805,9.822281403849203,32.4570322871335,283.62898929362586,77.46688359284843,259.1777185961508,229.5429677128664,-13.561668769621916,185.4609239836672,106.90645991425382,-1.041170416689596,217.3150967624337,15.29691115143656,173.09354008574618,286.0411704166895,62.6151467638222,268.7055247983037,True
./data/train/PICAI/11091/,8,0,0.5625,0.5625,3.5999999877720805,18.885303307913304,21.96563886188528,287.7272269881529,90.66804108996092,250.11469669208668,240.03436113811463,-17.74483169943383,172.34925901163277,121.54282814802777,-3.37924499331254,230.10736916557963,22.51941199210482,162.45717185197222,288.3792449933124,53.91008324085763,261.4807403127389,True
./data/train/PICAI/11091/,10,0,0.5625,0.5625,3.5999999877720805,9.822281403849203,32.4570322871335,283.62898929362586,77.46688359284843,259.1777185961508,229.5429677128664,-13.561668769621916,185.4609239836672,106.90645991425382,-1.041170416689596,217.3150967624337,15.29691115143656,173.09354008574618,286.0411704166895,62.6151467638222,268.7055247983037,True
