path,curFrame,Deleted,pixelSpacingX,pixelSpacingY,pixelSpacingZ,tra_UL_x,tra_UL_y,tra_LL_x,tra_LL_y,tra_LR_x,tra_LR_y,tra_UR_x,tra_UR_y,cor_UL_x,cor_UL_y,cor_LL_x,cor_LL_y,cor_LR_x,cor_LR_y,cor_UR_x,cor_UR_y,Dirty
./data/train/PICAI/10444/,9,0,0.5625,0.5625,3.600000050332828,76.38657321188961,21.434161309832888,292.9545377109009,180.94690924163643,206.6134267881104,298.5658386901671,-8.976390110166903,139.26100244918132,175.2127523663737,27.54486282114481,275.91017092750405,102.11047081252732,120.78724763362632,312.4551371788551,19.881917381678107,238.8676767882065,True
./data/train/PICAI/10444/,10,0,0.5625,0.5625,3.600000050332828,76.38657321188961,21.434161309832888,292.9545377109009,180.94690924163643,206.6134267881104,298.5658386901671,-8.976390110166903,139.26100244918132,175.2127523663737,27.54486282114481,275.91017092750405,102.11047081252732,120.78724763362632,312.4551371788551,19.881917381678107,238.8676767882065,True
./data/train/PICAI/10444/,11,0,0.5625,0.5625,3.600000050332828,76.38657321188961,21.434161309832888,292.9545377109009,180.94690924163643,206.6134267881104,298.5658386901671,-8.976390110166903,139.26100244918132,175.2127523663737,27.54486282114481,275.91017092750405,102.11047081252732,120.78724763362632,312.4551371788551,19.881917381678107,238.8676767882065,True
