path,curFrame,Deleted,pixelSpacingX,pixelSpacingY,pixelSpacingZ,tra_UL_x,tra_UL_y,tra_LL_x,tra_LL_y,tra_LR_x,tra_LR_y,tra_UR_x,tra_UR_y,cor_UL_x,cor_UL_y,cor_LL_x,cor_LL_y,cor_LR_x,cor_LR_y,cor_UR_x,cor_UR_y,Dirty
./data/train/PICAI/11039/,16,0,0.392857134342,0.392857134342,3.2999999823725474,137.58475133099714,50.347366817225605,518.320038116342,282.47156072316324,399.41524866900295,477.6526331827744,17.682397833398284,245.4586828030926,342.8923603260582,33.2660911567217,497.7103850971275,127.29469960109132,261.1076396739418,514.7339088432783,106.28961490287244,420.7053003989088,True
./data/train/PICAI/11039/,15,0,0.392857134342,0.392857134342,3.2999999823725474,137.58475133099714,50.347366817225605,518.320038116342,282.47156072316324,399.41524866900295,477.6526331827744,17.682397833398284,245.4586828030926,342.8923603260582,33.2660911567217,497.7103850971275,127.29469960109132,261.1076396739418,514.7339088432783,106.28961490287244,420.7053003989088,True
./data/train/PICAI/11039/,17,0,0.392857134342,0.392857134342,3.2999999823725474,137.58475133099714,50.347366817225605,518.320038116342,282.47156072316324,399.41524866900295,477.6526331827744,17.682397833398284,245.4586828030926,342.8923603260582,33.2660911567217,497.7103850971275,127.29469960109132,261.1076396739418,514.7339088432783,106.28961490287244,420.7053003989088,True
