path,curFrame,Deleted,pixelSpacingX,pixelSpacingY,pixelSpacingZ,tra_UL_x,tra_UL_y,tra_LL_x,tra_LL_y,tra_LR_x,tra_LR_y,tra_UR_x,tra_UR_y,cor_UL_x,cor_UL_y,cor_LL_x,cor_LL_y,cor_LR_x,cor_LR_y,cor_UR_x,cor_UR_y,Dirty,h_par_cor,h_orth_cor,h_par_tra,h_orth_tra
./data/train/PICAI/10647/,14,0,0.392857134342,0.392857134342,3.2999999209357336,12.405563908911432,155.0236363528471,423.7858456001459,249.95131322129572,373.5944360910886,465.9763636471529,-36.78828154988608,371.1184432524484,185.1670044230277,83.03756651616206,351.87190412584664,121.76063993593452,253.83299557697228,548.962433483838,86.13053182389356,510.1696035903213,True,,,,
./data/train/PICAI/10647/,15,0,0.392857134342,0.392857134342,3.2999999209357336,12.405563908911432,155.0236363528471,423.7858456001459,249.95131322129572,373.5944360910886,465.9763636471529,-36.78828154988608,371.1184432524484,187.1670044230277,83.03756651616206,353.87190412584664,121.76063993593452,255.83299557697228,548.962433483838,88.13053182389356,510.1696035903213,True,,,,
./data/train/PICAI/10647/,-1,0,-1.0,-1.0,-1.0,-1.0,-1.0,-1.0,-1.0,-1.0,-1.0,-1.0,-1.0,-1.0,-1.0,-1.0,-1.0,-1.0,-1.0,-1.0,-1.0,False,80.0,60.0,30.0,160.0
./data/train/PICAI/10647/,16,0,0.392857134342,0.392857134342,3.2999999209357336,12.405563908911432,155.0236363528471,423.7858456001459,249.95131322129572,373.5944360910886,465.9763636471529,-36.78828154988608,371.1184432524484,181.1670044230277,83.03756651616206,347.87190412584664,121.76063993593452,249.83299557697228,548.962433483838,82.13053182389356,510.1696035903213,True,,,,
