path,curFrame,Deleted,pixelSpacingX,pixelSpacingY,pixelSpacingZ,tra_UL_x,tra_UL_y,tra_LL_x,tra_LL_y,tra_LR_x,tra_LR_y,tra_UR_x,tra_UR_y,cor_UL_x,cor_UL_y,cor_LL_x,cor_LL_y,cor_LR_x,cor_LR_y,cor_UR_x,cor_UR_y,Dirty,h_par_cor,h_orth_cor,h_par_tra,h_orth_tra
./data/train/PICAI/10808/,14,0,0.392857134342,0.392857134342,3.2999998728434234,121.26537371028228,126.44612498223192,474.72684271484405,396.5923630258837,346.73462628971777,565.553875017768,-6.726842714844025,295.40763697411626,297.9121800542886,127.20668029537686,440.15196165854616,236.572326314468,173.08781994571137,586.793319704623,30.848038341453844,477.4276736855321,True,,,,
./data/train/PICAI/10808/,15,0,0.392857134342,0.392857134342,3.2999998728434234,121.26537371028228,126.44612498223192,474.72684271484405,396.5923630258837,346.73462628971777,565.553875017768,-6.726842714844025,295.40763697411626,297.9121800542886,127.20668029537686,440.15196165854616,236.572326314468,173.08781994571137,586.793319704623,30.848038341453844,477.4276736855321,True,,,,
./data/train/PICAI/10808/,-1,0,-1.0,-1.0,-1.0,-1.0,-1.0,-1.0,-1.0,-1.0,-1.0,-1.0,-1.0,-1.0,-1.0,-1.0,-1.0,-1.0,-1.0,-1.0,-1.0,False,80.0,60.0,30.0,160.0
./data/train/PICAI/10808/,16,0,0.392857134342,0.392857134342,3.2999998728434234,102.5589819485288,137.10706384946167,478.2202193777733,375.4191170342073,365.4410180514713,554.8929361505382,-10.220219377773248,316.5808829657927,277.6468754091232,122.64153334422082,428.8772358108837,219.1939962478343,193.3531245908768,591.358466655779,42.12276418911631,494.80600375216574,True,,,,
