path,curFrame,Deleted,pixelSpacingX,pixelSpacingY,pixelSpacingZ,tra_UL_x,tra_UL_y,tra_LL_x,tra_LL_y,tra_LR_x,tra_LR_y,tra_UR_x,tra_UR_y,cor_UL_x,cor_UL_y,cor_LL_x,cor_LL_y,cor_LR_x,cor_LR_y,cor_UR_x,cor_UR_y,Dirty
./data/train/PICAI/10551/,10,0,0.3125,0.3125,3.300000069318399,124.76008846546873,143.81990006622806,535.2302555613858,482.2386376152154,380.23991153453136,670.1800999337719,-29.245447808373285,331.93501056245145,337.99447839813865,176.71075857381012,493.1446655862489,304.5951572137316,182.0055216018613,681.2892414261897,26.85533441375108,553.4048427862684,True
./data/train/PICAI/10551/,9,0,0.3125,0.3125,3.300000069318399,124.76008846546873,143.81990006622806,535.2302555613858,482.2386376152154,380.23991153453136,670.1800999337719,-29.245447808373285,331.93501056245145,337.99447839813865,176.71075857381012,493.1446655862489,304.5951572137316,182.0055216018613,681.2892414261897,26.85533441375108,553.4048427862684,True
./data/train/PICAI/10551/,11,0,0.3125,0.3125,3.300000069318399,124.76008846546873,143.81990006622806,535.2302555613858,482.2386376152154,380.23991153453136,670.1800999337719,-29.245447808373285,331.93501056245145,337.99447839813865,176.71075857381012,493.1446655862489,304.5951572137316,182.0055216018613,681.2892414261897,26.85533441375108,553.4048427862684,True
