path,curFrame,Deleted,pixelSpacingX,pixelSpacingY,pixelSpacingZ,tra_UL_x,tra_UL_y,tra_LL_x,tra_LL_y,tra_LR_x,tra_LR_y,tra_UR_x,tra_UR_y,cor_UL_x,cor_UL_y,cor_LL_x,cor_LL_y,cor_LR_x,cor_LR_y,cor_UR_x,cor_UR_y,Dirty
./data/train/PICAI/11237/,9,0,0.5625,0.5625,3.599999957614445,18.80119219297066,79.31266266272131,294.1858041132012,140.54431720139965,264.1988078070294,279.6873373372787,-11.185804113201158,218.45568279860035,122.73786048650906,43.150831460849645,239.4416628078837,69.07808591891946,184.2621395134909,321.84916853915047,66.56214249402447,296.0090698238282,True
./data/train/PICAI/11237/,8,0,0.5625,0.5625,3.599999957614445,18.80119219297066,79.31266266272131,294.1858041132012,140.54431720139965,264.1988078070294,279.6873373372787,-11.185804113201158,218.45568279860035,122.73786048650906,43.150831460849645,239.4416628078837,69.07808591891946,184.2621395134909,321.84916853915047,66.56214249402447,296.0090698238282,True
./data/train/PICAI/11237/,10,0,0.5625,0.5625,3.599999957614445,18.80119219297066,79.31266266272131,294.1858041132012,140.54431720139965,264.1988078070294,279.6873373372787,-11.185804113201158,218.45568279860035,122.73786048650906,43.150831460849645,239.4416628078837,69.07808591891946,184.2621395134909,321.84916853915047,66.56214249402447,296.0090698238282,True
