path,curFrame,Deleted,pixelSpacingX,pixelSpacingY,pixelSpacingZ,tra_UL_x,tra_UL_y,tra_LL_x,tra_LL_y,tra_LR_x,tra_LR_y,tra_UR_x,tra_UR_y,cor_UL_x,cor_UL_y,cor_LL_x,cor_LL_y,cor_LR_x,cor_LR_y,cor_UR_x,cor_UR_y,Dirty
./data/train/PICAI/10191/,9,0,0.5625,0.5625,3.6000001430511444,65.0540130828752,-0.9161048740039348,284.78801120565845,172.56003201224553,197.9459869171248,282.91610487400374,-20.80986360492463,109.6478796785722,184.57425864763275,7.105360308756502,274.71996529150886,78.40579210040981,105.4257413523673,292.89463969124336,15.280034708490971,221.59420789959017,True
./data/train/PICAI/10191/,10,0,0.5625,0.5625,3.6000001430511444,65.0540130828752,-0.9161048740039348,284.78801120565845,172.56003201224553,197.9459869171248,282.91610487400374,-20.80986360492463,109.6478796785722,184.57425864763275,7.105360308756502,274.71996529150886,78.40579210040981,105.4257413523673,292.89463969124336,15.280034708490971,221.59420789959017,True
./data/train/PICAI/10191/,11,0,0.5625,0.5625,3.6000001430511444,65.0540130828752,-0.9161048740039348,284.78801120565845,172.56003201224553,197.9459869171248,282.91610487400374,-20.80986360492463,109.6478796785722,184.57425864763275,7.105360308756502,274.71996529150886,78.40579210040981,105.4257413523673,292.89463969124336,15.280034708490971,221.59420789959017,True
