path,curFrame,Deleted,pixelSpacingX,pixelSpacingY,pixelSpacingZ,tra_UL_x,tra_UL_y,tra_LL_x,tra_LL_y,tra_LR_x,tra_LR_y,tra_UR_x,tra_UR_y,cor_UL_x,cor_UL_y,cor_LL_x,cor_LL_y,cor_LR_x,cor_LR_y,cor_UR_x,cor_UR_y,Dirty
./data/train/PICAI/10198/,9,0,0.5625,0.5625,3.599999957614445,47.809271735288135,39.66567183644078,291.2193283912762,153.7338282988329,233.1907282647119,275.33432816355923,-8.230284600539619,161.47522862770245,155.80425057631982,24.51807119386163,260.23505556729083,73.70350571403021,150.19574942368018,307.4819288061385,45.76494443270914,258.29649428596974,True
./data/train/PICAI/10198/,10,0,0.5625,0.5625,3.599999957614445,47.809271735288135,39.66567183644078,291.2193283912762,153.7338282988329,233.1907282647119,275.33432816355923,-8.230284600539619,161.47522862770245,155.80425057631982,24.51807119386163,260.23505556729083,73.70350571403021,150.19574942368018,307.4819288061385,45.76494443270914,258.29649428596974,True
./data/train/PICAI/10198/,11,0,0.5625,0.5625,3.599999957614445,47.809271735288135,39.66567183644078,291.2193283912762,153.7338282988329,233.1907282647119,275.33432816355923,-8.230284600539619,161.47522862770245,155.80425057631982,24.51807119386163,260.23505556729083,73.70350571403021,150.19574942368018,307.4819288061385,45.76494443270914,258.29649428596974,True
