path,curFrame,Deleted,pixelSpacingX,pixelSpacingY,pixelSpacingZ,tra_UL_x,tra_UL_y,tra_LL_x,tra_LL_y,tra_LR_x,tra_LR_y,tra_UR_x,tra_UR_y,cor_UL_x,cor_UL_y,cor_LL_x,cor_LL_y,cor_LR_x,cor_LR_y,cor_UR_x,cor_UR_y,Dirty,h_par_cor,h_orth_cor,h_par_tra,h_orth_tra
./data/train/PICAI/10806/,10,0,0.5625,0.5625,3.600000169542111,26.14772941243604,61.24966989116227,280.78656415823514,126.30398442372488,246.852270587564,254.7503301088377,-5.794174762051796,189.5217040907797,127.57097650425916,24.32855985760929,235.39618228555585,52.03641069849975,170.4290234957408,307.6714401423907,61.52046727360478,279.05455034615613,True,,,,
./data/train/PICAI/10806/,9,0,0.5625,0.5625,3.600000169542111,27.85306268175053,59.338492757487344,281.3177603619258,128.82695964154894,245.14693731824943,256.66150724251264,-6.322632261406312,187.0335274109628,130.04674780225164,23.97614907654224,237.3719626080659,53.56158919302256,167.95325219774833,308.02385092345776,59.5607168679302,277.5106032304617,True,,,,
./data/train/PICAI/10806/,11,0,0.5625,0.5625,3.600000169542111,29.591490860658663,57.45736887467396,281.8048436729291,131.35882125007177,243.40850913934133,258.542631125326,-6.807584603420082,184.53650683744223,132.52829244446784,23.667000136282383,239.3208239746871,55.12101751669252,165.4717075555321,308.33299986371765,57.62821053431541,275.9326889047958,True,,,,
