path,curFrame,Deleted,pixelSpacingX,pixelSpacingY,pixelSpacingZ,tra_UL_x,tra_UL_y,tra_LL_x,tra_LL_y,tra_LR_x,tra_LR_y,tra_UR_x,tra_UR_y,cor_UL_x,cor_UL_y,cor_LL_x,cor_LL_y,cor_LR_x,cor_LR_y,cor_UR_x,cor_UR_y,Dirty
./data/train/PICAI/10516/,10,0,0.5625,0.5625,3.5999999576145,23.17598156819436,54.98819008841373,291.6711279414318,138.3149947434215,252.82401843180563,262.0118099115862,-13.671432551119011,178.65010044370396,146.4794218609832,23.17035350461836,248.03996848420908,54.40263439461364,168.5205781390168,311.8296464953817,66.9425791093536,279.59751791022995,True
./data/train/PICAI/10516/,9,0,0.5625,0.5625,3.5999999576145,30.67630595636372,47.230621027939776,292.70482758645585,149.0837204032083,245.3236940436363,269.76937897206017,-14.707568516946736,168.0209515092776,156.57419463169148,22.753176599899035,255.7086910858864,60.99388282733732,158.42580536830852,312.246823400101,59.34364487035661,273.0074876379081,True
./data/train/PICAI/10516/,11,0,0.5625,0.5625,3.5999999576145,30.67630595636372,47.230621027939776,292.70482758645585,149.0837204032083,245.3236940436363,269.76937897206017,-14.707568516946736,168.0209515092776,156.57419463169148,22.753176599899035,255.7086910858864,60.99388282733732,158.42580536830852,312.246823400101,59.34364487035661,273.0074876379081,True
