path,curFrame,Deleted,pixelSpacingX,pixelSpacingY,pixelSpacingZ,tra_UL_x,tra_UL_y,tra_LL_x,tra_LL_y,tra_LR_x,tra_LR_y,tra_UR_x,tra_UR_y,cor_UL_x,cor_UL_y,cor_LL_x,cor_LL_y,cor_LR_x,cor_LR_y,cor_UR_x,cor_UR_y,Dirty
./data/train/PICAI/10030/,10,0,0.5625,0.5625,3.599999957614449,16.0,53.0,270.0,97.0,246.0,230.0,-7.0,185.0,107.0,14.0,218.0,33.0,172.0,292.0,62.0,273.0,True
./data/train/PICAI/10030/,9,0,0.5625,0.5625,3.599999957614449,20.789335630724523,47.10265120628169,272.1384553836968,104.33568362119064,241.2106643692755,235.89734879371832,-9.087489892699269,177.71802280029772,114.31923803824554,12.48957609121851,224.1727332273873,37.27282839452222,164.68076196175443,293.5104239087815,55.82589630736726,268.77950756172066,True
./data/train/PICAI/10030/,11,0,0.5625,0.5625,3.599999957614449,24.150892952617,43.31385880289984,273.3494935870235,109.28398417684178,237.84910704738303,239.68614119710017,-10.26614314618405,172.80697686781411,119.23832055394276,11.696375325948452,228.159972929921,40.29836203468169,159.76167944605723,294.30362467405155,51.83622176817072,265.7887937080659,True
