path,curFrame,Deleted,pixelSpacingX,pixelSpacingY,pixelSpacingZ,tra_UL_x,tra_UL_y,tra_LL_x,tra_LL_y,tra_LR_x,tra_LR_y,tra_UR_x,tra_UR_y,cor_UL_x,cor_UL_y,cor_LL_x,cor_LL_y,cor_LR_x,cor_LR_y,cor_UR_x,cor_UR_y,Dirty
./data/train/PICAI/10717/,10,0,0.5625,0.5625,3.60000009536745,24.0,61.0,291.0,128.0,260.0,253.0,-7.0,186.0,135.0,16.0,241.0,42.0,176.0,303.0,70.0,276.0,True
./data/train/PICAI/10717/,9,0,0.5625,0.5625,3.60000009536745,30.98406354877677,53.00258727325007,292.65998122729343,138.46435713033978,253.01593645122324,260.99741272675,-8.659981227293457,175.53564286966022,145.0599909519556,14.919551075960612,248.98811196214967,48.25040259959334,165.9400090480444,304.0804489240394,62.08164451159442,269.75203335014686,True
./data/train/PICAI/10717/,11,0,0.5625,0.5625,3.60000009536745,24.0,61.0,291.0,128.0,260.0,253.0,-7.0,186.0,135.0,16.0,241.0,42.0,176.0,303.0,70.0,276.0,True
