path,curFrame,Deleted,pixelSpacingX,pixelSpacingY,pixelSpacingZ,tra_UL_x,tra_UL_y,tra_LL_x,tra_LL_y,tra_LR_x,tra_LR_y,tra_UR_x,tra_UR_y,cor_UL_x,cor_UL_y,cor_LL_x,cor_LL_y,cor_LR_x,cor_LR_y,cor_UR_x,cor_UR_y,Dirty
./data/train/PICAI/10706/,8,0,0.5625,0.5625,3.6000000635782774,29.756953795224973,53.58629434020203,286.65385588648667,114.8152229272086,254.243046204775,253.413705659798,-2.6538558864866104,192.18477707279143,121.03501108791129,19.64005355198151,238.2661099225796,47.53036488076079,177.96498891208873,303.35994644801843,60.73389007742041,275.46963511923923,True
./data/train/PICAI/10706/,7,0,0.5625,0.5625,3.6000000635782774,19.928006834523103,65.86622520621528,281.81776662928723,99.90669692211328,264.07199316547684,241.1337747937847,2.1822333707128507,207.0933030778868,108.36254307406963,25.39257872958629,227.8667690664832,40.87611740632883,194.6374569259304,301.6074212704136,75.13323093351686,286.1238825936712,True
./data/train/PICAI/10706/,9,0,0.5625,0.5625,3.6000000635782774,37.0,46.0,289.0,125.0,247.0,261.0,-5.0,182.0,131.0,18.0,246.0,54.0,168.0,305.0,53.0,269.0,True
