path,curFrame,Deleted,pixelSpacingX,pixelSpacingY,pixelSpacingZ,tra_UL_x,tra_UL_y,tra_LL_x,tra_LL_y,tra_LR_x,tra_LR_y,tra_UR_x,tra_UR_y,cor_UL_x,cor_UL_y,cor_LL_x,cor_LL_y,cor_LR_x,cor_LR_y,cor_UR_x,cor_UR_y,Dirty
./data/train/PICAI/10762/,12,0,0.39285713434219,0.39285713434219,3.2999999462325458,65.17591571317007,98.02059447691838,438.357710300668,307.17448085834445,330.82408428683,497.9794055230816,-40.47319497319919,290.02909796355914,244.7871632936456,82.03274909290857,396.6982025871013,167.37931399614405,181.2128367063544,552.9672509070915,29.301797412898736,467.620686003856,True
./data/train/PICAI/10762/,13,0,0.39285713434219,0.39285713434219,3.2999999462325458,65.17591571317007,98.02059447691838,438.357710300668,307.17448085834445,330.82408428683,497.9794055230816,-40.47319497319919,290.02909796355914,244.7871632936456,82.03274909290857,396.6982025871013,167.37931399614405,181.2128367063544,552.9672509070915,29.301797412898736,467.620686003856,True
./data/train/PICAI/10762/,14,0,0.39285713434219,0.39285713434219,3.2999999462325458,65.17591571317007,98.02059447691838,438.357710300668,307.17448085834445,330.82408428683,497.9794055230816,-40.47319497319919,290.02909796355914,244.7871632936456,82.03274909290857,396.6982025871013,167.37931399614405,181.2128367063544,552.9672509070915,29.301797412898736,467.620686003856,True
