path,curFrame,Deleted,pixelSpacingX,pixelSpacingY,pixelSpacingZ,tra_UL_x,tra_UL_y,tra_LL_x,tra_LL_y,tra_LR_x,tra_LR_y,tra_UR_x,tra_UR_y,cor_UL_x,cor_UL_y,cor_LL_x,cor_LL_y,cor_LR_x,cor_LR_y,cor_UR_x,cor_UR_y,Dirty
./data/train/PICAI/11231/,9,0,0.5625,0.5625,3.600000010596333,9.913826879420782,85.78776209332327,279.05890641980943,82.63718132179898,280.08617312057925,207.2122379066768,10.83656511692294,209.3682967828328,105.47910937020436,25.006037753045845,211.94371491191785,23.871239600357285,214.52089062979564,277.9939622469542,108.05628508808212,279.1287603996427,True
./data/train/PICAI/11231/,8,0,0.5625,0.5625,3.600000010596333,8.874826506227237,88.15458765858037,277.92392873123026,80.30725741703391,281.1251734937728,204.84541234141963,11.9542019253646,211.7001964313248,107.2797891249289,25.97682413877719,213.7083746329605,22.98413525424476,220.7202108750711,277.02317586122285,114.29162536703949,280.01586474575527,True
./data/train/PICAI/11231/,10,0,0.5625,0.5625,3.600000010596333,9.913826879420782,85.78776209332327,279.05890641980943,82.63718132179898,280.08617312057925,207.2122379066768,10.83656511692294,209.3682967828328,105.47910937020436,25.006037753045845,211.94371491191785,23.871239600357285,214.52089062979564,277.9939622469542,108.05628508808212,279.1287603996427,True
