path,curFrame,Deleted,pixelSpacingX,pixelSpacingY,pixelSpacingZ,tra_UL_x,tra_UL_y,tra_LL_x,tra_LL_y,tra_LR_x,tra_LR_y,tra_UR_x,tra_UR_y,cor_UL_x,cor_UL_y,cor_LL_x,cor_LL_y,cor_LR_x,cor_LR_y,cor_UR_x,cor_UR_y,Dirty
./data/train/PICAI/11353/,11,0,0.5625,0.5625,3.599999947981409,45.55769274463867,60.3336830357925,303.72524059778334,140.3931436603452,255.44230725536136,295.6663169642076,-2.725240597783284,215.6068563396548,132.35717830338498,35.862787790662935,263.4260445332399,76.1362567897496,181.642821696615,340.137212209337,49.58140931511872,299.74187386684525,True
./data/train/PICAI/11353/,10,0,0.5625,0.5625,3.599999947981409,45.55769274463867,60.3336830357925,303.72524059778334,140.3931436603452,255.44230725536136,295.6663169642076,-2.725240597783284,215.6068563396548,132.35717830338498,35.862787790662935,263.4260445332399,76.1362567897496,181.642821696615,340.137212209337,49.58140931511872,299.74187386684525,True
./data/train/PICAI/11353/,12,0,0.5625,0.5625,3.599999947981409,45.55769274463867,60.3336830357925,303.72524059778334,140.3931436603452,255.44230725536136,295.6663169642076,-2.725240597783284,215.6068563396548,132.35717830338498,35.862787790662935,263.4260445332399,76.1362567897496,181.642821696615,340.137212209337,49.58140931511872,299.74187386684525,True
