path,curFrame,Deleted,pixelSpacingX,pixelSpacingY,pixelSpacingZ,tra_UL_x,tra_UL_y,tra_LL_x,tra_LL_y,tra_LR_x,tra_LR_y,tra_UR_x,tra_UR_y,cor_UL_x,cor_UL_y,cor_LL_x,cor_LL_y,cor_LR_x,cor_LR_y,cor_UR_x,cor_UR_y,Dirty
./data/train/PICAI/10636/,8,0,0.5625,0.5625,3.600000169542111,57.74809104473644,18.23501788904589,282.8933672727338,167.7127907926411,213.2519089552635,273.7649821109542,-11.143948262292524,125.48653032648797,170.78217350052185,22.05144322942209,256.9728807739667,79.92338789783078,112.21782649947816,297.9485567705779,25.802168171689416,241.0509821669544,True
./data/train/PICAI/10636/,9,0,0.5625,0.5625,3.600000169542111,57.74809104473644,18.23501788904589,282.8933672727338,167.7127907926411,213.2519089552635,273.7649821109542,-11.143948262292524,125.48653032648797,170.78217350052185,22.05144322942209,256.9728807739667,79.92338789783078,112.21782649947816,297.9485567705779,25.802168171689416,241.0509821669544,True
./data/train/PICAI/10636/,10,0,0.5625,0.5625,3.600000169542111,57.74809104473644,18.23501788904589,282.8933672727338,167.7127907926411,213.2519089552635,273.7649821109542,-11.143948262292524,125.48653032648797,170.78217350052185,22.05144322942209,256.9728807739667,79.92338789783078,112.21782649947816,297.9485567705779,25.802168171689416,241.0509821669544,True
