path,curFrame,Deleted,pixelSpacingX,pixelSpacingY,pixelSpacingZ,tra_UL_x,tra_UL_y,tra_LL_x,tra_LL_y,tra_LR_x,tra_LR_y,tra_UR_x,tra_UR_y,cor_UL_x,cor_UL_y,cor_LL_x,cor_LL_y,cor_LR_x,cor_LR_y,cor_UR_x,cor_UR_y,Dirty
./data/train/PICAI/10804/,8,0,0.5625,0.5625,3.6000000635782774,47.64652457206843,19.49594962263665,278.624369293265,156.77389849990874,211.35347542793164,268.50405037736334,-18.68467667247907,131.568121643417,152.73661794890162,17.600904676740072,240.20749730430484,69.6570788042392,106.26338205109836,294.39909532325987,19.732195316481167,242.6849413390864,True
./data/train/PICAI/10804/,9,0,0.5625,0.5625,3.6000000635782774,47.64652457206843,19.49594962263665,278.624369293265,156.77389849990874,211.35347542793164,268.50405037736334,-18.68467667247907,131.568121643417,152.73661794890162,17.600904676740072,240.20749730430484,69.6570788042392,106.26338205109836,294.39909532325987,19.732195316481167,242.6849413390864,True
./data/train/PICAI/10804/,10,0,0.5625,0.5625,3.6000000635782774,47.64652457206843,19.49594962263665,278.624369293265,156.77389849990874,211.35347542793164,268.50405037736334,-18.68467667247907,131.568121643417,152.73661794890162,17.600904676740072,240.20749730430484,69.6570788042392,106.26338205109836,294.39909532325987,19.732195316481167,242.6849413390864,True
