path,curFrame,Deleted,pixelSpacingX,pixelSpacingY,pixelSpacingZ,tra_UL_x,tra_UL_y,tra_LL_x,tra_LL_y,tra_LR_x,tra_LR_y,tra_UR_x,tra_UR_y,cor_UL_x,cor_UL_y,cor_LL_x,cor_LL_y,cor_LR_x,cor_LR_y,cor_UR_x,cor_UR_y,Dirty
./data/train/PICAI/11142/,9,0,0.5625,0.5625,3.599999957614445,45.23392210796968,75.21132100438132,267.6282498195727,192.0092790417724,202.76607789203035,316.7886789956187,-19.558493345828538,198.9931569079678,143.10738084367765,56.56248213355786,241.7198726516941,108.5680247171507,116.89261915632235,345.43751786644214,18.280127348305925,293.4319752828493,True
./data/train/PICAI/11142/,8,0,0.5625,0.5625,3.599999957614445,45.23392210796968,75.21132100438132,267.6282498195727,192.0092790417724,202.76607789203035,316.7886789956187,-19.558493345828538,198.9931569079678,143.10738084367765,56.56248213355786,241.7198726516941,108.5680247171507,116.89261915632235,345.43751786644214,18.280127348305925,293.4319752828493,True
./data/train/PICAI/11142/,10,0,0.5625,0.5625,3.599999957614445,45.23392210796968,75.21132100438132,267.6282498195727,192.0092790417724,202.76607789203035,316.7886789956187,-19.558493345828538,198.9931569079678,143.10738084367765,56.56248213355786,241.7198726516941,108.5680247171507,116.89261915632235,345.43751786644214,18.280127348305925,293.4319752828493,True
