path,curFrame,Deleted,pixelSpacingX,pixelSpacingY,pixelSpacingZ,tra_UL_x,tra_UL_y,tra_LL_x,tra_LL_y,tra_LR_x,tra_LR_y,tra_UR_x,tra_UR_y,cor_UL_x,cor_UL_y,cor_LL_x,cor_LL_y,cor_LR_x,cor_LR_y,cor_UR_x,cor_UR_y,Dirty,cor_mid_x,cor_mid_y,tra_mid_x,tra_mid_y,Alpha,h_par_cor,h_orth_cor,h_par_tra,h_orth_tra,cor_U_mid_x,cor_U_mid_y,tra_U_mid_x,tra_U_mid_y,tra_L_mid_x,tra_L_mid_y
./data/train/PICAI/10018/,13,0,0.625,0.625,3.600000097034096,89.66767151810663,45.42955748479106,278.7683032756463,216.93451679763243,203.4784537327645,300.09159710759536,14.377821975224776,128.58663779475398,203.60405839823764,57.15667430397546,274.9002917416228,121.70779444178233,102.39594160176236,310.8433256960245,31.099708258377177,246.2922055582177,True,188.0,218.0,188.0,218.0,-2.370899312570196,80.0,60.0,30.0,160.0,119.0,151.0,50.0,84.0,233.0,262.0
./data/train/PICAI/10018/,12,0,0.625,0.625,3.600000097034096,85.25854823880289,47.4930936109959,280.22942176280503,212.29405986206973,207.88757701206825,298.0280609813906,12.91670348806602,133.2270947303167,196.56081432982344,51.59854388471758,274.65206675505897,117.49148234065864,108.85353645372533,312.53211233840494,30.76228402848985,246.63917388246392,True,188.0,218.0,188.0,218.0,-2.370899312570196,80.0,60.0,30.0,160.0,119.0,151.0,50.0,84.0,233.0,262.0
./data/train/PICAI/10018/,14,0,0.625,0.625,3.600000097034096,89.66767151810663,45.42955748479106,278.7683032756463,216.93451679763243,203.4784537327645,300.09159710759536,14.377821975224776,128.58663779475398,207.60405839823764,57.15667430397546,278.9002917416228,121.70779444178233,106.39594160176236,310.8433256960245,35.09970825837718,246.2922055582177,True,188.0,218.0,188.0,218.0,-2.370899312570196,80.0,60.0,30.0,160.0,119.0,151.0,50.0,84.0,233.0,262.0
