path,curFrame,Deleted,pixelSpacingX,pixelSpacingY,pixelSpacingZ,tra_UL_x,tra_UL_y,tra_LL_x,tra_LL_y,tra_LR_x,tra_LR_y,tra_UR_x,tra_UR_y,cor_UL_x,cor_UL_y,cor_LL_x,cor_LL_y,cor_LR_x,cor_LR_y,cor_UR_x,cor_UR_y,Dirty
./data/train/PICAI/10902/,9,0,0.5625,0.5625,4.000404408682703,66.38985750321366,37.21609128656391,252.62748488342885,216.55807228317343,156.6101424967863,317.7839087134361,-29.62748488342889,138.44192771682657,165.93651661183767,57.976333467667615,245.9607843084607,134.4362352438223,69.0634833881623,318.0236665323323,-9.973095967865577,241.720199221218,True
./data/train/PICAI/10902/,10,0,0.5625,0.5625,4.000404408682703,61.52149957362893,38.875869722723706,253.90462089762752,211.60900096753085,161.47850042637103,316.1241302772763,-30.904620897627552,143.39099903246915,161.3692498732364,56.36513032042174,244.01318103807245,129.9856481236935,73.63075012676357,319.6348696795782,-8.020634886431154,246.1362212197117,True
./data/train/PICAI/10902/,11,0,0.5625,0.5625,4.000404408682703,71.31317519274596,35.727227184091845,251.1784067679222,221.4595573541738,151.686824807254,319.2727728159082,-28.17840676792224,133.5404426458262,170.44477091602084,59.74595042397269,247.751877901036,138.9520815604411,64.55522908397913,316.2540495760272,-11.770250717588326,237.23872743493547,True
