path,curFrame,Deleted,pixelSpacingX,pixelSpacingY,pixelSpacingZ,tra_UL_x,tra_UL_y,tra_LL_x,tra_LL_y,tra_LR_x,tra_LR_y,tra_UR_x,tra_UR_y,cor_UL_x,cor_UL_y,cor_LL_x,cor_LL_y,cor_LR_x,cor_LR_y,cor_UR_x,cor_UR_y,Dirty
./data/train/PICAI/11387/,8,0,0.5625,0.5625,3.599999984105416,63.64136194677974,18.01743674195636,288.3626000554704,143.51391136533817,218.35863805322032,267.9825632580436,-5.372331986729023,142.62526173562193,172.1202450199879,10.267090965882971,264.868205988921,61.67541457310908,133.8797549800121,296.73290903411703,41.27096711203917,244.3343173581493,True
./data/train/PICAI/11387/,7,0,0.5625,0.5625,3.599999984105416,63.64136194677974,18.01743674195636,288.3626000554704,143.51391136533817,218.35863805322032,267.9825632580436,-5.372331986729023,142.62526173562193,172.1202450199879,10.267090965882971,264.868205988921,61.67541457310908,133.8797549800121,296.73290903411703,41.27096711203917,244.3343173581493,True
./data/train/PICAI/11387/,9,0,0.5625,0.5625,3.599999984105416,63.64136194677974,18.01743674195636,288.3626000554704,143.51391136533817,218.35863805322032,267.9825632580436,-5.372331986729023,142.62526173562193,172.1202450199879,10.267090965882971,264.868205988921,61.67541457310908,133.8797549800121,296.73290903411703,41.27096711203917,244.3343173581493,True
