path,curFrame,Deleted,pixelSpacingX,pixelSpacingY,pixelSpacingZ,tra_UL_x,tra_UL_y,tra_LL_x,tra_LL_y,tra_LR_x,tra_LR_y,tra_UR_x,tra_UR_y,cor_UL_x,cor_UL_y,cor_LL_x,cor_LL_y,cor_LR_x,cor_LR_y,cor_UR_x,cor_UR_y,Dirty,h_par_cor,h_orth_cor,h_par_tra,h_orth_tra
./data/train/PICAI/10245/,-1,0,-1.0,-1.0,-1.0,-1.0,-1.0,-1.0,-1.0,-1.0,-1.0,-1.0,-1.0,-1.0,-1.0,-1.0,-1.0,-1.0,-1.0,-1.0,-1.0,False,80.0,60.0,30.0,160.0
./data/train/PICAI/10245/,14,0,0.392857134342,0.392857134342,3.299999980733576,117.88321044212242,66.55217955825339,480.3052133491848,297.2365782696386,369.11678955787767,470.4478204417466,7.824227820516711,238.91232676258,308.8832981144555,62.04759450191966,450.6521955647112,152.65984376071958,219.11670188554456,513.9524054980803,77.34780443528888,423.3401562392804,True,,,,
./data/train/PICAI/10245/,13,0,0.392857134342,0.392857134342,3.299999980733576,117.88321044212242,66.55217955825339,480.3052133491848,297.2365782696386,369.11678955787767,470.4478204417466,7.824227820516711,238.91232676258,308.8832981144555,62.04759450191966,450.6521955647112,152.65984376071958,219.11670188554456,513.9524054980803,77.34780443528888,423.3401562392804,True,,,,
./data/train/PICAI/10245/,15,0,0.392857134342,0.392857134342,3.299999980733576,117.88321044212242,66.55217955825339,480.3052133491848,297.2365782696386,369.11678955787767,470.4478204417466,7.824227820516711,238.91232676258,308.8832981144555,62.04759450191966,450.6521955647112,152.65984376071958,219.11670188554456,513.9524054980803,77.34780443528888,423.3401562392804,True,,,,
