path,curFrame,Deleted,pixelSpacingX,pixelSpacingY,pixelSpacingZ,tra_UL_x,tra_UL_y,tra_LL_x,tra_LL_y,tra_LR_x,tra_LR_y,tra_UR_x,tra_UR_y,cor_UL_x,cor_UL_y,cor_LL_x,cor_LL_y,cor_LR_x,cor_LR_y,cor_UR_x,cor_UR_y,Dirty,h_par_cor,h_orth_cor,h_par_tra,h_orth_tra
./data/train/PICAI/11442/,-1,0,-1.0,-1.0,-1.0,-1.0,-1.0,-1.0,-1.0,-1.0,-1.0,-1.0,-1.0,-1.0,-1.0,-1.0,-1.0,-1.0,-1.0,-1.0,-1.0,False,80.0,60.0,30.0,160.0
./data/train/PICAI/11442/,14,0,0.254629641771,0.254629641771,3.299999904900836,-31.873845606135266,442.9808006593481,643.5330290212712,305.6106666926132,709.8738456061351,630.0191993406519,34.46697097872851,767.3893333073868,178.3958499093988,228.01160391107655,429.2910974368557,176.6640161572567,566.604150090601,845.9883960889235,315.7089025631443,897.3359838427433,True,,,,
./data/train/PICAI/11442/,15,0,0.254629641771,0.254629641771,3.299999904900836,-31.873845606135266,442.9808006593481,643.5330290212712,305.6106666926132,709.8738456061351,630.0191993406519,34.46697097872851,767.3893333073868,178.3958499093988,228.01160391107655,429.2910974368557,176.6640161572567,566.604150090601,845.9883960889235,315.7089025631443,897.3359838427433,True,,,,
./data/train/PICAI/11442/,16,0,0.254629641771,0.254629641771,3.299999904900836,-31.873845606135266,442.9808006593481,643.5330290212712,305.6106666926132,709.8738456061351,630.0191993406519,34.46697097872851,767.3893333073868,178.3958499093988,228.01160391107655,429.2910974368557,176.6640161572567,566.604150090601,845.9883960889235,315.7089025631443,897.3359838427433,True,,,,
