path,curFrame,Deleted,pixelSpacingX,pixelSpacingY,pixelSpacingZ,tra_UL_x,tra_UL_y,tra_LL_x,tra_LL_y,tra_LR_x,tra_LR_y,tra_UR_x,tra_UR_y,cor_UL_x,cor_UL_y,cor_LL_x,cor_LL_y,cor_LR_x,cor_LR_y,cor_UR_x,cor_UR_y,Dirty
./data/train/PICAI/11309/,9,0,0.5625,0.5625,3.6000000635783334,39.38754365843998,48.44842865831578,270.6692179307952,152.83610583228216,219.61245634156,266.5515713416842,-10.671653880535304,162.23365064146196,153.48688042920108,30.33128916466393,239.96811726876928,69.45922898646523,134.51311957079892,301.668710835336,49.029446781490535,262.6105274872789,True
./data/train/PICAI/11309/,8,0,0.5625,0.5625,3.6000000635783334,39.38754365843998,48.44842865831578,270.6692179307952,152.83610583228216,219.61245634156,266.5515713416842,-10.671653880535304,162.23365064146196,153.48688042920108,30.33128916466393,239.96811726876928,69.45922898646523,134.51311957079892,301.668710835336,49.029446781490535,262.6105274872789,True
./data/train/PICAI/11309/,10,0,0.5625,0.5625,3.6000000635783334,39.38754365843998,48.44842865831578,270.6692179307952,152.83610583228216,219.61245634156,266.5515713416842,-10.671653880535304,162.23365064146196,153.48688042920108,30.33128916466393,239.96811726876928,69.45922898646523,134.51311957079892,301.668710835336,49.029446781490535,262.6105274872789,True
