path,curFrame,Deleted,pixelSpacingX,pixelSpacingY,pixelSpacingZ,tra_UL_x,tra_UL_y,tra_LL_x,tra_LL_y,tra_LR_x,tra_LR_y,tra_UR_x,tra_UR_y,cor_UL_x,cor_UL_y,cor_LL_x,cor_LL_y,cor_LR_x,cor_LR_y,cor_UR_x,cor_UR_y,Dirty,h_par_cor,h_orth_cor,h_par_tra,h_orth_tra
./data/train/PICAI/10440/,10,0,0.5625,0.5625,3.60000001210842,8.536835097686819,68.55860879210229,276.21339363587833,93.5837962869076,263.4631649023132,232.44139120789765,-3.21476410112382,207.36386775684943,107.72504380531404,19.18063147159151,222.4061860672226,29.192405015969044,198.274956194686,294.8193685284085,83.59381393277741,284.8075949840309,True,,,,
./data/train/PICAI/10440/,11,0,0.5625,0.5625,3.60000001210842,8.536835097686819,68.55860879210229,276.21339363587833,93.5837962869076,263.4631649023132,232.44139120789765,-3.21476410112382,207.36386775684943,107.72504380531404,19.18063147159151,222.4061860672226,29.192405015969044,198.274956194686,294.8193685284085,83.59381393277741,284.8075949840309,True,,,,
./data/train/PICAI/10440/,-1,0,-1.0,-1.0,-1.0,-1.0,-1.0,-1.0,-1.0,-1.0,-1.0,-1.0,-1.0,-1.0,-1.0,-1.0,-1.0,-1.0,-1.0,-1.0,-1.0,False,80.0,60.0,30.0,160.0
./data/train/PICAI/10440/,12,0,0.5625,0.5625,3.60000001210842,8.536835097686819,68.55860879210229,276.21339363587833,93.5837962869076,263.4631649023132,232.44139120789765,-3.21476410112382,207.36386775684943,107.72504380531404,19.18063147159151,222.4061860672226,29.192405015969044,198.274956194686,294.8193685284085,83.59381393277741,284.8075949840309,True,,,,
