path,curFrame,Deleted,pixelSpacingX,pixelSpacingY,pixelSpacingZ,tra_UL_x,tra_UL_y,tra_LL_x,tra_LL_y,tra_LR_x,tra_LR_y,tra_UR_x,tra_UR_y,cor_UL_x,cor_UL_y,cor_LL_x,cor_LL_y,cor_LR_x,cor_LR_y,cor_UR_x,cor_UR_y,Dirty
./data/train/PICAI/11315/,10,0,0.5625,0.5625,3.6000000635782774,39.16599624516785,37.73786419263449,293.032934270332,136.41196301156202,242.83400375483217,266.2621358073655,-10.040388118690686,167.70990633184314,152.3363813114787,18.552671078767982,253.3851243052837,57.15515207898291,158.6636186885213,303.447328921232,57.73674503812147,263.8523017693758,True
./data/train/PICAI/11315/,9,0,0.5625,0.5625,3.6000000635782774,39.16599624516785,37.73786419263449,293.032934270332,136.41196301156202,242.83400375483217,266.2621358073655,-10.040388118690686,167.70990633184314,152.3363813114787,18.552671078767982,253.3851243052837,57.15515207898291,158.6636186885213,303.447328921232,57.73674503812147,263.8523017693758,True
./data/train/PICAI/11315/,11,0,0.5625,0.5625,3.6000000635782774,39.16599624516785,37.73786419263449,293.032934270332,136.41196301156202,242.83400375483217,266.2621358073655,-10.040388118690686,167.70990633184314,152.3363813114787,18.552671078767982,253.3851243052837,57.15515207898291,158.6636186885213,303.447328921232,57.73674503812147,263.8523017693758,True
