path,curFrame,Deleted,pixelSpacingX,pixelSpacingY,pixelSpacingZ,tra_UL_x,tra_UL_y,tra_LL_x,tra_LL_y,tra_LR_x,tra_LR_y,tra_UR_x,tra_UR_y,cor_UL_x,cor_UL_y,cor_LL_x,cor_LL_y,cor_LR_x,cor_LR_y,cor_UR_x,cor_UR_y,Dirty
./data/train/PICAI/10042/,10,0,0.5625,0.5625,3.599999904632611,27.82793083652737,53.69798925014631,263.85547926118863,142.9896259505908,213.17206916347263,276.30201074985365,-20.85669760715049,187.0801730428142,125.3120050273811,28.379334006570524,229.76423262871884,68.3472571314441,134.95214934264138,319.1911704778793,30.4525910908164,280.25555890262297,True
./data/train/PICAI/10042/,9,0,0.5625,0.5625,3.599999904632611,35.8177111298682,47.50463859489791,265.0416385982056,153.04321484069723,205.1822888701318,282.4953614051021,-22.052594807469035,177.16584208583808,135.46675059854698,28.39730427840817,236.87651644313092,75.55408662351843,124.79740377147552,319.1732002060417,23.268412157983377,273.0429131322196,True
./data/train/PICAI/10042/,11,0,0.5625,0.5625,3.599999904632611,27.82793083652737,53.69798925014631,263.85547926118863,142.9896259505908,213.17206916347263,276.30201074985365,-20.85669760715049,187.0801730428142,125.3120050273811,28.379334006570524,229.76423262871884,68.3472571314441,134.95214934264138,319.1911704778793,30.4525910908164,280.25555890262297,True
