path,curFrame,Deleted,pixelSpacingX,pixelSpacingY,pixelSpacingZ,tra_UL_x,tra_UL_y,tra_LL_x,tra_LL_y,tra_LR_x,tra_LR_y,tra_UR_x,tra_UR_y,cor_UL_x,cor_UL_y,cor_LL_x,cor_LL_y,cor_LR_x,cor_LR_y,cor_UR_x,cor_UR_y,Dirty
./data/train/PICAI/10278/,15,0,0.254629641771,0.254629641771,3.29999992422694,184,111,727,507,534,771,-8,375,489,109,698,262,296,812,87,659,True
./data/train/PICAI/10278/,14,0,0.254629641771,0.254629641771,3.29999992422694,184,111,727,507,534,771,-8,375,489,109,698,262,296,812,87,659,True
./data/train/PICAI/10278/,16,0,0.254629641771,0.254629641771,3.29999992422694,184,111,727,507,534,771,-8,375,489,109,698,262,296,812,87,659,True
