path,curFrame,Deleted,pixelSpacingX,pixelSpacingY,pixelSpacingZ,tra_UL_x,tra_UL_y,tra_LL_x,tra_LL_y,tra_LR_x,tra_LR_y,tra_UR_x,tra_UR_y,cor_UL_x,cor_UL_y,cor_LL_x,cor_LL_y,cor_LR_x,cor_LR_y,cor_UR_x,cor_UR_y,Dirty
./data/train/PICAI/10106/,11,0,0.5625,0.5625,3.6000001227677223,14.209591789898267,51.83954002400962,266.6548178213216,132.44604009654472,226.79040821010173,255.1604599759904,-23.672574837446064,173.5192073954243,129.5659223689516,23.082329948213896,222.11038732933264,53.47183480098835,141.4340776310484,301.9176700517861,48.88961267066736,271.52816519901165,True
./data/train/PICAI/10106/,10,0,0.5625,0.5625,3.6000001227677223,14.209591789898267,51.83954002400962,266.6548178213216,132.44604009654472,226.79040821010173,255.1604599759904,-23.672574837446064,173.5192073954243,129.5659223689516,23.082329948213896,222.11038732933264,53.47183480098835,141.4340776310484,301.9176700517861,48.88961267066736,271.52816519901165,True
./data/train/PICAI/10106/,12,0,0.5625,0.5625,3.6000001227677223,2.6125708671390697,65.55084393557425,262.99956970287883,114.79118143763137,238.3874291328609,241.4491560644257,-20.158206666355767,190.9402042917069,112.61941417547536,24.84471026391111,208.177615730422,43.72936317531536,158.38058582452462,300.1552897360889,62.82238426957805,281.2706368246846,True
