path,curFrame,Deleted,pixelSpacingX,pixelSpacingY,pixelSpacingZ,tra_UL_x,tra_UL_y,tra_LL_x,tra_LL_y,tra_LR_x,tra_LR_y,tra_UR_x,tra_UR_y,cor_UL_x,cor_UL_y,cor_LL_x,cor_LL_y,cor_LR_x,cor_LR_y,cor_UR_x,cor_UR_y,Dirty
./data/train/PICAI/10332/,9,0,0.5625,0.5625,3.599999957614445,6.5620407871598445,38.59423179114954,254.92376466814565,133.7228505704894,207.43795921284016,256.4057682088505,-39.92513513339111,161.32948538575354,120.5411743273429,13.014171148491071,209.89871925896367,46.73699967448158,112.4588256726571,300.9858288515089,23.10128074103624,267.2630003255184,True
./data/train/PICAI/10332/,10,0,0.5625,0.5625,3.599999957614445,10.423981376657563,35.155340016252524,255.3144690885612,138.8937081749332,203.57601862334243,259.8446599837474,-40.318274390469526,156.19344756781445,125.56374551234164,13.242918375171826,213.6899464990084,50.06373720986935,107.43625448765832,300.7570816248282,19.31005350099157,263.93626279013057,True
./data/train/PICAI/10332/,11,0,0.5625,0.5625,3.599999957614445,16.436000662760293,30.254906183480472,255.56162777565223,146.66768236318586,197.5639993372397,264.7450938165195,-40.57135970691076,148.4714907377742,133.07498829765393,13.91429224785361,219.15336262529496,55.29681842872512,99.92501170234608,300.0857077521464,13.84663737470504,258.7031815712748,True
