path,curFrame,Deleted,pixelSpacingX,pixelSpacingY,pixelSpacingZ,tra_UL_x,tra_UL_y,tra_LL_x,tra_LL_y,tra_LR_x,tra_LR_y,tra_UR_x,tra_UR_y,cor_UL_x,cor_UL_y,cor_LL_x,cor_LL_y,cor_LR_x,cor_LR_y,cor_UR_x,cor_UR_y,Dirty
./data/train/PICAI/10102/,18,0,0.392857134342,0.392857134342,3.299999900317024,114.65790949582038,145.99817715288117,483.17610392574016,399.8472275235927,352.34209050417974,589.001822847119,-14.206488419715695,335.5000688317412,287.9397225815256,144.05682963262413,453.5730944587374,258.5582973986979,212.06027741847453,608.9431703673758,46.25325736359565,495.4265103543143,True
./data/train/PICAI/10102/,17,0,0.392857134342,0.392857134342,3.299999900317024,99.49621676559502,154.82774962664584,484.8243340126989,382.3519067150798,367.5037832344051,580.1722503733542,-15.83529022196231,352.8571502114556,271.6328874134276,141.97650825096855,444.8500033513386,244.64505623988416,228.36711258657243,611.0234917490313,55.04546818539362,509.3494656554841,True
./data/train/PICAI/10102/,19,0,0.392857134342,0.392857134342,3.299999900317024,114.65790949582038,145.99817715288117,483.17610392574016,399.8472275235927,352.34209050417974,589.001822847119,-14.206488419715695,335.5000688317412,287.9397225815256,144.05682963262413,453.5730944587374,258.5582973986979,212.06027741847453,608.9431703673758,46.25325736359565,495.4265103543143,True
