path,curFrame,Deleted,pixelSpacingX,pixelSpacingY,pixelSpacingZ,tra_UL_x,tra_UL_y,tra_LL_x,tra_LL_y,tra_LR_x,tra_LR_y,tra_UR_x,tra_UR_y,cor_UL_x,cor_UL_y,cor_LL_x,cor_LL_y,cor_LR_x,cor_LR_y,cor_UR_x,cor_UR_y,Dirty,h_par_cor,h_orth_cor,h_par_tra,h_orth_tra
./data/train/PICAI/10263/,16,0,0.392857134342,0.392857134342,3.2999999999999736,57.0,142.99999999999997,475.0000000000002,270.99999999999994,411.0,481.0,-6.000000000000085,354.0,231.0,91.99999999999989,404.0000000000001,144.99999999999991,275.0,568.0,102.0,515.0000000000001,True,,,,
./data/train/PICAI/10263/,15,0,0.392857134342,0.392857134342,3.2999999999999736,51.209808674897374,149.28016115011545,473.4223099467998,262.61419738691427,416.7901913251026,474.7198388498846,-4.388019623078037,362.3502939434023,222.70732159038468,92.91277209691012,397.4516079899209,139.84287299938953,283.29267840961535,567.0872279030897,108.54839201007924,520.1571270006104,True,,,,
./data/train/PICAI/10263/,-1,0,-1.0,-1.0,-1.0,-1.0,-1.0,-1.0,-1.0,-1.0,-1.0,-1.0,-1.0,-1.0,-1.0,-1.0,-1.0,-1.0,-1.0,-1.0,-1.0,False,80.0,60.0,30.0,160.0
./data/train/PICAI/10263/,17,0,0.392857134342,0.392857134342,3.2999999999999736,69.22000716676831,131.06477965337953,477.2729515361269,287.91118411168134,398.7799928332317,492.9352203466205,-8.345143959611136,337.1561364123225,247.65563164538568,91.04511361579095,416.5371192318967,155.98387823729536,258.3443683546143,568.9548863842089,89.46288076810333,504.0161217627047,True,,,,
