path,curFrame,Deleted,pixelSpacingX,pixelSpacingY,pixelSpacingZ,tra_UL_x,tra_UL_y,tra_LL_x,tra_LL_y,tra_LR_x,tra_LR_y,tra_UR_x,tra_UR_y,cor_UL_x,cor_UL_y,cor_LL_x,cor_LL_y,cor_LR_x,cor_LR_y,cor_UR_x,cor_UR_y,Dirty,cor_mid_x,cor_mid_y,tra_mid_x,tra_mid_y,Alpha,h_par_cor,h_orth_cor,h_par_tra,h_orth_tra,cor_U_mid_x,cor_U_mid_y,tra_U_mid_x,tra_U_mid_y,tra_L_mid_x,tra_L_mid_y
./data/train/PICAI/11024/,10,0,0.5625,0.5625,3.6,127.0366747992678,-11.493591241707293,298.6225156783172,214.45968547657145,181.1055622632745,302.6535420967282,9.108486343502136,75.44877569635507,243.35599444305348,4.380515710383906,319.44388444432514,104.0017829920217,93.21726564468584,275.7909472209764,17.129375643414313,176.1696799393387,True,182.0,197.0,182.0,197.0,-2.007934995515234,80.0,60.0,30.0,160.0,136.0,100.0,91.0,3.0,212.0,261.0
./data/train/PICAI/11024/,11,0,0.5625,0.5625,3.6,133.7821040020574,-11.941484276517455,301.39838310532286,216.9719644971921,182.360133060485,303.1014351315383,14.354523056169027,72.92951024260283,250.11294514835447,8.91113377967784,322.0785385022491,106.62439209564872,92.88824079676128,274.43919310458807,20.922647442866747,176.72593478861734,True,182.0,197.0,182.0,197.0,-2.007934995515234,80.0,60.0,30.0,160.0,136.0,100.0,91.0,3.0,212.0,261.0
./data/train/PICAI/11024/,12,0,0.5625,0.5625,3.6,144.82941238866923,-13.25208592195706,296.06919168134345,226.7960617680443,171.31282467387314,304.412036776978,19.77244972674509,63.08132020553961,263.18259995881056,14.718260763753705,328.1567564061022,117.2135605167894,87.81858598630521,268.63206612051226,22.84442953901365,166.13676636747664,True,182.0,197.0,182.0,197.0,-2.007934995515234,80.0,60.0,30.0,160.0,136.0,100.0,91.0,3.0,212.0,261.0
