path,curFrame,Deleted,pixelSpacingX,pixelSpacingY,pixelSpacingZ,tra_UL_x,tra_UL_y,tra_LL_x,tra_LL_y,tra_LR_x,tra_LR_y,tra_UR_x,tra_UR_y,cor_UL_x,cor_UL_y,cor_LL_x,cor_LL_y,cor_LR_x,cor_LR_y,cor_UR_x,cor_UR_y,Dirty,cor_mid_x,cor_mid_y,tra_mid_x,tra_mid_y,Alpha,h_par_cor,h_orth_cor,h_par_tra,h_orth_tra,cor_U_mid_x,cor_U_mid_y,tra_U_mid_x,tra_U_mid_y,tra_L_mid_x,tra_L_mid_y
./data/train/PICAI/10846/,9,0,0.5625,0.5625,3.599999957417562,85.20689740114034,11.983296101336322,286.67926018097035,212.41754226678728,195.33713108255216,304.5151480672789,-6.135231697277817,104.08090190182791,209.4796800867348,22.37370762935064,285.9570020284565,98.22368606456352,86.52031991326527,299.62629237064937,10.042997971543542,223.7763139354365,True,184.0,202.0,184.0,202.0,-2.2904996886398803,80.0,60.0,30.0,160.0,113.0,121.0,43.0,41.0,230.0,255.0
./data/train/PICAI/10846/,8,0,0.5625,0.5625,3.599999957417562,85.20689740114034,11.983296101336322,286.67926018097035,212.41754226678728,195.33713108255216,304.5151480672789,-6.135231697277817,104.08090190182791,209.4796800867348,22.37370762935064,285.9570020284565,98.22368606456352,86.52031991326527,299.62629237064937,10.042997971543542,223.7763139354365,True,184.0,202.0,184.0,202.0,-2.2904996886398803,80.0,60.0,30.0,160.0,113.0,121.0,43.0,41.0,230.0,255.0
./data/train/PICAI/10846/,10,0,0.5625,0.5625,3.599999957417562,95.5440284836925,8.498444168615197,282.5440284836925,222.4984441686152,185.0,308.0,-2.0,94.0,219.0,27.0,290.0,108.0,77.0,295.0,6.0,214.0,True,184.0,202.0,184.0,202.0,-2.2904996886398803,80.0,60.0,30.0,160.0,113.0,121.0,43.0,41.0,230.0,255.0
