path,curFrame,Deleted,pixelSpacingX,pixelSpacingY,pixelSpacingZ,tra_UL_x,tra_UL_y,tra_LL_x,tra_LL_y,tra_LR_x,tra_LR_y,tra_UR_x,tra_UR_y,cor_UL_x,cor_UL_y,cor_LL_x,cor_LL_y,cor_LR_x,cor_LR_y,cor_UR_x,cor_UR_y,Dirty,h_par_cor,h_orth_cor,h_par_tra,h_orth_tra
./data/train/PICAI/10315/,-1,0,-1.0,-1.0,-1.0,-1.0,-1.0,-1.0,-1.0,-1.0,-1.0,-1.0,-1.0,-1.0,-1.0,-1.0,-1.0,-1.0,-1.0,-1.0,-1.0,False,80.0,60.0,30.0,160.0
./data/train/PICAI/10315/,15,0,0.392857134342,0.392857134342,3.2999999999999736,75.4081418987993,159.47335725910003,483.6082410757698,314.9522273087358,410.5918581012006,505.5266427409,2.56540710189708,351.03258044427645,278.8296266701407,104.99042721273725,436.73414231393406,165.48971596309448,275.1703733298592,591.0095727872628,117.26585768606596,530.5102840369055,True,,,,
./data/train/PICAI/10315/,14,0,0.392857134342,0.392857134342,3.2999999999999736,75.4081418987993,159.47335725910003,483.6082410757698,314.9522273087358,410.5918581012006,505.5266427409,2.56540710189708,351.03258044427645,278.8296266701407,104.99042721273725,436.73414231393406,165.48971596309448,275.1703733298592,591.0095727872628,117.26585768606596,530.5102840369055,True,,,,
./data/train/PICAI/10315/,16,0,0.392857134342,0.392857134342,3.2999999999999736,75.4081418987993,159.47335725910003,483.6082410757698,314.9522273087358,410.5918581012006,505.5266427409,2.56540710189708,351.03258044427645,278.8296266701407,104.99042721273725,436.73414231393406,165.48971596309448,275.1703733298592,591.0095727872628,117.26585768606596,530.5102840369055,True,,,,
