path,curFrame,Deleted,pixelSpacingX,pixelSpacingY,pixelSpacingZ,tra_UL_x,tra_UL_y,tra_LL_x,tra_LL_y,tra_LR_x,tra_LR_y,tra_UR_x,tra_UR_y,cor_UL_x,cor_UL_y,cor_LL_x,cor_LL_y,cor_LR_x,cor_LR_y,cor_UR_x,cor_UR_y,Dirty
./data/train/PICAI/11029/,12,0,0.5625,0.5625,3.6000001326851305,31.240675293963605,35.524040452640094,297.6435500609452,105.05466906973209,246.75932470603635,298.47595954735993,-17.66817337975482,229.2581998603484,95.19353130179869,12.885833252119795,260.44116329728826,56.27039409907641,185.8064686982013,342.11416674788023,20.402402237671552,299.7172942415187,True
./data/train/PICAI/11029/,11,0,0.5625,0.5625,3.6000001326851305,12.0,54.0,286.0,81.0,266.0,280.0,-6.0,253.0,70.0,22.0,240.0,39.0,211.0,333.0,41.0,317.0,True
./data/train/PICAI/11029/,13,0,0.5625,0.5625,3.6000001326851305,12.0,54.0,286.0,81.0,266.0,280.0,-6.0,253.0,70.0,22.0,240.0,39.0,211.0,333.0,41.0,317.0,True
