path,curFrame,Deleted,pixelSpacingX,pixelSpacingY,pixelSpacingZ,tra_UL_x,tra_UL_y,tra_LL_x,tra_LL_y,tra_LR_x,tra_LR_y,tra_UR_x,tra_UR_y,cor_UL_x,cor_UL_y,cor_LL_x,cor_LL_y,cor_LR_x,cor_LR_y,cor_UR_x,cor_UR_y,Dirty
./data/train/PICAI/11117/,10,0,0.5625,0.5625,3.599999904632556,36.98523779640067,33.30803937195161,286.6760112144012,145.01980092784473,229.01476220359933,272.6919606280484,-18.68696742366473,161.18925599869053,144.9087790395875,23.52354929849332,245.6750818388884,69.3073042794865,139.0912209604125,308.4764507015066,38.32491816111164,262.6926957205135,True
./data/train/PICAI/11117/,9,0,0.5625,0.5625,3.599999904632556,36.98523779640067,33.30803937195161,286.6760112144012,145.01980092784473,229.01476220359933,272.6919606280484,-18.68696742366473,161.18925599869053,144.9087790395875,23.52354929849332,245.6750818388884,69.3073042794865,139.0912209604125,308.4764507015066,38.32491816111164,262.6926957205135,True
./data/train/PICAI/11117/,11,0,0.5625,0.5625,3.599999904632556,36.98523779640067,33.30803937195161,286.6760112144012,145.01980092784473,229.01476220359933,272.6919606280484,-18.68696742366473,161.18925599869053,144.9087790395875,23.52354929849332,245.6750818388884,69.3073042794865,139.0912209604125,308.4764507015066,38.32491816111164,262.6926957205135,True
