path,curFrame,Deleted,pixelSpacingX,pixelSpacingY,pixelSpacingZ,tra_UL_x,tra_UL_y,tra_LL_x,tra_LL_y,tra_LR_x,tra_LR_y,tra_UR_x,tra_UR_y,cor_UL_x,cor_UL_y,cor_LL_x,cor_LL_y,cor_LR_x,cor_LR_y,cor_UR_x,cor_UR_y,Dirty
./data/train/PICAI/10244/,10,0,0.3125,0.3125,3.3000000260832394,79.02090179120154,87.68110275850086,559.5899296472433,282.4589492028517,453.97909820879846,545.3188972414993,-26.450756546283174,349.5507827284067,250.4925295251025,54.23051562816698,486.4600102447464,150.00289182728054,293.5074704748975,624.7694843718331,57.53998975525363,528.9971081727193,True
./data/train/PICAI/10244/,11,0,0.3125,0.3125,3.3000000260832394,79.02090179120154,87.68110275850086,559.5899296472433,282.4589492028517,453.97909820879846,545.3188972414993,-26.450756546283174,349.5507827284067,250.4925295251025,54.23051562816698,486.4600102447464,150.00289182728054,293.5074704748975,624.7694843718331,57.53998975525363,528.9971081727193,True
./data/train/PICAI/10244/,12,0,0.3125,0.3125,3.3000000260832394,79.02090179120154,87.68110275850086,559.5899296472433,282.4589492028517,453.97909820879846,545.3188972414993,-26.450756546283174,349.5507827284067,250.4925295251025,54.23051562816698,486.4600102447464,150.00289182728054,293.5074704748975,624.7694843718331,57.53998975525363,528.9971081727193,True
