path,curFrame,Deleted,pixelSpacingX,pixelSpacingY,pixelSpacingZ,tra_UL_x,tra_UL_y,tra_LL_x,tra_LL_y,tra_LR_x,tra_LR_y,tra_UR_x,tra_UR_y,cor_UL_x,cor_UL_y,cor_LL_x,cor_LL_y,cor_LR_x,cor_LR_y,cor_UR_x,cor_UR_y,Dirty
./data/train/PICAI/10011/,10,0,0.5625,0.5625,4.00040434645219,21.80437882075053,61.40673287448056,253.0383138484109,187.3903321706735,185.19562117924949,311.59326712551945,-44.0386184580982,185.57476301645195,130.48357891889358,50.64670515907801,223.3770920080204,101.0331639149803,92.51642108110642,339.353294840922,0.6227556871360491,288.9493836785824,True
./data/train/PICAI/10011/,9,0,0.5625,0.5625,4.00040434645219,21.80437882075053,61.40673287448056,253.0383138484109,187.3903321706735,185.19562117924949,311.59326712551945,-44.0386184580982,185.57476301645195,130.48357891889358,50.64670515907801,223.3770920080204,101.0331639149803,92.51642108110642,339.353294840922,0.6227556871360491,288.9493836785824,True
./data/train/PICAI/10011/,11,0,0.5625,0.5625,4.00040434645219,24.0,60.0,253.0,190.00000000000003,183.0,313.0,-44.00000000000003,183.0,133.0,50.99999999999994,225.00000000000009,103.0,90.0,339.00000000000006,-1.0000000000000142,287.0,True
