path,curFrame,Deleted,pixelSpacingX,pixelSpacingY,pixelSpacingZ,tra_UL_x,tra_UL_y,tra_LL_x,tra_LL_y,tra_LR_x,tra_LR_y,tra_UR_x,tra_UR_y,cor_UL_x,cor_UL_y,cor_LL_x,cor_LL_y,cor_LR_x,cor_LR_y,cor_UR_x,cor_UR_y,Dirty
./data/train/PICAI/11163/,10,0,0.5625,0.5625,3.0,46.678442933530775,36.3594348986948,282.48858575554124,159.01169350921953,223.3215570664692,271.64056510130524,-11.496039603899987,149.11017583418567,165.07288884925867,22.86073475510716,253.9849307409576,70.04811449427861,133.92711115074133,301.1392652448929,45.01506925904235,253.9518855057213,True
./data/train/PICAI/11163/,9,0,0.5625,0.5625,3.0,46.678442933530775,36.3594348986948,282.48858575554124,159.01169350921953,223.3215570664692,271.64056510130524,-11.496039603899987,149.11017583418567,165.07288884925867,22.86073475510716,253.9849307409576,70.04811449427861,133.92711115074133,301.1392652448929,45.01506925904235,253.9518855057213,True
./data/train/PICAI/11163/,11,0,0.5625,0.5625,3.0,46.678442933530775,36.3594348986948,282.48858575554124,159.01169350921953,223.3215570664692,271.64056510130524,-11.496039603899987,149.11017583418567,165.07288884925867,22.86073475510716,253.9849307409576,70.04811449427861,133.92711115074133,301.1392652448929,45.01506925904235,253.9518855057213,True
