path,curFrame,Deleted,pixelSpacingX,pixelSpacingY,pixelSpacingZ,tra_UL_x,tra_UL_y,tra_LL_x,tra_LL_y,tra_LR_x,tra_LR_y,tra_UR_x,tra_UR_y,cor_UL_x,cor_UL_y,cor_LL_x,cor_LL_y,cor_LR_x,cor_LR_y,cor_UR_x,cor_UR_y,Dirty,cor_mid_x,cor_mid_y,tra_mid_x,tra_mid_y,Alpha,h_par_cor,h_orth_cor,h_par_tra,h_orth_tra,cor_U_mid_x,cor_U_mid_y,tra_U_mid_x,tra_U_mid_y,tra_L_mid_x,tra_L_mid_y
./data/train/PICAI/10322/,9,0,0.5625,0.5625,3.600000875560862,94.1166020378578,0.688803395029435,307.0319995256991,188.61228221788423,224,281,11,92,227,0,307,70,118,283,38,212,True,217.0,177.0,217.0,177.0,-2.416726509974452,80.0,60.0,30.0,160.0,137.0,106.0,57.0,35.0,270.0,224.0
./data/train/PICAI/10322/,10,0,0.5625,0.5625,3.600000875560862,94.1166020378578,0.688803395029435,307.0319995256991,188.61228221788423,224,281,11,92,227,0,307,70,118,283,38,212,True,217.0,177.0,217.0,177.0,-2.416726509974452,80.0,60.0,30.0,160.0,137.0,106.0,57.0,35.0,270.0,224.0
./data/train/PICAI/10322/,11,0,0.5625,0.5625,3.600000875560862,94.1166020378578,0.688803395029435,307.0319995256991,188.61228221788423,224,281,11,92,227,0,307,70,118,283,38,212,True,217.0,177.0,217.0,177.0,-2.416726509974452,80.0,60.0,30.0,160.0,137.0,106.0,57.0,35.0,270.0,224.0
