path,curFrame,Deleted,pixelSpacingX,pixelSpacingY,pixelSpacingZ,tra_UL_x,tra_UL_y,tra_LL_x,tra_LL_y,tra_LR_x,tra_LR_y,tra_UR_x,tra_UR_y,cor_UL_x,cor_UL_y,cor_LL_x,cor_LL_y,cor_LR_x,cor_LR_y,cor_UR_x,cor_UR_y,Dirty
./data/train/PICAI/10328/,11,0,0.3125,0.3125,3.300000060688359,90.9099221408906,87.96019194166041,555.3294417407122,425.66792033215967,406.0900778591093,631.0398080583395,-57.36351591442312,293.5908987129429,341.31067536916464,101.15013605800868,519.8446910216138,230.77499962596443,213.6893246308353,650.8498639419915,36.12123480467528,521.4838194191382,True
./data/train/PICAI/10328/,10,0,0.3125,0.3125,3.300000060688359,90.9099221408906,87.96019194166041,555.3294417407122,425.66792033215967,406.0900778591093,631.0398080583395,-57.36351591442312,293.5908987129429,341.31067536916464,101.15013605800868,519.8446910216138,230.77499962596443,213.6893246308353,650.8498639419915,36.12123480467528,521.4838194191382,True
./data/train/PICAI/10328/,12,0,0.3125,0.3125,3.300000060688359,90.9099221408906,87.96019194166041,555.3294417407122,425.66792033215967,406.0900778591093,631.0398080583395,-57.36351591442312,293.5908987129429,341.31067536916464,101.15013605800868,519.8446910216138,230.77499962596443,213.6893246308353,650.8498639419915,36.12123480467528,521.4838194191382,True
