path,curFrame,Deleted,pixelSpacingX,pixelSpacingY,pixelSpacingZ,tra_UL_x,tra_UL_y,tra_LL_x,tra_LL_y,tra_LR_x,tra_LR_y,tra_UR_x,tra_UR_y,cor_UL_x,cor_UL_y,cor_LL_x,cor_LL_y,cor_LR_x,cor_LR_y,cor_UR_x,cor_UR_y,Dirty
./data/train/PICAI/10651/,10,0,0.5625,0.5625,3.6,83.9707685357149,30.77488695695897,290.1327166371789,219.5664417336739,194.0292314642851,323.2251130430409,-9.942045939498088,133.98527053024208,184.74661923896463,45.28596167416404,278.8847329936831,130.5562116955149,99.25338076103536,325.7140383258359,5.37408605141934,239.47786247819607,True
./data/train/PICAI/10651/,9,0,0.5625,0.5625,3.6,83.9707685357149,30.77488695695897,290.1327166371789,219.5664417336739,194.0292314642851,323.2251130430409,-9.942045939498088,133.98527053024208,184.74661923896463,45.28596167416404,278.8847329936831,130.5562116955149,99.25338076103536,325.7140383258359,5.37408605141934,239.47786247819607,True
./data/train/PICAI/10651/,11,0,0.5625,0.5625,3.6,83.9707685357149,30.77488695695897,290.1327166371789,219.5664417336739,194.0292314642851,323.2251130430409,-9.942045939498088,133.98527053024208,184.74661923896463,45.28596167416404,278.8847329936831,130.5562116955149,99.25338076103536,325.7140383258359,5.37408605141934,239.47786247819607,True
