path,curFrame,Deleted,pixelSpacingX,pixelSpacingY,pixelSpacingZ,tra_UL_x,tra_UL_y,tra_LL_x,tra_LL_y,tra_LR_x,tra_LR_y,tra_UR_x,tra_UR_y,cor_UL_x,cor_UL_y,cor_LL_x,cor_LL_y,cor_LR_x,cor_LR_y,cor_UR_x,cor_UR_y,Dirty
./data/train/PICAI/11423/,7,0,0.5625,0.5625,3.5999999576145,55.78330956591394,28.44568463712325,291.57116563634776,165.47154690300505,224.2166904340861,282.5543153628767,-10.58635788333558,145.70210127466189,161.89678778741546,25.42841341909101,263.10606533441427,84.90683083595391,132.1032122125845,309.5715865809089,30.72028648791876,251.0779769170585,True
./data/train/PICAI/11423/,8,0,0.5625,0.5625,3.5999999576145,55.78330956591394,28.44568463712325,291.57116563634776,165.47154690300505,224.2166904340861,282.5543153628767,-10.58635788333558,145.70210127466189,161.89678778741546,25.42841341909101,263.10606533441427,84.90683083595391,132.1032122125845,309.5715865809089,30.72028648791876,251.0779769170585,True
./data/train/PICAI/11423/,9,0,0.5625,0.5625,3.5999999576145,55.78330956591394,28.44568463712325,291.57116563634776,165.47154690300505,224.2166904340861,282.5543153628767,-10.58635788333558,145.70210127466189,161.89678778741546,25.42841341909101,263.10606533441427,84.90683083595391,132.1032122125845,309.5715865809089,30.72028648791876,251.0779769170585,True
