path,curFrame,Deleted,pixelSpacingX,pixelSpacingY,pixelSpacingZ,tra_UL_x,tra_UL_y,tra_LL_x,tra_LL_y,tra_LR_x,tra_LR_y,tra_UR_x,tra_UR_y,cor_UL_x,cor_UL_y,cor_LL_x,cor_LL_y,cor_LR_x,cor_LR_y,cor_UR_x,cor_UR_y,Dirty
./data/train/PICAI/10714/,13,0,0.3125,0.3125,3.30000007629392,174.2476226755345,45.27065135184375,617.7464788705279,307.05064400547025,482.7523773244656,534.7293486481562,40.27082123106567,271.9669607058106,380.855240675679,33.64452492103118,566.9591998762912,143.9092807129744,302.144759324321,589.355475078969,117.0231954124278,480.1080193886192,True
./data/train/PICAI/10714/,12,0,0.3125,0.3125,3.30000007629392,165.8006579598893,50.80306419246261,618.1653366250226,296.9457006782831,491.1993420401108,529.1969358075373,39.81705866369634,282.0369992201232,381.1342502901121,32.44030887685864,570.973024468303,136.14295984838324,321.8657497098879,590.5596911231414,133.04427563329065,487.8394354403358,True
./data/train/PICAI/10714/,14,0,0.3125,0.3125,3.30000007629392,149.51145060752498,62.735068287301374,617.9442340105322,276.72274885165393,507.4885493924751,517.2649317126986,39.96480494481176,302.1939007075067,361.5958427289424,31.052903456654576,558.20611044419,121.26045651591168,341.4041572710576,591.9470965433454,145.87723999664937,502.6485824394325,True
