path,curFrame,Deleted,pixelSpacingX,pixelSpacingY,pixelSpacingZ,tra_UL_x,tra_UL_y,tra_LL_x,tra_LL_y,tra_LR_x,tra_LR_y,tra_UR_x,tra_UR_y,cor_UL_x,cor_UL_y,cor_LL_x,cor_LL_y,cor_LR_x,cor_LR_y,cor_UR_x,cor_UR_y,Dirty
./data/train/PICAI/11220/,8,0,0.5625,0.5625,3.599999957614445,14.667833599243522,50.88519922237242,284.7015814454496,108.606729210165,255.33216640075645,244.1148007776276,-13.701733750293188,186.41072319627227,114.44836296105878,14.44539326567488,230.02929025114264,39.466369400996754,175.5516370389412,295.55460673432515,59.97070974885736,270.53363059900323,True
./data/train/PICAI/11220/,9,0,0.5625,0.5625,3.599999957614445,14.667833599243522,50.88519922237242,284.7015814454496,108.606729210165,255.33216640075645,244.1148007776276,-13.701733750293243,186.41072319627227,114.44836296105878,14.445393265674852,230.02929025114267,39.466369400996726,175.5516370389412,295.55460673432515,59.97070974885735,270.5336305990033,True
./data/train/PICAI/11220/,10,0,0.5625,0.5625,3.599999957614445,11.369328782596952,55.1435863930696,283.253031711155,103.4059120918545,258.630671217403,239.8564136069304,-12.253184015998642,191.5766355017082,109.5616891586194,15.59725209053559,225.9454271448183,36.56926993240769,180.4383108413806,294.40274790946444,64.0545728551817,273.4307300675923,True
