path,curFrame,Deleted,pixelSpacingX,pixelSpacingY,pixelSpacingZ,tra_UL_x,tra_UL_y,tra_LL_x,tra_LL_y,tra_LR_x,tra_LR_y,tra_UR_x,tra_UR_y,cor_UL_x,cor_UL_y,cor_LL_x,cor_LL_y,cor_LR_x,cor_LR_y,cor_UR_x,cor_UR_y,Dirty,h_par_cor,h_orth_cor,h_par_tra,h_orth_tra
./data/train/PICAI/10217/,9,0,0.5625,0.5625,3.6000000635782783,80.82135901927563,16.484403702169658,281.3041061895449,197.21533101418777,186.1786409807244,302.5155962978304,-13.329736124759648,122.00962004015614,174.57373961444927,30.103956611966225,266.3086433506228,112.86087436821774,88.42626038555072,309.89604338803383,-3.308643350622788,227.13912563178224,True,,,,
./data/train/PICAI/10217/,10,0,0.5625,0.5625,3.6000000635782783,80.82135901927563,16.484403702169658,281.3041061895449,197.21533101418777,186.1786409807244,302.5155962978304,-13.329736124759648,122.00962004015614,174.57373961444927,30.103956611966225,266.3086433506228,112.86087436821774,88.42626038555072,309.89604338803383,-3.308643350622788,227.13912563178224,True,,,,
./data/train/PICAI/10217/,-1,0,-1.0,-1.0,-1.0,-1.0,-1.0,-1.0,-1.0,-1.0,-1.0,-1.0,-1.0,-1.0,-1.0,-1.0,-1.0,-1.0,-1.0,-1.0,-1.0,False,80.0,60.0,30.0,160.0
./data/train/PICAI/10217/,11,0,0.5625,0.5625,3.6000000635782783,80.82135901927563,16.484403702169658,281.3041061895449,197.21533101418777,186.1786409807244,302.5155962978304,-13.329736124759648,122.00962004015614,174.57373961444927,30.103956611966225,266.3086433506228,112.86087436821774,88.42626038555072,309.89604338803383,-3.308643350622788,227.13912563178224,True,,,,
