path,curFrame,Deleted,pixelSpacingX,pixelSpacingY,pixelSpacingZ,tra_UL_x,tra_UL_y,tra_LL_x,tra_LL_y,tra_LR_x,tra_LR_y,tra_UR_x,tra_UR_y,cor_UL_x,cor_UL_y,cor_LL_x,cor_LL_y,cor_LR_x,cor_LR_y,cor_UR_x,cor_UR_y,Dirty
./data/train/PICAI/10447/,13,0,0.392857134342,0.392857134342,3.299999999999983,81,123,481,297,401,482,1,308,277,78,430,145,252,554,99,488,True
./data/train/PICAI/10447/,12,0,0.392857134342,0.392857134342,3.299999999999983,81,123,481,297,401,482,1,308,277,78,430,145,252,554,99,488,True
./data/train/PICAI/10447/,14,0,0.392857134342,0.392857134342,3.299999999999983,81,123,481,297,401,482,1,308,277,78,430,145,252,554,99,488,True
