path,curFrame,Deleted,pixelSpacingX,pixelSpacingY,pixelSpacingZ,tra_UL_x,tra_UL_y,tra_LL_x,tra_LL_y,tra_LR_x,tra_LR_y,tra_UR_x,tra_UR_y,cor_UL_x,cor_UL_y,cor_LL_x,cor_LL_y,cor_LR_x,cor_LR_y,cor_UR_x,cor_UR_y,Dirty
./data/train/PICAI/11364/,9,0,0.5625,0.5625,3.5999999523163,81.18187423389003,8.029965030601204,286.2694460219773,157.9202178760287,194.81812576611,284.97003496939885,-10.26944602197733,135.0797821239713,175.03530113345238,12.415146326497675,272.1911850424235,83.36396042417321,109.96469886654762,306.5848536735023,12.635166779909468,236.62084732883903,True
./data/train/PICAI/11364/,8,0,0.5625,0.5625,3.5999999523163,81.18187423389003,8.029965030601204,286.2694460219773,157.9202178760287,194.81812576611,284.97003496939885,-10.26944602197733,135.0797821239713,175.03530113345238,12.415146326497675,272.1911850424235,83.36396042417321,109.96469886654762,306.5848536735023,12.635166779909468,236.62084732883903,True
./data/train/PICAI/11364/,10,0,0.5625,0.5625,3.5999999523163,81.18187423389003,8.029965030601204,286.2694460219773,157.9202178760287,194.81812576611,284.97003496939885,-10.26944602197733,135.0797821239713,175.03530113345238,12.415146326497675,272.1911850424235,83.36396042417321,109.96469886654762,306.5848536735023,12.635166779909468,236.62084732883903,True
