path,curFrame,Deleted,pixelSpacingX,pixelSpacingY,pixelSpacingZ,tra_UL_x,tra_UL_y,tra_LL_x,tra_LL_y,tra_LR_x,tra_LR_y,tra_UR_x,tra_UR_y,cor_UL_x,cor_UL_y,cor_LL_x,cor_LL_y,cor_LR_x,cor_LR_y,cor_UR_x,cor_UR_y,Dirty
./data/train/PICAI/10187/,9,0,0.5625,0.5625,4.000404252190847,-2.946342725622628,75.05609191743096,244.54089283073463,122.72230885009844,219.94634272562263,253.94390808256907,-27.57579232743717,207.27708197692064,100.88462287399284,28.160142968219844,193.30447733623123,46.396658566838894,144.11537712600716,308.8398570317802,50.66123234004717,291.5678327634777,True
./data/train/PICAI/10187/,10,0,0.5625,0.5625,4.000404252190847,-2.946342725622628,75.05609191743096,244.54089283073463,122.72230885009844,219.94634272562263,253.94390808256907,-27.57579232743717,207.27708197692064,100.88462287399284,28.160142968219844,193.30447733623123,46.396658566838894,144.11537712600716,308.8398570317802,50.66123234004717,291.5678327634777,True
./data/train/PICAI/10187/,11,0,0.5625,0.5625,4.000404252190847,-2.946342725622628,75.05609191743096,244.54089283073463,122.72230885009844,219.94634272562263,253.94390808256907,-27.57579232743717,207.27708197692064,100.88462287399284,28.160142968219844,193.30447733623123,46.396658566838894,144.11537712600716,308.8398570317802,50.66123234004717,291.5678327634777,True
