path,curFrame,Deleted,pixelSpacingX,pixelSpacingY,pixelSpacingZ,tra_UL_x,tra_UL_y,tra_LL_x,tra_LL_y,tra_LR_x,tra_LR_y,tra_UR_x,tra_UR_y,cor_UL_x,cor_UL_y,cor_LL_x,cor_LL_y,cor_LR_x,cor_LR_y,cor_UR_x,cor_UR_y,Dirty
./data/train/PICAI/11276/,12,0,0.5625,0.5625,3.599999947981364,40.51060312765925,21.587719884815183,296.00247564216505,126.56820892459612,231.4893968723407,283.4122801151849,-23.037984311848504,179.46608139912547,114.3741295872992,10.116322144898788,261.3638904945069,70.28284263962168,159.6258704127008,318.8836778551012,12.636109505493051,258.71715736037834,True
./data/train/PICAI/11276/,13,0,0.5625,0.5625,3.599999947981364,47.49288739115183,16.76960171853662,297.1403628931388,134.97763010698765,224.50711260884816,288.23039828146347,-24.23132393779477,171.10572033385176,122.48495496519664,9.143753045982637,266.1243991297455,76.92066711042969,151.51504503480336,319.85624695401737,7.875600870254459,252.0793328895703,True
./data/train/PICAI/11276/,14,0,0.5625,0.5625,3.599999947981364,57.17656023311564,10.926290070096854,297.97013180339417,146.26089721264984,214.82343976688435,294.0737099299032,-25.13887792783936,159.88322559298553,133.35741684701156,8.509674697519898,271.9190840184744,86.14126872124685,140.64258315298844,320.4903253024802,2.080915981525578,242.8587312787531,True
