path,curFrame,Deleted,pixelSpacingX,pixelSpacingY,pixelSpacingZ,tra_UL_x,tra_UL_y,tra_LL_x,tra_LL_y,tra_LR_x,tra_LR_y,tra_UR_x,tra_UR_y,cor_UL_x,cor_UL_y,cor_LL_x,cor_LL_y,cor_LR_x,cor_LR_y,cor_UR_x,cor_UR_y,Dirty
./data/train/PICAI/10369/,9,0,0.5625,0.5625,3.600000156926173,85.55784704677563,23.4806410005784,298.99808761109296,162.56429822832914,211.4421529532244,296.5193589994216,-1.9980876110929275,157.43570177167086,159.08881852879782,16.884183008891824,283.08883934070343,98.36774694426964,135.60453164801353,324.5919255468409,11.604510836107975,243.1083616114633,True
./data/train/PICAI/10369/,8,0,0.5625,0.5625,3.600000156926173,69.38948366690659,32.16895445349989,298.18880702915027,144.2040812172945,227.6105163330934,287.83104554650004,-1.1888070291502686,175.7959187827055,140.2512241002973,16.59997912347673,273.2573159957137,82.36437581098399,154.44212607651406,324.8761294322561,21.43603418109756,259.11173274474896,True
./data/train/PICAI/10369/,10,0,0.5625,0.5625,3.600000156926173,69.38948366690659,32.16895445349989,298.18880702915027,144.2040812172945,227.6105163330934,287.83104554650004,-1.1888070291502686,175.7959187827055,140.2512241002973,16.59997912347673,273.2573159957137,82.36437581098399,154.44212607651406,324.8761294322561,21.43603418109756,259.11173274474896,True
