path,curFrame,Deleted,pixelSpacingX,pixelSpacingY,pixelSpacingZ,tra_UL_x,tra_UL_y,tra_LL_x,tra_LL_y,tra_LR_x,tra_LR_y,tra_UR_x,tra_UR_y,cor_UL_x,cor_UL_y,cor_LL_x,cor_LL_y,cor_LR_x,cor_LR_y,cor_UR_x,cor_UR_y,Dirty
./data/train/PICAI/11078/,16,0,0.361128568649,0.361128568649,3.2999999999999803,109.06082937690284,130.2081129108149,540.3412428641616,417.0219984572772,401.9391706230972,625.7918870891851,-28.35097479541992,339.11717464368286,314.37917257070706,129.45292811427788,499.21134172781495,251.36301483674023,227.6208274292929,660.547071885722,42.78865827218513,538.6369851632596,True
./data/train/PICAI/11078/,17,0,0.361128568649,0.361128568649,3.2999999999999803,109.06082937690284,130.2081129108149,540.3412428641616,417.0219984572772,401.9391706230972,625.7918870891851,-28.35097479541992,339.11717464368286,314.37917257070706,129.45292811427788,499.21134172781495,251.36301483674023,227.6208274292929,660.547071885722,42.78865827218513,538.6369851632596,True
./data/train/PICAI/11078/,18,0,0.361128568649,0.361128568649,3.2999999999999803,109.06082937690284,130.2081129108149,540.3412428641616,417.0219984572772,401.9391706230972,625.7918870891851,-28.35097479541992,339.11717464368286,314.37917257070706,129.45292811427788,499.21134172781495,251.36301483674023,227.6208274292929,660.547071885722,42.78865827218513,538.6369851632596,True
