path,curFrame,Deleted,pixelSpacingX,pixelSpacingY,pixelSpacingZ,tra_UL_x,tra_UL_y,tra_LL_x,tra_LL_y,tra_LR_x,tra_LR_y,tra_UR_x,tra_UR_y,cor_UL_x,cor_UL_y,cor_LL_x,cor_LL_y,cor_LR_x,cor_LR_y,cor_UR_x,cor_UR_y,Dirty
./data/train/PICAI/10874/,16,0,0.392857134342,0.392857134342,3.29999993642169,92.61799910541892,84.34487837194675,468.0366036450607,308.77720974492007,361.382000894581,485.6551216280532,-12.056067507577552,261.50113645700003,299.9173644403975,64.25975708731792,436.8580382858844,146.11482319042491,206.0826355596025,530.7402429126821,69.00278861315559,449.87544487831656,True
./data/train/PICAI/10874/,15,0,0.392857134342,0.392857134342,3.29999993642169,92.61799910541892,84.34487837194675,468.0366036450607,308.77720974492007,361.382000894581,485.6551216280532,-12.056067507577552,261.50113645700003,299.9173644403975,64.25975708731792,436.8580382858844,146.11482319042491,206.0826355596025,530.7402429126821,69.00278861315559,449.87544487831656,True
./data/train/PICAI/10874/,17,0,0.392857134342,0.392857134342,3.29999993642169,92.61799910541892,84.34487837194675,468.0366036450607,308.77720974492007,361.382000894581,485.6551216280532,-12.056067507577552,261.50113645700003,299.9173644403975,64.25975708731792,436.8580382858844,146.11482319042491,206.0826355596025,530.7402429126821,69.00278861315559,449.87544487831656,True
