path,curFrame,Deleted,pixelSpacingX,pixelSpacingY,pixelSpacingZ,tra_UL_x,tra_UL_y,tra_LL_x,tra_LL_y,tra_LR_x,tra_LR_y,tra_UR_x,tra_UR_y,cor_UL_x,cor_UL_y,cor_LL_x,cor_LL_y,cor_LR_x,cor_LR_y,cor_UR_x,cor_UR_y,Dirty
./data/train/PICAI/10351/,9,0,0.5625,0.5625,3.599999984105416,-30.50234525142166,107.43344773024138,226.45747709336607,126.55541678510288,216.50234525142167,256.56655226975863,-39.459913043106354,237.37482674115296,60.49739702569919,52.8810543809347,171.34554613418584,61.16886707323813,152.50260297430083,322.11894561906524,41.65445386581415,313.83113292676194,True
./data/train/PICAI/10351/,8,0,0.5625,0.5625,3.599999984105416,-30.50234525142166,107.43344773024138,226.45747709336607,126.55541678510288,216.50234525142167,256.56655226975863,-39.459913043106354,237.37482674115296,60.49739702569919,52.8810543809347,171.34554613418584,61.16886707323813,152.50260297430083,322.11894561906524,41.65445386581415,313.83113292676194,True
./data/train/PICAI/10351/,10,0,0.5625,0.5625,3.599999984105416,-30.50234525142166,107.43344773024138,226.45747709336607,126.55541678510288,216.50234525142167,256.56655226975863,-39.459913043106354,237.37482674115296,60.49739702569919,52.8810543809347,171.34554613418584,61.16886707323813,152.50260297430083,322.11894561906524,41.65445386581415,313.83113292676194,True
