path,curFrame,Deleted,pixelSpacingX,pixelSpacingY,pixelSpacingZ,tra_UL_x,tra_UL_y,tra_LL_x,tra_LL_y,tra_LR_x,tra_LR_y,tra_UR_x,tra_UR_y,cor_UL_x,cor_UL_y,cor_LL_x,cor_LL_y,cor_LR_x,cor_LR_y,cor_UR_x,cor_UR_y,Dirty
./data/train/PICAI/10659/,7,0,0.5625,0.5625,3.6000000635782774,27.26446928294385,71.20023915197933,291.345068403265,111.16819091651716,269.73553071705624,254.79976084802064,6.633079197468703,214.623897392665,120.50900460498856,31.411921694060737,240.95803379380607,49.77033577239003,201.4909953950115,306.58807830593935,81.04196620619386,288.22966422761,True
./data/train/PICAI/10659/,8,0,0.5625,0.5625,3.6000000635782774,27.26446928294385,71.20023915197933,291.345068403265,111.16819091651716,269.73553071705624,254.79976084802064,6.633079197468703,214.623897392665,120.50900460498856,31.411921694060737,240.95803379380607,49.77033577239003,201.4909953950115,306.58807830593935,81.04196620619386,288.22966422761,True
./data/train/PICAI/10659/,9,0,0.5625,0.5625,3.6000000635782774,27.26446928294385,71.20023915197933,291.345068403265,111.16819091651716,269.73553071705624,254.79976084802064,6.633079197468703,214.623897392665,120.50900460498856,31.411921694060737,240.95803379380607,49.77033577239003,201.4909953950115,306.58807830593935,81.04196620619386,288.22966422761,True
