path,curFrame,Deleted,pixelSpacingX,pixelSpacingY,pixelSpacingZ,tra_UL_x,tra_UL_y,tra_LL_x,tra_LL_y,tra_LR_x,tra_LR_y,tra_UR_x,tra_UR_y,cor_UL_x,cor_UL_y,cor_LL_x,cor_LL_y,cor_LR_x,cor_LR_y,cor_UR_x,cor_UR_y,Dirty
./data/train/PICAI/11178/,8,0,0.5625,0.5625,3.6,84.05678208196923,8.442600010344421,294.5237714839418,166.98800792892803,177.9432179180308,323.55739998965566,-32.5237714839418,165.01199207107197,156.92335951739972,7.065787992929959,278.00972905642936,98.43611463367844,91.51539047464806,347.68270272856927,-29.13101426041668,255.2438726317823,True
./data/train/PICAI/11178/,9,0,0.5625,0.5625,3.6,84.05678208196923,8.442600010344421,294.5237714839418,166.98800792892803,177.9432179180308,323.55739998965566,-32.5237714839418,165.01199207107197,156.92335951739972,7.065787992929959,278.00972905642936,98.43611463367844,91.51539047464806,347.68270272856927,-29.13101426041668,255.2438726317823,True
./data/train/PICAI/11178/,10,0,0.5625,0.5625,3.6,84.05678208196923,8.442600010344421,294.5237714839418,166.98800792892803,177.9432179180308,323.55739998965566,-32.5237714839418,165.01199207107197,156.92335951739972,7.065787992929959,278.00972905642936,98.43611463367844,91.51539047464806,347.68270272856927,-29.13101426041668,255.2438726317823,True
