path,curFrame,Deleted,pixelSpacingX,pixelSpacingY,pixelSpacingZ,tra_UL_x,tra_UL_y,tra_LL_x,tra_LL_y,tra_LR_x,tra_LR_y,tra_UR_x,tra_UR_y,cor_UL_x,cor_UL_y,cor_LL_x,cor_LL_y,cor_LR_x,cor_LR_y,cor_UR_x,cor_UR_y,Dirty
./data/train/PICAI/10835/,10,0,0.5625,0.5625,3.5999999576145,63.62592373738725,1.989997364832732,297.6474168530156,164.08238077605887,211.3740762626128,289.0100026351672,-21.68149102672669,127.17643826904352,186.4280843032588,0.3224582711977461,276.60095878734217,61.75414966316387,104.57191569674116,309.6775417288022,14.916679302862889,246.313998684258,True
./data/train/PICAI/10835/,9,0,0.5625,0.5625,3.5999999576145,63.62592373738725,1.989997364832732,297.6474168530156,164.08238077605887,211.3740762626128,289.0100026351672,-21.68149102672669,127.17643826904352,186.4280843032588,0.3224582711977461,276.60095878734217,61.75414966316387,104.57191569674116,309.6775417288022,14.916679302862889,246.313998684258,True
./data/train/PICAI/10835/,11,0,0.5625,0.5625,3.5999999576145,63.62592373738725,1.989997364832732,297.6474168530156,164.08238077605887,211.3740762626128,289.0100026351672,-21.68149102672669,127.17643826904352,186.4280843032588,0.3224582711977461,276.60095878734217,61.75414966316387,104.57191569674116,309.6775417288022,14.916679302862889,246.313998684258,True
