path,curFrame,Deleted,pixelSpacingX,pixelSpacingY,pixelSpacingZ,tra_UL_x,tra_UL_y,tra_LL_x,tra_LL_y,tra_LR_x,tra_LR_y,tra_UR_x,tra_UR_y,cor_UL_x,cor_UL_y,cor_LL_x,cor_LL_y,cor_LR_x,cor_LR_y,cor_UR_x,cor_UR_y,Dirty
./data/train/PICAI/10751/,8,0,0.5625,0.5625,3.599999957614445,39.09250596230106,3.23837672405287,276.481711315882,156.07608536166467,184.9074940376989,298.7616232759472,-51.53065479958673,146.23293163271035,144.46234902545103,-5.23423562285231,244.87235556252023,57.88335770282613,74.53765097454897,323.23423562285234,-24.61228205185012,259.47460277525363,True
./data/train/PICAI/10751/,7,0,0.5625,0.5625,3.599999957614445,39.09250596230106,3.23837672405287,276.481711315882,156.07608536166467,184.9074940376989,298.7616232759472,-51.53065479958673,146.23293163271035,144.46234902545103,-5.23423562285231,244.87235556252023,57.88335770282613,74.53765097454897,323.23423562285234,-24.61228205185012,259.47460277525363,True
./data/train/PICAI/10751/,9,0,0.5625,0.5625,3.599999957614445,39.09250596230106,3.23837672405287,276.481711315882,156.07608536166467,184.9074940376989,298.7616232759472,-51.53065479958673,146.23293163271035,144.46234902545103,-5.23423562285231,244.87235556252023,57.88335770282613,74.53765097454897,323.23423562285234,-24.61228205185012,259.47460277525363,True
