path,curFrame,Deleted,pixelSpacingX,pixelSpacingY,pixelSpacingZ,tra_UL_x,tra_UL_y,tra_LL_x,tra_LL_y,tra_LR_x,tra_LR_y,tra_UR_x,tra_UR_y,cor_UL_x,cor_UL_y,cor_LL_x,cor_LL_y,cor_LR_x,cor_LR_y,cor_UR_x,cor_UR_y,Dirty
./data/train/PICAI/10656/,11,0,0.3125,0.3125,3.2999999112271907,52.662637269240776,189.8776200979801,581.2229365113035,413.9512911643096,483.3373627307592,646.1223799020198,-45.222936511303374,422.0487088356903,282.8358860051599,156.8417255898027,478.2968818618309,240.292304369812,274.1641139948401,722.1582744101972,78.85955260320938,639.6953839707832,True
./data/train/PICAI/10656/,10,0,0.3125,0.3125,3.2999999112271907,52.662637269240776,189.8776200979801,581.2229365113035,413.9512911643096,483.3373627307592,646.1223799020198,-45.222936511303374,422.0487088356903,282.8358860051599,156.8417255898027,478.2968818618309,240.292304369812,274.1641139948401,722.1582744101972,78.85955260320938,639.6953839707832,True
./data/train/PICAI/10656/,12,0,0.3125,0.3125,3.2999999112271907,52.662637269240776,189.8776200979801,581.2229365113035,413.9512911643096,483.3373627307592,646.1223799020198,-45.222936511303374,422.0487088356903,282.8358860051599,156.8417255898027,478.2968818618309,240.292304369812,274.1641139948401,722.1582744101972,78.85955260320938,639.6953839707832,True
