path,curFrame,Deleted,pixelSpacingX,pixelSpacingY,pixelSpacingZ,tra_UL_x,tra_UL_y,tra_LL_x,tra_LL_y,tra_LR_x,tra_LR_y,tra_UR_x,tra_UR_y,cor_UL_x,cor_UL_y,cor_LL_x,cor_LL_y,cor_LR_x,cor_LR_y,cor_UR_x,cor_UR_y,Dirty
./data/train/PICAI/11300/,9,0,0.5625,0.5625,3.599999957614445,-43.30914754632633,99.53315659777618,236.0439736002398,88.27110946272975,241.3091475463264,224.46684340222384,-38.04397360023981,235.72889053727025,62.393754273147735,39.3773654791143,168.54477442505828,35.259001640320975,178.6062457268523,293.62263452088564,72.45522557494166,297.740998359679,True
./data/train/PICAI/11300/,8,0,0.5625,0.5625,3.599999957614445,-43.30914754632633,99.53315659777618,236.0439736002398,88.27110946272975,241.3091475463264,224.46684340222384,-38.04397360023981,235.72889053727025,62.393754273147735,39.3773654791143,168.54477442505828,35.259001640320975,178.6062457268523,293.62263452088564,72.45522557494166,297.740998359679,True
./data/train/PICAI/11300/,10,0,0.5625,0.5625,3.599999957614445,-43.30914754632633,99.53315659777618,236.0439736002398,88.27110946272975,241.3091475463264,224.46684340222384,-38.04397360023981,235.72889053727025,62.393754273147735,39.3773654791143,168.54477442505828,35.259001640320975,178.6062457268523,293.62263452088564,72.45522557494166,297.740998359679,True
