path,curFrame,Deleted,pixelSpacingX,pixelSpacingY,pixelSpacingZ,tra_UL_x,tra_UL_y,tra_LL_x,tra_LL_y,tra_LR_x,tra_LR_y,tra_UR_x,tra_UR_y,cor_UL_x,cor_UL_y,cor_LL_x,cor_LL_y,cor_LR_x,cor_LR_y,cor_UR_x,cor_UR_y,Dirty
./data/train/PICAI/10765/,9,0,0.5625,0.5625,3.6,3.9850584080742806,68.14716824560374,272.08846494306306,111.57024280665706,248.0149415919255,255.85283175439628,-19.11409487827757,212.65470824768693,94.76036862923544,25.8214133629537,220.5851983735064,45.33404644508306,178.28687908417254,308.5656026561454,51.7180569789837,287.81962369168804,True
./data/train/PICAI/10765/,10,0,0.5625,0.5625,3.6,3.9850584080742806,68.14716824560374,272.08846494306306,111.57024280665706,248.0149415919255,255.85283175439628,-19.11409487827757,212.65470824768693,94.76036862923544,25.8214133629537,220.5851983735064,45.33404644508306,178.28687908417254,308.5656026561454,51.7180569789837,287.81962369168804,True
./data/train/PICAI/10765/,11,0,0.5625,0.5625,3.6,3.9850584080742806,68.14716824560374,272.08846494306306,111.57024280665706,248.0149415919255,255.85283175439628,-19.11409487827757,212.65470824768693,94.76036862923544,25.8214133629537,220.5851983735064,45.33404644508306,178.28687908417254,308.5656026561454,51.7180569789837,287.81962369168804,True
