path,curFrame,Deleted,pixelSpacingX,pixelSpacingY,pixelSpacingZ,tra_UL_x,tra_UL_y,tra_LL_x,tra_LL_y,tra_LR_x,tra_LR_y,tra_UR_x,tra_UR_y,cor_UL_x,cor_UL_y,cor_LL_x,cor_LL_y,cor_LR_x,cor_LR_y,cor_UR_x,cor_UR_y,Dirty,h_par_cor,h_orth_cor,h_par_tra,h_orth_tra
./data/train/PICAI/10296/,15,0,0.254629641771,0.254629641771,3.2999998409816738,46.23221919024997,269.05885463786785,699.5099282530248,376.3958698828088,643.76778080975,713.9411453621321,-8.511298718270154,606.656466073434,307.970668384704,142.9159282648045,569.940752114813,187.058777402464,457.19614791229424,867.0901400786405,195.16600658445492,823.992299662433,True,,,,
./data/train/PICAI/10296/,16,0,0.254629641771,0.254629641771,3.2999998409816738,46.23221919024997,269.05885463786785,699.5099282530248,376.3958698828088,643.76778080975,713.9411453621321,-8.511298718270154,606.656466073434,307.970668384704,142.9159282648045,569.940752114813,187.058777402464,457.19614791229424,867.0901400786405,195.16600658445492,823.992299662433,True,,,,
./data/train/PICAI/10296/,-1,0,-1.0,-1.0,-1.0,-1.0,-1.0,-1.0,-1.0,-1.0,-1.0,-1.0,-1.0,-1.0,-1.0,-1.0,-1.0,-1.0,-1.0,-1.0,-1.0,False,80.0,60.0,30.0,160.0
./data/train/PICAI/10296/,17,0,0.254629641771,0.254629641771,3.2999998409816738,46.23221919024997,269.05885463786785,699.5099282530248,376.3958698828088,643.76778080975,713.9411453621321,-8.511298718270154,606.656466073434,307.970668384704,142.9159282648045,569.940752114813,187.058777402464,457.19614791229424,867.0901400786405,195.16600658445492,823.992299662433,True,,,,
