path,curFrame,Deleted,pixelSpacingX,pixelSpacingY,pixelSpacingZ,tra_UL_x,tra_UL_y,tra_LL_x,tra_LL_y,tra_LR_x,tra_LR_y,tra_UR_x,tra_UR_y,cor_UL_x,cor_UL_y,cor_LL_x,cor_LL_y,cor_LR_x,cor_LR_y,cor_UR_x,cor_UR_y,Dirty
./data/train/PICAI/10349/,15,0,0.392857134342,0.392857134342,3.3000000004114307,33.177574233779154,96.88605786556028,462.685894046558,243.4043270732052,386.8224257662209,464.11394213443975,-40.68619865624518,317.6305777396693,190.766974613674,43.099984334300274,396.43173324186273,113.02811607008408,254.1048312856533,531.6079208618916,48.49581336607957,460.568234629745,True
./data/train/PICAI/10349/,16,0,0.392857134342,0.392857134342,3.3000000004114307,33.177574233779154,96.88605786556028,462.685894046558,243.4043270732052,386.8224257662209,464.11394213443975,-40.68619865624518,317.6305777396693,196.766974613674,43.099984334300245,402.43173324186273,113.02811607008404,260.1048312856533,531.6079208618917,54.49581336607957,460.568234629745,True
./data/train/PICAI/10349/,17,0,0.392857134342,0.392857134342,3.3000000004114307,46.41656590943808,84.99882329986139,464.6580272431478,261.1211672016024,373.5834340905619,476.0011767001386,-42.66563784696427,300.0531442838929,213.8824140555176,41.48586195685533,414.1682437829596,125.59010061364548,242.98939184380976,533.2220432393366,42.83670516545865,448.0128460523472,True
