path,curFrame,Deleted,pixelSpacingX,pixelSpacingY,pixelSpacingZ,tra_UL_x,tra_UL_y,tra_LL_x,tra_LL_y,tra_LR_x,tra_LR_y,tra_UR_x,tra_UR_y,cor_UL_x,cor_UL_y,cor_LL_x,cor_LL_y,cor_LR_x,cor_LR_y,cor_UR_x,cor_UR_y,Dirty
./data/train/PICAI/10418/,10,0,0.5625,0.5625,3.5999999576145,78.66507558420246,-3.826311758032773,302.9791682676113,167.5597665086079,213.3349244157976,283.82631175803283,-8.885596013607113,111.65476852255914,178.4072143603479,3.012836813073505,285.4602398989636,84.65014276463283,124.59278563965212,294.9871631869264,16.649766668935854,212.25080687673125,True
./data/train/PICAI/10418/,11,0,0.5625,0.5625,3.5999999576145,64.0,4.0,305.0,151.0,228.0,276.0,-11.0,128.0,163.0,1.0,278.0,71.0,140.0,297.0,24.0,226.0,True
./data/train/PICAI/10418/,12,0,0.5625,0.5625,3.5999999576145,64.0,4.0,305.0,151.0,228.0,276.0,-11.0,128.0,163.0,1.0,278.0,71.0,140.0,297.0,24.0,226.0,True
