path,curFrame,Deleted,pixelSpacingX,pixelSpacingY,pixelSpacingZ,tra_UL_x,tra_UL_y,tra_LL_x,tra_LL_y,tra_LR_x,tra_LR_y,tra_UR_x,tra_UR_y,cor_UL_x,cor_UL_y,cor_LL_x,cor_LL_y,cor_LR_x,cor_LR_y,cor_UR_x,cor_UR_y,Dirty
./data/train/PICAI/10082/,10,0,0.5625,0.5625,3.600000063578272,45.28203714688416,43.50263182750409,271.40694439352734,166.67944101940125,206.7179628531158,286.49736817249584,-18.497905438183253,164.4039094214382,146.45185530719033,33.805625401123336,241.32743348012383,85.27041595108655,115.54814469280964,318.1943745988766,19.6763718217844,266.6424283061658,True
./data/train/PICAI/10082/,9,0,0.5625,0.5625,3.600000063578272,45.28203714688416,43.50263182750409,271.40694439352734,166.67944101940125,206.7179628531158,286.49736817249584,-18.497905438183253,164.4039094214382,146.45185530719033,33.805625401123336,241.32743348012383,85.27041595108655,115.54814469280964,318.1943745988766,19.6763718217844,266.6424283061658,True
./data/train/PICAI/10082/,11,0,0.5625,0.5625,3.600000063578272,45.28203714688416,43.50263182750409,271.40694439352734,166.67944101940125,206.7179628531158,286.49736817249584,-18.497905438183253,164.4039094214382,146.45185530719033,33.805625401123336,241.32743348012383,85.27041595108655,115.54814469280964,318.1943745988766,19.6763718217844,266.6424283061658,True
