path,curFrame,Deleted,pixelSpacingX,pixelSpacingY,pixelSpacingZ,tra_UL_x,tra_UL_y,tra_LL_x,tra_LL_y,tra_LR_x,tra_LR_y,tra_UR_x,tra_UR_y,cor_UL_x,cor_UL_y,cor_LL_x,cor_LL_y,cor_LR_x,cor_LR_y,cor_UR_x,cor_UR_y,Dirty,h_par_cor,h_orth_cor,h_par_tra,h_orth_tra
./data/train/PICAI/11208/,12,0,0.39285713434219,0.39285713434219,3.299999999999987,20.474243979879105,157.41451324924546,444.5438095840064,281.3903315701057,388.52575602012087,473.5854867507545,-34.5451800492518,349.55733247365134,216.9406734817377,93.47290010779948,368.4579438848023,137.60357843483868,247.05932651826225,553.5270998922005,95.54205611519768,509.3964215651614,True,,,,
./data/train/PICAI/11208/,13,0,0.39285713434219,0.39285713434219,3.299999999999987,20.474243979879105,157.41451324924546,444.5438095840064,281.3903315701057,388.52575602012087,473.5854867507545,-34.5451800492518,349.55733247365134,216.9406734817377,93.47290010779948,368.4579438848023,137.60357843483868,247.05932651826225,553.5270998922005,95.54205611519768,509.3964215651614,True,,,,
./data/train/PICAI/11208/,-1,0,-1.0,-1.0,-1.0,-1.0,-1.0,-1.0,-1.0,-1.0,-1.0,-1.0,-1.0,-1.0,-1.0,-1.0,-1.0,-1.0,-1.0,-1.0,-1.0,False,80.0,60.0,30.0,160.0
./data/train/PICAI/11208/,14,0,0.39285713434219,0.39285713434219,3.299999999999987,20.474243979879105,157.41451324924546,444.5438095840064,281.3903315701057,388.52575602012087,473.5854867507545,-34.5451800492518,349.55733247365134,216.9406734817377,93.47290010779948,368.4579438848023,137.60357843483868,247.05932651826225,553.5270998922005,95.54205611519768,509.3964215651614,True,,,,
