path,curFrame,Deleted,pixelSpacingX,pixelSpacingY,pixelSpacingZ,tra_UL_x,tra_UL_y,tra_LL_x,tra_LL_y,tra_LR_x,tra_LR_y,tra_UR_x,tra_UR_y,cor_UL_x,cor_UL_y,cor_LL_x,cor_LL_y,cor_LR_x,cor_LR_y,cor_UR_x,cor_UR_y,Dirty,h_par_cor,h_orth_cor,h_par_tra,h_orth_tra
./data/train/PICAI/10027/,-1,0,-1.0,-1.0,-1.0,-1.0,-1.0,-1.0,-1.0,-1.0,-1.0,-1.0,-1.0,-1.0,-1.0,-1.0,-1.0,-1.0,-1.0,-1.0,-1.0,False,80.0,60.0,30.0,160.0
./data/train/PICAI/10027/,13,0,0.625,0.625,3.5,18.013061800615674,71.37613234392603,259.4565164340968,179.82915542143277,210.9869381993844,287.623867656074,-29.327075264395063,180.0219395463487,133.18195870599976,56.88947184947875,224.73091889991667,97.5439659111764,121.81804129400024,328.1105281505213,30.26908110008327,287.4560340888236,True,,,,
./data/train/PICAI/10027/,14,0,0.625,0.625,3.5,18.013061800615674,71.37613234392603,259.4565164340968,179.82915542143277,210.9869381993844,287.623867656074,-29.327075264395063,180.0219395463487,133.18195870599976,56.88947184947875,224.73091889991667,97.5439659111764,121.81804129400024,328.1105281505213,30.26908110008327,287.4560340888236,True,,,,
./data/train/PICAI/10027/,15,0,0.625,0.625,3.5,14.286676725885757,95.8011991366343,269.72335242751205,165.14890786952944,238.7133232741144,279.1988008633658,-15.474675966826185,210.5150251817108,115.897843940609,57.67020831322748,212.6794485477721,83.50276547783585,147.10215605939098,327.3297916867727,50.32055145222781,301.49723452216426,True,,,,
