path,curFrame,Deleted,pixelSpacingX,pixelSpacingY,pixelSpacingZ,tra_UL_x,tra_UL_y,tra_LL_x,tra_LL_y,tra_LR_x,tra_LR_y,tra_UR_x,tra_UR_y,cor_UL_x,cor_UL_y,cor_LL_x,cor_LL_y,cor_LR_x,cor_LR_y,cor_UR_x,cor_UR_y,Dirty
./data/train/PICAI/11378/,12,0,0.5625,0.5625,3.5999999413123467,70.52241635485237,37.9976553822311,295.2466576514957,180.18069014252904,220.4775836451477,299.0023446177688,-3.261849898483405,156.99295803513786,178.33090823158287,27.466394036560416,286.2031105590108,95.22765114584423,147.66909176841713,316.5336059634394,38.81208168797704,248.5987006764888,True
./data/train/PICAI/11378/,13,0,0.5625,0.5625,3.5999999413123467,70.52241635485237,37.9976553822311,295.2466576514957,180.18069014252904,220.4775836451477,299.0023446177688,-3.261849898483405,156.99295803513786,178.33090823158287,27.466394036560416,286.2031105590108,95.22765114584423,147.66909176841713,316.5336059634394,38.81208168797704,248.5987006764888,True
./data/train/PICAI/11378/,14,0,0.5625,0.5625,3.5999999413123467,70.52241635485237,37.9976553822311,295.2466576514957,180.18069014252904,220.4775836451477,299.0023446177688,-3.261849898483405,156.99295803513786,178.33090823158287,27.466394036560416,286.2031105590108,95.22765114584423,147.66909176841713,316.5336059634394,38.81208168797704,248.5987006764888,True
