path,curFrame,Deleted,pixelSpacingX,pixelSpacingY,pixelSpacingZ,tra_UL_x,tra_UL_y,tra_LL_x,tra_LL_y,tra_LR_x,tra_LR_y,tra_UR_x,tra_UR_y,cor_UL_x,cor_UL_y,cor_LL_x,cor_LL_y,cor_LR_x,cor_LR_y,cor_UR_x,cor_UR_y,Dirty
./data/train/PICAI/10774/,8,0,0.5625,0.5625,3.6000000635782774,44.93560441183647,53.20170326331943,298.1340736265508,158.63668411562233,249.0643955881635,276.79829673668064,-3.134225931394326,171.380768290815,152.4789270858905,29.943091458824625,256.74738641338297,72.76934963615142,156.5210729141095,314.0569085411753,53.25246128177341,271.2481027702859,True
./data/train/PICAI/10774/,9,0,0.5625,0.5625,3.6000000635782774,59.32116195648388,41.596509938580425,297.7830362886177,177.10272562629578,234.67883804351607,288.40349006141963,-2.792768219876166,153.03644747466433,169.80637402699222,30.7556552843767,268.0784241054944,85.96982170358794,139.19362597300778,313.24434471562324,41.91184396324711,258.16935139737217,True
./data/train/PICAI/10774/,10,0,0.5625,0.5625,3.6000000635782774,59.32116195648388,41.596509938580425,297.7830362886177,177.10272562629578,234.67883804351607,288.40349006141963,-2.792768219876166,153.03644747466433,169.80637402699222,30.7556552843767,268.0784241054944,85.96982170358794,139.19362597300778,313.24434471562324,41.91184396324711,258.16935139737217,True
