path,curFrame,Deleted,pixelSpacingX,pixelSpacingY,pixelSpacingZ,tra_UL_x,tra_UL_y,tra_LL_x,tra_LL_y,tra_LR_x,tra_LR_y,tra_UR_x,tra_UR_y,cor_UL_x,cor_UL_y,cor_LL_x,cor_LL_y,cor_LR_x,cor_LR_y,cor_UR_x,cor_UR_y,Dirty
./data/train/PICAI/11278/,12,0,0.625,0.625,3.4999998639376617,50.34387824356671,63.47966375091372,260.03498730588785,210.1276735574357,191.6561217564333,307.5203362490863,-17.04244115424646,160.99419578596945,174.84424258948584,59.59906805754366,251.741452722484,114.37880038403038,99.15575741051416,331.40093194245634,22.13667793411089,277.61374576761096,True
./data/train/PICAI/11278/,13,0,0.625,0.625,3.4999998639376617,50.34387824356671,63.47966375091372,260.03498730588785,210.1276735574357,191.6561217564333,307.5203362490863,-17.04244115424646,160.99419578596945,174.84424258948584,59.59906805754366,251.741452722484,114.37880038403038,99.15575741051416,331.40093194245634,22.13667793411089,277.61374576761096,True
./data/train/PICAI/11278/,14,0,0.625,0.625,3.4999998639376617,50.34387824356671,63.47966375091372,260.03498730588785,210.1276735574357,191.6561217564333,307.5203362490863,-17.04244115424646,160.99419578596945,174.84424258948584,59.59906805754366,251.741452722484,114.37880038403038,99.15575741051416,331.40093194245634,22.13667793411089,277.61374576761096,True
