path,curFrame,Deleted,pixelSpacingX,pixelSpacingY,pixelSpacingZ,tra_UL_x,tra_UL_y,tra_LL_x,tra_LL_y,tra_LR_x,tra_LR_y,tra_UR_x,tra_UR_y,cor_UL_x,cor_UL_y,cor_LL_x,cor_LL_y,cor_LR_x,cor_LR_y,cor_UR_x,cor_UR_y,Dirty
./data/train/PICAI/10462/,9,0,0.5625,0.5625,3.6000000476837,73.17603799516633,52.93041154678191,308.7399577662412,182.95594635470616,247.82396200483373,294.06958845321816,11.263847535667168,163.95689790254616,193.08991377952088,45.09544929310712,281.16644055130746,93.95776024765324,155.91008622047914,320.9045507068929,66.83736475060077,271.9550840095991,True
./data/train/PICAI/10462/,10,0,0.5625,0.5625,3.6000000476837,71.0851083958812,54.47278815571751,308.8824091216885,180.3673621750933,249.91489160411885,292.52721184428253,11.12002682805175,166.56288135116262,190.6803161771223,44.79201409322121,279.596193377517,92.10973573833353,158.3196838228777,321.20798590677884,68.40624257222315,273.82050778792234,True
./data/train/PICAI/10462/,11,0,0.5625,0.5625,3.6000000476837,81.79926410900003,47.13270134162447,307.71923920601887,193.27360886639133,239.200735891,299.8672986583756,12.29307245338606,153.56995666856844,202.66436485446047,46.72814468003733,287.1178791225637,101.61533742813924,146.33563514553953,319.2718553199627,60.89443253684114,264.2282281068205,True
