path,curFrame,Deleted,pixelSpacingX,pixelSpacingY,pixelSpacingZ,tra_UL_x,tra_UL_y,tra_LL_x,tra_LL_y,tra_LR_x,tra_LR_y,tra_UR_x,tra_UR_y,cor_UL_x,cor_UL_y,cor_LL_x,cor_LL_y,cor_LR_x,cor_LR_y,cor_UR_x,cor_UR_y,Dirty,h_par_cor,h_orth_cor,h_par_tra,h_orth_tra
./data/train/PICAI/10768/,15,0,0.392857134342,0.392857134342,3.29999999999999,119.62929996020104,163.64266272467617,459.2224075123892,359.17404461272,364.370700039799,523.3573372753237,24.93402695265104,326.8382670466849,295.653355851837,156.80597995956504,418.0500590933434,227.82743471522755,228.34664414816297,556.1940200404349,104.80581810102112,486.0038191603273,True,,,,
./data/train/PICAI/10768/,16,0,0.392857134342,0.392857134342,3.29999999999999,104.41935759973003,174.99238344594312,459.7618936706482,340.18221987266844,379.58064240027,512.0076165540569,24.30786280309593,345.82021607707173,278.120814033705,154.63279276987382,406.2416885070514,214.71641386734944,245.87918596629493,558.3672072301262,116.6909909689446,499.2113937091663,True,,,,
./data/train/PICAI/10768/,-1,0,-1.0,-1.0,-1.0,-1.0,-1.0,-1.0,-1.0,-1.0,-1.0,-1.0,-1.0,-1.0,-1.0,-1.0,-1.0,-1.0,-1.0,-1.0,-1.0,False,80.0,60.0,30.0,160.0
./data/train/PICAI/10768/,17,0,0.392857134342,0.392857134342,3.29999999999999,101.49944838607507,177.41916126120137,459.670824232237,336.3822561117592,382.5005516139249,509.5808387387986,24.381511724005943,349.6191143534862,274.59529020870525,154.38219112468465,403.7452550279189,212.2206436212365,249.40470979129472,558.6178088753153,119.20377948108356,501.7256499572751,True,,,,
