path,curFrame,Deleted,pixelSpacingX,pixelSpacingY,pixelSpacingZ,tra_UL_x,tra_UL_y,tra_LL_x,tra_LL_y,tra_LR_x,tra_LR_y,tra_UR_x,tra_UR_y,cor_UL_x,cor_UL_y,cor_LL_x,cor_LL_y,cor_LR_x,cor_LR_y,cor_UR_x,cor_UR_y,Dirty
./data/train/PICAI/10748/,8,0,0.5625,0.5625,3.0,32.13374868529519,5.6738193517757765,286.51310023106487,80.58807371737521,245.86625131470475,216.3261806482242,-8.513100231064925,141.41192628262476,137.65383639354843,-21.81067465603826,243.5339276236496,9.976213853306035,171.34616360645157,260.8106746560382,65.4660723763505,229.023786146694,True
./data/train/PICAI/10748/,9,0,0.5625,0.5625,3.0,32.13374868529519,5.6738193517757765,286.51310023106487,80.58807371737521,245.86625131470475,216.3261806482242,-8.513100231064925,141.41192628262476,137.65383639354843,-21.81067465603826,243.5339276236496,9.976213853306035,171.34616360645157,260.8106746560382,65.4660723763505,229.023786146694,True
./data/train/PICAI/10748/,10,0,0.5625,0.5625,3.0,32.13374868529519,5.6738193517757765,286.51310023106487,80.58807371737521,245.86625131470475,216.3261806482242,-8.513100231064925,141.41192628262476,137.65383639354843,-21.81067465603826,243.5339276236496,9.976213853306035,171.34616360645157,260.8106746560382,65.4660723763505,229.023786146694,True
