path,curFrame,Deleted,pixelSpacingX,pixelSpacingY,pixelSpacingZ,tra_UL_x,tra_UL_y,tra_LL_x,tra_LL_y,tra_LR_x,tra_LR_y,tra_UR_x,tra_UR_y,cor_UL_x,cor_UL_y,cor_LL_x,cor_LL_y,cor_LR_x,cor_LR_y,cor_UR_x,cor_UR_y,Dirty
./data/train/PICAI/10287/,9,0,0.5625,0.5625,3.599999957614445,48.24366590693037,29.93229510940479,277.6906984440962,146.22098441274494,213.75633409306965,272.0677048905952,-14.693134393836402,155.8487720609992,143.15809275386084,16.110283029091136,249.6115840164677,70.66900550315664,129.84190724613916,306.8897169709088,23.38841598353234,252.3309944968433,True
./data/train/PICAI/10287/,8,0,0.5625,0.5625,3.599999957614445,48.24366590693037,29.93229510940479,277.6906984440962,146.22098441274494,213.75633409306965,272.0677048905952,-14.693134393836402,155.8487720609992,143.15809275386084,16.110283029091136,249.6115840164677,70.66900550315664,129.84190724613916,306.8897169709088,23.38841598353234,252.3309944968433,True
./data/train/PICAI/10287/,10,0,0.5625,0.5625,3.599999957614445,48.24366590693037,29.93229510940479,277.6906984440962,146.22098441274494,213.75633409306965,272.0677048905952,-14.693134393836402,155.8487720609992,143.15809275386084,16.110283029091136,249.6115840164677,70.66900550315664,129.84190724613916,306.8897169709088,23.38841598353234,252.3309944968433,True
