path,curFrame,Deleted,pixelSpacingX,pixelSpacingY,pixelSpacingZ,tra_UL_x,tra_UL_y,tra_LL_x,tra_LL_y,tra_LR_x,tra_LR_y,tra_UR_x,tra_UR_y,cor_UL_x,cor_UL_y,cor_LL_x,cor_LL_y,cor_LR_x,cor_LR_y,cor_UR_x,cor_UR_y,Dirty
./data/train/PICAI/11059/,10,0,0.3125,0.3125,3.300000104037227,159.2331076762644,42.083691956647385,561.9340485923138,356.95660629722477,383.76689232373565,586.9163080433527,-18.934048592313786,272.04339370277523,285.6716608891878,33.53585678483989,529.6050006130251,222.96121356168595,220.76556923070478,619.5305084187705,-22.881742367489835,428.9511823488398,True
./data/train/PICAI/11059/,11,0,0.3125,0.3125,3.300000104037227,159.2331076762644,42.083691956647385,561.9340485923138,356.95660629722477,383.76689232373565,586.9163080433527,-18.934048592313786,272.04339370277523,285.6716608891878,33.53585678483989,529.6050006130251,222.96121356168595,220.76556923070478,619.5305084187705,-22.881742367489835,428.9511823488398,True
./data/train/PICAI/11059/,12,0,0.3125,0.3125,3.300000104037227,159.2331076762644,42.083691956647385,561.9340485923138,356.95660629722477,383.76689232373565,586.9163080433527,-18.934048592313786,272.04339370277523,285.6716608891878,33.53585678483989,529.6050006130251,222.96121356168595,220.76556923070478,619.5305084187705,-22.881742367489835,428.9511823488398,True
