path,curFrame,Deleted,pixelSpacingX,pixelSpacingY,pixelSpacingZ,tra_UL_x,tra_UL_y,tra_LL_x,tra_LL_y,tra_LR_x,tra_LR_y,tra_UR_x,tra_UR_y,cor_UL_x,cor_UL_y,cor_LL_x,cor_LL_y,cor_LR_x,cor_LR_y,cor_UR_x,cor_UR_y,Dirty
./data/train/PICAI/10641/,8,0,0.5625,0.5625,3.599999904632556,64.85203955328123,19.76847656775044,297.17006714829347,162.8360621850495,228.1479604467188,274.2315234322496,-3.1755452529253034,131.26846627821814,188.32459831560712,8.589244855371192,285.6384588384242,68.08724944498486,142.67540168439288,299.4107551446288,45.46606962484337,238.91822865964687,True
./data/train/PICAI/10641/,9,0,0.5625,0.5625,3.599999904632556,54.07377676732041,27.3687195632225,297.97692581619333,149.64403957524848,238.92622323267955,266.63128043677744,-3.977078121037096,144.37341283118883,175.5643614599536,7.153281860290036,277.69350614563496,57.943416785993406,155.4356385400464,300.84671813971,53.32394626080219,249.0567355188502,True
./data/train/PICAI/10641/,10,0,0.5625,0.5625,3.599999904632556,64.85203955328123,19.76847656775044,297.17006714829347,162.8360621850495,228.1479604467188,274.2315234322496,-3.1755452529253034,131.26846627821814,188.32459831560712,8.589244855371192,285.6384588384242,68.08724944498486,142.67540168439288,299.4107551446288,45.46606962484337,238.91822865964687,True
