path,curFrame,Deleted,pixelSpacingX,pixelSpacingY,pixelSpacingZ,tra_UL_x,tra_UL_y,tra_LL_x,tra_LL_y,tra_LR_x,tra_LR_y,tra_UR_x,tra_UR_y,cor_UL_x,cor_UL_y,cor_LL_x,cor_LL_y,cor_LR_x,cor_LR_y,cor_UR_x,cor_UR_y,Dirty
./data/train/PICAI/11471/,9,0,0.5625,0.5625,3.599999957614445,20.999999999999886,62.00000000000003,284.0000000000001,114.99999999999996,258.0000000000001,241.0,-3.0000000000001137,188.0,124.99999999999996,25.999999999999886,230.00000000000009,46.99999999999997,180.0,295.0000000000002,73.99999999999991,273.0,True
./data/train/PICAI/11471/,8,0,0.5625,0.5625,3.599999957614445,13.650489300212657,72.66853003638629,280.2689492639678,102.54488869261463,265.3495106997874,230.3314699636137,0.7234401322156998,200.28079982189,113.38219840291694,28.90859603222069,219.8129123002512,40.67733170364335,191.61780159708303,292.09140396777934,84.10373725890943,279.4136293410125,True
./data/train/PICAI/11471/,10,0,0.5625,0.5625,3.599999957614445,20.999999999999886,62.00000000000003,284.0000000000001,114.99999999999996,258.0000000000001,241.0,-3.0000000000001137,188.0,124.99999999999996,25.999999999999886,230.00000000000009,46.99999999999997,180.0,295.0000000000002,73.99999999999991,273.0,True
