path,curFrame,Deleted,pixelSpacingX,pixelSpacingY,pixelSpacingZ,tra_UL_x,tra_UL_y,tra_LL_x,tra_LL_y,tra_LR_x,tra_LR_y,tra_UR_x,tra_UR_y,cor_UL_x,cor_UL_y,cor_LL_x,cor_LL_y,cor_LR_x,cor_LR_y,cor_UR_x,cor_UR_y,Dirty,h_par_cor,h_orth_cor,h_par_tra,h_orth_tra
./data/train/PICAI/11225/,7,0,0.5625,0.5625,3.6000000777180725,23.82463563802185,48.22273497175236,272.7926911267673,157.51549477839757,220.17536436197813,278.77726502824754,-27.805002786172054,169.64093968664264,134.69457892137038,27.638033823793165,235.9970663439237,72.03179511976163,129.30542107862962,317.3619661762068,28.002933656076323,272.9682048802384,True,,,,
./data/train/PICAI/11225/,8,0,0.5625,0.5625,3.6000000777180725,25.85145390378865,46.52689589660048,272.87416868698136,160.14810158084552,218.14854609621136,280.4731041033994,-27.889360933969044,167.0255465968214,137.22235843496034,27.707123889409587,237.7346390325926,73.86209598411286,126.77764156503966,317.2928761105904,26.265360967407403,271.1379040158872,True,,,,
./data/train/PICAI/11225/,-1,0,-1.0,-1.0,-1.0,-1.0,-1.0,-1.0,-1.0,-1.0,-1.0,-1.0,-1.0,-1.0,-1.0,-1.0,-1.0,-1.0,-1.0,-1.0,-1.0,False,80.0,60.0,30.0,160.0
./data/train/PICAI/11225/,9,0,0.5625,0.5625,3.6000000777180725,17.926035664512398,53.518820030444914,272.27283018090026,149.63181665024862,226.07396433548763,273.481179969555,-27.278308285531978,177.472711813019,127.1093965715428,27.695538749299743,230.59644240445377,66.72669738925023,136.89060342845718,317.30446125070023,33.403557595546246,278.27330261074974,True,,,,
