path,curFrame,Deleted,pixelSpacingX,pixelSpacingY,pixelSpacingZ,tra_UL_x,tra_UL_y,tra_LL_x,tra_LL_y,tra_LR_x,tra_LR_y,tra_UR_x,tra_UR_y,cor_UL_x,cor_UL_y,cor_LL_x,cor_LL_y,cor_LR_x,cor_LR_y,cor_UR_x,cor_UR_y,Dirty
./data/train/PICAI/10101/,11,0,0.5625,0.5625,3.5999999523162907,36.93113924329529,53.68738971945169,299.84087939724026,100.51119277073272,273.0688607567047,248.3126102805483,11.105414181271383,202.53977272026475,120.3719778531642,16.302486505433357,250.3270001656253,39.38161170274438,204.65883451782767,299.34779920866856,73.70485490002987,276.21818873156656,True
./data/train/PICAI/10101/,10,0,0.5625,0.5625,3.5999999523162907,36.93113924329529,53.68738971945169,299.84087939724026,100.51119277073272,273.0688607567047,248.3126102805483,11.105414181271383,202.53977272026475,120.3719778531642,16.302486505433357,250.3270001656253,39.38161170274438,204.65883451782767,299.34779920866856,73.70485490002987,276.21818873156656,True
./data/train/PICAI/10101/,12,0,0.5625,0.5625,3.5999999523162907,36.93113924329529,53.68738971945169,299.84087939724026,100.51119277073272,273.0688607567047,248.3126102805483,11.105414181271383,202.53977272026475,120.3719778531642,16.302486505433357,250.3270001656253,39.38161170274438,204.65883451782767,299.34779920866856,73.70485490002987,276.21818873156656,True
