path,curFrame,Deleted,pixelSpacingX,pixelSpacingY,pixelSpacingZ,tra_UL_x,tra_UL_y,tra_LL_x,tra_LL_y,tra_LR_x,tra_LR_y,tra_UR_x,tra_UR_y,cor_UL_x,cor_UL_y,cor_LL_x,cor_LL_y,cor_LR_x,cor_LR_y,cor_UR_x,cor_UR_y,Dirty
./data/train/PICAI/11153/,9,0,0.5625,0.5625,3.5999999576145,26.872453162986403,48.38314464521039,243.06232600296445,190.43573660126816,181.1275468370136,284.61685535478955,-34.08417840223055,142.77217508954968,152.95881626406648,46.98963235502495,227.2839813279864,96.5251735171146,87.04118373593343,309.0103676449751,12.508106981195851,260.4529740836192,True
./data/train/PICAI/11153/,8,0,0.5625,0.5625,3.5999999576145,26.872453162986403,48.38314464521039,243.06232600296445,190.43573660126816,181.1275468370136,284.61685535478955,-34.08417840223055,142.77217508954968,152.95881626406648,46.98963235502495,227.2839813279864,96.5251735171146,87.04118373593343,309.0103676449751,12.508106981195851,260.4529740836192,True
./data/train/PICAI/11153/,10,0,0.5625,0.5625,3.5999999576145,26.872453162986403,48.38314464521039,243.06232600296445,190.43573660126816,181.1275468370136,284.61685535478955,-34.08417840223055,142.77217508954968,152.95881626406648,46.98963235502495,227.2839813279864,96.5251735171146,87.04118373593343,309.0103676449751,12.508106981195851,260.4529740836192,True
