path,curFrame,Deleted,pixelSpacingX,pixelSpacingY,pixelSpacingZ,tra_UL_x,tra_UL_y,tra_LL_x,tra_LL_y,tra_LR_x,tra_LR_y,tra_UR_x,tra_UR_y,cor_UL_x,cor_UL_y,cor_LL_x,cor_LL_y,cor_LR_x,cor_LR_y,cor_UR_x,cor_UR_y,Dirty
./data/train/PICAI/11223/,9,0,0.5625,0.5625,3.6000000635782783,40.91256264056548,38.77590064197258,275.2136280490121,143.8425973087419,225.0874373594345,257.2240993580274,-9.213628049011987,152.15740269125808,149.21838781908428,22.696998544922423,243.33662274061012,64.76548859693716,140.7816121809157,294.3030014550776,46.66337725938979,252.23451140306284,True
./data/train/PICAI/11223/,8,0,0.5625,0.5625,3.6000000635782783,44.78052591466468,35.62863179569773,275.27208661080283,148.80831392927934,221.2194740853353,260.37136820430226,-9.272086610802717,147.19168607072064,153.9552744926731,22.92694567591656,246.5480059986249,68.25448776973317,136.04472550732686,294.0730543240835,43.45199400137501,248.74551223026685,True
./data/train/PICAI/11223/,10,0,0.5625,0.5625,3.6000000635782783,40.91256264056548,38.77590064197258,275.2136280490121,143.8425973087419,225.0874373594345,257.2240993580274,-9.213628049011987,152.15740269125808,149.21838781908428,22.696998544922423,243.33662274061012,64.76548859693716,140.7816121809157,294.3030014550776,46.66337725938979,252.23451140306284,True
