path,curFrame,Deleted,pixelSpacingX,pixelSpacingY,pixelSpacingZ,tra_UL_x,tra_UL_y,tra_LL_x,tra_LL_y,tra_LR_x,tra_LR_y,tra_UR_x,tra_UR_y,cor_UL_x,cor_UL_y,cor_LL_x,cor_LL_y,cor_LR_x,cor_LR_y,cor_UR_x,cor_UR_y,Dirty,h_par_cor,h_orth_cor,h_par_tra,h_orth_tra
./data/train/PICAI/10432/,-1,0,-1.0,-1.0,-1.0,-1.0,-1.0,-1.0,-1.0,-1.0,-1.0,-1.0,-1.0,-1.0,-1.0,-1.0,-1.0,-1.0,-1.0,-1.0,-1.0,False,80.0,60.0,30.0,160.0
./data/train/PICAI/10432/,16,0,0.392857134342,0.392857134342,3.299999999999983,37.96368455498353,216.4091382004386,457.1108619854448,315.063300059316,408.0363154450165,522.5908617995613,-10.11831583380348,423.8148305972788,222.3891398703754,160.56642730983535,372.76740705884,195.50031855307907,275.6108601296246,610.4335726901647,124.11817744611362,574.6290046386846,True,,,,
./data/train/PICAI/10432/,15,0,0.392857134342,0.392857134342,3.299999999999983,49.09350240110149,203.87457896541247,460.3378919221482,331.5266533216948,396.9064975988985,535.1254210345874,-13.339262387393603,407.4210107220623,238.14453544572777,159.25807442184598,385.719623666017,204.5967261086116,259.8554645542722,611.7419255781541,111.22941084298552,565.4569803128767,True,,,,
./data/train/PICAI/10432/,17,0,0.392857134342,0.392857134342,3.299999999999983,37.96368455498353,216.4091382004386,457.1108619854448,315.063300059316,408.0363154450165,522.5908617995613,-10.11831583380348,423.8148305972788,222.3891398703754,160.56642730983535,372.76740705884,195.50031855307907,275.6108601296246,610.4335726901647,124.11817744611362,574.6290046386846,True,,,,
