path,curFrame,Deleted,pixelSpacingX,pixelSpacingY,pixelSpacingZ,tra_UL_x,tra_UL_y,tra_LL_x,tra_LL_y,tra_LR_x,tra_LR_y,tra_UR_x,tra_UR_y,cor_UL_x,cor_UL_y,cor_LL_x,cor_LL_y,cor_LR_x,cor_LR_y,cor_UR_x,cor_UR_y,Dirty
./data/train/PICAI/10449/,9,0,0.5625,0.5625,3.599999957614445,35.63977410627453,51.225493668461866,251.03018004821664,153.4995032122624,193.36022589372547,275.7745063315381,-21.10237247170093,174.56781731174155,119.49662422816176,35.05226326968736,215.53496272786347,80.86315213048893,108.50337577183824,306.94773673031256,12.465037272136527,261.1368478695111,True
./data/train/PICAI/10449/,8,0,0.5625,0.5625,3.599999957614445,37.61124521768959,49.86629290555665,251.1839185750109,155.88380652951864,191.3887547823104,277.1337070944433,-21.274879619666763,172.19954391132077,119.86840222131454,35.16889808853193,215.0926033652387,82.64890984612818,104.13159777868546,306.83110191146795,8.907396634761312,259.35109015387184,True
./data/train/PICAI/10449/,10,0,0.5625,0.5625,3.599999957614445,28.0,57.0,250.0,144.0,201.0,270.0,-20.0,184.0,114.0,35.0,213.0,74.0,122.0,307.0,23.0,268.0,True
