path,curFrame,Deleted,pixelSpacingX,pixelSpacingY,pixelSpacingZ,tra_UL_x,tra_UL_y,tra_LL_x,tra_LL_y,tra_LR_x,tra_LR_y,tra_UR_x,tra_UR_y,cor_UL_x,cor_UL_y,cor_LL_x,cor_LL_y,cor_LR_x,cor_LR_y,cor_UR_x,cor_UR_y,Dirty
./data/train/PICAI/10347/,10,0,0.5625,0.5625,3.6000000635782774,9.483749929548352,61.39901252772978,276.8167782015571,99.84445432409068,256.5162500704517,239.60098747227016,-9.888970625041395,200.08822515190536,112.39962712994304,23.08129088261745,218.7482513033395,38.70083429546024,181.600372870057,295.9187091173825,75.25174869666053,280.29916570453975,True
./data/train/PICAI/10347/,9,0,0.5625,0.5625,3.6000000635782774,9.483749929548352,61.39901252772978,276.8167782015571,99.84445432409068,256.5162500704517,239.60098747227016,-9.888970625041395,200.08822515190536,112.39962712994304,23.08129088261745,218.7482513033395,38.70083429546024,181.600372870057,295.9187091173825,75.25174869666053,280.29916570453975,True
./data/train/PICAI/10347/,11,0,0.5625,0.5625,3.6000000635782774,9.483749929548352,61.39901252772978,276.8167782015571,99.84445432409068,256.5162500704517,239.60098747227016,-9.888970625041395,200.08822515190536,112.39962712994304,23.08129088261745,218.7482513033395,38.70083429546024,181.600372870057,295.9187091173825,75.25174869666053,280.29916570453975,True
