path,curFrame,Deleted,pixelSpacingX,pixelSpacingY,pixelSpacingZ,tra_UL_x,tra_UL_y,tra_LL_x,tra_LL_y,tra_LR_x,tra_LR_y,tra_UR_x,tra_UR_y,cor_UL_x,cor_UL_y,cor_LL_x,cor_LL_y,cor_LR_x,cor_LR_y,cor_UR_x,cor_UR_y,Dirty
./data/train/PICAI/11314/,11,0,0.5625,0.5625,3.5999999241997984,65.21187856715153,45.71818176102674,291.4098512436876,159.51834501673167,226.78812143284847,288.2818182389732,0.365197701968583,175.4560250480536,157.6000953401446,29.75821856301597,270.50199664653326,86.50251012871229,156.25193128214056,314.6492229348188,43.350029975751866,257.90493136912244,True
./data/train/PICAI/11314/,10,0,0.5625,0.5625,3.5999999241997984,65.21187856715153,45.71818176102674,291.4098512436876,159.51834501673167,226.78812143284847,288.2818182389732,0.365197701968583,175.4560250480536,157.6000953401446,29.75821856301597,270.50199664653326,86.50251012871229,156.25193128214056,314.6492229348188,43.350029975751866,257.90493136912244,True
./data/train/PICAI/11314/,12,0,0.5625,0.5625,3.5999999241997984,65.21187856715153,45.71818176102674,291.4098512436876,159.51834501673167,226.78812143284847,288.2818182389732,0.365197701968583,175.4560250480536,157.6000953401446,29.75821856301597,270.50199664653326,86.50251012871229,156.25193128214056,314.6492229348188,43.350029975751866,257.90493136912244,True
