path,curFrame,Deleted,pixelSpacingX,pixelSpacingY,pixelSpacingZ,tra_UL_x,tra_UL_y,tra_LL_x,tra_LL_y,tra_LR_x,tra_LR_y,tra_UR_x,tra_UR_y,cor_UL_x,cor_UL_y,cor_LL_x,cor_LL_y,cor_LR_x,cor_LR_y,cor_UR_x,cor_UR_y,Dirty
./data/train/PICAI/10875/,10,0,0.5625,0.5625,3.6000000635782774,6.961981576302165,59.92385908212874,262.5063419302573,113.6088652876602,237.03801842369785,234.0761409178713,-17.675088054702357,179.24701190670442,118.2556093594079,19.711320657275763,215.58583131116387,39.732007329364166,161.74439064059203,294.2886793427243,64.25773422379594,273.2803043300407,True
./data/train/PICAI/10875/,9,0,0.5625,0.5625,3.6000000635782774,-0.1894497699651367,70.28143402726313,259.06144373214715,101.48999404461183,244.1894497699652,223.71856597273688,-14.333069901470791,191.29778833351247,106.37285651164618,22.12889404763644,205.0776254013023,33.59050817652722,173.62714348835374,291.8711059523637,74.68045270309808,279.4391960971968,True
./data/train/PICAI/10875/,11,0,0.5625,0.5625,3.6000000635782774,-0.1894497699651367,70.28143402726313,259.06144373214715,101.48999404461183,244.1894497699652,223.71856597273688,-14.333069901470791,191.29778833351247,106.37285651164618,22.12889404763644,205.0776254013023,33.59050817652722,173.62714348835374,291.8711059523637,74.68045270309808,279.4391960971968,True
