path,curFrame,Deleted,pixelSpacingX,pixelSpacingY,pixelSpacingZ,tra_UL_x,tra_UL_y,tra_LL_x,tra_LL_y,tra_LR_x,tra_LR_y,tra_UR_x,tra_UR_y,cor_UL_x,cor_UL_y,cor_LL_x,cor_LL_y,cor_LR_x,cor_LR_y,cor_UR_x,cor_UR_y,Dirty
./data/train/PICAI/10458/,9,0,0.5625,0.5625,3.5999999046325497,56.18881661830427,24.423524044482704,304.20413163537125,132.94266298773576,245.8111833816957,267.5764759555173,-2.2041316353712546,159.05733701226424,169.31045857876293,11.85904710682317,266.4122591863936,54.2411225486409,156.68954142123707,304.14095289317686,60.58226270897463,261.8634059146267,True
./data/train/PICAI/10458/,8,0,0.5625,0.5625,3.5999999046325497,56.18881661830427,24.423524044482704,304.20413163537125,132.94266298773576,245.8111833816957,267.5764759555173,-2.2041316353712546,159.05733701226424,169.31045857876293,11.85904710682317,266.4122591863936,54.2411225486409,156.68954142123707,304.14095289317686,60.58226270897463,261.8634059146267,True
./data/train/PICAI/10458/,10,0,0.5625,0.5625,3.5999999046325497,56.18881661830427,24.423524044482704,304.20413163537125,132.94266298773576,245.8111833816957,267.5764759555173,-2.2041316353712546,159.05733701226424,169.31045857876293,11.85904710682317,266.4122591863936,54.2411225486409,156.68954142123707,304.14095289317686,60.58226270897463,261.8634059146267,True
