path,curFrame,Deleted,pixelSpacingX,pixelSpacingY,pixelSpacingZ,tra_UL_x,tra_UL_y,tra_LL_x,tra_LL_y,tra_LR_x,tra_LR_y,tra_UR_x,tra_UR_y,cor_UL_x,cor_UL_y,cor_LL_x,cor_LL_y,cor_LR_x,cor_LR_y,cor_UR_x,cor_UR_y,Dirty
./data/train/PICAI/10483/,9,0,0.5625,0.5625,3.599999957614445,22.59872933380734,54.57926635261161,280.40045965937713,121.36450305311476,250.40127066619263,237.4207336473884,-6.4042649612853495,170.54834120413756,138.8531897924264,15.792306844444482,234.3754362256315,40.56124780593984,169.1468102075736,293.2076931555555,73.62456377436848,268.4387521940601,True
./data/train/PICAI/10483/,10,0,0.5625,0.5625,3.599999957614445,31.0,45.0,282.0,134.0,242.0,247.0,-8.0,158.0,149.0,15.0,242.0,48.0,155.0,294.0,62.0,261.0,True
./data/train/PICAI/10483/,11,0,0.5625,0.5625,3.599999957614445,31.0,45.0,282.0,134.0,242.0,247.0,-8.0,158.0,149.0,15.0,242.0,48.0,155.0,294.0,62.0,261.0,True
