path,curFrame,Deleted,pixelSpacingX,pixelSpacingY,pixelSpacingZ,tra_UL_x,tra_UL_y,tra_LL_x,tra_LL_y,tra_LR_x,tra_LR_y,tra_UR_x,tra_UR_y,cor_UL_x,cor_UL_y,cor_LL_x,cor_LL_y,cor_LR_x,cor_LR_y,cor_UR_x,cor_UR_y,Dirty,h_par_cor,h_orth_cor,h_par_tra,h_orth_tra
./data/train/PICAI/10798/,-1,0,-1.0,-1.0,-1.0,-1.0,-1.0,-1.0,-1.0,-1.0,-1.0,-1.0,-1.0,-1.0,-1.0,-1.0,-1.0,-1.0,-1.0,-1.0,-1.0,False,80.0,60.0,30.0,160.0
./data/train/PICAI/10798/,15,0,0.392857134342,0.392857134342,3.299999999999987,125.99999999999984,80.99999999999989,504.0000000000002,293.0,399.0000000000003,479.00000000000006,21.999999999999915,268.0,321.00000000000006,42.99999999999983,465.00000000000017,123.99999999999991,231.00000000000003,539.0000000000002,87.99999999999983,459.0,True,,,,
./data/train/PICAI/10798/,14,0,0.392857134342,0.392857134342,3.299999999999987,119.13815226809557,85.88500672309121,504.3065781822445,284.5638522975943,405.86184773190456,474.1149932769088,21.727712141477355,276.4006390327224,312.3175120336391,41.580597547651536,459.0566503572916,117.50572701103825,239.68248796636092,540.4194024523485,93.97763996643,465.4587643192783,True,,,,
./data/train/PICAI/10798/,16,0,0.392857134342,0.392857134342,3.299999999999987,147.54892547249364,67.82200758567879,501.3181677089588,318.17240851892586,377.4510745275064,492.1779924143211,24.571825723142013,242.92664183971004,336.6765441819503,49.06235079571252,471.420891590302,144.6707230310848,195.32345581804964,532.9376492042875,61.46910184179873,438.4283273275511,True,,,,
