path,curFrame,Deleted,pixelSpacingX,pixelSpacingY,pixelSpacingZ,tra_UL_x,tra_UL_y,tra_LL_x,tra_LL_y,tra_LR_x,tra_LR_y,tra_UR_x,tra_UR_y,cor_UL_x,cor_UL_y,cor_LL_x,cor_LL_y,cor_LR_x,cor_LR_y,cor_UR_x,cor_UR_y,Dirty
./data/train/PICAI/10098/,9,0,0.5625,0.5625,3.6000000635782783,26.27128443180308,60.90881658280608,282.6635440245403,138.44596394412292,246.7287155681969,257.09118341719386,-8.646243922946667,180.5364313445962,121.30663565869516,30.71263789525296,244.21464485342565,67.4185637526148,172.36244034717598,305.7088503939132,49.454431152445466,269.0029245365513,True
./data/train/PICAI/10098/,8,0,0.5625,0.5625,3.6000000635782783,26.27128443180308,60.90881658280608,282.6635440245403,138.44596394412292,246.7287155681969,257.09118341719386,-8.646243922946667,180.5364313445962,121.30663565869516,30.71263789525296,244.21464485342565,67.4185637526148,172.36244034717598,305.7088503939132,49.454431152445466,269.0029245365513,True
./data/train/PICAI/10098/,10,0,0.5625,0.5625,3.6000000635782783,26.27128443180308,60.90881658280608,282.6635440245403,138.44596394412292,246.7287155681969,257.09118341719386,-8.646243922946667,180.5364313445962,121.30663565869516,30.71263789525296,244.21464485342565,67.4185637526148,172.36244034717598,305.7088503939132,49.454431152445466,269.0029245365513,True
