path,curFrame,Deleted,pixelSpacingX,pixelSpacingY,pixelSpacingZ,tra_UL_x,tra_UL_y,tra_LL_x,tra_LL_y,tra_LR_x,tra_LR_y,tra_UR_x,tra_UR_y,cor_UL_x,cor_UL_y,cor_LL_x,cor_LL_y,cor_LR_x,cor_LR_y,cor_UR_x,cor_UR_y,Dirty
./data/train/PICAI/10058/,16,0,0.392857134342,0.392857134342,3.299999916225699,26.41195292319287,104.61757035588232,442.4583690751066,162.8874562932055,411.58804707680713,384.3824296441177,-3.458521379950241,326.1299961132317,192.15347560009693,22.058837639869097,358.76154015603134,45.970191113179766,295.8465243999031,498.941162360131,129.2210074375314,476.0296565819767,True
./data/train/PICAI/10058/,17,0,0.392857134342,0.392857134342,3.299999916225699,26.41195292319287,104.61757035588232,442.4583690751066,162.8874562932055,411.58804707680713,384.3824296441177,-3.458521379950241,326.1299961132317,192.15347560009693,22.058837639869097,358.76154015603134,45.970191113179766,295.8465243999031,498.941162360131,129.2210074375314,476.0296565819767,True
./data/train/PICAI/10058/,18,0,0.392857134342,0.392857134342,3.299999916225699,33.99676886540732,94.7299947594296,446.4233976628037,174.69421087398086,404.0032311345927,394.2700052405704,-7.425833612543926,314.3755455997632,204.7035756996796,19.67217553362056,369.8318861444436,52.27035170434596,283.29642430032044,501.3278244663795,118.09835738181224,469.7272123459139,True
