path,curFrame,Deleted,pixelSpacingX,pixelSpacingY,pixelSpacingZ,tra_UL_x,tra_UL_y,tra_LL_x,tra_LL_y,tra_LR_x,tra_LR_y,tra_UR_x,tra_UR_y,cor_UL_x,cor_UL_y,cor_LL_x,cor_LL_y,cor_LR_x,cor_LR_y,cor_UR_x,cor_UR_y,Dirty,h_par_cor,h_orth_cor,h_par_tra,h_orth_tra
./data/train/PICAI/11061/,14,0,0.392857134342,0.392857134342,3.2999999999999696,27.394604584435484,197.71856778390784,452.9869210108434,285.22388304420883,412.6053954155644,479.2814322160923,-12.01255094605807,391.5511659014472,207.3774352287469,129.6914512868577,365.9065064475594,162.88081070370555,281.6225647712533,571.3085487131422,123.3184446067846,539.0935593610799,True,,,,
./data/train/PICAI/11061/,15,0,0.392857134342,0.392857134342,3.2999999999999696,27.39460458443557,197.7185677839079,452.9869210108433,285.22388304420883,412.6053954155644,479.2814322160922,-12.012550946058042,391.5511659014472,209.3774352287469,129.6914512868577,367.9065064475594,162.88081070370555,283.6225647712533,571.3085487131422,125.31844460678457,539.0935593610797,True,,,,
./data/train/PICAI/11061/,16,0,0.392857134342,0.392857134342,3.2999999999999696,32.42513571669792,191.08249666643752,454.7043013416801,293.3874636967296,407.5748642833021,485.91750333356265,-13.722674158232422,383.4217273078938,211.1061565098857,128.5304030618637,368.3803641622976,167.23212921595277,269.8938434901144,572.4695969381362,112.81044483307907,534.7494979674949,True,,,,
./data/train/PICAI/11061/,-1,0,-1.0,-1.0,-1.0,-1.0,-1.0,-1.0,-1.0,-1.0,-1.0,-1.0,-1.0,-1.0,-1.0,-1.0,-1.0,-1.0,-1.0,-1.0,-1.0,False,80.0,60.0,30.0,160.0
