path,curFrame,Deleted,pixelSpacingX,pixelSpacingY,pixelSpacingZ,tra_UL_x,tra_UL_y,tra_LL_x,tra_LL_y,tra_LR_x,tra_LR_y,tra_UR_x,tra_UR_y,cor_UL_x,cor_UL_y,cor_LL_x,cor_LL_y,cor_LR_x,cor_LR_y,cor_UR_x,cor_UR_y,Dirty
./data/train/PICAI/10844/,9,0,0.5625,0.5625,3.5999999046325497,11.327445880035498,25.30111835770569,271.7742431791976,173.86916935323163,203.6725541199645,293.6988816422943,-55.79184789047852,146.14813074836206,125.59054006960956,21.153510317555515,237.4912804231702,85.11618934466482,105.40945993039048,317.8464896824445,-5.491432728013834,253.9012630617725,True
./data/train/PICAI/10844/,8,0,0.5625,0.5625,3.5999999046325497,11.327445880035498,25.30111835770569,271.7742431791976,173.86916935323163,203.6725541199645,293.6988816422943,-55.79184789047852,146.14813074836206,125.59054006960956,21.153510317555515,237.4912804231702,85.11618934466482,105.40945993039048,317.8464896824445,-5.491432728013834,253.9012630617725,True
./data/train/PICAI/10844/,10,0,0.5625,0.5625,3.5999999046325497,11.327445880035498,25.30111835770569,271.7742431791976,173.86916935323163,203.6725541199645,293.6988816422943,-55.79184789047852,146.14813074836206,125.59054006960956,21.153510317555515,237.4912804231702,85.11618934466482,105.40945993039048,317.8464896824445,-5.491432728013834,253.9012630617725,True
