path,curFrame,Deleted,pixelSpacingX,pixelSpacingY,pixelSpacingZ,tra_UL_x,tra_UL_y,tra_LL_x,tra_LL_y,tra_LR_x,tra_LR_y,tra_UR_x,tra_UR_y,cor_UL_x,cor_UL_y,cor_LL_x,cor_LL_y,cor_LR_x,cor_LR_y,cor_UR_x,cor_UR_y,Dirty
./data/train/PICAI/11303/,10,0,0.5625,0.5625,3.6,64.35416599700831,19.9633901355771,300.2583774146649,160.59838946154005,207.6458340029917,317.0366098644229,-28.414811879705184,177.38929887905513,144.52705822759037,15.64797184798411,271.3928997769517,90.41466395063324,123.47294177240964,340.35202815201575,-4.380588117546921,265.42890158432647,True
./data/train/PICAI/11303/,9,0,0.5625,0.5625,3.6,64.35416599700831,19.9633901355771,300.2583774146649,160.59838946154005,207.6458340029917,317.0366098644229,-28.414811879705184,177.38929887905513,144.52705822759037,15.64797184798411,271.3928997769517,90.41466395063324,123.47294177240964,340.35202815201575,-4.380588117546921,265.42890158432647,True
./data/train/PICAI/11303/,11,0,0.5625,0.5625,3.6,64.35416599700831,19.9633901355771,300.2583774146649,160.59838946154005,207.6458340029917,317.0366098644229,-28.414811879705184,177.38929887905513,144.52705822759037,15.64797184798411,271.3928997769517,90.41466395063324,123.47294177240964,340.35202815201575,-4.380588117546921,265.42890158432647,True
