path,curFrame,Deleted,pixelSpacingX,pixelSpacingY,pixelSpacingZ,tra_UL_x,tra_UL_y,tra_LL_x,tra_LL_y,tra_LR_x,tra_LR_y,tra_UR_x,tra_UR_y,cor_UL_x,cor_UL_y,cor_LL_x,cor_LL_y,cor_LR_x,cor_LR_y,cor_UR_x,cor_UR_y,Dirty
./data/train/PICAI/10523/,11,0,0.5625,0.5625,3.0000000953674,27.36613944498204,35.816268231494675,285.9323519046659,104.83448158314393,249.633860555018,240.1837317685053,-7.932961077646695,171.13061892015355,135.01911873923677,4.645503683509361,245.1393017722034,34.820746661585915,176.9808812607632,289.3544963164905,66.89559772449917,260.1786441654331,True
./data/train/PICAI/10523/,10,0,0.5625,0.5625,3.0000000953674,27.36613944498204,35.816268231494675,285.9323519046659,104.83448158314393,249.633860555018,240.1837317685053,-7.932961077646695,171.13061892015355,135.01911873923677,4.645503683509361,245.1393017722034,34.820746661585915,176.9808812607632,289.3544963164905,66.89559772449917,260.1786441654331,True
./data/train/PICAI/10523/,12,0,0.5625,0.5625,3.0000000953674,27.36613944498204,35.816268231494675,285.9323519046659,104.83448158314393,249.633860555018,240.1837317685053,-7.932961077646695,171.13061892015355,135.01911873923677,4.645503683509361,245.1393017722034,34.820746661585915,176.9808812607632,289.3544963164905,66.89559772449917,260.1786441654331,True
