path,curFrame,Deleted,pixelSpacingX,pixelSpacingY,pixelSpacingZ,tra_UL_x,tra_UL_y,tra_LL_x,tra_LL_y,tra_LR_x,tra_LR_y,tra_UR_x,tra_UR_y,cor_UL_x,cor_UL_y,cor_LL_x,cor_LL_y,cor_LR_x,cor_LR_y,cor_UR_x,cor_UR_y,Dirty
./data/train/PICAI/10969/,11,0,0.5625,0.5625,3.5999999046325994,72.016720715746,30.34436896863025,282.92037681208444,193.502721023306,193.98327928425405,308.65563103136986,-16.920376812084413,145.497278976694,164.53393839386723,37.51002749660108,268.55918166759375,118.6256780323766,109.46606160613284,323.4899725033989,5.1318013380314085,243.32537848391848,True
./data/train/PICAI/10969/,10,0,0.5625,0.5625,3.5999999046325994,69.59740813376402,31.429868021198928,283.31644845543974,190.8825939432792,196.40259186623604,307.5701319788012,-17.31644845543974,148.11740605672082,162.0342257251009,37.05127207833195,267.4592887519943,116.339077482288,111.96577427489916,323.948727921668,6.248339543283095,245.61722727367496,True
./data/train/PICAI/10969/,12,0,0.5625,0.5625,3.5999999046325994,81.87227904146049,26.4293665716624,280.8808331302922,203.9021684300673,184.1277209585396,312.5706334283377,-14.880833130292189,135.0978315699327,174.44134336639718,39.77901433361268,272.554844628963,127.9535053726913,99.55865663360284,321.22098566638726,1.070548777621326,233.97367848187545,True
