path,curFrame,Deleted,pixelSpacingX,pixelSpacingY,pixelSpacingZ,tra_UL_x,tra_UL_y,tra_LL_x,tra_LL_y,tra_LR_x,tra_LR_y,tra_UR_x,tra_UR_y,cor_UL_x,cor_UL_y,cor_LL_x,cor_LL_y,cor_LR_x,cor_LR_y,cor_UR_x,cor_UR_y,Dirty
./data/train/PICAI/10293/,9,0,0.5625,0.5625,3.6000000635782774,37.9298377089176,24.3402274703202,287.2485920661516,172.58717929651252,219.0701622910824,287.6597725296798,-29.62864164500945,140.68390743354396,167.7580788385149,22.14105864463309,263.4780746094506,78.57783895773922,124.87342386588432,312.179531572014,30.104802043291286,256.0584101042326,True
./data/train/PICAI/10293/,10,0,0.5625,0.5625,3.6000000635782774,28.966340606594144,30.978799206864537,288.018951611641,161.47303176703556,228.03365939340583,281.0212007931355,-30.311844830454504,151.75171310435604,157.58981584567334,20.998577061705227,257.0134733018953,70.62079084268821,135.0416868587259,313.3220131549418,36.58910509968027,263.9483247983529,True
./data/train/PICAI/10293/,11,0,0.5625,0.5625,3.6000000635782774,28.966340606594144,30.978799206864537,288.018951611641,161.47303176703556,228.03365939340583,281.0212007931355,-30.311844830454504,151.75171310435604,159.58981584567334,20.998577061705227,259.0134733018953,70.62079084268821,137.0416868587259,313.3220131549418,38.58910509968027,263.9483247983529,True
