path,curFrame,Deleted,pixelSpacingX,pixelSpacingY,pixelSpacingZ,tra_UL_x,tra_UL_y,tra_LL_x,tra_LL_y,tra_LR_x,tra_LR_y,tra_UR_x,tra_UR_y,cor_UL_x,cor_UL_y,cor_LL_x,cor_LL_y,cor_LR_x,cor_LR_y,cor_UR_x,cor_UR_y,Dirty
./data/train/PICAI/10037/,10,0,0.5625,0.5625,3.5999999576145,-36.23095894819576,64.08710557956346,236.74768510174053,44.91264619583527,246.23095894819576,180.9128944204365,-26.539773410922805,201.0655014048985,57.1332716883425,2.8657906960877284,159.60717894382154,-5.625282957784236,178.86672831165748,258.13420930391226,76.18490936536068,265.64713535705044,True
./data/train/PICAI/10037/,11,0,0.5625,0.5625,3.5999999576145,-36.23095894819576,64.08710557956346,236.74768510174053,44.91264619583527,246.23095894819576,180.9128944204365,-26.539773410922805,201.0655014048985,57.1332716883425,2.8657906960877284,159.60717894382154,-5.625282957784236,178.86672831165748,258.13420930391226,76.18490936536068,265.64713535705044,True
./data/train/PICAI/10037/,12,0,0.5625,0.5625,3.5999999576145,-32.98031214096741,56.77570113358964,240.6277378318438,51.91411805030228,242.9803121409674,188.22429886641032,-30.471303366803625,194.0735702902928,63.8965458173287,-0.1448094855038562,166.67440460355576,-3.261176491870657,172.10345418267127,261.14480948550386,69.16916093140401,263.2734881512755,True
