path,curFrame,Deleted,pixelSpacingX,pixelSpacingY,pixelSpacingZ,tra_UL_x,tra_UL_y,tra_LL_x,tra_LL_y,tra_LR_x,tra_LR_y,tra_UR_x,tra_UR_y,cor_UL_x,cor_UL_y,cor_LL_x,cor_LL_y,cor_LR_x,cor_LR_y,cor_UR_x,cor_UR_y,Dirty
./data/train/PICAI/10710/,12,0,0.5625,0.5625,3.600000034679045,95.3404359669347,21.053755329622906,300.7676213464515,172.97699748515896,217.6595640330653,285.9462446703771,11.23298782652941,134.05790201154355,187.8831171542856,20.51790323444466,287.63580423794,93.55531550397784,131.88949625784008,304.11905300540013,33.148542409708185,231.02997598919023,True
./data/train/PICAI/10710/,11,0,0.5625,0.5625,3.600000034679045,95.3404359669347,21.053755329622906,300.7676213464515,172.97699748515896,217.6595640330653,285.9462446703771,11.23298782652941,134.05790201154355,187.8831171542856,20.51790323444466,287.63580423794,93.55531550397784,131.88949625784008,304.11905300540013,33.148542409708185,231.02997598919023,True
./data/train/PICAI/10710/,13,0,0.5625,0.5625,3.600000034679045,95.3404359669347,21.053755329622906,300.7676213464515,172.97699748515896,217.6595640330653,285.9462446703771,11.23298782652941,134.05790201154355,187.8831171542856,20.51790323444466,287.63580423794,93.55531550397784,131.88949625784008,304.11905300540013,33.148542409708185,231.02997598919023,True
