path,curFrame,Deleted,pixelSpacingX,pixelSpacingY,pixelSpacingZ,tra_UL_x,tra_UL_y,tra_LL_x,tra_LL_y,tra_LR_x,tra_LR_y,tra_UR_x,tra_UR_y,cor_UL_x,cor_UL_y,cor_LL_x,cor_LL_y,cor_LR_x,cor_LR_y,cor_UR_x,cor_UR_y,Dirty
./data/train/PICAI/10744/,9,0,0.5625,0.5625,3.6000000072874827,25.632454467607573,69.0734456594066,291.98439656322904,131.8161180753213,262.3675455323923,257.9265543405933,-2.98500573621007,195.1489824279762,134.12594933477754,30.76582440302525,242.07285323019343,56.01391223941144,182.87405066522248,309.234175596975,73.9277559427876,284.0209872572909,True
./data/train/PICAI/10744/,8,0,0.5625,0.5625,3.6000000072874827,15.0070460250964,84.20266193100547,287.0200494251094,114.01752368323444,272.9929539749035,242.7973380689945,1.96763891548568,212.8260418517253,117.33925225276252,34.77410438496517,227.5585041826089,46.67857850291946,199.66074774723748,305.2258956150349,88.4538074767959,293.4778559621208,True
./data/train/PICAI/10744/,10,0,0.5625,0.5625,3.6000000072874827,15.0070460250964,84.20266193100547,287.0200494251094,114.01752368323444,272.9929539749035,242.7973380689945,1.96763891548568,212.8260418517253,115.33925225276252,34.77410438496517,225.5585041826089,46.67857850291946,197.66074774723748,305.2258956150349,86.4538074767959,293.4778559621208,True
