path,curFrame,Deleted,pixelSpacingX,pixelSpacingY,pixelSpacingZ,tra_UL_x,tra_UL_y,tra_LL_x,tra_LL_y,tra_LR_x,tra_LR_y,tra_UR_x,tra_UR_y,cor_UL_x,cor_UL_y,cor_LL_x,cor_LL_y,cor_LR_x,cor_LR_y,cor_UR_x,cor_UR_y,Dirty
./data/train/PICAI/11119/,9,0,0.5625,0.5625,3.6000000635783334,97.02670629730306,-14.871680939857328,285.9648908728548,184.7463603522437,176.97329370269694,287.8716809398576,-10.765569753725572,87.504220637315,187.2789953594795,10.690893736920486,272.8669082930735,102.29170792364908,78.7210046405205,285.3091062630794,-6.866908293073493,193.7082920763509,True
./data/train/PICAI/11119/,8,0,0.5625,0.5625,3.6000000635783334,97.02670629730306,-14.871680939857328,285.9648908728548,184.7463603522437,176.97329370269694,287.8716809398576,-10.765569753725572,87.504220637315,187.2789953594795,10.690893736920486,272.8669082930735,102.29170792364908,78.7210046405205,285.3091062630794,-6.866908293073493,193.7082920763509,True
./data/train/PICAI/11119/,10,0,0.5625,0.5625,3.6000000635783334,97.02670629730306,-14.871680939857328,285.9648908728548,184.7463603522437,176.97329370269694,287.8716809398576,-10.765569753725572,87.504220637315,187.2789953594795,10.690893736920486,272.8669082930735,102.29170792364908,78.7210046405205,285.3091062630794,-6.866908293073493,193.7082920763509,True
