path,curFrame,Deleted,pixelSpacingX,pixelSpacingY,pixelSpacingZ,tra_UL_x,tra_UL_y,tra_LL_x,tra_LL_y,tra_LR_x,tra_LR_y,tra_UR_x,tra_UR_y,cor_UL_x,cor_UL_y,cor_LL_x,cor_LL_y,cor_LR_x,cor_LR_y,cor_UR_x,cor_UR_y,Dirty
./data/train/PICAI/11247/,8,0,0.5625,0.5625,2.999999947018056,15.508884367459643,70.1187686578832,279.75849059710265,121.81156900259832,254.4911156325404,247.8812313421168,-8.760926546843052,196.11867452365755,122.5233064041201,26.62300190380025,227.2255848457176,47.369878515430415,178.47669359587988,296.3769980961996,72.77685110402258,275.69987795831366,True
./data/train/PICAI/11247/,7,0,0.5625,0.5625,2.999999947018056,15.508884367459643,70.1187686578832,279.75849059710265,121.81156900259832,254.4911156325404,247.8812313421168,-8.760926546843052,196.11867452365755,122.5233064041201,26.62300190380025,227.2255848457176,47.369878515430415,178.47669359587988,296.3769980961996,72.77685110402258,275.69987795831366,True
./data/train/PICAI/11247/,9,0,0.5625,0.5625,2.999999947018056,15.508884367459643,70.1187686578832,279.75849059710265,121.81156900259832,254.4911156325404,247.8812313421168,-8.760926546843052,196.11867452365755,122.5233064041201,26.62300190380025,227.2255848457176,47.369878515430415,178.47669359587988,296.3769980961996,72.77685110402258,275.69987795831366,True
