path,curFrame,Deleted,pixelSpacingX,pixelSpacingY,pixelSpacingZ,tra_UL_x,tra_UL_y,tra_LL_x,tra_LL_y,tra_LR_x,tra_LR_y,tra_UR_x,tra_UR_y,cor_UL_x,cor_UL_y,cor_LL_x,cor_LL_y,cor_LR_x,cor_LR_y,cor_UR_x,cor_UR_y,Dirty,h_par_cor,h_orth_cor,h_par_tra,h_orth_tra
./data/train/PICAI/10464/,6,0,0.5625,0.5625,3.599999840986314,29.0,59.0,283.0,137.0,236.0,290.0,-17.0,212.0,112.0,38.0,240.0,78.0,162.0,329.0,35.0,289.0,True,,,,
./data/train/PICAI/10464/,7,0,0.5625,0.5625,3.599999840986314,21.1952480806617,66.50114722750725,280.01752179869885,126.59299881676571,243.8047519193383,282.49885277249274,-14.019957748439056,222.3372447094901,101.91133181373417,40.09834253079868,232.3897891967568,71.07207590194365,172.08866818626583,326.9016574692013,42.60777485350313,295.8581676243122,True,,,,
./data/train/PICAI/10464/,-1,0,-1.0,-1.0,-1.0,-1.0,-1.0,-1.0,-1.0,-1.0,-1.0,-1.0,-1.0,-1.0,-1.0,-1.0,-1.0,-1.0,-1.0,-1.0,-1.0,False,80.0,60.0,30.0,160.0
./data/train/PICAI/10464/,8,0,0.5625,0.5625,3.599999840986314,29.0,59.0,283.0,137.0,236.0,290.0,-17.0,212.0,112.0,38.0,240.0,78.0,162.0,329.0,35.0,289.0,True,,,,
