path,curFrame,Deleted,pixelSpacingX,pixelSpacingY,pixelSpacingZ,tra_UL_x,tra_UL_y,tra_LL_x,tra_LL_y,tra_LR_x,tra_LR_y,tra_UR_x,tra_UR_y,cor_UL_x,cor_UL_y,cor_LL_x,cor_LL_y,cor_LR_x,cor_LR_y,cor_UR_x,cor_UR_y,Dirty
./data/train/PICAI/11402/,9,0,0.5625,0.5625,3.59999995454236,35.79282112983552,59.07315140684358,289.2703550649196,165.15868194795118,240.20717887016448,281.9268485931564,-12.27583316955142,175.73678958878114,151.49290049958796,38.188051490163474,249.3143883954877,79.18752107005363,150.50709950041204,315.8119485098365,52.58108314124465,273.8179570345781,True
./data/train/PICAI/11402/,8,0,0.5625,0.5625,3.59999995454236,35.79282112983552,59.07315140684358,289.2703550649196,165.15868194795118,240.20717887016448,281.9268485931564,-12.27583316955142,175.73678958878114,151.49290049958796,38.188051490163474,249.3143883954877,79.18752107005363,150.50709950041204,315.8119485098365,52.58108314124465,273.8179570345781,True
./data/train/PICAI/11402/,10,0,0.5625,0.5625,3.59999995454236,35.79282112983552,59.07315140684358,289.2703550649196,165.15868194795118,240.20717887016448,281.9268485931564,-12.27583316955142,175.73678958878114,151.49290049958796,38.188051490163474,249.3143883954877,79.18752107005363,150.50709950041204,315.8119485098365,52.58108314124465,273.8179570345781,True
