path,curFrame,Deleted,pixelSpacingX,pixelSpacingY,pixelSpacingZ,tra_UL_x,tra_UL_y,tra_LL_x,tra_LL_y,tra_LR_x,tra_LR_y,tra_UR_x,tra_UR_y,cor_UL_x,cor_UL_y,cor_LL_x,cor_LL_y,cor_LR_x,cor_LR_y,cor_UR_x,cor_UR_y,Dirty
./data/train/PICAI/10909/,10,0,0.5625,0.5625,3.599999957614445,-34.571646329420275,89.6704804596301,234.5436821123365,88.27764246281012,235.57164632942028,232.32951954036992,-33.508782615634004,234.72174836420896,54.28534544346689,31.897621353933005,165.32242573269403,31.021949701012687,167.7146545565331,300.102378646067,55.67818344028689,301.0129497956898,True
./data/train/PICAI/10909/,11,0,0.5625,0.5625,3.599999957614445,-34.571646329420275,89.6704804596301,234.5436821123365,88.27764246281012,235.57164632942028,232.32951954036992,-33.508782615634004,234.72174836420896,58.28534544346689,31.897621353933005,169.32242573269403,31.021949701012687,171.7146545565331,300.102378646067,59.67818344028689,301.0129497956898,True
./data/train/PICAI/10909/,12,0,0.5625,0.5625,3.599999957614445,-34.571646329420275,89.6704804596301,234.5436821123365,88.27764246281012,235.57164632942028,232.32951954036992,-33.508782615634004,234.72174836420896,58.28534544346689,31.897621353933005,169.32242573269403,31.021949701012687,171.7146545565331,300.102378646067,59.67818344028689,301.0129497956898,True
