path,curFrame,Deleted,pixelSpacingX,pixelSpacingY,pixelSpacingZ,tra_UL_x,tra_UL_y,tra_LL_x,tra_LL_y,tra_LR_x,tra_LR_y,tra_UR_x,tra_UR_y,cor_UL_x,cor_UL_y,cor_LL_x,cor_LL_y,cor_LR_x,cor_LR_y,cor_UR_x,cor_UR_y,Dirty,h_par_cor,h_orth_cor,h_par_tra,h_orth_tra
./data/train/PICAI/10993/,7,0,0.5625,0.5625,3.6000000635783334,-2.9766360015708813,84.44770236563222,262.11689700921613,81.21989260375376,263.9766360015709,208.5522976343678,0.0953206126596057,212.5084812269225,91.82852075758706,29.98432794939561,193.4520012577032,28.350861989376423,197.1714792424129,283.01567205060434,96.51829446857288,284.40721611502386,True,,,,
./data/train/PICAI/10993/,8,0,0.5625,0.5625,3.6000000635783334,-2.9766360015708813,84.44770236563222,262.11689700921613,81.21989260375376,263.9766360015709,208.5522976343678,0.0953206126596057,212.5084812269225,89.82852075758706,29.98432794939561,191.4520012577032,28.350861989376423,195.1714792424129,283.01567205060434,94.51829446857288,284.40721611502386,True,,,,
./data/train/PICAI/10993/,-1,0,-1.0,-1.0,-1.0,-1.0,-1.0,-1.0,-1.0,-1.0,-1.0,-1.0,-1.0,-1.0,-1.0,-1.0,-1.0,-1.0,-1.0,-1.0,-1.0,False,80.0,60.0,30.0,160.0
./data/train/PICAI/10993/,9,0,0.5625,0.5625,3.6000000635783334,-2.9766360015708813,84.44770236563222,262.11689700921613,81.21989260375376,263.9766360015709,208.5522976343678,0.0953206126596057,212.5084812269225,89.82852075758706,29.98432794939561,191.4520012577032,28.350861989376423,195.1714792424129,283.01567205060434,94.51829446857288,284.40721611502386,True,,,,
