path,curFrame,Deleted,pixelSpacingX,pixelSpacingY,pixelSpacingZ,tra_UL_x,tra_UL_y,tra_LL_x,tra_LL_y,tra_LR_x,tra_LR_y,tra_UR_x,tra_UR_y,cor_UL_x,cor_UL_y,cor_LL_x,cor_LL_y,cor_LR_x,cor_LR_y,cor_UR_x,cor_UR_y,Dirty
./data/train/PICAI/10312/,9,0,0.5625,0.5625,3.6000001165601776,94.666577078528,8.226174711233455,311.02149161033947,159.67105233320046,229.333422921472,276.7738252887665,12.978508389660448,125.32894766679956,201.1652888060222,10.62905138341594,291.9893756402914,74.47249467026516,135.8347111939778,297.3709486165841,45.01062435970857,233.5275053297348,True
./data/train/PICAI/10312/,8,0,0.5625,0.5625,3.6000001165601776,94.666577078528,8.226174711233455,311.02149161033947,159.67105233320046,229.333422921472,276.7738252887665,12.978508389660448,125.32894766679956,201.1652888060222,10.62905138341594,291.9893756402914,74.47249467026516,135.8347111939778,297.3709486165841,45.01062435970857,233.5275053297348,True
./data/train/PICAI/10312/,10,0,0.5625,0.5625,3.6000001165601776,94.666577078528,8.226174711233455,311.02149161033947,159.67105233320046,229.333422921472,276.7738252887665,12.978508389660448,125.32894766679956,201.1652888060222,10.62905138341594,291.9893756402914,74.47249467026516,135.8347111939778,297.3709486165841,45.01062435970857,233.5275053297348,True
