path,curFrame,Deleted,pixelSpacingX,pixelSpacingY,pixelSpacingZ,tra_UL_x,tra_UL_y,tra_LL_x,tra_LL_y,tra_LR_x,tra_LR_y,tra_UR_x,tra_UR_y,cor_UL_x,cor_UL_y,cor_LL_x,cor_LL_y,cor_LR_x,cor_LR_y,cor_UR_x,cor_UR_y,Dirty
./data/train/PICAI/11419/,9,0,0.5625,0.5625,3.600000108858939,53.46921384281458,19.080589341100705,290.42895496867186,156.98664825646063,216.53078615718545,282.9194106588992,-19.436408817030557,145.13522108694443,157.76180485888364,13.597057562567043,263.0772453592647,74.88863930272704,130.23819514111636,303.402942437433,23.930208489093985,241.98949135386783,True
./data/train/PICAI/11419/,8,0,0.5625,0.5625,3.600000108858939,53.46921384281458,19.080589341100705,290.42895496867186,156.98664825646063,216.53078615718545,282.9194106588992,-19.436408817030557,145.13522108694443,157.76180485888364,13.597057562567043,263.0772453592647,74.88863930272704,130.23819514111636,303.402942437433,23.930208489093985,241.98949135386783,True
./data/train/PICAI/11419/,10,0,0.5625,0.5625,3.600000108858939,53.46921384281458,19.080589341100705,290.42895496867186,156.98664825646063,216.53078615718545,282.9194106588992,-19.436408817030557,145.13522108694443,157.76180485888364,13.597057562567043,263.0772453592647,74.88863930272704,130.23819514111636,303.402942437433,23.930208489093985,241.98949135386783,True
