path,curFrame,Deleted,pixelSpacingX,pixelSpacingY,pixelSpacingZ,tra_UL_x,tra_UL_y,tra_LL_x,tra_LL_y,tra_LR_x,tra_LR_y,tra_UR_x,tra_UR_y,cor_UL_x,cor_UL_y,cor_LL_x,cor_LL_y,cor_LR_x,cor_LR_y,cor_UR_x,cor_UR_y,Dirty
./data/train/PICAI/10435/,9,0,0.5625,0.5625,3.599999957614445,46.86509280265409,46.02114223256567,285.76812726466227,149.6664032185102,231.1349071973459,274.9788577674343,-6.76949772990767,171.38593273773276,144.3392536295692,20.914942024432825,256.33343136809043,69.32447328619847,150.48156748766502,312.1173539747391,39.58474437189763,262.6558866776636,True
./data/train/PICAI/10435/,10,0,0.5625,0.5625,3.599999957614445,46.86509280265409,46.02114223256567,285.76812726466227,149.6664032185102,231.1349071973459,274.9788577674343,-6.76949772990767,171.38593273773276,144.3392536295692,20.914942024432825,256.33343136809043,69.32447328619847,150.48156748766502,312.1173539747391,39.58474437189763,262.6558866776636,True
./data/train/PICAI/10435/,11,0,0.5625,0.5625,3.599999957614445,46.86509280265409,46.02114223256567,285.76812726466227,149.6664032185102,231.1349071973459,274.9788577674343,-6.76949772990767,171.38593273773276,144.3392536295692,20.914942024432825,256.33343136809043,69.32447328619847,150.48156748766502,312.1173539747391,39.58474437189763,262.6558866776636,True
