path,curFrame,Deleted,pixelSpacingX,pixelSpacingY,pixelSpacingZ,tra_UL_x,tra_UL_y,tra_LL_x,tra_LL_y,tra_LR_x,tra_LR_y,tra_UR_x,tra_UR_y,cor_UL_x,cor_UL_y,cor_LL_x,cor_LL_y,cor_LR_x,cor_LR_y,cor_UR_x,cor_UR_y,Dirty
./data/train/PICAI/11048/,8,0,0.5625,0.5625,3.6000000635782774,69.42008502647349,18.337002406844903,289.0932236149229,173.73556154656134,214.57991497352648,278.662997593155,-4.118853550137771,123.4893895077825,178.1196000820377,19.08988813224412,270.00614253725973,83.40834050498611,118.88039991796234,297.910111867756,26.99385746274011,233.59165949501391,True
./data/train/PICAI/11048/,9,0,0.5625,0.5625,3.6000000635782774,69.42008502647349,18.337002406844903,289.0932236149229,173.73556154656134,214.57991497352648,278.662997593155,-4.118853550137771,123.4893895077825,178.1196000820377,19.08988813224412,270.00614253725973,83.40834050498611,118.88039991796234,297.910111867756,26.99385746274011,233.59165949501391,True
./data/train/PICAI/11048/,10,0,0.5625,0.5625,3.6000000635782774,69.42008502647349,18.337002406844903,289.0932236149229,173.73556154656134,214.57991497352648,278.662997593155,-4.118853550137771,123.4893895077825,178.1196000820377,19.08988813224412,270.00614253725973,83.40834050498611,118.88039991796234,297.910111867756,26.99385746274011,233.59165949501391,True
