path,curFrame,Deleted,pixelSpacingX,pixelSpacingY,pixelSpacingZ,tra_UL_x,tra_UL_y,tra_LL_x,tra_LL_y,tra_LR_x,tra_LR_y,tra_UR_x,tra_UR_y,cor_UL_x,cor_UL_y,cor_LL_x,cor_LL_y,cor_LR_x,cor_LR_y,cor_UR_x,cor_UR_y,Dirty
./data/train/PICAI/10959/,8,0,0.5625,0.5625,3.599999960984407,32.93808950863688,53.72846010724315,286.83692580258605,160.3135478474072,233.0619104913632,288.2715398927569,-19.83707810742959,181.66899974615552,133.53109370849882,38.09136076111969,245.35190337984787,84.14683301408805,146.46890629150118,320.9086392388804,34.63064421371483,273.8533192907555,True
./data/train/PICAI/10959/,9,0,0.5625,0.5625,3.599999960984407,26.93770269898627,59.12601244600515,286.06681195006,152.27699064132608,239.06229730101376,282.8739875539949,-19.069247899800104,189.65325288492977,126.13920276416697,38.62371278321132,240.2171230827255,78.763818610085,153.86079723583305,320.37628721678874,39.71312044353036,279.23861733965515,True
./data/train/PICAI/10959/,10,0,0.5625,0.5625,3.599999960984407,26.93770269898627,59.12601244600515,286.06681195006,152.27699064132608,239.06229730101376,282.8739875539949,-19.069247899800104,189.65325288492977,126.13920276416697,38.62371278321132,240.2171230827255,78.763818610085,153.86079723583305,320.37628721678874,39.71312044353036,279.23861733965515,True
