path,curFrame,Deleted,pixelSpacingX,pixelSpacingY,pixelSpacingZ,tra_UL_x,tra_UL_y,tra_LL_x,tra_LL_y,tra_LR_x,tra_LR_y,tra_UR_x,tra_UR_y,cor_UL_x,cor_UL_y,cor_LL_x,cor_LL_y,cor_LR_x,cor_LR_y,cor_UR_x,cor_UR_y,Dirty
./data/train/PICAI/11453/,8,0,0.5625,0.5625,3.6000000635782783,27.86861747654845,40.367053204453455,282.39599866073763,144.3132519205128,232.13138252345155,265.63294679554656,-20.39721700669938,161.7565470728922,148.86939354947026,19.0326303857824,241.6255484013802,56.29247119446673,142.13060645052974,297.9673696142176,50.40874192234138,259.7430374752167,True
./data/train/PICAI/11453/,9,0,0.5625,0.5625,3.6000000635782783,18.440650085534287,49.696992073503466,281.058985895294,131.0641211645085,241.5593499144657,256.30300792649655,-19.06172682578492,174.83120692300562,136.70118980197748,19.269683836101365,232.3517885811675,48.30350813092012,154.29881019802252,297.7303161638986,59.59450499734409,267.6455263780824,True
./data/train/PICAI/11453/,10,0,0.5625,0.5625,3.6000000635782783,18.440650085534287,49.69699207350348,281.058985895294,131.0641211645085,241.5593499144657,256.30300792649655,-19.061726825784888,174.83120692300562,136.70118980197748,19.269683836101365,232.3517885811675,48.303508130920136,154.29881019802252,297.7303161638986,59.5945049973441,267.6455263780824,True
