path,curFrame,Deleted,pixelSpacingX,pixelSpacingY,pixelSpacingZ,tra_UL_x,tra_UL_y,tra_LL_x,tra_LL_y,tra_LR_x,tra_LR_y,tra_UR_x,tra_UR_y,cor_UL_x,cor_UL_y,cor_LL_x,cor_LL_y,cor_LR_x,cor_LR_y,cor_UR_x,cor_UR_y,Dirty
./data/train/PICAI/10455/,8,0,0.5625,0.5625,3.5999999576145,69.37276137573073,6.95660509475502,285.9737905426746,168.67547895869467,193.6272386242693,294.0433949052449,-22.97379054267444,132.32452104130533,160.0166012766409,11.448599292372563,266.9708868579605,91.10900850416073,103.9833987233591,309.5514007076274,-2.831713757000358,228.90072342709777,True
./data/train/PICAI/10455/,9,0,0.5625,0.5625,3.5999999576145,69.37276137573073,6.95660509475502,285.9737905426746,168.67547895869467,193.6272386242693,294.0433949052449,-22.97379054267444,132.32452104130533,160.0166012766409,11.448599292372563,266.9708868579605,91.10900850416073,103.9833987233591,309.5514007076274,-2.831713757000358,228.90072342709777,True
./data/train/PICAI/10455/,10,0,0.5625,0.5625,3.5999999576145,69.37276137573073,6.95660509475502,285.9737905426746,168.67547895869467,193.6272386242693,294.0433949052449,-22.97379054267444,132.32452104130533,160.0166012766409,11.448599292372563,266.9708868579605,91.10900850416073,103.9833987233591,309.5514007076274,-2.831713757000358,228.90072342709777,True
