path,curFrame,Deleted,pixelSpacingX,pixelSpacingY,pixelSpacingZ,tra_UL_x,tra_UL_y,tra_LL_x,tra_LL_y,tra_LR_x,tra_LR_y,tra_UR_x,tra_UR_y,cor_UL_x,cor_UL_y,cor_LL_x,cor_LL_y,cor_LR_x,cor_LR_y,cor_UR_x,cor_UR_y,Dirty
./data/train/PICAI/10696/,9,0,0.5625,0.5625,3.60000007682375,46.26437147972187,32.33936508257972,288.5192503049352,137.4943634677315,228.7356285202781,275.6606349174203,-12.45192978093118,169.57782895575284,144.07294564116606,19.548577314527847,252.0122962702416,67.19410791051874,146.92705435883394,308.4514226854721,38.91794725601434,261.8034561397411,True
./data/train/PICAI/10696/,8,0,0.5625,0.5625,3.60000007682375,46.26437147972187,32.33936508257972,288.5192503049352,137.4943634677315,228.7356285202781,275.6606349174203,-12.45192978093118,169.57782895575284,144.07294564116606,19.548577314527847,252.0122962702416,67.19410791051874,146.92705435883394,308.4514226854721,38.91794725601434,261.8034561397411,True
./data/train/PICAI/10696/,10,0,0.5625,0.5625,3.60000007682375,46.26437147972187,32.33936508257972,288.5192503049352,137.4943634677315,228.7356285202781,275.6606349174203,-12.45192978093118,169.57782895575284,144.07294564116606,19.548577314527847,252.0122962702416,67.19410791051874,146.92705435883394,308.4514226854721,38.91794725601434,261.8034561397411,True
