path,curFrame,Deleted,pixelSpacingX,pixelSpacingY,pixelSpacingZ,tra_UL_x,tra_UL_y,tra_LL_x,tra_LL_y,tra_LR_x,tra_LR_y,tra_UR_x,tra_UR_y,cor_UL_x,cor_UL_y,cor_LL_x,cor_LL_y,cor_LR_x,cor_LR_y,cor_UR_x,cor_UR_y,Dirty
./data/train/PICAI/10776/,8,0,0.5625,0.5625,3.599999957614445,51.28951732510629,3.737005506425561,270.4872668019557,116.41950913624572,200.7104826748937,256.26299449357447,-17.5409732234439,142.52952537275684,135.0739726981432,-7.68277100407073,244.0688607567048,46.68738971945167,116.92602730185676,295.6827710040708,7.878803287052321,240.3139807457937,True
./data/train/PICAI/10776/,9,0,0.5625,0.5625,3.599999957614445,51.28951732510629,3.737005506425561,270.4872668019557,116.41950913624572,200.7104826748937,256.26299449357447,-17.5409732234439,142.52952537275684,135.0739726981432,-7.68277100407073,244.0688607567048,46.68738971945167,116.92602730185676,295.6827710040708,7.878803287052321,240.3139807457937,True
./data/train/PICAI/10776/,10,0,0.5625,0.5625,3.599999957614445,51.28951732510629,3.737005506425561,270.4872668019557,116.41950913624572,200.7104826748937,256.26299449357447,-17.5409732234439,142.52952537275684,135.0739726981432,-7.68277100407073,244.0688607567048,46.68738971945167,116.92602730185676,295.6827710040708,7.878803287052321,240.3139807457937,True
