path,curFrame,Deleted,pixelSpacingX,pixelSpacingY,pixelSpacingZ,tra_UL_x,tra_UL_y,tra_LL_x,tra_LL_y,tra_LR_x,tra_LR_y,tra_UR_x,tra_UR_y,cor_UL_x,cor_UL_y,cor_LL_x,cor_LL_y,cor_LR_x,cor_LR_y,cor_UR_x,cor_UR_y,Dirty,h_par_cor,h_orth_cor,h_par_tra,h_orth_tra
./data/train/PICAI/10927/,16,0,0.392857134342,0.392857134342,3.2999999999999803,3.692605413935979,236.07978494577964,446.66395373993487,250.8576251887444,438.307394586064,467.9202150542204,-2.674909949198508,452.93331788472034,166.3615386141364,125.9512872087524,337.9389439451666,132.04997394208982,322.63846138586354,570.0487127912476,151.0610560548334,563.95002605791,True,,,,
./data/train/PICAI/10927/,15,0,0.392857134342,0.392857134342,3.2999999999999803,-3.864230132526899,251.52075832836908,439.0589122775152,235.36248126633137,445.8642301325268,452.4792416716309,4.910703228509021,468.2902223783349,151.06254477510754,131.94285024305196,322.64741905118933,126.0580461119668,337.9374552248924,564.0571497569481,166.3525809488107,569.941953888033,True,,,,
./data/train/PICAI/10927/,-1,0,-1.0,-1.0,-1.0,-1.0,-1.0,-1.0,-1.0,-1.0,-1.0,-1.0,-1.0,-1.0,-1.0,-1.0,-1.0,-1.0,-1.0,-1.0,-1.0,False,80.0,60.0,30.0,160.0
./data/train/PICAI/10927/,17,0,0.392857134342,0.392857134342,3.2999999999999803,7.870540370306486,228.56648170794583,450.056303332761,258.7947968001241,434.12945962969343,475.43351829205415,-6.061175232241538,445.0656902523877,174.1585267734348,123.35956030955492,345.418570687464,135.4424969792894,314.84147322656514,572.6404396904451,143.581429312536,560.5575030207104,True,,,,
