path,curFrame,Deleted,pixelSpacingX,pixelSpacingY,pixelSpacingZ,tra_UL_x,tra_UL_y,tra_LL_x,tra_LL_y,tra_LR_x,tra_LR_y,tra_UR_x,tra_UR_y,cor_UL_x,cor_UL_y,cor_LL_x,cor_LL_y,cor_LR_x,cor_LR_y,cor_UR_x,cor_UR_y,Dirty
./data/train/PICAI/10611/,11,0,0.5625,0.5625,3.600000078027909,71.00089841491803,26.758018559123656,286.0658086371526,196.52575516152484,203.999101585082,300.2419814408762,-10.423769115232432,131.7343183491453,174.1518133199486,33.57384803196916,274.324046107458,112.79651401666143,112.71077902465709,318.94488753152416,12.538546237147646,239.7222215468317,True
./data/train/PICAI/10611/,10,0,0.5625,0.5625,3.600000078027909,71.00089841491803,26.758018559123656,286.0658086371526,196.52575516152484,203.999101585082,300.2419814408762,-10.423769115232432,131.7343183491453,174.1518133199486,33.57384803196916,274.324046107458,112.79651401666143,112.71077902465709,318.94488753152416,12.538546237147646,239.7222215468317,True
./data/train/PICAI/10611/,12,0,0.5625,0.5625,3.600000078027909,71.00089841491803,26.758018559123656,286.0658086371526,196.52575516152484,203.999101585082,300.2419814408762,-10.423769115232432,131.7343183491453,174.1518133199486,33.57384803196916,274.324046107458,112.79651401666143,112.71077902465709,318.94488753152416,12.538546237147646,239.7222215468317,True
