path,curFrame,Deleted,pixelSpacingX,pixelSpacingY,pixelSpacingZ,tra_UL_x,tra_UL_y,tra_LL_x,tra_LL_y,tra_LR_x,tra_LR_y,tra_UR_x,tra_UR_y,cor_UL_x,cor_UL_y,cor_LL_x,cor_LL_y,cor_LR_x,cor_LR_y,cor_UR_x,cor_UR_y,Dirty
./data/train/PICAI/10016/,11,0,0.5625,0.5625,3.6000004796153267,16.85633269612623,81.75972982560151,285.9021188289116,94.69669099086607,279.14366730387377,233.2402701743985,10.097881171088432,220.30330900913395,103.10441491884622,32.66822979918149,223.5679905643104,38.37146946708313,211.89558508115377,293.33177020081854,90.43337990093502,287.68086648915977,True
./data/train/PICAI/10016/,10,0,0.5625,0.5625,3.6000004796153267,25.49176547621194,68.46639693989374,291.7114099718783,109.45543065137625,270.5082345237881,246.53360306010623,4.288590028121632,205.54456934862372,117.02577927946928,27.69631395610176,236.2332919751028,45.96018312230997,197.97422072053072,298.3036860438983,77.76807849014261,279.98748092144706,True
./data/train/PICAI/10016/,12,0,0.5625,0.5625,3.6000004796153267,16.85633269612623,81.75972982560151,285.9021188289116,94.69669099086607,279.14366730387377,233.2402701743985,10.097881171088432,220.30330900913395,103.10441491884622,32.66822979918149,223.5679905643104,38.37146946708313,211.89558508115377,293.33177020081854,90.43337990093502,287.68086648915977,True
