path,curFrame,Deleted,pixelSpacingX,pixelSpacingY,pixelSpacingZ,tra_UL_x,tra_UL_y,tra_LL_x,tra_LL_y,tra_LR_x,tra_LR_y,tra_UR_x,tra_UR_y,cor_UL_x,cor_UL_y,cor_LL_x,cor_LL_y,cor_LR_x,cor_LR_y,cor_UR_x,cor_UR_y,Dirty
./data/train/PICAI/10309/,10,0,0.5625,0.5625,3.00000004768375,43.09786367525648,41.13198123865594,282.21448832837507,159.80902120216203,222.9021363247435,278.86801876134405,-15.215858793620498,160.2433147540809,143.2023610770092,34.952927168152826,248.6468968433277,86.54216904110118,137.7976389229908,310.0470728318471,32.35310315667223,258.45783095889885,True
./data/train/PICAI/10309/,9,0,0.5625,0.5625,3.00000004768375,43.09786367525648,41.13198123865594,282.21448832837507,159.80902120216203,222.9021363247435,278.86801876134405,-15.215858793620498,160.2433147540809,143.2023610770092,34.952927168152826,248.6468968433277,86.54216904110118,137.7976389229908,310.0470728318471,32.35310315667223,258.45783095889885,True
./data/train/PICAI/10309/,11,0,0.5625,0.5625,3.00000004768375,43.09786367525648,41.13198123865594,282.21448832837507,159.80902120216203,222.9021363247435,278.86801876134405,-15.215858793620498,160.2433147540809,143.2023610770092,34.952927168152826,248.6468968433277,86.54216904110118,137.7976389229908,310.0470728318471,32.35310315667223,258.45783095889885,True
