path,curFrame,Deleted,pixelSpacingX,pixelSpacingY,pixelSpacingZ,tra_UL_x,tra_UL_y,tra_LL_x,tra_LL_y,tra_LR_x,tra_LR_y,tra_UR_x,tra_UR_y,cor_UL_x,cor_UL_y,cor_LL_x,cor_LL_y,cor_LR_x,cor_LR_y,cor_UR_x,cor_UR_y,Dirty
./data/train/PICAI/10532/,8,0,0.5625,0.5625,3.600000097441024,45.51429195704121,61.00111519695798,307.10585120700125,175.0311819739911,254.4857080429588,296.9988848030421,-7.10585120700128,182.9688180260089,171.77901558725506,40.309301555903744,270.96323162566034,82.49331853919912,162.22098441274494,333.6906984440962,62.96701190059552,290.5091174105411,True
./data/train/PICAI/10532/,7,0,0.5625,0.5625,3.600000097441024,45.51429195704121,61.00111519695798,307.10585120700125,175.0311819739911,254.4857080429588,296.9988848030421,-7.10585120700128,182.9688180260089,171.77901558725506,40.309301555903744,270.96323162566034,82.49331853919912,162.22098441274494,333.6906984440962,62.96701190059552,290.5091174105411,True
./data/train/PICAI/10532/,9,0,0.5625,0.5625,3.600000097441024,45.51429195704121,61.00111519695798,307.10585120700125,175.0311819739911,254.4857080429588,296.9988848030421,-7.10585120700128,182.9688180260089,171.77901558725506,40.309301555903744,270.96323162566034,82.49331853919912,162.22098441274494,333.6906984440962,62.96701190059552,290.5091174105411,True
