path,curFrame,Deleted,pixelSpacingX,pixelSpacingY,pixelSpacingZ,tra_UL_x,tra_UL_y,tra_LL_x,tra_LL_y,tra_LR_x,tra_LR_y,tra_UR_x,tra_UR_y,cor_UL_x,cor_UL_y,cor_LL_x,cor_LL_y,cor_LR_x,cor_LR_y,cor_UR_x,cor_UR_y,Dirty
./data/train/PICAI/10830/,9,0,0.5625,0.5625,3.599999932430223,62.86007419581216,3.947626456215005,279.5687954834152,169.89138234323832,195.13992580418784,281.05237354378505,-20.73754160786038,116.25274046239704,170.66706866420563,14.987584783672986,261.9761299521422,84.12263614487384,97.33293133579436,299.012415216327,7.011558388452997,230.0337983201664,True
./data/train/PICAI/10830/,8,0,0.5625,0.5625,3.599999932430223,62.86007419581216,3.947626456215005,279.5687954834152,169.89138234323832,195.13992580418784,281.05237354378505,-20.73754160786038,116.25274046239704,170.66706866420563,14.987584783672986,261.9761299521422,84.12263614487384,97.33293133579436,299.012415216327,7.011558388452997,230.0337983201664,True
./data/train/PICAI/10830/,10,0,0.5625,0.5625,3.599999932430223,62.86007419581216,3.947626456215005,279.5687954834152,169.89138234323832,195.13992580418784,281.05237354378505,-20.73754160786038,116.25274046239704,170.66706866420563,14.987584783672986,261.9761299521422,84.12263614487384,97.33293133579436,299.012415216327,7.011558388452997,230.0337983201664,True
