path,curFrame,Deleted,pixelSpacingX,pixelSpacingY,pixelSpacingZ,tra_UL_x,tra_UL_y,tra_LL_x,tra_LL_y,tra_LR_x,tra_LR_y,tra_UR_x,tra_UR_y,cor_UL_x,cor_UL_y,cor_LL_x,cor_LL_y,cor_LR_x,cor_LR_y,cor_UR_x,cor_UR_y,Dirty
./data/train/PICAI/10411/,10,0,0.5625,0.5625,3.5999998952931844,68.7396794528529,17.18359144558974,309.74795685250444,138.37769288973035,237.2603205471471,282.8164085544102,-3.747956852504416,161.62230711026965,154.7008998383385,9.85151422250101,279.3367671407619,73.12789671844266,158.2991001616615,313.148485777499,33.506798394197816,250.8597916221526,True
./data/train/PICAI/10411/,11,0,0.5625,0.5625,3.5999998952931844,59.6801290426821,23.384828379417556,308.5553955469528,127.47181950908886,246.3198709573179,276.6151716205824,-2.555395546952809,172.52818049091115,144.1268187394354,10.346421195218738,272.87301664748827,64.77450699860235,168.8731812605646,312.6535788047812,40.039827609764046,259.2216876994895,True
./data/train/PICAI/10411/,12,0,0.5625,0.5625,3.5999998952931844,68.7396794528529,17.18359144558974,309.74795685250444,138.37769288973035,237.2603205471471,282.8164085544102,-3.747956852504416,161.62230711026965,154.7008998383385,9.85151422250101,279.3367671407619,73.12789671844266,158.2991001616615,313.148485777499,33.506798394197816,250.8597916221526,True
