path,curFrame,Deleted,pixelSpacingX,pixelSpacingY,pixelSpacingZ,tra_UL_x,tra_UL_y,tra_LL_x,tra_LL_y,tra_LR_x,tra_LR_y,tra_UR_x,tra_UR_y,cor_UL_x,cor_UL_y,cor_LL_x,cor_LL_y,cor_LR_x,cor_LR_y,cor_UR_x,cor_UR_y,Dirty
./data/train/PICAI/10894/,9,0,0.5625,0.5625,3.599999957614445,-11.675077419669693,107.06648546733976,251.1082925429701,78.60773512445567,265.6750774196697,208.93351453266013,2.891707457029895,237.3922648755444,75.90303182156251,45.35001248456011,174.46634986568233,34.80144214855295,201.09696817843755,279.64998751544,102.53365013431768,290.1985578514471,True
./data/train/PICAI/10894/,8,0,0.5625,0.5625,3.599999957614445,-9.813046286901413,102.25782238108872,253.80343921067487,82.98741569346704,263.81304628690145,213.74217761891123,0.1965607893251331,233.0125843065329,80.02963980625648,43.23677440713787,178.9010555357731,36.1344401682349,196.9703601937436,281.76322559286217,98.09894446422688,288.8655598317651,True
./data/train/PICAI/10894/,10,0,0.5625,0.5625,3.599999957614445,-16.239402838671523,121.8409973254122,242.1296628879756,66.06980516010465,270.23940283867154,194.15900267458773,11.870337112024444,249.9301948398953,64.00043639605916,52.53493726268151,160.92118842418955,31.741480928977296,212.99956360394089,272.46506273731853,116.07881157581043,293.25851907102265,True
