path,curFrame,Deleted,pixelSpacingX,pixelSpacingY,pixelSpacingZ,tra_UL_x,tra_UL_y,tra_LL_x,tra_LL_y,tra_LR_x,tra_LR_y,tra_UR_x,tra_UR_y,cor_UL_x,cor_UL_y,cor_LL_x,cor_LL_y,cor_LR_x,cor_LR_y,cor_UR_x,cor_UR_y,Dirty
./data/train/PICAI/10958/,8,0,0.5625,0.5625,3.6000000635782783,86.92560365964613,8.283653111163801,275.75049349960005,172.9231410140641,182.07439634035387,279.71634688883626,-5.651443140964176,114.18686555383528,179.5082106885742,21.16684875695634,260.4408442951202,93.02023293271102,85.4917893114258,293.83315124304374,3.564633809511633,221.8752386040213,True
./data/train/PICAI/10958/,7,0,0.5625,0.5625,3.6000000635782783,86.92560365964613,8.283653111163801,275.75049349960005,172.9231410140641,182.07439634035387,279.71634688883626,-5.651443140964176,114.18686555383528,179.5082106885742,21.16684875695634,260.4408442951202,93.02023293271102,85.4917893114258,293.83315124304374,3.564633809511633,221.8752386040213,True
./data/train/PICAI/10958/,9,0,0.5625,0.5625,3.6000000635782783,86.92560365964613,8.283653111163801,275.75049349960005,172.9231410140641,182.07439634035387,279.71634688883626,-5.651443140964176,114.18686555383528,179.5082106885742,21.16684875695634,260.4408442951202,93.02023293271102,85.4917893114258,293.83315124304374,3.564633809511633,221.8752386040213,True
