path,curFrame,Deleted,pixelSpacingX,pixelSpacingY,pixelSpacingZ,tra_UL_x,tra_UL_y,tra_LL_x,tra_LL_y,tra_LR_x,tra_LR_y,tra_UR_x,tra_UR_y,cor_UL_x,cor_UL_y,cor_LL_x,cor_LL_y,cor_LR_x,cor_LR_y,cor_UR_x,cor_UR_y,Dirty
./data/train/PICAI/10456/,9,0,0.5625,0.5625,3.6000000635782774,6.987586595274507,56.53175231596825,275.836768001504,104.66820063946156,249.01241340472544,253.46824768403167,-17.83950893199483,205.43647127302432,100.39144574054714,20.73207519094132,226.38002135449096,43.35681418986833,179.60855425945286,305.26792480905874,53.61997864550904,282.6431858101317,True
./data/train/PICAI/10456/,8,0,0.5625,0.5625,3.6000000635782774,6.987586595274507,56.53175231596825,275.836768001504,104.66820063946156,249.01241340472544,253.46824768403167,-17.83950893199483,205.43647127302432,100.39144574054714,20.73207519094132,226.38002135449096,43.35681418986833,179.60855425945286,305.26792480905874,53.61997864550904,282.6431858101317,True
./data/train/PICAI/10456/,10,0,0.5625,0.5625,3.6000000635782774,6.987586595274507,56.53175231596825,275.836768001504,104.66820063946156,249.01241340472544,253.46824768403167,-17.83950893199483,205.43647127302432,100.39144574054714,20.73207519094132,226.38002135449096,43.35681418986833,179.60855425945286,305.26792480905874,53.61997864550904,282.6431858101317,True
