path,curFrame,Deleted,pixelSpacingX,pixelSpacingY,pixelSpacingZ,tra_UL_x,tra_UL_y,tra_LL_x,tra_LL_y,tra_LR_x,tra_LR_y,tra_UR_x,tra_UR_y,cor_UL_x,cor_UL_y,cor_LL_x,cor_LL_y,cor_LR_x,cor_LR_y,cor_UR_x,cor_UR_y,Dirty
./data/train/PICAI/10207/,9,0,0.5625,0.5625,3.600000010596389,80.18620362698329,14.980479841105762,294.022882566202,178.59855567701592,205.81379637301671,293.01952015889424,-7.0380748131895245,129.57509250065104,174.98581594395688,27.410816933404448,271.6207553199272,101.31405429011652,111.01418405604312,309.5891830665956,14.552892857739664,234.7011379568712,True
./data/train/PICAI/10207/,8,0,0.5625,0.5625,3.600000010596389,80.18620362698329,14.980479841105762,294.022882566202,178.59855567701592,205.81379637301671,293.01952015889424,-7.0380748131895245,129.57509250065104,174.98581594395688,27.410816933404448,271.6207553199272,101.31405429011652,111.01418405604312,309.5891830665956,14.552892857739664,234.7011379568712,True
./data/train/PICAI/10207/,10,0,0.5625,0.5625,3.600000010596389,80.18620362698329,14.980479841105762,294.022882566202,178.59855567701592,205.81379637301671,293.01952015889424,-7.0380748131895245,129.57509250065104,174.98581594395688,27.410816933404448,271.6207553199272,101.31405429011652,111.01418405604312,309.5891830665956,14.552892857739664,234.7011379568712,True
