path,curFrame,Deleted,pixelSpacingX,pixelSpacingY,pixelSpacingZ,tra_UL_x,tra_UL_y,tra_LL_x,tra_LL_y,tra_LR_x,tra_LR_y,tra_UR_x,tra_UR_y,cor_UL_x,cor_UL_y,cor_LL_x,cor_LL_y,cor_LR_x,cor_LR_y,cor_UR_x,cor_UR_y,Dirty
./data/train/PICAI/10643/,8,0,0.5625,0.5625,3.599999957614445,50.86549023275998,30.13935914009548,270.44062061948665,170.81189418390576,197.13450976724,285.8606408599045,-21.35727017864721,144.2790668607502,158.23758815165837,30.71315009615728,248.51829733299127,88.80268056177205,106.76241184834164,309.2868499038427,16.394546924261064,252.1935141363197,True
./data/train/PICAI/10643/,9,0,0.5625,0.5625,3.599999957614445,46.447769786011975,32.76960597028926,270.7985416089224,165.69338556771277,201.55223021398805,283.2303940297107,-21.74757611792484,149.36032085377565,153.36086854944182,29.89977100888484,245.6138765389792,84.80316358969317,111.63913145055815,310.1002289911152,19.333787504777906,256.1954659450614,True
./data/train/PICAI/10643/,10,0,0.5625,0.5625,3.599999957614445,40.0,37.0,271.0,158.0,208.0,279.0,-22.0,157.0,146.0,29.0,241.0,79.0,119.0,311.0,24.0,262.0,True
