path,curFrame,Deleted,pixelSpacingX,pixelSpacingY,pixelSpacingZ,tra_UL_x,tra_UL_y,tra_LL_x,tra_LL_y,tra_LR_x,tra_LR_y,tra_UR_x,tra_UR_y,cor_UL_x,cor_UL_y,cor_LL_x,cor_LL_y,cor_LR_x,cor_LR_y,cor_UR_x,cor_UR_y,Dirty
./data/train/PICAI/10474/,9,0,0.5625,0.5625,3.5999999576145,76.29547311811298,8.911070258297485,295.9154723976306,184.03404395525348,206.70452688188703,297.0889297417025,-11.933845214182924,122.15676504012303,181.92949901276188,19.941062503140813,279.032376455542,96.88280145107773,113.07050098723808,306.0589374968592,15.967623544458036,229.1171985489224,True
./data/train/PICAI/10474/,10,0,0.5625,0.5625,3.5999999576145,76.29547311811298,8.911070258297485,295.9154723976306,184.03404395525348,206.70452688188703,297.0889297417025,-11.933845214182924,122.15676504012303,181.92949901276188,19.941062503140813,279.032376455542,96.88280145107773,113.07050098723808,306.0589374968592,15.967623544458036,229.1171985489224,True
./data/train/PICAI/10474/,11,0,0.5625,0.5625,3.5999999576145,76.29547311811298,8.911070258297485,295.9154723976306,184.03404395525348,206.70452688188703,297.0889297417025,-11.933845214182924,122.15676504012303,181.92949901276188,19.941062503140813,279.032376455542,96.88280145107773,113.07050098723808,306.0589374968592,15.967623544458036,229.1171985489224,True
