path,curFrame,Deleted,pixelSpacingX,pixelSpacingY,pixelSpacingZ,tra_UL_x,tra_UL_y,tra_LL_x,tra_LL_y,tra_LR_x,tra_LR_y,tra_UR_x,tra_UR_y,cor_UL_x,cor_UL_y,cor_LL_x,cor_LL_y,cor_LR_x,cor_LR_y,cor_UR_x,cor_UR_y,Dirty
./data/train/PICAI/11028/,9,0,0.5625,0.5625,3.6000000635782774,16.13637167253077,60.849879449162174,282.3121729442316,140.89013692855892,245.8636283274692,263.15012055083776,-19.31354340947692,183.162199027684,141.32347857244022,31.327636623728296,235.93585095904868,60.31899725716069,159.67652142755978,311.6723633762717,66.01044261946296,283.7319682338368,True
./data/train/PICAI/11028/,8,0,0.5625,0.5625,3.6000000635782774,17.919178974512974,58.860638376021626,282.65754527755337,143.53411360408387,244.080821025487,265.1393616239783,-19.65998122729349,180.53564286966025,143.7712212580184,31.18883317197637,237.8632147131025,61.82699185764821,157.2287787419816,311.8111668280236,64.06459286341317,282.2403286663557,True
./data/train/PICAI/11028/,10,0,0.5625,0.5625,3.6000000635782774,17.919178974512974,58.860638376021626,282.65754527755337,143.53411360408387,244.080821025487,265.1393616239783,-19.65998122729349,180.53564286966025,143.7712212580184,31.18883317197637,237.8632147131025,61.82699185764821,157.2287787419816,311.8111668280236,64.06459286341317,282.2403286663557,True
