path,curFrame,Deleted,pixelSpacingX,pixelSpacingY,pixelSpacingZ,tra_UL_x,tra_UL_y,tra_LL_x,tra_LL_y,tra_LR_x,tra_LR_y,tra_UR_x,tra_UR_y,cor_UL_x,cor_UL_y,cor_LL_x,cor_LL_y,cor_LR_x,cor_LR_y,cor_UR_x,cor_UR_y,Dirty
./data/train/PICAI/10070/,10,0,0.5625,0.5625,3.6000000635782783,32.35189048105832,46.46940207615785,286.48680801780324,139.42338901911725,240.64810951894168,264.5305979238422,-12.419487493799297,170.64880340436702,139.98170865412084,20.16126278432489,244.55861134585416,58.54969103300087,154.01829134587916,306.8387372156751,49.44138865414584,268.4503089669992,True
./data/train/PICAI/10070/,9,0,0.5625,0.5625,3.6000000635782783,32.35189048105832,46.46940207615785,286.48680801780324,139.42338901911725,240.64810951894168,264.5305979238422,-12.419487493799297,170.64880340436702,139.98170865412084,20.16126278432489,244.55861134585416,58.54969103300087,154.01829134587916,306.8387372156751,49.44138865414584,268.4503089669992,True
./data/train/PICAI/10070/,11,0,0.5625,0.5625,3.6000000635782783,32.35189048105832,46.46940207615785,286.48680801780324,139.42338901911725,240.64810951894168,264.5305979238422,-12.419487493799297,170.64880340436702,139.98170865412084,20.16126278432489,244.55861134585416,58.54969103300087,154.01829134587916,306.8387372156751,49.44138865414584,268.4503089669992,True
