path,curFrame,Deleted,pixelSpacingX,pixelSpacingY,pixelSpacingZ,tra_UL_x,tra_UL_y,tra_LL_x,tra_LL_y,tra_LR_x,tra_LR_y,tra_UR_x,tra_UR_y,cor_UL_x,cor_UL_y,cor_LL_x,cor_LL_y,cor_LR_x,cor_LR_y,cor_UR_x,cor_UR_y,Dirty
./data/train/PICAI/10313/,11,0,0.5625,0.5625,3.600000034679045,61.17866152107183,6.4123089105667646,277.80803687343814,160.82640714788346,191.82133847892817,281.5876910894334,-23.82988927270415,127.3815045429343,162.13212262449844,9.797639116973471,256.4597422154827,75.85292037667725,94.8678773755016,302.2023608830265,1.518405385251114,236.3549913141405,True
./data/train/PICAI/10313/,10,0,0.5625,0.5625,3.600000034679045,61.17866152107183,6.4123089105667646,277.80803687343814,160.82640714788346,191.82133847892817,281.5876910894334,-23.82988927270415,127.3815045429343,162.13212262449844,9.797639116973471,256.4597422154827,75.85292037667725,94.8678773755016,302.2023608830265,1.518405385251114,236.3549913141405,True
./data/train/PICAI/10313/,12,0,0.5625,0.5625,3.600000034679045,61.17866152107183,6.4123089105667646,277.80803687343814,160.82640714788346,191.82133847892817,281.5876910894334,-23.82988927270415,127.3815045429343,162.13212262449844,9.797639116973471,256.4597422154827,75.85292037667725,94.8678773755016,302.2023608830265,1.518405385251114,236.3549913141405,True
