path,curFrame,Deleted,pixelSpacingX,pixelSpacingY,pixelSpacingZ,tra_UL_x,tra_UL_y,tra_LL_x,tra_LL_y,tra_LR_x,tra_LR_y,tra_UR_x,tra_UR_y,cor_UL_x,cor_UL_y,cor_LL_x,cor_LL_y,cor_LR_x,cor_LR_y,cor_UR_x,cor_UR_y,Dirty
./data/train/PICAI/10987/,7,0,0.5625,0.5625,3.5999999326817647,51.973276660808594,35.79879672576976,282.76826004784743,137.70893186146898,219.0267233391914,282.20120327423024,-10.97744185977649,181.4635043173552,129.67089144330134,18.92699513373549,249.7119769117881,71.6822196029766,141.61320730434448,318.59243812249633,21.572121835857786,265.8372136532552,True
./data/train/PICAI/10987/,8,0,0.5625,0.5625,3.5999999326817647,51.97327666080861,35.79879672576976,282.76826004784743,137.70893186146898,219.0267233391914,282.20120327423024,-10.977441859776462,181.4635043173552,133.67089144330134,18.92699513373549,253.7119769117881,71.68221960297662,145.61320730434448,318.5924381224962,25.5721218358578,265.8372136532551,True
./data/train/PICAI/10987/,9,0,0.5625,0.5625,3.5999999326817647,47.72449889643717,38.78888817576615,281.9355006405881,132.58231364899066,223.2755011035628,279.21111182423385,-10.104246765033338,186.56180915664467,128.44544234165744,19.22665958583154,250.2545328066824,67.76037353125241,150.8386564059884,318.2927736704002,29.02956594096356,269.7590597249793,True
