path,curFrame,Deleted,pixelSpacingX,pixelSpacingY,pixelSpacingZ,tra_UL_x,tra_UL_y,tra_LL_x,tra_LL_y,tra_LR_x,tra_LR_y,tra_UR_x,tra_UR_y,cor_UL_x,cor_UL_y,cor_LL_x,cor_LL_y,cor_LR_x,cor_LR_y,cor_UR_x,cor_UR_y,Dirty
./data/train/PICAI/10276/,13,0,0.3125,0.3125,3.2999999126358266,92.94290376053117,84.83727288495194,565.049396290777,268.74338945204465,462.0570962394688,533.162727115048,-9.056850139135634,349.37847989136054,276.9686782482784,39.26716445041734,494.33755594512377,123.38476670353612,303.03132175172163,614.7328355495827,85.78431339828128,529.6226871448224,True
./data/train/PICAI/10276/,12,0,0.3125,0.3125,3.2999999126358266,92.94290376053117,84.83727288495194,565.049396290777,268.74338945204465,462.0570962394688,533.162727115048,-9.056850139135634,349.37847989136054,276.9686782482784,39.26716445041734,494.33755594512377,123.38476670353612,303.03132175172163,614.7328355495827,85.78431339828128,529.6226871448224,True
./data/train/PICAI/10276/,14,0,0.3125,0.3125,3.2999999126358266,92.94290376053117,84.83727288495194,565.049396290777,268.74338945204465,462.0570962394688,533.162727115048,-9.056850139135634,349.37847989136054,276.9686782482784,39.26716445041734,494.33755594512377,123.38476670353612,303.03132175172163,614.7328355495827,85.78431339828128,529.6226871448224,True
