path,curFrame,Deleted,pixelSpacingX,pixelSpacingY,pixelSpacingZ,tra_UL_x,tra_UL_y,tra_LL_x,tra_LL_y,tra_LR_x,tra_LR_y,tra_UR_x,tra_UR_y,cor_UL_x,cor_UL_y,cor_LL_x,cor_LL_y,cor_LR_x,cor_LR_y,cor_UR_x,cor_UR_y,Dirty,h_par_cor,h_orth_cor,h_par_tra,h_orth_tra
./data/train/PICAI/10876/,10,0,0.5625,0.5625,3.6000000085575032,64.1041425385314,18.09869969251952,283.64386318765776,166.09299369503736,201.89585746146847,287.9013003074805,-16.653595118916144,140.04617940592274,162.14603787980494,21.89823588583237,261.71881495301113,89.41313843282278,114.85396212019504,308.1017641141675,15.281185046988796,240.5868615671772,True,,,,
./data/train/PICAI/10876/,9,0,0.5625,0.5625,3.6000000085575032,64.1041425385314,18.09869969251952,283.64386318765776,166.09299369503736,201.89585746146847,287.9013003074805,-16.653595118916144,140.04617940592274,162.14603787980494,21.89823588583237,261.71881495301113,89.41313843282278,114.85396212019504,308.1017641141675,15.281185046988796,240.5868615671772,True,,,,
./data/train/PICAI/10876/,11,0,0.5625,0.5625,3.6000000085575032,64.1041425385314,18.09869969251952,283.64386318765776,166.09299369503736,201.89585746146847,287.9013003074805,-16.653595118916144,140.04617940592274,162.14603787980494,21.89823588583237,261.71881495301113,89.41313843282278,114.85396212019504,308.1017641141675,15.281185046988796,240.5868615671772,True,,,,
