path,curFrame,Deleted,pixelSpacingX,pixelSpacingY,pixelSpacingZ,tra_UL_x,tra_UL_y,tra_LL_x,tra_LL_y,tra_LR_x,tra_LR_y,tra_UR_x,tra_UR_y,cor_UL_x,cor_UL_y,cor_LL_x,cor_LL_y,cor_LR_x,cor_LR_y,cor_UR_x,cor_UR_y,Dirty
./data/train/PICAI/10065/,18,0,0.392857134342,0.392857134342,3.2999999999999736,91.08300476322528,153.46538713531493,431.86012685742367,373.4834615228432,322.9169952367748,543.534612864685,-16.87243851682851,323.67297294219696,261.8662531275985,148.68845411361656,399.694829524214,237.3410543489304,181.13374687240147,575.3115458863836,44.2928588163812,486.81538011610985,True
./data/train/PICAI/10065/,17,0,0.392857134342,0.392857134342,3.2999999999999736,91.08300476322528,153.46538713531493,431.86012685742367,373.4834615228432,322.9169952367748,543.534612864685,-16.87243851682851,323.67297294219696,261.8662531275985,148.68845411361656,399.694829524214,237.3410543489304,181.13374687240147,575.3115458863836,44.2928588163812,486.81538011610985,True
./data/train/PICAI/10065/,19,0,0.392857134342,0.392857134342,3.2999999999999736,91.08300476322528,153.46538713531493,431.86012685742367,373.4834615228432,322.9169952367748,543.534612864685,-16.87243851682851,323.67297294219696,261.8662531275985,148.68845411361656,399.694829524214,237.3410543489304,181.13374687240147,575.3115458863836,44.2928588163812,486.81538011610985,True
