path,curFrame,Deleted,pixelSpacingX,pixelSpacingY,pixelSpacingZ,tra_UL_x,tra_UL_y,tra_LL_x,tra_LL_y,tra_LR_x,tra_LR_y,tra_UR_x,tra_UR_y,cor_UL_x,cor_UL_y,cor_LL_x,cor_LL_y,cor_LR_x,cor_LR_y,cor_UR_x,cor_UR_y,Dirty
./data/train/PICAI/10279/,9,0,0.5625,0.5625,3.599999879535895,45.794126427139474,51.73123877536122,292.10625528237324,147.75381517696985,241.20587357286053,278.2687612246388,-4.107625747618727,182.29852077927308,148.05948698044625,24.55960291775645,264.49502081664866,70.62896265427301,166.16116960807312,322.8281968055486,49.65588013940477,277.80201119430615,True
./data/train/PICAI/10279/,8,0,0.5625,0.5625,3.599999879535895,51.85605786229026,46.77293935202424,292.80519114851165,155.55490094777207,235.14394213770976,283.2270606479758,-4.810669253143402,174.5496275154956,155.87697688308663,24.290301853657525,269.74185587152306,76.3902901377515,158.34367970543272,323.09749786964744,44.354545166826185,272.0356033492156,True
./data/train/PICAI/10279/,10,0,0.5625,0.5625,3.599999879535895,34.48955987866364,62.56478171765066,289.48945747022606,132.31470808530142,252.5104401213364,267.4352182823493,-1.4908279354714864,197.63295595845565,132.5202895561211,26.322646734406543,253.1335367321005,59.96880627632267,181.70036703239828,321.06515298889843,61.12678774084165,288.4637444043151,True
