path,curFrame,Deleted,pixelSpacingX,pixelSpacingY,pixelSpacingZ,tra_UL_x,tra_UL_y,tra_LL_x,tra_LL_y,tra_LR_x,tra_LR_y,tra_UR_x,tra_UR_y,cor_UL_x,cor_UL_y,cor_LL_x,cor_LL_y,cor_LR_x,cor_LR_y,cor_UR_x,cor_UR_y,Dirty,h_par_cor,h_orth_cor,h_par_tra,h_orth_tra
./data/train/PICAI/10218/,-1,0,-1.0,-1.0,-1.0,-1.0,-1.0,-1.0,-1.0,-1.0,-1.0,-1.0,-1.0,-1.0,-1.0,-1.0,-1.0,-1.0,-1.0,-1.0,-1.0,False,80.0,60.0,30.0,160.0
./data/train/PICAI/10218/,16,0,0.392857134342,0.392857134342,3.299999967782503,108.34551336270592,90.79716299964596,495.9326866282494,325.03247869739874,351.65448663729404,565.2028370003541,-35.932686628249314,330.96752130260126,262.5400215013589,82.86400997889152,461.8424047268791,203.05243560192093,224.1838965578316,597.9390440034506,24.8815133323114,477.7506183804208,True,,,,
./data/train/PICAI/10218/,15,0,0.392857134342,0.392857134342,3.299999967782503,41.0,140.0,482.0,243.0,419.0,516.0,-22.0,413.0,185.0,94.0,400.0,144.0,296.0,593.0,81.0,543.0,True,,,,
./data/train/PICAI/10218/,17,0,0.392857134342,0.392857134342,3.299999967782503,41.0,140.0,482.0,243.0,419.0,516.0,-22.0,413.0,185.0,94.0,400.0,144.0,296.0,593.0,81.0,543.0,True,,,,
