path,curFrame,Deleted,pixelSpacingX,pixelSpacingY,pixelSpacingZ,tra_UL_x,tra_UL_y,tra_LL_x,tra_LL_y,tra_LR_x,tra_LR_y,tra_UR_x,tra_UR_y,cor_UL_x,cor_UL_y,cor_LL_x,cor_LL_y,cor_LR_x,cor_LR_y,cor_UR_x,cor_UR_y,Dirty,h_par_cor,h_orth_cor,h_par_tra,h_orth_tra
./data/train/PICAI/10898/,14,0,0.392857134342,0.392857134342,3.299999927020762,-4.3541262910094645,153.4282122253332,430.2607425677993,228.7403345353605,393.3541262910095,439.5717877746668,-41.26074256779936,364.2596654646395,169.82796447953973,68.44378858565034,352.0014204034873,100.79857117996808,276.1720355204602,548.5562114143497,93.99857959651266,516.201428820032,True,,,,
./data/train/PICAI/10898/,15,0,0.392857134342,0.392857134342,3.299999927020762,-4.3541262910094645,153.4282122253332,430.2607425677993,228.7403345353605,393.3541262910095,439.5717877746668,-41.26074256779936,364.2596654646395,169.82796447953973,68.44378858565034,352.0014204034873,100.79857117996808,276.1720355204602,548.5562114143497,93.99857959651266,516.201428820032,True,,,,
./data/train/PICAI/10898/,-1,0,-1.0,-1.0,-1.0,-1.0,-1.0,-1.0,-1.0,-1.0,-1.0,-1.0,-1.0,-1.0,-1.0,-1.0,-1.0,-1.0,-1.0,-1.0,-1.0,False,80.0,60.0,30.0,160.0
./data/train/PICAI/10898/,16,0,0.392857134342,0.392857134342,3.299999927020762,0.7601436555312375,146.57545876800336,432.4819017149149,237.00954315058075,388.2398563444688,446.4245412319966,-43.4819017149149,355.9904568494192,178.23819640558844,66.73434706523062,359.1715115538887,105.42718192448991,267.7618035944115,550.2656529347694,86.82848844611127,511.5728180755101,True,,,,
