path,curFrame,Deleted,pixelSpacingX,pixelSpacingY,pixelSpacingZ,tra_UL_x,tra_UL_y,tra_LL_x,tra_LL_y,tra_LR_x,tra_LR_y,tra_UR_x,tra_UR_y,cor_UL_x,cor_UL_y,cor_LL_x,cor_LL_y,cor_LR_x,cor_LR_y,cor_UR_x,cor_UR_y,Dirty
./data/train/PICAI/10303/,9,0,0.5625,0.5625,3.6000000635782783,60.95074332455354,19.18674231337755,279.9157835120466,166.83264024383004,206.04925667544643,276.8132576866225,-11.919588813954787,129.2545154989176,177.1314058993694,21.145123507987307,262.4311415902436,78.79887525986382,115.86859410063056,296.85487649201275,30.568858409756345,239.2011247401362,True
./data/train/PICAI/10303/,8,0,0.5625,0.5625,3.6000000635782783,58.71369160008796,20.47252031066695,280.2221585708594,164.27446417881742,208.28630839991203,275.52747968933306,-12.22459452059951,131.7952922949267,174.72084125398428,20.631527727890926,261.0137820901622,76.78781287785341,118.2791587460157,297.3684722721091,31.98621790983776,241.21218712214664,True
./data/train/PICAI/10303/,10,0,0.5625,0.5625,3.6000000635782783,50.0,26.0,281.0,154.0,217.0,270.0,-13.0,142.0,165.0,19.0,255.0,69.0,128.0,299.0,38.0,249.0,True
