path,curFrame,Deleted,pixelSpacingX,pixelSpacingY,pixelSpacingZ,tra_UL_x,tra_UL_y,tra_LL_x,tra_LL_y,tra_LR_x,tra_LR_y,tra_UR_x,tra_UR_y,cor_UL_x,cor_UL_y,cor_LL_x,cor_LL_y,cor_LR_x,cor_LR_y,cor_UR_x,cor_UR_y,Dirty,h_par_cor,h_orth_cor,h_par_tra,h_orth_tra
./data/train/PICAI/10849/,-1,0,-1.0,-1.0,-1.0,-1.0,-1.0,-1.0,-1.0,-1.0,-1.0,-1.0,-1.0,-1.0,-1.0,-1.0,-1.0,-1.0,-1.0,-1.0,-1.0,False,80.0,60.0,30.0,160.0
./data/train/PICAI/10849/,9,0,0.5625,0.5625,3.6000000466032045,13.456447386947389,48.98091671962551,286.3631573382684,124.12695895436757,249.5435526130526,257.01908328037445,-22.295836814264334,182.80084862214807,119.12746604982658,21.287617258650585,233.5751421549478,52.37989015944174,165.87253395017342,302.7123827413494,51.424857845052216,271.62010984055826,True,,,,
./data/train/PICAI/10849/,10,0,0.5625,0.5625,3.6000000466032045,13.456447386947389,48.98091671962551,286.3631573382684,124.12695895436757,249.5435526130526,257.01908328037445,-22.295836814264334,182.80084862214807,119.12746604982658,21.287617258650585,233.5751421549478,52.37989015944174,165.87253395017342,302.7123827413494,51.424857845052216,271.62010984055826,True,,,,
./data/train/PICAI/10849/,11,0,0.5625,0.5625,3.6000000466032045,13.456447386947389,48.98091671962551,286.3631573382684,124.12695895436757,249.5435526130526,257.01908328037445,-22.295836814264334,182.80084862214807,119.12746604982658,21.287617258650585,233.5751421549478,52.37989015944174,165.87253395017342,302.7123827413494,51.424857845052216,271.62010984055826,True,,,,
