path,curFrame,Deleted,pixelSpacingX,pixelSpacingY,pixelSpacingZ,tra_UL_x,tra_UL_y,tra_LL_x,tra_LL_y,tra_LR_x,tra_LR_y,tra_UR_x,tra_UR_y,cor_UL_x,cor_UL_y,cor_LL_x,cor_LL_y,cor_LR_x,cor_LR_y,cor_UR_x,cor_UR_y,Dirty
./data/train/PICAI/11253/,8,0,0.5625,0.5625,3.59999984502794,37.19681224382725,22.56478757963579,288.4119254766365,135.4008052487595,229.80318775617275,266.4352124203642,-20.377635152914934,152.6347034209239,149.1305306017581,7.072098679841702,250.6020069232199,52.64116157500129,139.8694693982419,300.9279013201583,37.39860224976097,255.3239389282962,True
./data/train/PICAI/11253/,7,0,0.5625,0.5625,3.59999984502794,37.19681224382725,22.56478757963579,288.4119254766365,135.4008052487595,229.80318775617275,266.4352124203642,-20.377635152914934,152.6347034209239,149.1305306017581,7.072098679841702,250.6020069232199,52.64116157500129,139.8694693982419,300.9279013201583,37.39860224976097,255.3239389282962,True
./data/train/PICAI/11253/,9,0,0.5625,0.5625,3.59999984502794,37.19681224382725,22.56478757963579,288.4119254766365,135.4008052487595,229.80318775617275,266.4352124203642,-20.377635152914934,152.6347034209239,149.1305306017581,7.072098679841702,250.6020069232199,52.64116157500129,139.8694693982419,300.9279013201583,37.39860224976097,255.3239389282962,True
