path,curFrame,Deleted,pixelSpacingX,pixelSpacingY,pixelSpacingZ,tra_UL_x,tra_UL_y,tra_LL_x,tra_LL_y,tra_LR_x,tra_LR_y,tra_UR_x,tra_UR_y,cor_UL_x,cor_UL_y,cor_LL_x,cor_LL_y,cor_LR_x,cor_LR_y,cor_UR_x,cor_UR_y,Dirty
./data/train/PICAI/11224/,9,0,0.5625,0.5625,3.599999957614445,25.80539673535312,52.12202514802463,280.4051189932811,134.57796141816772,239.1946032646469,260.8779748519753,-14.38781889168746,177.43964329311316,134.41890979726526,29.820391546811067,232.8802594246295,61.54361063879385,152.58109020273474,307.17960845318896,54.119740575370514,275.45638936120616,True
./data/train/PICAI/11224/,8,0,0.5625,0.5625,3.599999957614445,25.80539673535312,52.12202514802463,280.4051189932811,134.57796141816772,239.1946032646469,260.8779748519753,-14.38781889168746,177.43964329311316,134.41890979726526,29.820391546811067,232.8802594246295,61.54361063879385,152.58109020273474,307.17960845318896,54.119740575370514,275.45638936120616,True
./data/train/PICAI/11224/,10,0,0.5625,0.5625,3.599999957614445,25.80539673535312,52.12202514802463,280.4051189932811,134.57796141816772,239.1946032646469,260.8779748519753,-14.38781889168746,177.43964329311316,134.41890979726526,29.820391546811067,232.8802594246295,61.54361063879385,152.58109020273474,307.17960845318896,54.119740575370514,275.45638936120616,True
