path,curFrame,Deleted,pixelSpacingX,pixelSpacingY,pixelSpacingZ,tra_UL_x,tra_UL_y,tra_LL_x,tra_LL_y,tra_LR_x,tra_LR_y,tra_UR_x,tra_UR_y,cor_UL_x,cor_UL_y,cor_LL_x,cor_LL_y,cor_LR_x,cor_LR_y,cor_UR_x,cor_UR_y,Dirty
./data/train/PICAI/10631/,12,0,0.5625,0.5625,3.600000034679091,11.007094152899981,59.12482733047425,273.7148349131934,147.56488016075284,229.9929058471,278.8751726695258,-31.805795957849355,189.35176939840773,117.89676766380028,36.79040419349033,228.58592026875698,74.28589052980294,148.1032323361997,313.20959580650975,36.417885033151265,275.80126521294477,True
./data/train/PICAI/10631/,11,0,0.5625,0.5625,3.600000034679091,11.007094152899981,59.12482733047425,273.7148349131934,147.56488016075284,229.9929058471,278.8751726695258,-31.805795957849355,189.35176939840773,117.89676766380028,36.79040419349033,228.58592026875698,74.28589052980294,148.1032323361997,313.20959580650975,36.417885033151265,275.80126521294477,True
./data/train/PICAI/10631/,10,0,0.5625,0.5625,3.600000034679091,11.007094152899981,59.12482733047425,273.7148349131934,147.56488016075284,229.9929058471,278.8751726695258,-31.805795957849355,189.35176939840773,117.89676766380028,36.79040419349033,228.58592026875698,74.28589052980294,148.1032323361997,313.20959580650975,36.417885033151265,275.80126521294477,True
