path,curFrame,Deleted,pixelSpacingX,pixelSpacingY,pixelSpacingZ,tra_UL_x,tra_UL_y,tra_LL_x,tra_LL_y,tra_LR_x,tra_LR_y,tra_UR_x,tra_UR_y,cor_UL_x,cor_UL_y,cor_LL_x,cor_LL_y,cor_LR_x,cor_LR_y,cor_UR_x,cor_UR_y,Dirty
./data/train/PICAI/11196/,8,0,0.5625,0.5625,3.599999949037921,37.71738486827781,55.37288537058528,283.88947339457263,166.99413258903462,231.2826151317221,284.6271146294148,-14.119237484656622,174.19192670251698,153.61270768011028,33.967539883920935,256.16165250274696,80.14596118103304,150.74002428622808,316.39007286252706,47.209756597868335,270.0108095066048,True
./data/train/PICAI/11196/,9,0,0.5625,0.5625,3.599999949037921,37.71738486827781,55.37288537058528,283.88947339457263,166.99413258903462,231.2826151317221,284.6271146294148,-14.119237484656622,174.19192670251698,153.61270768011028,33.967539883920935,256.16165250274696,80.14596118103304,150.74002428622808,316.39007286252706,47.209756597868335,270.0108095066048,True
./data/train/PICAI/11196/,10,0,0.5625,0.5625,3.599999949037921,37.71738486827781,55.37288537058528,283.88947339457263,166.99413258903462,231.2826151317221,284.6271146294148,-14.119237484656622,174.19192670251698,153.61270768011028,33.967539883920935,256.16165250274696,80.14596118103304,150.74002428622808,316.39007286252706,47.209756597868335,270.0108095066048,True
