path,curFrame,Deleted,pixelSpacingX,pixelSpacingY,pixelSpacingZ,tra_UL_x,tra_UL_y,tra_LL_x,tra_LL_y,tra_LR_x,tra_LR_y,tra_UR_x,tra_UR_y,cor_UL_x,cor_UL_y,cor_LL_x,cor_LL_y,cor_LR_x,cor_LR_y,cor_UR_x,cor_UR_y,Dirty
./data/train/PICAI/10178/,9,0,0.5625,0.5625,3.600000010596377,107.06467691372832,5.347902432794484,286.64308347552526,194.7722828507493,195.9353230862717,281.6520975672055,15.369228183879642,92.07128268421054,221.93905533431715,24.94407594007529,293.0741279655839,99.99606753086796,100.06094466568284,283.0559240599247,28.76943756937581,208.99162080972715,True
./data/train/PICAI/10178/,10,0,0.5625,0.5625,3.600000010596377,116.80992229409756,2.584782550788816,282.7373080639669,204.0744911008213,186.19007770590247,284.4152174492112,19.288321871247945,82.7005578448348,228.79309703651893,29.509343298177285,294.51952592524475,109.34064383584408,89.20690296348108,278.4906567018227,23.25552302041129,199.6337262289411,True
./data/train/PICAI/10178/,11,0,0.5625,0.5625,3.600000010596377,86.0,14.0,293.0,173.0,217.0,273.0,9.0,114.0,203.0,17.0,285.0,80.0,123.0,291.0,41.0,229.0,True
