path,curFrame,Deleted,pixelSpacingX,pixelSpacingY,pixelSpacingZ,tra_UL_x,tra_UL_y,tra_LL_x,tra_LL_y,tra_LR_x,tra_LR_y,tra_UR_x,tra_UR_y,cor_UL_x,cor_UL_y,cor_LL_x,cor_LL_y,cor_LR_x,cor_LR_y,cor_UR_x,cor_UR_y,Dirty,h_par_cor,h_orth_cor,h_par_tra,h_orth_tra
./data/train/PICAI/11192/,14,0,0.392857134342,0.392857134342,3.29999999999999,1.414915067030421,225.32308212162008,425.2957049809049,280.6952406671371,397.5850849329696,495.6769178783799,-25.3080166403098,440.14832486782274,167.3215436089003,138.95602368783196,336.811285788434,160.70981176980072,279.6784563910997,599.0439763121681,111.1764025521611,577.133753765159,True,,,,
./data/train/PICAI/11192/,15,0,0.392857134342,0.392857134342,3.29999999999999,6.253189548442492,218.4923584792008,427.9433022734074,288.62401203169026,392.7468104515575,502.5076415207992,-27.950756121766148,432.2541186249047,175.3841849993794,137.13556040904837,344.0114823520033,164.7912033693876,271.6158150006206,600.8644395909516,103.98106379963798,573.0869272872071,True,,,,
./data/train/PICAI/11192/,-1,0,-1.0,-1.0,-1.0,-1.0,-1.0,-1.0,-1.0,-1.0,-1.0,-1.0,-1.0,-1.0,-1.0,-1.0,-1.0,-1.0,-1.0,-1.0,-1.0,False,80.0,60.0,30.0,160.0
./data/train/PICAI/11192/,16,0,0.392857134342,0.392857134342,3.29999999999999,6.253189548442492,218.4923584792008,427.9433022734074,288.62401203169026,392.7468104515575,502.5076415207992,-27.950756121766148,432.2541186249047,175.3841849993794,137.13556040904837,344.0114823520033,164.7912033693876,271.6158150006206,600.8644395909516,103.98106379963798,573.0869272872071,True,,,,
