path,curFrame,Deleted,pixelSpacingX,pixelSpacingY,pixelSpacingZ,tra_UL_x,tra_UL_y,tra_LL_x,tra_LL_y,tra_LR_x,tra_LR_y,tra_UR_x,tra_UR_y,cor_UL_x,cor_UL_y,cor_LL_x,cor_LL_y,cor_LR_x,cor_LR_y,cor_UR_x,cor_UR_y,Dirty,h_par_cor,h_orth_cor,h_par_tra,h_orth_tra
./data/train/PICAI/11360/,10,0,0.3125,0.3125,3.3000001040371814,27.5074349388058,161.45062544930315,561.913957583074,303.4142424617695,491.49256506119417,565.5493745506966,-41.91776288498176,423.4986017954831,266.57145227817904,90.59050474232214,469.00986553733696,144.15064698554747,328.4285477218208,671.4094952576779,124.90678402182355,616.9403140591085,True,,,,
./data/train/PICAI/11360/,11,0,0.3125,0.3125,3.3000001040371814,27.5074349388058,161.45062544930315,561.913957583074,303.4142424617695,491.49256506119417,565.5493745506966,-41.91776288498176,423.4986017954831,266.57145227817904,90.59050474232214,469.00986553733696,144.15064698554747,328.4285477218208,671.4094952576779,124.90678402182355,616.9403140591085,True,,,,
./data/train/PICAI/11360/,-1,0,-1.0,-1.0,-1.0,-1.0,-1.0,-1.0,-1.0,-1.0,-1.0,-1.0,-1.0,-1.0,-1.0,-1.0,-1.0,-1.0,-1.0,-1.0,-1.0,False,80.0,60.0,30.0,160.0
./data/train/PICAI/11360/,12,0,0.3125,0.3125,3.3000001040371814,27.5074349388058,161.45062544930315,561.913957583074,303.4142424617695,491.49256506119417,565.5493745506966,-41.91776288498176,423.4986017954831,266.57145227817904,90.59050474232214,469.00986553733696,144.15064698554747,328.4285477218208,671.4094952576779,124.90678402182355,616.9403140591085,True,,,,
