path,curFrame,Deleted,pixelSpacingX,pixelSpacingY,pixelSpacingZ,tra_UL_x,tra_UL_y,tra_LL_x,tra_LL_y,tra_LR_x,tra_LR_y,tra_UR_x,tra_UR_y,cor_UL_x,cor_UL_y,cor_LL_x,cor_LL_y,cor_LR_x,cor_LR_y,cor_UR_x,cor_UR_y,Dirty
./data/train/PICAI/10602/,8,0,0.5625,0.5625,3.6000000635782774,-16.446590180909638,56.19157186577897,240.5590592124392,87.78423208778412,224.4465901809096,219.80842813422103,-32.50672325619627,189.21439744697045,96.7010606635191,2.26475223734002,185.3654990655658,12.638631109279544,152.29893933648088,279.7352477626599,64.58079451294587,268.31040339972293,True
./data/train/PICAI/10602/,9,0,0.5625,0.5625,3.6000000635782774,-16.446590180909638,56.19157186577897,240.5590592124392,87.78423208778412,224.4465901809096,219.80842813422103,-32.50672325619627,189.21439744697045,96.7010606635191,2.26475223734002,185.3654990655658,12.638631109279544,152.29893933648088,279.7352477626599,64.58079451294587,268.31040339972293,True
./data/train/PICAI/10602/,10,0,0.5625,0.5625,3.6000000635782774,-15.000491644035192,54.10194883980968,241.4146465974468,90.17516439653124,223.0004916440352,221.8980511601904,-33.37974710074428,186.82422643048784,99.1265585077584,1.8007238997278705,187.5964437359764,13.720430595194202,149.8734414922416,280.1992761002721,62.368047594340254,267.24527908108416,True
