path,curFrame,Deleted,pixelSpacingX,pixelSpacingY,pixelSpacingZ,tra_UL_x,tra_UL_y,tra_LL_x,tra_LL_y,tra_LR_x,tra_LR_y,tra_UR_x,tra_UR_y,cor_UL_x,cor_UL_y,cor_LL_x,cor_LL_y,cor_LR_x,cor_LR_y,cor_UR_x,cor_UR_y,Dirty
./data/train/PICAI/11429/,9,0,0.5625,0.5625,3.5999999576145,61.50788011273896,72.33542989511022,313.87163681569245,206.44931546544368,252.49211988726103,321.6645701048898,0.2328916475751157,186.55616263918805,178.08496733833246,60.161676287362695,283.77311687716644,116.51782100164456,159.91503266166754,347.8383237126373,54.22688312283361,291.48217899835544,True
./data/train/PICAI/11429/,8,0,0.5625,0.5625,3.5999999576145,61.50788011273896,72.33542989511022,313.87163681569245,206.44931546544368,252.49211988726103,321.6645701048898,0.2328916475751157,186.55616263918805,178.08496733833246,60.161676287362695,283.77311687716644,116.51782100164456,159.91503266166754,347.8383237126373,54.22688312283361,291.48217899835544,True
./data/train/PICAI/11429/,10,0,0.5625,0.5625,3.5999999576145,61.50788011273896,72.33542989511022,313.87163681569245,206.44931546544368,252.49211988726103,321.6645701048898,0.2328916475751157,186.55616263918805,178.08496733833246,60.161676287362695,283.77311687716644,116.51782100164456,159.91503266166754,347.8383237126373,54.22688312283361,291.48217899835544,True
