path,curFrame,Deleted,pixelSpacingX,pixelSpacingY,pixelSpacingZ,tra_UL_x,tra_UL_y,tra_LL_x,tra_LL_y,tra_LR_x,tra_LR_y,tra_UR_x,tra_UR_y,cor_UL_x,cor_UL_y,cor_LL_x,cor_LL_y,cor_LR_x,cor_LR_y,cor_UR_x,cor_UR_y,Dirty
./data/train/PICAI/10957/,8,0,0.5625,0.5625,3.599999904632556,-2.420994147480016,91.54412200913826,242.677881142399,112.95770021635175,232.42099414748,237.45587799086172,-11.703511077613824,215.8173487293044,90.72184765988987,38.47518017983504,183.96436400174795,46.71126822200287,161.2781523401101,308.5248198201649,68.03563599825199,300.2887317779972,True
./data/train/PICAI/10957/,9,0,0.5625,0.5625,3.599999904632556,-7.224107294844416,99.9127133564322,238.77145515943403,104.17689590450247,237.22410729484443,229.08728664356784,-7.815150403471094,224.5307323907748,81.38892816732604,41.26497336204741,174.97883088499566,42.97672956465186,170.61107183267393,305.7350266379525,77.02116911500431,304.0232704353482,True
./data/train/PICAI/10957/,10,0,0.5625,0.5625,3.599999904632556,5.848216157148514,79.66994586867553,247.3660857400092,126.58602703661153,224.1517838428515,249.3300541313245,-16.37353958836789,202.2921036199833,105.02904198841664,35.527289219656154,196.8998604432436,53.46475605419633,146.97095801158335,311.4727107803439,55.100139556756375,293.5352439458037,True
