path,curFrame,Deleted,pixelSpacingX,pixelSpacingY,pixelSpacingZ,tra_UL_x,tra_UL_y,tra_LL_x,tra_LL_y,tra_LR_x,tra_LR_y,tra_UR_x,tra_UR_y,cor_UL_x,cor_UL_y,cor_LL_x,cor_LL_y,cor_LR_x,cor_LR_y,cor_UR_x,cor_UR_y,Dirty,h_par_cor,h_orth_cor,h_par_tra,h_orth_tra
./data/train/PICAI/11475/,-1,0,-1.0,-1.0,-1.0,-1.0,-1.0,-1.0,-1.0,-1.0,-1.0,-1.0,-1.0,-1.0,-1.0,-1.0,-1.0,-1.0,-1.0,-1.0,-1.0,False,80.0,60.0,30.0,160.0
./data/train/PICAI/11475/,9,0,0.5625,0.5625,3.0000000529818887,-4.005047048077728,171.0205990009393,228.99916411436288,59.51258323270497,292.0050470480777,194.9794009990607,59.19164488101369,307.4690439507426,55.28868392783251,63.74856729787905,145.7362958378423,20.699415160162687,273.7113160721676,291.251432702121,183.2637041621577,334.3005848398373,True,,,,
./data/train/PICAI/11475/,10,0,0.5625,0.5625,3.0000000529818887,-4.005047048077728,171.0205990009393,228.99916411436288,59.51258323270497,292.0050470480777,194.9794009990607,59.19164488101369,307.4690439507426,55.28868392783251,63.74856729787905,145.7362958378423,20.699415160162687,273.7113160721676,291.251432702121,183.2637041621577,334.3005848398373,True,,,,
./data/train/PICAI/11475/,11,0,0.5625,0.5625,3.0000000529818887,-4.005047048077728,171.0205990009393,228.99916411436288,59.51258323270497,292.0050470480777,194.9794009990607,59.19164488101369,307.4690439507426,55.28868392783251,63.74856729787905,145.7362958378423,20.699415160162687,273.7113160721676,291.251432702121,183.2637041621577,334.3005848398373,True,,,,
