path,curFrame,Deleted,pixelSpacingX,pixelSpacingY,pixelSpacingZ,tra_UL_x,tra_UL_y,tra_LL_x,tra_LL_y,tra_LR_x,tra_LR_y,tra_UR_x,tra_UR_y,cor_UL_x,cor_UL_y,cor_LL_x,cor_LL_y,cor_LR_x,cor_LR_y,cor_UR_x,cor_UR_y,Dirty
./data/train/PICAI/11283/,8,0,0.5625,0.5625,3.6000000635783334,101.0953660112038,-9.407183943388643,271.8687140314615,199.593925158817,166.90463398879615,286.40718394338853,-3.86871403146148,77.40607484118297,214.33869346453992,25.68401000889905,278.4915796533808,103.30750641070782,66.66130653546007,276.315989991101,3.4594768629143005,199.0015105836672,True
./data/train/PICAI/11283/,9,0,0.5625,0.5625,3.6000000635783334,101.0953660112038,-9.407183943388643,271.8687140314615,199.593925158817,166.90463398879615,286.40718394338853,-3.86871403146148,77.40607484118297,214.33869346453992,25.68401000889905,278.4915796533808,103.30750641070782,66.66130653546007,276.315989991101,3.4594768629143005,199.0015105836672,True
./data/train/PICAI/11283/,10,0,0.5625,0.5625,3.6000000635783334,101.0953660112038,-9.407183943388643,271.8687140314615,199.593925158817,166.90463398879615,286.40718394338853,-3.86871403146148,77.40607484118297,214.33869346453992,25.68401000889905,278.4915796533808,103.30750641070782,66.66130653546007,276.315989991101,3.4594768629143005,199.0015105836672,True
