path,curFrame,Deleted,pixelSpacingX,pixelSpacingY,pixelSpacingZ,tra_UL_x,tra_UL_y,tra_LL_x,tra_LL_y,tra_LR_x,tra_LR_y,tra_UR_x,tra_UR_y,cor_UL_x,cor_UL_y,cor_LL_x,cor_LL_y,cor_LR_x,cor_LR_y,cor_UR_x,cor_UR_y,Dirty
./data/train/PICAI/11426/,9,0,0.5625,0.5625,3.6000000635782783,69.00419700144758,9.116372580660029,283.3173197630936,183.7928890679994,198.99580299855245,287.88362741934,-15.317319763093453,113.20711093200056,185.1608302908704,18.41995320057921,274.0252115024959,90.2052006534849,106.83916970912964,295.5800467994208,17.974788497504136,223.7947993465151,True
./data/train/PICAI/11426/,8,0,0.5625,0.5625,3.6000000635782783,69.00419700144758,9.116372580660029,283.3173197630936,183.7928890679994,198.99580299855245,287.88362741934,-15.317319763093453,113.20711093200056,185.1608302908704,18.41995320057921,274.0252115024959,90.2052006534849,106.83916970912964,295.5800467994208,17.974788497504136,223.7947993465151,True
./data/train/PICAI/11426/,10,0,0.5625,0.5625,3.6000000635782783,69.00419700144758,9.116372580660029,283.3173197630936,183.7928890679994,198.99580299855245,287.88362741934,-15.317319763093453,113.20711093200056,185.1608302908704,18.41995320057921,274.0252115024959,90.2052006534849,106.83916970912964,295.5800467994208,17.974788497504136,223.7947993465151,True
