path,curFrame,Deleted,pixelSpacingX,pixelSpacingY,pixelSpacingZ,tra_UL_x,tra_UL_y,tra_LL_x,tra_LL_y,tra_LR_x,tra_LR_y,tra_UR_x,tra_UR_y,cor_UL_x,cor_UL_y,cor_LL_x,cor_LL_y,cor_LR_x,cor_LR_y,cor_UR_x,cor_UR_y,Dirty
./data/train/PICAI/10713/,9,0,0.5625,0.5625,3.6,77.40925043235364,8.729447671197079,302.01786579822635,163.4290595111287,209.5907495676464,298.27055232880286,-14.036238614778624,143.76174948424782,167.25454073561795,14.17997806353057,280.4450711043137,92.21140657059672,125.74545926438206,316.82002193646946,13.345747083757402,239.96102960822745,True
./data/train/PICAI/10713/,10,0,0.5625,0.5625,3.6,77.40925043235364,8.729447671197079,302.01786579822635,163.4290595111287,209.5907495676464,298.27055232880286,-14.036238614778624,143.76174948424782,167.25454073561795,14.17997806353057,280.4450711043137,92.21140657059672,125.74545926438206,316.82002193646946,13.345747083757402,239.96102960822745,True
./data/train/PICAI/10713/,11,0,0.5625,0.5625,3.6,77.40925043235364,8.729447671197079,302.01786579822635,163.4290595111287,209.5907495676464,298.27055232880286,-14.036238614778624,143.76174948424782,167.25454073561795,14.17997806353057,280.4450711043137,92.21140657059672,125.74545926438206,316.82002193646946,13.345747083757402,239.96102960822745,True
