path,curFrame,Deleted,pixelSpacingX,pixelSpacingY,pixelSpacingZ,tra_UL_x,tra_UL_y,tra_LL_x,tra_LL_y,tra_LR_x,tra_LR_y,tra_UR_x,tra_UR_y,cor_UL_x,cor_UL_y,cor_LL_x,cor_LL_y,cor_LR_x,cor_LR_y,cor_UR_x,cor_UR_y,Dirty
./data/train/PICAI/11248/,8,0,0.5625,0.5625,3.6000000238418126,67.17838672991907,12.92993198891756,282.86571007178566,154.5349409032253,206.8216132700809,269.0700680110824,-6.89609456576116,127.81235545210852,180.07264003279033,10.418413056898288,264.7138339562485,65.96000370041119,115.92735996720964,293.5815869431017,30.30135829073926,237.866348121922,True
./data/train/PICAI/11248/,7,0,0.5625,0.5625,3.6000000238418126,67.17838672991907,12.92993198891756,282.86571007178566,154.5349409032253,206.8216132700809,269.0700680110824,-6.89609456576116,127.81235545210852,181.7119709519308,4.93213813484429,274.7138339562485,65.96000370041119,125.92735996720964,293.5815869431017,31.91953250638344,232.4124507520856,True
./data/train/PICAI/11248/,9,0,0.5625,0.5625,3.6000000238418126,67.17838672991907,12.92993198891756,282.86571007178566,154.5349409032253,206.8216132700809,269.0700680110824,-6.89609456576116,127.81235545210852,180.07264003279033,10.418413056898288,264.7138339562485,65.96000370041119,115.92735996720964,293.5815869431017,30.30135829073926,237.866348121922,True
