path,curFrame,Deleted,pixelSpacingX,pixelSpacingY,pixelSpacingZ,tra_UL_x,tra_UL_y,tra_LL_x,tra_LL_y,tra_LR_x,tra_LR_y,tra_UR_x,tra_UR_y,cor_UL_x,cor_UL_y,cor_LL_x,cor_LL_y,cor_LR_x,cor_LR_y,cor_UR_x,cor_UR_y,Dirty,h_par_cor,h_orth_cor,h_par_tra,h_orth_tra
./data/train/PICAI/11125/,8,0,0.5625,0.5625,3.5999999576145,7.959040587868216,72.50559177977789,273.90224125721943,103.79798730554772,257.0409594121318,242.49440822022223,-7.911973188477816,211.06283959349216,116.24422553158708,23.47926268435637,217.89926496196423,35.44809547659074,185.75577446841288,302.5207373156437,84.1007350380357,290.55190452340923,True,,,,
./data/train/PICAI/11125/,9,0,0.5625,0.5625,3.5999999576145,17.52562387206696,59.95312493989061,278.74101384578296,118.8727315312414,247.47437612793303,255.04687506010947,-12.741623018763704,196.0923689720561,127.01850956625591,20.6106041868068,226.86558835541143,43.13971551575571,166.98149043374406,305.3893958131933,67.13441164458854,282.8602844842443,True,,,,
./data/train/PICAI/11125/,-1,0,-1.0,-1.0,-1.0,-1.0,-1.0,-1.0,-1.0,-1.0,-1.0,-1.0,-1.0,-1.0,-1.0,-1.0,-1.0,-1.0,-1.0,-1.0,-1.0,False,80.0,60.0,30.0,160.0
./data/train/PICAI/11125/,10,0,0.5625,0.5625,3.5999999576145,17.52562387206696,59.95312493989061,278.74101384578296,118.8727315312414,247.47437612793303,255.04687506010947,-12.741623018763704,196.0923689720561,127.01850956625591,20.6106041868068,226.86558835541143,43.13971551575571,166.98149043374406,305.3893958131933,67.13441164458854,282.8602844842443,True,,,,
