path,curFrame,Deleted,pixelSpacingX,pixelSpacingY,pixelSpacingZ,tra_UL_x,tra_UL_y,tra_LL_x,tra_LL_y,tra_LR_x,tra_LR_y,tra_UR_x,tra_UR_y,cor_UL_x,cor_UL_y,cor_LL_x,cor_LL_y,cor_LR_x,cor_LR_y,cor_UR_x,cor_UR_y,Dirty
./data/train/PICAI/10939/,8,0,0.53437501192093,0.53437501192093,3.5999999882436526,18.004567511162165,67.23212972897743,286.09556733315856,119.27265061839918,260.9954324888379,251.76787027102264,-7.043231376915685,200.72597891635544,121.7568227828756,29.394221662701938,230.9695473986861,49.7063062920829,182.2431772171244,304.60577833729803,73.03045260131388,284.2936937079171,True
./data/train/PICAI/10939/,9,0,0.53437501192093,0.53437501192093,3.5999999882436526,24.736805548352805,58.98179667715192,288.5445859399359,129.59663226335388,254.26319445164728,260.01820332284814,-9.562038346373186,190.4032154318025,131.4293875061854,27.61976502520409,238.9591760157063,55.50066499449685,172.57061249381462,306.38023497479594,65.0408239842937,278.4993350055031,True
./data/train/PICAI/10939/,10,0,0.53437501192093,0.53437501192093,3.5999999882436526,18.004567511162165,67.23212972897743,286.09556733315856,119.27265061839918,260.9954324888379,251.76787027102264,-7.043231376915685,200.72597891635544,121.7568227828756,29.394221662701938,230.9695473986861,49.7063062920829,182.2431772171244,304.60577833729803,73.03045260131388,284.2936937079171,True
