path,curFrame,Deleted,pixelSpacingX,pixelSpacingY,pixelSpacingZ,tra_UL_x,tra_UL_y,tra_LL_x,tra_LL_y,tra_LR_x,tra_LR_y,tra_UR_x,tra_UR_y,cor_UL_x,cor_UL_y,cor_LL_x,cor_LL_y,cor_LR_x,cor_LR_y,cor_UR_x,cor_UR_y,Dirty
./data/train/PICAI/10646/,10,0,0.5625,0.5625,4.000404357910126,123.3717647068973,19.87666762446409,294.7700346042,228.7872539436151,188.6282352931028,315.12333237553594,17.229965395800065,106.2127460563849,231.83386589757555,44.37463224014516,306.2538060098442,135.4497249586616,101.1661341024244,303.6253677598549,25.771823925370512,212.3253239869945,True
./data/train/PICAI/10646/,11,0,0.5625,0.5625,4.000404357910126,123.3717647068973,19.87666762446409,294.7700346042,228.7872539436151,188.6282352931028,315.12333237553594,17.229965395800065,106.2127460563849,231.83386589757555,44.37463224014516,306.2538060098442,135.4497249586616,101.1661341024244,303.6253677598549,25.771823925370512,212.3253239869945,True
./data/train/PICAI/10646/,12,0,0.5625,0.5625,4.000404357910126,123.3717647068973,19.87666762446409,294.7700346042,228.7872539436151,188.6282352931028,315.12333237553594,17.229965395800065,106.2127460563849,231.83386589757555,44.37463224014516,306.2538060098442,135.4497249586616,101.1661341024244,303.6253677598549,25.771823925370512,212.3253239869945,True
