path,curFrame,Deleted,pixelSpacingX,pixelSpacingY,pixelSpacingZ,tra_UL_x,tra_UL_y,tra_LL_x,tra_LL_y,tra_LR_x,tra_LR_y,tra_UR_x,tra_UR_y,cor_UL_x,cor_UL_y,cor_LL_x,cor_LL_y,cor_LR_x,cor_LR_y,cor_UR_x,cor_UR_y,Dirty
./data/train/PICAI/10678/,9,0,0.5625,0.5625,4.000404357910111,62.250100015013416,41.40428801739933,288.4338624917589,179.4872543523649,215.7498999849865,299.5957119826005,-10.433862491758989,161.5127456476351,172.29806709793536,40.67619423267263,265.6407764313948,96.9712971661367,128.70193290206464,322.3238057673274,35.35922356860519,266.0287028338633,True
./data/train/PICAI/10678/,10,0,0.5625,0.5625,4.000404357910111,62.250100015013416,41.40428801739933,288.4338624917589,179.4872543523649,215.7498999849865,299.5957119826005,-10.433862491758989,161.5127456476351,172.29806709793536,40.67619423267263,265.6407764313948,96.9712971661367,128.70193290206464,322.3238057673274,35.35922356860519,266.0287028338633,True
./data/train/PICAI/10678/,11,0,0.5625,0.5625,4.000404357910111,62.250100015013416,41.40428801739933,288.4338624917589,179.4872543523649,215.7498999849865,299.5957119826005,-10.433862491758989,161.5127456476351,172.29806709793536,40.67619423267263,265.6407764313948,96.9712971661367,128.70193290206464,322.3238057673274,35.35922356860519,266.0287028338633,True
