path,curFrame,Deleted,pixelSpacingX,pixelSpacingY,pixelSpacingZ,tra_UL_x,tra_UL_y,tra_LL_x,tra_LL_y,tra_LR_x,tra_LR_y,tra_UR_x,tra_UR_y,cor_UL_x,cor_UL_y,cor_LL_x,cor_LL_y,cor_LR_x,cor_LR_y,cor_UR_x,cor_UR_y,Dirty
./data/train/PICAI/10692/,11,0,0.625,0.625,3.4999999381529,73.62685753195186,62.94378265989923,271.7660979746632,234.9636692916067,176.37314246804812,344.05621734010083,-19.62283429097176,171.3988193107149,172.66784141990595,76.04528237425248,263.33685296481366,154.9891253607032,90.33215858009405,352.95471762574755,-0.3368529648136871,274.0108746392968,True
./data/train/PICAI/10692/,12,0,0.625,0.625,3.4999999381529,73.62685753195186,62.94378265989923,271.7660979746632,234.9636692916067,176.37314246804812,344.05621734010083,-19.62283429097176,171.3988193107149,172.66784141990595,76.04528237425248,263.33685296481366,154.9891253607032,90.33215858009405,352.95471762574755,-0.3368529648136871,274.0108746392968,True
./data/train/PICAI/10692/,13,0,0.625,0.625,3.4999999381529,73.62685753195186,62.94378265989923,271.7660979746632,234.9636692916067,176.37314246804812,344.05621734010083,-19.62283429097176,171.3988193107149,172.66784141990595,76.04528237425248,263.33685296481366,154.9891253607032,90.33215858009405,352.95471762574755,-0.3368529648136871,274.0108746392968,True
