path,curFrame,Deleted,pixelSpacingX,pixelSpacingY,pixelSpacingZ,tra_UL_x,tra_UL_y,tra_LL_x,tra_LL_y,tra_LR_x,tra_LR_y,tra_UR_x,tra_UR_y,cor_UL_x,cor_UL_y,cor_LL_x,cor_LL_y,cor_LR_x,cor_LR_y,cor_UR_x,cor_UR_y,Dirty
./data/train/PICAI/10649/,14,0,0.3125,0.3125,3.3,167.3990719515663,100.032289599806,600.6943180234405,464.3195797040781,423.6009280484336,675.9677104001939,-9.69431802344036,311.68042029592186,385.3158670301072,126.61993407925983,566.4444013709583,278.38440306833195,229.6841329698928,679.38006592074,48.555598629041526,527.615596931668,True
./data/train/PICAI/10649/,15,0,0.3125,0.3125,3.3,167.3990719515663,100.032289599806,600.6943180234405,464.3195797040781,423.6009280484336,675.9677104001939,-9.69431802344036,311.68042029592186,385.3158670301072,126.61993407925983,566.4444013709583,278.38440306833195,229.6841329698928,679.38006592074,48.555598629041526,527.615596931668,True
./data/train/PICAI/10649/,16,0,0.3125,0.3125,3.3,167.3990719515663,100.032289599806,600.6943180234405,464.3195797040781,423.6009280484336,675.9677104001939,-9.69431802344036,311.68042029592186,385.3158670301072,126.61993407925983,566.4444013709583,278.38440306833195,229.6841329698928,679.38006592074,48.555598629041526,527.615596931668,True
