path,curFrame,Deleted,pixelSpacingX,pixelSpacingY,pixelSpacingZ,tra_UL_x,tra_UL_y,tra_LL_x,tra_LL_y,tra_LR_x,tra_LR_y,tra_UR_x,tra_UR_y,cor_UL_x,cor_UL_y,cor_LL_x,cor_LL_y,cor_LR_x,cor_LR_y,cor_UR_x,cor_UR_y,Dirty
./data/train/PICAI/11358/,8,0,0.5625,0.5625,3.599999904632611,86.77109169889323,2.261347830871415,295.5989653761419,169.32995402437268,198.2289083011068,290.7386521691285,-9.620817775407945,123.8779576664451,191.07218547541083,12.36790299773972,282.75836393911925,86.04045337249622,108.92781452458917,302.6320970022602,17.24163606088075,228.95954662750376,True
./data/train/PICAI/11358/,7,0,0.5625,0.5625,3.599999904632611,86.77109169889323,2.261347830871415,295.5989653761419,169.32995402437268,198.2289083011068,290.7386521691285,-9.620817775407945,123.8779576664451,191.07218547541083,12.36790299773972,282.75836393911925,86.04045337249622,108.92781452458917,302.6320970022602,17.24163606088075,228.95954662750376,True
./data/train/PICAI/11358/,9,0,0.5625,0.5625,3.599999904632611,86.77109169889323,2.261347830871415,295.5989653761419,169.32995402437268,198.2289083011068,290.7386521691285,-9.620817775407945,123.8779576664451,191.07218547541083,12.36790299773972,282.75836393911925,86.04045337249622,108.92781452458917,302.6320970022602,17.24163606088075,228.95954662750376,True
