path,curFrame,Deleted,pixelSpacingX,pixelSpacingY,pixelSpacingZ,tra_UL_x,tra_UL_y,tra_LL_x,tra_LL_y,tra_LR_x,tra_LR_y,tra_UR_x,tra_UR_y,cor_UL_x,cor_UL_y,cor_LL_x,cor_LL_y,cor_LR_x,cor_LR_y,cor_UR_x,cor_UR_y,Dirty
./data/train/PICAI/10384/,9,0,0.5625,0.5625,3.6,71.47768837302058,13.213950917950427,288.53749490707776,159.6893426648158,191.52231162697944,304.78604908204966,-24.541300208986,158.3978130779319,143.0618726830882,13.447704149067556,266.3247762373836,96.235042364246,111.65584120540876,326.63148447235415,-11.607062348886616,243.8441462571755,True
./data/train/PICAI/10384/,10,0,0.5625,0.5625,3.6,71.47768837302058,13.213950917950427,288.53749490707776,159.6893426648158,191.52231162697944,304.78604908204966,-24.541300208986,158.3978130779319,143.0618726830882,13.447704149067556,266.3247762373836,96.235042364246,111.65584120540876,326.63148447235415,-11.607062348886616,243.8441462571755,True
./data/train/PICAI/10384/,11,0,0.5625,0.5625,3.6,71.47768837302058,13.213950917950427,288.53749490707776,159.6893426648158,191.52231162697944,304.78604908204966,-24.541300208986,158.3978130779319,143.0618726830882,13.447704149067556,266.3247762373836,96.235042364246,111.65584120540876,326.63148447235415,-11.607062348886616,243.8441462571755,True
