path,curFrame,Deleted,pixelSpacingX,pixelSpacingY,pixelSpacingZ,tra_UL_x,tra_UL_y,tra_LL_x,tra_LL_y,tra_LR_x,tra_LR_y,tra_UR_x,tra_UR_y,cor_UL_x,cor_UL_y,cor_LL_x,cor_LL_y,cor_LR_x,cor_LR_y,cor_UR_x,cor_UR_y,Dirty
./data/train/PICAI/10200/,9,0,0.5625,0.5625,3.600000010596389,4.502492652620191,76.8313951070463,272.7808787986354,120.52015254977482,251.4975073473798,251.16860489295368,-15.781031103478997,207.49729985666244,105.34433389423133,38.36594360764545,217.0305848423133,57.31802394627985,175.6556661057687,307.6340563923545,64.95181044640579,289.69927615531384,True
./data/train/PICAI/10200/,10,0,0.5625,0.5625,3.600000010596389,4.502492652620191,76.8313951070463,272.7808787986354,120.52015254977482,251.4975073473798,251.16860489295368,-15.781031103478997,207.49729985666244,105.34433389423133,38.36594360764545,217.0305848423133,57.31802394627985,175.6556661057687,307.6340563923545,64.95181044640579,289.69927615531384,True
./data/train/PICAI/10200/,11,0,0.5625,0.5625,3.600000010596389,4.502492652620191,76.8313951070463,272.7808787986354,120.52015254977482,251.4975073473798,251.16860489295368,-15.781031103478997,207.49729985666244,105.34433389423133,38.36594360764545,217.0305848423133,57.31802394627985,175.6556661057687,307.6340563923545,64.95181044640579,289.69927615531384,True
