path,curFrame,Deleted,pixelSpacingX,pixelSpacingY,pixelSpacingZ,tra_UL_x,tra_UL_y,tra_LL_x,tra_LL_y,tra_LR_x,tra_LR_y,tra_UR_x,tra_UR_y,cor_UL_x,cor_UL_y,cor_LL_x,cor_LL_y,cor_LR_x,cor_LR_y,cor_UR_x,cor_UR_y,Dirty,h_par_cor,h_orth_cor,h_par_tra,h_orth_tra
./data/train/PICAI/11263/,-1,0,-1.0,-1.0,-1.0,-1.0,-1.0,-1.0,-1.0,-1.0,-1.0,-1.0,-1.0,-1.0,-1.0,-1.0,-1.0,-1.0,-1.0,-1.0,-1.0,False,80.0,60.0,30.0,160.0
./data/train/PICAI/11263/,10,0,0.625,0.625,3.600000042944368,18.048441027581447,80.79531076739734,274.8341045666034,135.8418638004835,246.95155897241847,262.20468923260273,-7.769219992339515,206.30008509674497,121.64067716898124,40.92712677023172,226.33611939036072,63.284773741006376,171.35932283101874,319.07287322976833,66.66388060963925,296.71522625899365,True,,,,
./data/train/PICAI/11263/,11,0,0.625,0.625,3.600000042944368,21.283709827704413,76.85626380836514,275.99184948255254,140.83097438658123,243.7162901722956,266.1437361916349,-8.898277228548267,201.38356064458583,126.5093940774631,40.144268351812485,230.3607880374853,66.14211388870785,166.49060592253687,319.85573164818754,62.63921196251471,293.85788611129215,True,,,,
./data/train/PICAI/11263/,12,0,0.625,0.625,3.600000042944368,29.9556665131214,67.52327342269403,278.118801380582,153.45381800815932,235.04433348687857,275.47672657730595,-10.964738018310127,188.94617279914613,138.77469453764226,38.93416552717926,239.96504105244645,73.88432678880793,154.2253054623577,321.0658344728208,53.03495894755352,286.1156732111921,True,,,,
