path,curFrame,Deleted,pixelSpacingX,pixelSpacingY,pixelSpacingZ,tra_UL_x,tra_UL_y,tra_LL_x,tra_LL_y,tra_LR_x,tra_LR_y,tra_UR_x,tra_UR_y,cor_UL_x,cor_UL_y,cor_LL_x,cor_LL_y,cor_LR_x,cor_LR_y,cor_UR_x,cor_UR_y,Dirty
./data/train/PICAI/10891/,10,0,0.5625,0.5625,3.6,8.28418688641294,73.41117092628495,271.99646180999764,89.2173739690046,263.71581311358705,224.58882907371503,1.0378285137239232,209.747117361312,116.0649833495956,11.273085451173417,210.3218165597131,16.98705020431018,193.9350166504044,292.7269145488266,99.67818344028689,287.0129497956898,True
./data/train/PICAI/10891/,9,0,0.5625,0.5625,3.6,8.28418688641294,73.41117092628495,271.99646180999764,89.2173739690046,263.71581311358705,224.58882907371503,1.0378285137239232,209.747117361312,116.0649833495956,11.273085451173417,210.3218165597131,16.98705020431018,193.9350166504044,292.7269145488266,99.67818344028689,287.0129497956898,True
./data/train/PICAI/10891/,11,0,0.5625,0.5625,3.6,8.28418688641294,73.41117092628495,271.99646180999764,89.2173739690046,263.71581311358705,224.58882907371503,1.0378285137239232,209.747117361312,116.0649833495956,11.273085451173417,210.3218165597131,16.98705020431018,193.9350166504044,292.7269145488266,99.67818344028689,287.0129497956898,True
