path,curFrame,Deleted,pixelSpacingX,pixelSpacingY,pixelSpacingZ,tra_UL_x,tra_UL_y,tra_LL_x,tra_LL_y,tra_LR_x,tra_LR_y,tra_UR_x,tra_UR_y,cor_UL_x,cor_UL_y,cor_LL_x,cor_LL_y,cor_LR_x,cor_LR_y,cor_UR_x,cor_UR_y,Dirty
./data/train/PICAI/10269/,9,0,0.5625,0.5625,3.6,45.67288996458804,29.18685435715633,300.8619181644193,155.55362169107892,239.327110035412,281.81314564284366,-15.861918164419336,155.44637830892108,151.70822243389298,12.4505834641953,270.9244314674362,71.6305666218598,154.70893702508053,306.77086272509854,35.492727991537365,247.5908795674341,True
./data/train/PICAI/10269/,8,0,0.5625,0.5625,3.6,45.67288996458804,29.18685435715633,300.8619181644193,155.55362169107892,239.327110035412,281.81314564284366,-15.861918164419336,155.44637830892108,151.70822243389298,12.4505834641953,270.9244314674362,71.6305666218598,154.70893702508053,306.77086272509854,35.492727991537365,247.5908795674341,True
./data/train/PICAI/10269/,10,0,0.5625,0.5625,3.6,45.67288996458804,29.18685435715633,300.8619181644193,155.55362169107892,239.327110035412,281.81314564284366,-15.861918164419336,155.44637830892108,151.70822243389298,12.4505834641953,270.9244314674362,71.6305666218598,154.70893702508053,306.77086272509854,35.492727991537365,247.5908795674341,True
