path,curFrame,Deleted,pixelSpacingX,pixelSpacingY,pixelSpacingZ,tra_UL_x,tra_UL_y,tra_LL_x,tra_LL_y,tra_LR_x,tra_LR_y,tra_UR_x,tra_UR_y,cor_UL_x,cor_UL_y,cor_LL_x,cor_LL_y,cor_LR_x,cor_LR_y,cor_UR_x,cor_UR_y,Dirty
./data/train/PICAI/11035/,9,0,0.5625,0.5625,3.600000157736452,53.4317908441196,26.54703763970683,275.2589584669299,156.5074458586784,204.5682091558804,277.4529623602932,-16.280810866196163,147.70046583213934,160.9717481788677,21.83786449607041,256.40033707729583,77.90375805761833,123.02825182113229,306.16213550392945,27.5996629227042,250.0962419423817,True
./data/train/PICAI/11035/,10,0,0.5625,0.5625,3.600000157736452,64.65329680902924,20.438220639681475,274.3095491814684,169.23760182503514,193.3467031909708,283.5617793603185,-15.35324442550538,135.05476987968757,165.28980145975794,24.03233114533577,255.468791170581,88.2020265999294,102.71019854024205,303.9676688546641,12.531208829419027,239.7979734000707,True
./data/train/PICAI/11035/,11,0,0.5625,0.5625,3.600000157736452,64.65329680902924,20.438220639681475,274.3095491814684,169.23760182503514,193.3467031909708,283.5617793603185,-15.35324442550538,135.05476987968757,165.28980145975794,24.03233114533577,255.468791170581,88.2020265999294,102.71019854024205,303.9676688546641,12.531208829419027,239.7979734000707,True
