path,curFrame,Deleted,pixelSpacingX,pixelSpacingY,pixelSpacingZ,tra_UL_x,tra_UL_y,tra_LL_x,tra_LL_y,tra_LR_x,tra_LR_y,tra_UR_x,tra_UR_y,cor_UL_x,cor_UL_y,cor_LL_x,cor_LL_y,cor_LR_x,cor_LR_y,cor_UR_x,cor_UR_y,Dirty
./data/train/PICAI/10727/,7,0,0.5625,0.5625,3.599999997350883,91.93363979867942,20.28345587730155,300.8638024359544,177.0290687038233,197.06636020132052,312.71654412269845,-9.900548069059056,156.3525492869298,166.90380757795214,30.38076141306734,282.7588897856799,117.72306911371984,122.30515942730892,330.00731349865595,6.450077219581288,242.66500579800345,True
./data/train/PICAI/10727/,8,0,0.5625,0.5625,3.599999997350883,91.93363979867942,20.28345587730155,300.8638024359544,177.0290687038233,197.06636020132052,312.71654412269845,-9.900548069059056,156.3525492869298,166.90380757795214,30.38076141306734,282.7588897856799,117.72306911371984,122.30515942730892,330.00731349865595,6.450077219581288,242.66500579800345,True
./data/train/PICAI/10727/,9,0,0.5625,0.5625,3.599999997350883,91.93363979867942,20.28345587730155,300.8638024359544,177.0290687038233,197.06636020132052,312.71654412269845,-9.900548069059056,156.3525492869298,166.90380757795214,30.38076141306734,282.7588897856799,117.72306911371984,122.30515942730892,330.00731349865595,6.450077219581288,242.66500579800345,True
