path,curFrame,Deleted,pixelSpacingX,pixelSpacingY,pixelSpacingZ,tra_UL_x,tra_UL_y,tra_LL_x,tra_LL_y,tra_LR_x,tra_LR_y,tra_UR_x,tra_UR_y,cor_UL_x,cor_UL_y,cor_LL_x,cor_LL_y,cor_LR_x,cor_LR_y,cor_UR_x,cor_UR_y,Dirty,h_par_cor,h_orth_cor,h_par_tra,h_orth_tra
./data/train/PICAI/11417/,8,0,0.5625,0.5625,3.6000000635782783,82.45122228140264,22.408020399180515,293.91047860709136,192.67247034157683,209.5487777185973,297.5919796008195,-0.9541738511283028,127.61990136314589,184.85575570841053,24.55428660554452,271.36790567897094,93.87706718647094,97.14424429158946,311.44571339445554,10.924466025751713,241.166628057566,True,,,,
./data/train/PICAI/11417/,9,0,0.5625,0.5625,3.6000000635782783,82.45122228140264,22.408020399180515,293.91047860709136,192.67247034157683,209.5487777185973,297.5919796008195,-0.9541738511283028,127.61990136314589,184.85575570841053,24.55428660554452,271.36790567897094,93.87706718647094,97.14424429158946,311.44571339445554,10.924466025751713,241.166628057566,True,,,,
./data/train/PICAI/11417/,-1,0,-1.0,-1.0,-1.0,-1.0,-1.0,-1.0,-1.0,-1.0,-1.0,-1.0,-1.0,-1.0,-1.0,-1.0,-1.0,-1.0,-1.0,-1.0,-1.0,False,80.0,60.0,30.0,160.0
./data/train/PICAI/11417/,10,0,0.5625,0.5625,3.6000000635782783,82.45122228140264,22.408020399180515,293.91047860709136,192.67247034157683,209.5487777185973,297.5919796008195,-0.9541738511283028,127.61990136314589,184.85575570841053,24.55428660554452,271.36790567897094,93.87706718647094,97.14424429158946,311.44571339445554,10.924466025751713,241.166628057566,True,,,,
