path,curFrame,Deleted,pixelSpacingX,pixelSpacingY,pixelSpacingZ,tra_UL_x,tra_UL_y,tra_LL_x,tra_LL_y,tra_LR_x,tra_LR_y,tra_UR_x,tra_UR_y,cor_UL_x,cor_UL_y,cor_LL_x,cor_LL_y,cor_LR_x,cor_LR_y,cor_UR_x,cor_UR_y,Dirty
./data/train/PICAI/10945/,8,0,0.5625,0.5625,3.59999999694794,75.40802980737249,-0.0865682273428944,300.82376379593666,158.14663584309545,205.5919701926275,292.0865682273428,-18.12509423898419,135.30750367437992,171.82724897278996,12.066126376327816,276.1640332020488,85.4884353613841,118.17275102721004,309.9338736236722,13.835966797951215,236.511564638616,True
./data/train/PICAI/10945/,9,0,0.5625,0.5625,3.59999999694794,65.37610671433072,4.809877620269106,301.2805296494422,146.93342682887885,215.62389328566928,287.19012237973084,-18.484562321084667,146.39867727946725,161.3727972975845,10.55754751848724,270.5771037333584,76.52283729941354,128.6272027024155,311.4424524815128,19.42289626664161,245.4771627005865,True
./data/train/PICAI/10945/,10,0,0.5625,0.5625,3.59999999694794,65.37610671433072,4.809877620269106,301.2805296494422,146.93342682887885,215.62389328566928,287.19012237973084,-18.484562321084667,146.39867727946725,161.3727972975845,10.55754751848724,270.5771037333584,76.52283729941354,128.6272027024155,311.4424524815128,19.42289626664161,245.4771627005865,True
