path,curFrame,Deleted,pixelSpacingX,pixelSpacingY,pixelSpacingZ,tra_UL_x,tra_UL_y,tra_LL_x,tra_LL_y,tra_LR_x,tra_LR_y,tra_UR_x,tra_UR_y,cor_UL_x,cor_UL_y,cor_LL_x,cor_LL_y,cor_LR_x,cor_LR_y,cor_UR_x,cor_UR_y,Dirty
./data/train/PICAI/10962/,7,0,0.5625,0.5625,3.600000169542111,38.71890249462759,51.59676468890344,288.3004469494188,145.9527537280796,242.28109750537243,267.40323531109664,-6.128010770594614,172.25642808384924,137.9987317329333,31.99284737349928,251.7870048437456,75.50409767108555,164.0012682670667,307.0071526265008,49.2313679728068,263.30509333353785,True
./data/train/PICAI/10962/,8,0,0.5625,0.5625,3.600000169542111,38.71890249462759,51.59676468890344,288.3004469494188,145.9527537280796,242.28109750537243,267.40323531109664,-6.128010770594614,172.25642808384924,137.9987317329333,31.99284737349928,251.7870048437456,75.50409767108555,164.0012682670667,307.0071526265008,49.2313679728068,263.30509333353785,True
./data/train/PICAI/10962/,9,0,0.5625,0.5625,3.600000169542111,38.71890249462759,51.59676468890344,288.3004469494188,145.9527537280796,242.28109750537243,267.40323531109664,-6.128010770594614,172.25642808384924,137.9987317329333,31.99284737349928,251.7870048437456,75.50409767108555,164.0012682670667,307.0071526265008,49.2313679728068,263.30509333353785,True
