path,curFrame,Deleted,pixelSpacingX,pixelSpacingY,pixelSpacingZ,tra_UL_x,tra_UL_y,tra_LL_x,tra_LL_y,tra_LR_x,tra_LR_y,tra_UR_x,tra_UR_y,cor_UL_x,cor_UL_y,cor_LL_x,cor_LL_y,cor_LR_x,cor_LR_y,cor_UR_x,cor_UR_y,Dirty,h_par_cor,h_orth_cor,h_par_tra,h_orth_tra
./data/train/PICAI/10578/,8,0,0.5625,0.5625,3.599999957614445,60.27675090981265,24.98510447251809,293.7344311558423,159.21442889211937,228.72324909018727,273.01489552748194,-3.735040328823232,138.82047060458314,172.99954935507623,14.576009276594789,268.16058524410096,68.93019263471125,135.00045064492377,300.42399072340515,39.83941475589903,246.0698073652888,True,,,,
./data/train/PICAI/10578/,9,0,0.5625,0.5625,3.599999957614445,60.27675090981265,24.98510447251809,293.7344311558423,159.21442889211937,228.72324909018727,273.01489552748194,-3.735040328823232,138.82047060458314,172.99954935507623,14.576009276594789,268.16058524410096,68.93019263471125,135.00045064492377,300.42399072340515,39.83941475589903,246.0698073652888,True,,,,
./data/train/PICAI/10578/,-1,0,-1.0,-1.0,-1.0,-1.0,-1.0,-1.0,-1.0,-1.0,-1.0,-1.0,-1.0,-1.0,-1.0,-1.0,-1.0,-1.0,-1.0,-1.0,-1.0,False,80.0,60.0,30.0,160.0
./data/train/PICAI/10578/,10,0,0.5625,0.5625,3.599999957614445,60.27675090981265,24.98510447251809,293.7344311558423,159.21442889211937,228.72324909018727,273.01489552748194,-3.735040328823232,138.82047060458314,172.99954935507623,14.576009276594789,268.16058524410096,68.93019263471125,135.00045064492377,300.42399072340515,39.83941475589903,246.0698073652888,True,,,,
