path,curFrame,Deleted,pixelSpacingX,pixelSpacingY,pixelSpacingZ,tra_UL_x,tra_UL_y,tra_LL_x,tra_LL_y,tra_LR_x,tra_LR_y,tra_UR_x,tra_UR_y,cor_UL_x,cor_UL_y,cor_LL_x,cor_LL_y,cor_LR_x,cor_LR_y,cor_UR_x,cor_UR_y,Dirty,h_par_cor,h_orth_cor,h_par_tra,h_orth_tra
./data/train/PICAI/10045/,10,0,0.5625,0.5625,3.6,-28.0,65.0,243.0,80.0,235.0,220.0,-35.0,206.0,53.0,23.0,186.0,31.0,172.0,289.0,39.0,282.0,True,,,,
./data/train/PICAI/10045/,9,0,0.5625,0.5625,3.6,-28.0,65.0,243.0,80.0,235.0,220.0,-35.0,206.0,55.0,23.0,188.0,31.0,174.0,289.0,41.0,282.0,True,,,,
./data/train/PICAI/10045/,11,0,0.5625,0.5625,3.6,-22.273545893997166,56.01580980751115,247.0199646202533,89.88327494606646,229.2735458939972,228.98419019248885,-39.09215704373764,196.18404557793752,62.42255001750912,19.17347112766788,194.5405169121128,36.43159453771517,162.5774499824909,292.8265288723321,30.38972661414313,276.56596951254465,True,,,,
