path,curFrame,Deleted,pixelSpacingX,pixelSpacingY,pixelSpacingZ,tra_UL_x,tra_UL_y,tra_LL_x,tra_LL_y,tra_LR_x,tra_LR_y,tra_UR_x,tra_UR_y,cor_UL_x,cor_UL_y,cor_LL_x,cor_LL_y,cor_LR_x,cor_LR_y,cor_UR_x,cor_UR_y,Dirty
./data/train/PICAI/10833/,9,0,0.5625,0.5625,3.6000001306609093,102.17630277868454,17.40602193684768,290.6569359394915,212.864587682382,192.82369722131543,307.59397806315224,5.321211661242273,112.34332400843574,210.87319426905805,34.28990676661047,292.0313399462651,119.0150824243643,103.12680573094192,300.7100932333896,21.76074836291704,216.96306517636955,True
./data/train/PICAI/10833/,8,0,0.5625,0.5625,3.6000001306609093,102.17630277868454,17.40602193684768,290.6569359394915,212.864587682382,192.82369722131543,307.59397806315224,5.321211661242273,112.34332400843574,210.87319426905805,34.28990676661047,292.0313399462651,119.0150824243643,103.12680573094192,300.7100932333896,21.76074836291704,216.96306517636955,True
./data/train/PICAI/10833/,10,0,0.5625,0.5625,3.6000001306609093,102.17630277868454,17.40602193684768,290.6569359394915,212.864587682382,192.82369722131543,307.59397806315224,5.321211661242273,112.34332400843574,210.87319426905805,34.28990676661047,292.0313399462651,119.0150824243643,103.12680573094192,300.7100932333896,21.76074836291704,216.96306517636955,True
