path,curFrame,Deleted,pixelSpacingX,pixelSpacingY,pixelSpacingZ,tra_UL_x,tra_UL_y,tra_LL_x,tra_LL_y,tra_LR_x,tra_LR_y,tra_UR_x,tra_UR_y,cor_UL_x,cor_UL_y,cor_LL_x,cor_LL_y,cor_LR_x,cor_LR_y,cor_UR_x,cor_UR_y,Dirty
./data/train/PICAI/11205/,9,0,0.5625,0.5625,3.599999957614445,11.979260899363652,25.437348014346924,273.8922142215748,129.6611691016461,221.02073910063643,263.562651985653,-39.98317526623072,160.42218133919334,118.8160656869562,3.463836252661224,239.11944576866927,51.13035218276548,141.1839343130438,298.5361637473387,20.88055423133069,250.8696478172345,True
./data/train/PICAI/11205/,8,0,0.5625,0.5625,3.599999957614445,9.9172501202318,27.279620252846826,273.6092693171104,126.91655623480648,223.08274987976827,261.7203797471531,-39.68146174059467,163.1507642891975,114.2429079604065,3.68149329220654,235.3598606640921,49.2411658960916,141.7570920395935,298.3185067077934,20.640139335907904,252.7588341039084,True
./data/train/PICAI/11205/,10,0,0.5625,0.5625,3.599999957614445,1.999999999999972,34.99999999999994,272.0000000000001,116.0,231.0000000000001,254.0,-38.000000000000085,174.00000000000003,104.0,4.999999999999915,228.0,41.99999999999994,152.0,297.00000000000006,28.0,260.00000000000006,True
