path,curFrame,Deleted,pixelSpacingX,pixelSpacingY,pixelSpacingZ,tra_UL_x,tra_UL_y,tra_LL_x,tra_LL_y,tra_LR_x,tra_LR_y,tra_UR_x,tra_UR_y,cor_UL_x,cor_UL_y,cor_LL_x,cor_LL_y,cor_LR_x,cor_LR_y,cor_UR_x,cor_UR_y,Dirty
./data/train/PICAI/11285/,8,0,0.5625,0.5625,3.6000000635782783,81.39719070398824,26.99893881849414,290.13618270047874,190.7335815190819,207.60280929601177,296.0010611815059,-0.1513749474664507,132.44006665858504,192.6265940720359,32.51674171775781,279.93440045088505,101.72907403876398,116.3734059279641,309.4832582822421,28.8919513714481,241.2557337142483,True
./data/train/PICAI/11285/,7,0,0.5625,0.5625,3.6000000635782783,81.39719070398824,26.99893881849414,290.13618270047874,190.7335815190819,207.60280929601177,296.0010611815059,-0.1513749474664507,132.44006665858504,192.6265940720359,32.51674171775781,279.93440045088505,101.72907403876398,116.3734059279641,309.4832582822421,28.8919513714481,241.2557337142483,True
./data/train/PICAI/11285/,9,0,0.5625,0.5625,3.6000000635782783,81.39719070398824,26.99893881849414,290.13618270047874,190.7335815190819,207.60280929601177,296.0010611815059,-0.1513749474664507,132.44006665858504,192.6265940720359,32.51674171775781,279.93440045088505,101.72907403876398,116.3734059279641,309.4832582822421,28.8919513714481,241.2557337142483,True
