path,curFrame,Deleted,pixelSpacingX,pixelSpacingY,pixelSpacingZ,tra_UL_x,tra_UL_y,tra_LL_x,tra_LL_y,tra_LR_x,tra_LR_y,tra_UR_x,tra_UR_y,cor_UL_x,cor_UL_y,cor_LL_x,cor_LL_y,cor_LR_x,cor_LR_y,cor_UR_x,cor_UR_y,Dirty
./data/train/PICAI/11401/,9,0,0.5625,0.5625,3.599999957614445,-0.4020384280168798,89.34230910413142,280.0090787831422,110.4516753757582,269.4020384280168,247.6576908958686,-10.00923108798574,226.53087221780444,107.55486676594585,36.81548332342342,224.72902357005376,45.77187641698157,203.44513323405417,316.1845166765765,86.27097642994623,307.22812358301843,True
./data/train/PICAI/11401/,8,0,0.5625,0.5625,3.599999957614445,-4.359953319832812,96.511019148665,276.7716490702654,102.91587180706534,273.35995331983275,240.48898085133504,-6.774085020005572,234.01437171919048,100.31005115212837,39.5161704938524,217.7923662437132,42.32786761864776,210.68994884787165,313.4838295061476,93.20763375628678,310.6721323813523,True
./data/train/PICAI/11401/,10,0,0.5625,0.5625,3.599999957614445,0.9999999999999432,86.99999999999996,281.0000000000001,112.99999999999996,268.0,250.00000000000009,-11.000000000000028,224.0,109.99999999999996,36.0,227.0,47.0,201.00000000000003,317.0,83.99999999999999,306.0,True
