path,curFrame,Deleted,pixelSpacingX,pixelSpacingY,pixelSpacingZ,tra_UL_x,tra_UL_y,tra_LL_x,tra_LL_y,tra_LR_x,tra_LR_y,tra_UR_x,tra_UR_y,cor_UL_x,cor_UL_y,cor_LL_x,cor_LL_y,cor_LR_x,cor_LR_y,cor_UR_x,cor_UR_y,Dirty
./data/train/PICAI/10617/,9,0,0.5625,0.5625,3.6000000635782783,18.82409711298095,61.05264545966045,278.6911012926527,110.01324327752278,254.17590288701905,238.94735454033955,-3.657420141912013,190.9163485560913,127.1088041729167,18.78357873786706,225.8168941482431,37.35002625544208,176.89119582708332,298.21642126213294,78.14820635505438,278.6505829175388,True
./data/train/PICAI/10617/,8,0,0.5625,0.5625,3.6000000635782783,18.82409711298095,61.05264545966045,278.6911012926527,110.01324327752278,254.17590288701905,238.94735454033955,-3.657420141912013,190.9163485560913,127.1088041729167,18.78357873786706,225.8168941482431,37.35002625544208,176.89119582708332,298.21642126213294,78.14820635505438,278.6505829175388,True
./data/train/PICAI/10617/,10,0,0.5625,0.5625,3.6000000635782783,18.82409711298095,61.05264545966045,278.6911012926527,110.01324327752278,254.17590288701905,238.94735454033955,-3.657420141912013,190.9163485560913,127.1088041729167,18.78357873786706,225.8168941482431,37.35002625544208,176.89119582708332,298.21642126213294,78.14820635505438,278.6505829175388,True
