path,curFrame,Deleted,pixelSpacingX,pixelSpacingY,pixelSpacingZ,tra_UL_x,tra_UL_y,tra_LL_x,tra_LL_y,tra_LR_x,tra_LR_y,tra_UR_x,tra_UR_y,cor_UL_x,cor_UL_y,cor_LL_x,cor_LL_y,cor_LR_x,cor_LR_y,cor_UR_x,cor_UR_y,Dirty
./data/train/PICAI/10436/,7,0,0.5625,0.5625,3.599999957614444,0.1810695997067739,54.41157870513999,247.06370591266136,157.4114033999686,193.8189304002932,284.58842129486004,-52.082078729213706,181.77940559540792,110.00014358770044,32.59278762098447,208.87319995142124,74.22353017137033,107.99985641229956,315.4072123790155,10.108427232026443,273.96727882400626,True
./data/train/PICAI/10436/,8,0,0.5625,0.5625,3.599999957614444,0.1810695997067739,54.41157870513999,247.06370591266136,157.4114033999686,193.8189304002932,284.58842129486004,-52.082078729213706,181.77940559540792,110.00014358770044,32.59278762098447,208.87319995142124,74.22353017137033,107.99985641229956,315.4072123790155,10.108427232026443,273.96727882400626,True
./data/train/PICAI/10436/,9,0,0.5625,0.5625,3.599999957614444,0.1810695997067739,54.41157870513999,247.06370591266136,157.4114033999686,193.8189304002932,284.58842129486004,-52.082078729213706,181.77940559540792,110.00014358770044,32.59278762098447,208.87319995142124,74.22353017137033,107.99985641229956,315.4072123790155,10.108427232026443,273.96727882400626,True
