path,curFrame,Deleted,pixelSpacingX,pixelSpacingY,pixelSpacingZ,tra_UL_x,tra_UL_y,tra_LL_x,tra_LL_y,tra_LR_x,tra_LR_y,tra_UR_x,tra_UR_y,cor_UL_x,cor_UL_y,cor_LL_x,cor_LL_y,cor_LR_x,cor_LR_y,cor_UR_x,cor_UR_y,Dirty
./data/train/PICAI/10491/,10,0,0.5625,0.5625,3.600000034679045,43.7051017148988,38.3547557215304,280.4141084988599,151.14148414004012,226.2948982851012,265.6452442784696,-9.41654444860012,152.92827233370403,154.73468201191574,22.23518027813833,247.85008483458213,66.83923566744767,138.26531798808426,300.76481972186167,44.152351115158055,256.0910078588081,True
./data/train/PICAI/10491/,11,0,0.5625,0.5625,3.600000034679045,43.7051017148988,38.3547557215304,280.4141084988599,151.14148414004012,226.2948982851012,265.6452442784696,-9.41654444860012,152.92827233370403,154.73468201191574,22.23518027813833,247.85008483458213,66.83923566744767,138.26531798808426,300.76481972186167,44.152351115158055,256.0910078588081,True
./data/train/PICAI/10491/,12,0,0.5625,0.5625,3.600000034679045,43.7051017148988,38.3547557215304,280.4141084988599,151.14148414004012,226.2948982851012,265.6452442784696,-9.41654444860012,152.92827233370403,154.73468201191574,22.23518027813833,247.85008483458213,66.83923566744767,138.26531798808426,300.76481972186167,44.152351115158055,256.0910078588081,True
