path,curFrame,Deleted,pixelSpacingX,pixelSpacingY,pixelSpacingZ,tra_UL_x,tra_UL_y,tra_LL_x,tra_LL_y,tra_LR_x,tra_LR_y,tra_UR_x,tra_UR_y,cor_UL_x,cor_UL_y,cor_LL_x,cor_LL_y,cor_LR_x,cor_LR_y,cor_UR_x,cor_UR_y,Dirty
./data/train/PICAI/11399/,9,0,0.5625,0.5625,3.6000000635782774,78.12817686734992,11.407002759644657,290.3677275817903,172.04439912964472,209.8718231326501,276.5929972403553,-0.4114323803227648,116.37142425199082,205.68267473527405,17.58821459245803,280.50875316493705,74.38661234131985,113.31732526472597,293.4117854075419,39.46939443579663,236.82129934949785,True
./data/train/PICAI/11399/,8,0,0.5625,0.5625,3.6000000635782774,78.12817686734992,11.407002759644657,290.3677275817903,172.04439912964472,209.8718231326501,276.5929972403553,-0.4114323803227648,116.37142425199082,205.68267473527405,17.58821459245803,280.50875316493705,74.38661234131985,113.31732526472597,293.4117854075419,39.46939443579663,236.82129934949785,True
./data/train/PICAI/11399/,10,0,0.5625,0.5625,3.6000000635782774,78.12817686734992,11.407002759644657,290.3677275817903,172.04439912964472,209.8718231326501,276.5929972403553,-0.4114323803227648,116.37142425199082,205.68267473527405,17.58821459245803,280.50875316493705,74.38661234131985,113.31732526472597,293.4117854075419,39.46939443579663,236.82129934949785,True
