path,curFrame,Deleted,pixelSpacingX,pixelSpacingY,pixelSpacingZ,tra_UL_x,tra_UL_y,tra_LL_x,tra_LL_y,tra_LR_x,tra_LR_y,tra_UR_x,tra_UR_y,cor_UL_x,cor_UL_y,cor_LL_x,cor_LL_y,cor_LR_x,cor_LR_y,cor_UR_x,cor_UR_y,Dirty
./data/train/PICAI/10861/,7,0,0.5625,0.5625,3.6000000635782774,44.954647872342846,54.43837513031068,295.8683602121831,147.25167676234997,245.04535212765728,284.5616248696893,-4.868969385164121,191.7832227343525,143.98536173972448,33.38881721572881,263.51567194093514,77.58728939749518,174.01463826027552,319.61118278427125,54.48432805906491,275.4127106025048,True
./data/train/PICAI/10861/,8,0,0.5625,0.5625,3.6000000635782774,46.97798750661249,52.70986742559879,296.233669009867,149.88808123069074,243.0220124933876,286.2901325744012,-5.235039475112586,189.16425472555213,144.4852830695281,33.14857217261425,263.22601852511383,79.42640426819337,169.5147169304719,319.85142782738586,50.77398147488621,273.57359573180656,True
./data/train/PICAI/10861/,9,0,0.5625,0.5625,3.6000000635782774,41.0,58.0,295.0,142.0,249.0,281.0,-4.0,197.0,137.0,34.0,258.0,74.0,177.0,319.0,56.0,279.0,True
