path,curFrame,Deleted,pixelSpacingX,pixelSpacingY,pixelSpacingZ,tra_UL_x,tra_UL_y,tra_LL_x,tra_LL_y,tra_LR_x,tra_LR_y,tra_UR_x,tra_UR_y,cor_UL_x,cor_UL_y,cor_LL_x,cor_LL_y,cor_LR_x,cor_LR_y,cor_UR_x,cor_UR_y,Dirty
./data/train/PICAI/10046/,10,0,0.5625,0.5625,3.000000052981889,26.0,47.0,271.0,120.0,236.0,239.0,-8.0,166.0,138.0,10.0,231.0,37.0,155.0,293.0,62.0,265.0,True
./data/train/PICAI/10046/,9,0,0.5625,0.5625,3.000000052981889,26.0,47.0,271.0,120.0,236.0,239.0,-8.0,166.0,138.0,10.0,231.0,37.0,155.0,293.0,62.0,265.0,True
./data/train/PICAI/10046/,11,0,0.5625,0.5625,3.000000052981889,29.414314846435047,43.3940334524042,271.7174042068309,124.89994051691092,232.58568515356487,242.6059665475958,-8.71801337981185,161.13495897979158,142.94345675374157,9.789552254826674,234.94451725554995,40.018757777674864,150.05654324625843,293.2104477451733,58.09038224115254,261.981851395306,True
