path,curFrame,Deleted,pixelSpacingX,pixelSpacingY,pixelSpacingZ,tra_UL_x,tra_UL_y,tra_LL_x,tra_LL_y,tra_LR_x,tra_LR_y,tra_UR_x,tra_UR_y,cor_UL_x,cor_UL_y,cor_LL_x,cor_LL_y,cor_LR_x,cor_LR_y,cor_UR_x,cor_UR_y,Dirty
./data/train/PICAI/10954/,8,0,0.5625,0.5625,3.600000169542111,10.015795341986331,50.47244399237367,269.58590659123934,130.99795141735294,224.98420465801365,273.5275560076263,-33.639613012727736,191.9510830916496,108.37128457573904,26.671111532018728,221.36493713945748,61.80563131398944,141.62871542426095,317.3288884679813,27.636433325787948,282.24670464225346,True
./data/train/PICAI/10954/,9,0,0.5625,0.5625,3.600000169542111,10.015795341986331,50.47244399237367,269.58590659123934,130.99795141735294,224.98420465801365,273.5275560076263,-33.639613012727736,191.9510830916496,108.37128457573904,26.671111532018728,221.36493713945748,61.80563131398944,141.62871542426095,317.3288884679813,27.636433325787948,282.24670464225346,True
./data/train/PICAI/10954/,10,0,0.5625,0.5625,3.600000169542111,10.015795341986331,50.47244399237367,269.58590659123934,130.99795141735294,224.98420465801365,273.5275560076263,-33.639613012727736,191.9510830916496,108.37128457573904,26.671111532018728,221.36493713945748,61.80563131398944,141.62871542426095,317.3288884679813,27.636433325787948,282.24670464225346,True
