path,curFrame,Deleted,pixelSpacingX,pixelSpacingY,pixelSpacingZ,tra_UL_x,tra_UL_y,tra_LL_x,tra_LL_y,tra_LR_x,tra_LR_y,tra_UR_x,tra_UR_y,cor_UL_x,cor_UL_y,cor_LL_x,cor_LL_y,cor_LR_x,cor_LR_y,cor_UR_x,cor_UR_y,Dirty,h_par_cor,h_orth_cor,h_par_tra,h_orth_tra
./data/train/PICAI/10031/,9,0,0.5625,0.5625,3.599999904632545,22.0,47.0,273.0,103.0,242.0,243.0,-9.0,187.0,118.0,13.0,227.0,37.0,168.0,302.0,59.0,278.0,True,,,,
./data/train/PICAI/10031/,8,0,0.5625,0.5625,3.599999904632545,22.0,47.0,273.0,103.0,242.0,243.0,-9.0,187.0,118.0,13.0,227.0,37.0,168.0,302.0,59.0,278.0,True,,,,
./data/train/PICAI/10031/,10,0,0.5625,0.5625,3.599999904632545,15.431820044495012,54.91193518639099,269.72675918938205,93.26664709116572,248.5681799555049,235.08806481360892,-5.726759189381994,196.73335290883423,107.98108828747829,15.095906581058555,218.38972513565813,31.43398814918461,178.01891171252169,299.90409341894144,67.61027486434183,283.56601185081536,True,,,,
