path,curFrame,Deleted,pixelSpacingX,pixelSpacingY,pixelSpacingZ,tra_UL_x,tra_UL_y,tra_LL_x,tra_LL_y,tra_LR_x,tra_LR_y,tra_UR_x,tra_UR_y,cor_UL_x,cor_UL_y,cor_LL_x,cor_LL_y,cor_LR_x,cor_LR_y,cor_UR_x,cor_UR_y,Dirty
./data/train/PICAI/10336/,9,0,0.5625,0.5625,4.00040434737905,11.232541755405547,69.93811487603683,266.97363546664644,115.61626049709189,242.7674582445944,246.0618851239632,-11.028712353380229,199.28043805566764,119.40430488008762,19.93210608061068,212.37727715861024,36.08841833610592,162.59569511991236,309.06789391938935,70.56901641990136,291.8606161728966,True
./data/train/PICAI/10336/,10,0,0.5625,0.5625,4.00040434737905,11.232541755405547,69.93811487603683,266.97363546664644,115.61626049709189,242.7674582445944,246.0618851239632,-11.028712353380229,199.28043805566764,119.40430488008762,19.93210608061068,212.37727715861024,36.08841833610592,162.59569511991236,309.06789391938935,70.56901641990136,291.8606161728966,True
./data/train/PICAI/10336/,11,0,0.5625,0.5625,4.00040434737905,11.232541755405547,69.93811487603683,266.97363546664644,115.61626049709189,242.7674582445944,246.0618851239632,-11.028712353380229,199.28043805566764,119.40430488008762,19.93210608061068,212.37727715861024,36.08841833610592,162.59569511991236,309.06789391938935,70.56901641990136,291.8606161728966,True
