path,curFrame,Deleted,pixelSpacingX,pixelSpacingY,pixelSpacingZ,tra_UL_x,tra_UL_y,tra_LL_x,tra_LL_y,tra_LR_x,tra_LR_y,tra_UR_x,tra_UR_y,cor_UL_x,cor_UL_y,cor_LL_x,cor_LL_y,cor_LR_x,cor_LR_y,cor_UR_x,cor_UR_y,Dirty,cor_mid_x,cor_mid_y,tra_mid_x,tra_mid_y,Alpha,h_par_cor,h_orth_cor,h_par_tra,h_orth_tra,cor_U_mid_x,cor_U_mid_y,tra_U_mid_x,tra_U_mid_y,tra_L_mid_x,tra_L_mid_y
./data/train/PICAI/10323/,10,0,0.5625,0.5625,3.600000169542111,71.71349209098986,24.04212358254312,294.79366412479294,201.10635638271904,219,295,-3,118,199.7457922349592,4.011524758836419,290,76,113,299,22.745792234959097,227.0115247588365,True,198.0,188.0,198.0,188.0,-2.4702017825856872,80.0,60.0,30.0,160.0,114.0,121.0,30.0,55.0,253.0,232.0
./data/train/PICAI/10323/,9,0,0.5625,0.5625,3.600000169542111,71.71349209098986,24.04212358254312,294.79366412479294,201.10635638271904,219,295,-3,118,199.7457922349592,4.011524758836419,290,76,113,299,22.745792234959097,227.0115247588365,True,198.0,188.0,198.0,188.0,-2.4702017825856872,80.0,60.0,30.0,160.0,114.0,121.0,30.0,55.0,253.0,232.0
./data/train/PICAI/10323/,11,0,0.5625,0.5625,3.600000169542111,71.71349209098986,24.04212358254312,294.79366412479294,201.10635638271904,219,295,-3,118,199.7457922349592,4.011524758836419,290,76,113,299,22.745792234959097,227.0115247588365,True,198.0,188.0,198.0,188.0,-2.4702017825856872,80.0,60.0,30.0,160.0,114.0,121.0,30.0,55.0,253.0,232.0
