path,curFrame,Deleted,pixelSpacingX,pixelSpacingY,pixelSpacingZ,tra_UL_x,tra_UL_y,tra_LL_x,tra_LL_y,tra_LR_x,tra_LR_y,tra_UR_x,tra_UR_y,cor_UL_x,cor_UL_y,cor_LL_x,cor_LL_y,cor_LR_x,cor_LR_y,cor_UR_x,cor_UR_y,Dirty
./data/train/PICAI/10438/,9,0,0.5625,0.5625,3.600000169542111,41.68708614948024,30.156395906621,266.51182626671635,152.299083903968,206.3129138505198,262.843604093379,-17.53019908326867,140.89172509140852,152.34647376358893,23.381408303686896,235.15945940795896,69.02140620755819,111.65352623641104,295.6185916963132,28.649731596664537,250.9602209758895,True
./data/train/PICAI/10438/,10,0,0.5625,0.5625,3.600000169542111,41.68708614948024,30.156395906621,266.51182626671635,152.299083903968,206.3129138505198,262.843604093379,-17.53019908326867,140.89172509140852,152.34647376358893,23.381408303686896,235.15945940795896,69.02140620755819,111.65352623641104,295.6185916963132,28.649731596664537,250.9602209758895,True
./data/train/PICAI/10438/,11,0,0.5625,0.5625,3.600000169542111,41.68708614948024,30.156395906621,266.51182626671635,152.299083903968,206.3129138505198,262.843604093379,-17.53019908326867,140.89172509140852,154.34647376358893,23.381408303686896,237.15945940795896,69.02140620755819,113.65352623641104,295.6185916963132,30.649731596664537,250.9602209758895,True
