path,curFrame,Deleted,pixelSpacingX,pixelSpacingY,pixelSpacingZ,tra_UL_x,tra_UL_y,tra_LL_x,tra_LL_y,tra_LR_x,tra_LR_y,tra_UR_x,tra_UR_y,cor_UL_x,cor_UL_y,cor_LL_x,cor_LL_y,cor_LR_x,cor_LR_y,cor_UR_x,cor_UR_y,Dirty
./data/train/PICAI/10918/,10,0,0.5625,0.5625,3.6000000278635365,47.138399824236,18.529778246661763,277.5367030430888,149.18054125198688,212.861600175764,263.4702217533382,-16.549014702493622,132.97589321305335,161.54503045490057,11.53822725673976,251.56272428614045,63.25683896766228,119.45496954509944,296.4617727432603,29.28084124881937,245.7308493729328,True
./data/train/PICAI/10918/,9,0,0.5625,0.5625,3.6000000278635365,36.779730088123245,26.21767872378227,277.6882624943561,136.29074088648906,223.2202699118768,255.7823212762177,-16.690698444096313,145.77901558725506,149.04858614376434,10.24614205196906,243.2313094904348,53.92238986476271,131.95141385623566,297.75385794803105,37.6989340358212,255.07517418549705,True
./data/train/PICAI/10918/,11,0,0.5625,0.5625,3.6000000278635365,47.138399824236,18.529778246661763,277.5367030430888,149.18054125198688,212.861600175764,263.4702217533382,-16.549014702493622,132.97589321305335,161.54503045490057,11.53822725673976,251.56272428614045,63.25683896766228,119.45496954509944,296.4617727432603,29.28084124881937,245.7308493729328,True
