path,curFrame,Deleted,pixelSpacingX,pixelSpacingY,pixelSpacingZ,tra_UL_x,tra_UL_y,tra_LL_x,tra_LL_y,tra_LR_x,tra_LR_y,tra_UR_x,tra_UR_y,cor_UL_x,cor_UL_y,cor_LL_x,cor_LL_y,cor_LR_x,cor_LR_y,cor_UR_x,cor_UR_y,Dirty,h_par_cor,h_orth_cor,h_par_tra,h_orth_tra
./data/train/PICAI/11229/,-1,0,-1.0,-1.0,-1.0,-1.0,-1.0,-1.0,-1.0,-1.0,-1.0,-1.0,-1.0,-1.0,-1.0,-1.0,-1.0,-1.0,-1.0,-1.0,-1.0,False,80.0,60.0,30.0,160.0
./data/train/PICAI/11229/,8,0,0.5625,0.5625,3.6000000635783334,37.69732679007218,37.69254012217056,264.08265715763,166.06575459610903,202.3026732099279,276.3074598778293,-24.35829451344702,148.89550709982933,147.30018477640718,30.48002488023141,237.77231952656965,81.38967852026815,112.69981522359272,303.51997511976856,22.227680473430468,252.6103214797318,True,,,,
./data/train/PICAI/11229/,9,0,0.5625,0.5625,3.6000000635783334,41.91123365743795,34.89289713085162,263.6784956232401,171.08864420171787,198.0887663425621,279.10710286914826,-23.987512617615096,143.86241231457734,152.05412439279462,31.16695690198509,240.69442467360653,85.20302972493855,107.94587560720532,302.83304309801474,19.30557532639355,248.79697027506143,True,,,,
./data/train/PICAI/11229/,10,0,0.5625,0.5625,3.6000000635783334,41.91123365743795,34.89289713085162,263.6784956232401,171.08864420171787,198.0887663425621,279.10710286914826,-23.987512617615096,143.86241231457734,152.05412439279462,31.16695690198509,240.69442467360653,85.20302972493855,107.94587560720532,302.83304309801474,19.30557532639355,248.79697027506143,True,,,,
