path,curFrame,Deleted,pixelSpacingX,pixelSpacingY,pixelSpacingZ,tra_UL_x,tra_UL_y,tra_LL_x,tra_LL_y,tra_LR_x,tra_LR_y,tra_UR_x,tra_UR_y,cor_UL_x,cor_UL_y,cor_LL_x,cor_LL_y,cor_LR_x,cor_LR_y,cor_UR_x,cor_UR_y,Dirty
./data/train/PICAI/11242/,8,0,0.5625,0.5625,3.6000000635782774,92.16045569339435,31.353585068426355,287.1493491047834,200.76530675911096,199.8395443066057,301.64641493157364,4.850650895216489,132.23469324088904,196.6629869634732,35.73798417632528,289.2528541908342,116.41151962231484,120.79743725611264,311.69278473842644,28.20757002875148,231.0192492924372,True
./data/train/PICAI/11242/,9,0,0.5625,0.5625,3.6000000635782774,92.16045569339435,31.353585068426355,287.1493491047834,200.76530675911096,199.8395443066057,301.64641493157364,4.850650895216489,132.23469324088904,196.6629869634732,35.73798417632528,289.2528541908342,116.41151962231484,120.79743725611264,311.69278473842644,28.20757002875148,231.0192492924372,True
./data/train/PICAI/11242/,10,0,0.5625,0.5625,3.6000000635782774,92.16045569339435,31.353585068426355,287.1493491047834,200.76530675911096,199.8395443066057,301.64641493157364,4.850650895216489,132.23469324088904,196.6629869634732,35.73798417632528,289.2528541908342,116.41151962231484,120.79743725611264,311.69278473842644,28.20757002875148,231.0192492924372,True
