path,curFrame,Deleted,pixelSpacingX,pixelSpacingY,pixelSpacingZ,tra_UL_x,tra_UL_y,tra_LL_x,tra_LL_y,tra_LR_x,tra_LR_y,tra_UR_x,tra_UR_y,cor_UL_x,cor_UL_y,cor_LL_x,cor_LL_y,cor_LR_x,cor_LR_y,cor_UR_x,cor_UR_y,Dirty
./data/train/PICAI/10534/,8,0,0.5625,0.5625,3.599999993213434,60.63465382643663,33.14482751445459,271.0506420479083,175.85121104645216,198.36534617356327,282.8551724855454,-10.892186117229045,139.33762937820262,162.26516813240687,32.64785911129161,252.93177543861583,94.32902576353403,107.73483186759312,307.3521408887084,17.24187273905109,244.6861664834537,True
./data/train/PICAI/10534/,7,0,0.5625,0.5625,3.599999993213434,60.63465382643663,33.14482751445459,271.0506420479083,175.85121104645216,198.36534617356327,282.8551724855454,-10.892186117229045,139.33762937820262,162.26516813240687,32.64785911129161,252.93177543861583,94.32902576353403,107.73483186759312,307.3521408887084,17.24187273905109,244.6861664834537,True
./data/train/PICAI/10534/,9,0,0.5625,0.5625,3.599999993213434,60.63465382643663,33.14482751445459,271.0506420479083,175.85121104645216,198.36534617356327,282.8551724855454,-10.892186117229045,139.33762937820262,162.26516813240687,32.64785911129161,252.93177543861583,94.32902576353403,107.73483186759312,307.3521408887084,17.24187273905109,244.6861664834537,True
