path,curFrame,Deleted,pixelSpacingX,pixelSpacingY,pixelSpacingZ,tra_UL_x,tra_UL_y,tra_LL_x,tra_LL_y,tra_LR_x,tra_LR_y,tra_UR_x,tra_UR_y,cor_UL_x,cor_UL_y,cor_LL_x,cor_LL_y,cor_LR_x,cor_LR_y,cor_UR_x,cor_UR_y,Dirty
./data/train/PICAI/10329/,11,0,0.3125,0.3125,3.300000031789125,475.97621781083205,643.353426284385,-22.45513605416147,554.1167438925019,19.02378218916803,323.64657371561503,517.3159629532015,413.8735241762396,237.59324720510736,196.0908519569781,421.79916435306063,229.04809831770143,326.40675279489267,756.9091480430218,142.20083564693937,723.9519016822985,True
./data/train/PICAI/10329/,12,0,0.3125,0.3125,3.300000031789125,475.97621781083205,643.353426284385,-22.45513605416147,554.1167438925019,19.02378218916803,323.64657371561503,517.3159629532015,413.8735241762396,237.59324720510736,196.0908519569781,421.79916435306063,229.04809831770143,326.40675279489267,756.9091480430218,142.20083564693937,723.9519016822985,True
./data/train/PICAI/10329/,13,0,0.3125,0.3125,3.300000031789125,475.97621781083205,643.353426284385,-22.45513605416147,554.1167438925019,19.02378218916803,323.64657371561503,517.3159629532015,413.8735241762396,237.59324720510736,196.0908519569781,421.79916435306063,229.04809831770143,326.40675279489267,756.9091480430218,142.20083564693937,723.9519016822985,True
