path,curFrame,Deleted,pixelSpacingX,pixelSpacingY,pixelSpacingZ,tra_UL_x,tra_UL_y,tra_LL_x,tra_LL_y,tra_LR_x,tra_LR_y,tra_UR_x,tra_UR_y,cor_UL_x,cor_UL_y,cor_LL_x,cor_LL_y,cor_LR_x,cor_LR_y,cor_UR_x,cor_UR_y,Dirty
./data/train/PICAI/11418/,8,0,0.5625,0.5625,3.599999957614445,41.46259548006242,44.28064884879296,288.37886013849345,153.68978122414657,234.5374045199376,273.71935115120704,-10.494344811024549,165.51379759775693,154.43292285025134,28.60342629091824,250.5402015625138,70.88097326946831,147.56707714974866,304.39657370908174,51.4597984374862,262.11902673053163,True
./data/train/PICAI/11418/,7,0,0.5625,0.5625,3.599999957614445,41.46259548006242,44.28064884879296,288.37886013849345,153.68978122414657,234.5374045199376,273.71935115120704,-10.494344811024549,165.51379759775693,154.43292285025134,28.60342629091824,250.5402015625138,70.88097326946831,147.56707714974866,304.39657370908174,51.4597984374862,262.11902673053163,True
./data/train/PICAI/11418/,9,0,0.5625,0.5625,3.599999957614445,41.46259548006242,44.28064884879296,288.37886013849345,153.68978122414657,234.5374045199376,273.71935115120704,-10.494344811024549,165.51379759775693,154.43292285025134,28.60342629091824,250.5402015625138,70.88097326946831,147.56707714974866,304.39657370908174,51.4597984374862,262.11902673053163,True
