path,curFrame,Deleted,pixelSpacingX,pixelSpacingY,pixelSpacingZ,tra_UL_x,tra_UL_y,tra_LL_x,tra_LL_y,tra_LR_x,tra_LR_y,tra_UR_x,tra_UR_y,cor_UL_x,cor_UL_y,cor_LL_x,cor_LL_y,cor_LR_x,cor_LR_y,cor_UR_x,cor_UR_y,Dirty,h_par_cor,h_orth_cor,h_par_tra,h_orth_tra,cor_mid_x,cor_mid_y,tra_mid_x,tra_mid_y,Alpha,cor_U_mid_x,cor_U_mid_y,tra_U_mid_x,tra_U_mid_y,tra_L_mid_x,tra_L_mid_y
./data/train/PICAI/10404/,12,0,0.5625,0.5625,-1.0,68.84059460458616,60.66418779986155,305.8405946045864,218.66418779986157,238,321,1,163,194.07489402718946,46.93813080484681,298,117,139,354,35.074894027189394,283.93813080484694,True,80.0,60.0,30.0,160.0,225.0,228.0,225.0,228.0,-2.5505597562873628,136.0,168.0,47.0,109.0,284.0,267.0
./data/train/PICAI/10404/,11,0,0.5625,0.5625,-1.0,68.84059460458616,60.66418779986155,305.8405946045864,218.66418779986157,238,321,1,163,194.07489402718946,46.93813080484681,298,117,139,354,35.074894027189394,283.93813080484694,True,80.0,60.0,30.0,160.0,225.0,228.0,225.0,228.0,-2.5505597562873628,136.0,168.0,47.0,109.0,284.0,267.0
./data/train/PICAI/10404/,10,0,0.5625,0.5625,-1.0,68.84059460458616,60.66418779986155,305.8405946045864,218.66418779986157,238,321,1,163,194.07489402718946,46.93813080484681,298,117,139,354,35.074894027189394,283.93813080484694,True,80.0,60.0,30.0,160.0,225.0,228.0,225.0,228.0,-2.5505597562873628,136.0,168.0,47.0,109.0,284.0,267.0
