path,curFrame,Deleted,pixelSpacingX,pixelSpacingY,pixelSpacingZ,tra_UL_x,tra_UL_y,tra_LL_x,tra_LL_y,tra_LR_x,tra_LR_y,tra_UR_x,tra_UR_y,cor_UL_x,cor_UL_y,cor_LL_x,cor_LL_y,cor_LR_x,cor_LR_y,cor_UR_x,cor_UR_y,Dirty
./data/train/PICAI/10316/,8,0,0.5625,0.5625,3.5999999576145,92.9797109092708,-33.13520058711667,276.27345333258023,177.89419070342754,155.02028909072925,283.1352005871166,-27.346269478013483,72.48041588998834,166.89853119337718,-6.717567153700173,259.7488748901743,99.8226303089792,57.10146880662285,275.7175671537002,-36.30145215132495,167.87557924303806,True
./data/train/PICAI/10316/,9,0,0.5625,0.5625,3.5999999576145,73.93909837540227,-28.17606251804609,281.5846103933603,158.94245965119327,174.06090162459776,278.17606251804614,-32.61868456707121,91.3163593939092,157.2792336804538,-12.355400772998934,262.4214689063153,82.0750517924191,82.72076631954624,281.35540077299896,-23.12857568750165,185.7002033361893,True
./data/train/PICAI/10316/,10,0,0.5625,0.5625,3.5999999576145,36.0,-10.0,285.0,117.0,212.0,260.0,-36.0,133.0,124.0,-17.0,250.0,47.0,128.0,286.0,1.0,221.0,True
