path,curFrame,Deleted,pixelSpacingX,pixelSpacingY,pixelSpacingZ,tra_UL_x,tra_UL_y,tra_LL_x,tra_LL_y,tra_LR_x,tra_LR_y,tra_UR_x,tra_UR_y,cor_UL_x,cor_UL_y,cor_LL_x,cor_LL_y,cor_LR_x,cor_LR_y,cor_UR_x,cor_UR_y,Dirty
./data/train/PICAI/10780/,10,0,0.5625,0.5625,3.6000001437284896,-14.290703579166165,114.58011822341108,258.7666401998454,145.9598411085917,242.2907035791661,292.4198817765889,-30.76664019984553,261.04015889140834,78.96586726749013,70.84002543174017,201.2157880106759,84.69487578404646,171.0341327325099,345.1599745682597,48.78421198932405,331.3051242159535,True
./data/train/PICAI/10780/,11,0,0.5625,0.5625,3.6000001437284896,-14.290703579166165,114.58011822341108,258.7666401998454,145.9598411085917,242.2907035791661,292.4198817765889,-30.76664019984553,261.04015889140834,78.96586726749013,70.84002543174017,201.2157880106759,84.69487578404646,171.0341327325099,345.1599745682597,48.78421198932405,331.3051242159535,True
./data/train/PICAI/10780/,12,0,0.5625,0.5625,3.6000001437284896,-14.290703579166165,114.58011822341108,258.7666401998454,145.9598411085917,242.2907035791661,292.4198817765889,-30.76664019984553,261.04015889140834,78.96586726749013,70.84002543174017,201.2157880106759,84.69487578404646,171.0341327325099,345.1599745682597,48.78421198932405,331.3051242159535,True
