path,curFrame,Deleted,pixelSpacingX,pixelSpacingY,pixelSpacingZ,tra_UL_x,tra_UL_y,tra_LL_x,tra_LL_y,tra_LR_x,tra_LR_y,tra_UR_x,tra_UR_y,cor_UL_x,cor_UL_y,cor_LL_x,cor_LL_y,cor_LR_x,cor_LR_y,cor_UR_x,cor_UR_y,Dirty
./data/train/PICAI/11122/,9,0,0.5625,0.5625,3.6000000635782783,26,61,291,120,263,247,-1,188,126.09847126370836,22.11791524222972,245,49,190,297,71.09847126370838,270.11791524222974,True
./data/train/PICAI/11122/,8,0,0.5625,0.5625,3.6000000635782783,26,61,291,120,263,247,-1,188,126.09847126370836,22.11791524222972,245,49,190,297,71.09847126370838,270.11791524222974,True
./data/train/PICAI/11122/,10,0,0.5625,0.5625,3.6000000635782783,26,61,291,120,263,247,-1,188,126.09847126370836,22.11791524222972,245,49,190,297,71.09847126370838,270.11791524222974,True
