path,curFrame,Deleted,pixelSpacingX,pixelSpacingY,pixelSpacingZ,tra_UL_x,tra_UL_y,tra_LL_x,tra_LL_y,tra_LR_x,tra_LR_y,tra_UR_x,tra_UR_y,cor_UL_x,cor_UL_y,cor_LL_x,cor_LL_y,cor_LR_x,cor_LR_y,cor_UR_x,cor_UR_y,Dirty
./data/train/PICAI/10452/,10,0,0.5625,0.5625,3.5999999523163,66.98564057296271,20.13808056186099,284.860722305132,185.8198501087868,203.01435942703728,294.861919438139,-14.860722305131873,129.18014989121326,179.04706508117525,27.88489443695343,271.233024926575,97.9045260225475,108.95293491882477,312.11510556304654,16.766975073424916,242.09547397745249,True
./data/train/PICAI/10452/,11,0,0.5625,0.5625,3.5999999523163,66.98564057296271,20.13808056186099,284.860722305132,185.8198501087868,203.01435942703728,294.861919438139,-14.860722305131873,129.18014989121326,179.04706508117525,27.88489443695343,271.233024926575,97.9045260225475,108.95293491882477,312.11510556304654,16.766975073424916,242.09547397745249,True
./data/train/PICAI/10452/,12,0,0.5625,0.5625,3.5999999523163,66.98564057296271,20.13808056186099,284.860722305132,185.8198501087868,203.01435942703728,294.861919438139,-14.860722305131873,129.18014989121326,179.04706508117525,27.88489443695343,271.233024926575,97.9045260225475,108.95293491882477,312.11510556304654,16.766975073424916,242.09547397745249,True
