path,curFrame,Deleted,pixelSpacingX,pixelSpacingY,pixelSpacingZ,tra_UL_x,tra_UL_y,tra_LL_x,tra_LL_y,tra_LR_x,tra_LR_y,tra_UR_x,tra_UR_y,cor_UL_x,cor_UL_y,cor_LL_x,cor_LL_y,cor_LR_x,cor_LR_y,cor_UR_x,cor_UR_y,Dirty,h_par_cor,h_orth_cor,h_par_tra,h_orth_tra
./data/train/PICAI/10486/,-1,0,-1.0,-1.0,-1.0,-1.0,-1.0,-1.0,-1.0,-1.0,-1.0,-1.0,-1.0,-1.0,-1.0,-1.0,-1.0,-1.0,-1.0,-1.0,-1.0,False,80.0,60.0,30.0,160.0
./data/train/PICAI/10486/,14,0,0.392857134342,0.392857134342,3.29999999999999,122.33570591421224,13.429695629109546,473.02041333675766,279.5654429085078,337.6642940857878,456.5703043708904,-12.032724996162584,190.5909915565324,307.56166071401924,22.73384873694212,456.76400398867656,135.4621094409524,184.4383392859808,493.26615126305785,36.22368435191851,380.6943250240879,True,,,,
./data/train/PICAI/10486/,15,0,0.392857134342,0.392857134342,3.29999999999999,122.33570591421224,13.429695629109546,473.02041333675766,279.5654429085078,337.6642940857878,456.5703043708904,-12.032724996162584,190.5909915565324,307.56166071401924,22.73384873694212,456.76400398867656,135.4621094409524,184.4383392859808,493.26615126305785,36.22368435191851,380.6943250240879,True,,,,
./data/train/PICAI/10486/,16,0,0.392857134342,0.392857134342,3.29999999999999,122.33570591421224,13.429695629109546,473.02041333675766,279.5654429085078,337.6642940857878,456.5703043708904,-12.032724996162584,190.5909915565324,307.56166071401924,22.73384873694212,456.76400398867656,135.4621094409524,184.4383392859808,493.26615126305785,36.22368435191851,380.6943250240879,True,,,,
