path,curFrame,Deleted,pixelSpacingX,pixelSpacingY,pixelSpacingZ,tra_UL_x,tra_UL_y,tra_LL_x,tra_LL_y,tra_LR_x,tra_LR_y,tra_UR_x,tra_UR_y,cor_UL_x,cor_UL_y,cor_LL_x,cor_LL_y,cor_LR_x,cor_LR_y,cor_UR_x,cor_UR_y,Dirty,h_par_cor,h_orth_cor,h_par_tra,h_orth_tra
./data/train/PICAI/10728/,16,0,0.392857134342,0.392857134342,3.299999872843403,15.891442809409398,174.83978127487552,419.7388068261768,276.0292400969717,371.1085571905906,471.1602187251244,-32.73880682617676,369.9707599030283,191.81854510978204,96.97360561087352,351.8565656670785,136.63255133693104,246.181454890218,558.0263943891265,86.28260743388157,517.3771805943275,True,,,,
./data/train/PICAI/10728/,15,0,0.392857134342,0.392857134342,3.299999872843403,10.828920078787974,181.1284857329767,417.96173237747655,268.16223292198924,376.171079921212,464.8715142670232,-30.96173237747655,377.8377670780108,179.78984817686006,98.062655157031,341.11445514170686,132.1121953541869,250.21015182314,556.937344842969,88.99007332156081,521.8932827504449,True,,,,
./data/train/PICAI/10728/,-1,0,-1.0,-1.0,-1.0,-1.0,-1.0,-1.0,-1.0,-1.0,-1.0,-1.0,-1.0,-1.0,-1.0,-1.0,-1.0,-1.0,-1.0,-1.0,-1.0,False,80.0,60.0,30.0,160.0
./data/train/PICAI/10728/,17,0,0.392857134342,0.392857134342,3.299999872843403,15.891442809409398,174.83978127487552,419.7388068261768,276.0292400969717,371.1085571905906,471.1602187251244,-32.73880682617676,369.9707599030283,191.81854510978204,96.97360561087352,351.8565656670785,136.63255133693104,246.181454890218,558.0263943891265,86.28260743388157,517.3771805943275,True,,,,
