path,curFrame,Deleted,pixelSpacingX,pixelSpacingY,pixelSpacingZ,tra_UL_x,tra_UL_y,tra_LL_x,tra_LL_y,tra_LR_x,tra_LR_y,tra_UR_x,tra_UR_y,cor_UL_x,cor_UL_y,cor_LL_x,cor_LL_y,cor_LR_x,cor_LR_y,cor_UR_x,cor_UR_y,Dirty
./data/train/PICAI/10827/,9,0,0.5625,0.5625,3.599999798668738,21.452876828789258,45.38495507442822,272.45476052061224,173.32265234601667,211.5471231712108,293.61504492557174,-39.45476052061224,165.67734765398333,133.13997062228216,34.11215110804471,237.15266176018253,87.27567320968645,115.86002937771786,322.8878488919553,12.841860135185769,269.8288552535812,True
./data/train/PICAI/10827/,8,0,0.5625,0.5625,3.599999798668738,21.452876828789258,45.38495507442822,272.45476052061224,173.32265234601667,211.5471231712108,293.61504492557174,-39.45476052061224,165.67734765398333,133.13997062228216,34.11215110804471,237.15266176018253,87.27567320968645,115.86002937771786,322.8878488919553,12.841860135185769,269.8288552535812,True
./data/train/PICAI/10827/,10,0,0.5625,0.5625,3.599999798668738,21.452876828789258,45.38495507442822,272.45476052061224,173.32265234601667,211.5471231712108,293.61504492557174,-39.45476052061224,165.67734765398333,133.13997062228216,34.11215110804471,237.15266176018253,87.27567320968645,115.86002937771786,322.8878488919553,12.841860135185769,269.8288552535812,True
