path,curFrame,Deleted,pixelSpacingX,pixelSpacingY,pixelSpacingZ,tra_UL_x,tra_UL_y,tra_LL_x,tra_LL_y,tra_LR_x,tra_LR_y,tra_UR_x,tra_UR_y,cor_UL_x,cor_UL_y,cor_LL_x,cor_LL_y,cor_LR_x,cor_LR_y,cor_UR_x,cor_UR_y,Dirty
./data/train/PICAI/10088/,10,0,0.5625,0.5625,3.599999979922637,93.95352434686784,-29.16872771785976,282.3910948966303,137.21721521393772,170.04647565313212,264.1687277178597,-18.115457540813395,96.821523090124,159.30809950421673,-15.037770223922363,263.20320750330376,76.13133931356344,81.69190049578322,281.0377702239223,-21.92757014748676,188.90739899049828,True
./data/train/PICAI/10088/,9,0,0.5625,0.5625,3.599999979922637,93.95352434686784,-29.16872771785976,282.3910948966303,137.21721521393772,170.04647565313212,264.1687277178597,-18.115457540813395,96.821523090124,159.30809950421673,-15.037770223922363,263.20320750330376,76.13133931356344,81.69190049578322,281.0377702239223,-21.92757014748676,188.90739899049828,True
./data/train/PICAI/10088/,11,0,0.5625,0.5625,3.599999979922637,93.95352434686784,-29.16872771785976,282.3910948966303,137.21721521393772,170.04647565313212,264.1687277178597,-18.115457540813395,96.821523090124,159.30809950421673,-15.037770223922363,263.20320750330376,76.13133931356344,81.69190049578322,281.0377702239223,-21.92757014748676,188.90739899049828,True
