path,curFrame,Deleted,pixelSpacingX,pixelSpacingY,pixelSpacingZ,tra_UL_x,tra_UL_y,tra_LL_x,tra_LL_y,tra_LR_x,tra_LR_y,tra_UR_x,tra_UR_y,cor_UL_x,cor_UL_y,cor_LL_x,cor_LL_y,cor_LR_x,cor_LR_y,cor_UR_x,cor_UR_y,Dirty
./data/train/PICAI/11136/,10,0,0.5625,0.5625,3.5999999576145,13.88951249425702,49.37071735119915,290.2545854832607,123.55526042981272,252.11048750574287,265.6292826488008,-22.13487624481752,190.7328177033659,123.38494706625264,17.48167534478182,238.148982663357,48.758122289193096,167.61505293374736,313.5183246552181,52.71184423568295,283.23214577954843,True
./data/train/PICAI/11136/,9,0,0.5625,0.5625,3.5999999576145,13.88951249425702,49.37071735119915,290.2545854832607,123.55526042981272,252.11048750574287,265.6292826488008,-22.13487624481752,190.7328177033659,123.38494706625264,17.48167534478182,238.148982663357,48.758122289193096,167.61505293374736,313.5183246552181,52.71184423568295,283.23214577954843,True
./data/train/PICAI/11136/,11,0,0.5625,0.5625,3.5999999576145,13.88951249425702,49.37071735119915,290.2545854832607,123.55526042981272,252.11048750574287,265.6292826488008,-22.13487624481752,190.7328177033659,123.38494706625264,17.48167534478182,238.148982663357,48.758122289193096,167.61505293374736,313.5183246552181,52.71184423568295,283.23214577954843,True
