path,curFrame,Deleted,pixelSpacingX,pixelSpacingY,pixelSpacingZ,tra_UL_x,tra_UL_y,tra_LL_x,tra_LL_y,tra_LR_x,tra_LR_y,tra_UR_x,tra_UR_y,cor_UL_x,cor_UL_y,cor_LL_x,cor_LL_y,cor_LR_x,cor_LR_y,cor_UR_x,cor_UR_y,Dirty
./data/train/PICAI/11181/,9,0,0.5625,0.5625,3.599999957614445,71.37885327642157,9.2129619946505,295.63344591912335,182.1865948947428,208.6211467235784,294.7870380053495,-14.687152340611732,122.8643705962547,191.5696562802493,19.92648924922665,279.14777869961,87.6027219568727,110.43034371975074,307.0735107507734,22.79988534414701,240.39590757788187,True
./data/train/PICAI/11181/,8,0,0.5625,0.5625,3.599999957614445,71.37885327642157,9.2129619946505,295.63344591912335,182.1865948947428,208.6211467235784,294.7870380053495,-14.687152340611732,122.8643705962547,191.5696562802493,19.92648924922665,279.14777869961,87.6027219568727,110.43034371975074,307.0735107507734,22.79988534414701,240.39590757788187,True
./data/train/PICAI/11181/,10,0,0.5625,0.5625,3.599999957614445,71.37885327642157,9.2129619946505,295.63344591912335,182.1865948947428,208.6211467235784,294.7870380053495,-14.687152340611732,122.8643705962547,191.5696562802493,19.92648924922665,279.14777869961,87.6027219568727,110.43034371975074,307.0735107507734,22.79988534414701,240.39590757788187,True
