path,curFrame,Deleted,pixelSpacingX,pixelSpacingY,pixelSpacingZ,tra_UL_x,tra_UL_y,tra_LL_x,tra_LL_y,tra_LR_x,tra_LR_y,tra_UR_x,tra_UR_y,cor_UL_x,cor_UL_y,cor_LL_x,cor_LL_y,cor_LR_x,cor_LR_y,cor_UR_x,cor_UR_y,Dirty
./data/train/PICAI/11444/,10,0,0.5625,0.5625,3.5999999576145,-32.94849693210155,83.42919936138148,219.03994675997092,94.4666014853975,212.94849693210156,223.57080063861852,-39.03994675997095,212.53339851460248,66.41600192681815,30.236445840049328,156.776629660179,33.69432895446867,145.58399807318185,291.7635541599507,54.09392917011935,287.45457607774983,True
./data/train/PICAI/11444/,11,0,0.5625,0.5625,3.5999999576145,-32.94849693210155,83.42919936138148,219.03994675997092,94.4666014853975,212.94849693210156,223.57080063861852,-39.03994675997095,212.53339851460248,66.41600192681815,30.236445840049328,156.776629660179,33.69432895446867,145.58399807318185,291.7635541599507,54.09392917011935,287.45457607774983,True
./data/train/PICAI/11444/,12,0,0.5625,0.5625,3.5999999576145,-32.94849693210155,83.42919936138148,219.03994675997092,94.4666014853975,212.94849693210156,223.57080063861852,-39.03994675997095,212.53339851460248,66.41600192681815,30.236445840049328,156.776629660179,33.69432895446867,145.58399807318185,291.7635541599507,54.09392917011935,287.45457607774983,True
