path,curFrame,Deleted,pixelSpacingX,pixelSpacingY,pixelSpacingZ,tra_UL_x,tra_UL_y,tra_LL_x,tra_LL_y,tra_LR_x,tra_LR_y,tra_UR_x,tra_UR_y,cor_UL_x,cor_UL_y,cor_LL_x,cor_LL_y,cor_LR_x,cor_LR_y,cor_UR_x,cor_UR_y,Dirty
./data/train/PICAI/10331/,15,0,0.254629641771,0.254629641771,3.299999834303537,51.66900787971332,309.0304670116086,717.1188111261979,387.653360364728,680.3309921202867,701.9695329883914,17.07934962149585,623.7566266195765,292.54582610055206,153.23141254874997,523.7488153950035,179.5216719866059,444.454173899448,860.76858745125,212.01428555324088,833.7927036732731,True
./data/train/PICAI/10331/,14,0,0.254629641771,0.254629641771,3.299999834303537,51.66900787971332,309.0304670116086,717.1188111261979,387.653360364728,680.3309921202867,701.9695329883914,17.07934962149585,623.7566266195765,286.54582610055206,153.23141254874997,517.7488153950035,179.5216719866059,438.454173899448,860.76858745125,206.01428555324088,833.7927036732731,True
./data/train/PICAI/10331/,16,0,0.254629641771,0.254629641771,3.299999834303537,35.74168412896347,337.1738439872552,705.5116866364674,357.499781631035,696.2583158710366,673.8261560127451,28.71384216607231,653.7170628963718,262.001890663328,161.19745127065005,494.6164298697581,167.23700007666167,474.998109336672,852.8025487293501,241.0916217541992,846.1877874463867,True
