path,curFrame,Deleted,pixelSpacingX,pixelSpacingY,pixelSpacingZ,tra_UL_x,tra_UL_y,tra_LL_x,tra_LL_y,tra_LR_x,tra_LR_y,tra_UR_x,tra_UR_y,cor_UL_x,cor_UL_y,cor_LL_x,cor_LL_y,cor_LR_x,cor_LR_y,cor_UR_x,cor_UR_y,Dirty
./data/train/PICAI/10686/,10,0,0.5625,0.5625,3.599999998559511,26.163390693715968,22.231076447353274,270.5738839847792,139.56611285685528,211.8366093062841,262.76892355264675,-31.576319934519347,145.50364361688884,130.94760535775836,8.137853416742672,230.90644358475527,55.22533222278051,117.05239464224162,292.86214658325736,17.163312888988827,244.77710372695964,True
./data/train/PICAI/10686/,11,0,0.5625,0.5625,3.599999998559511,26.163390693715968,22.231076447353274,270.5738839847792,139.56611285685528,211.8366093062841,262.76892355264675,-31.576319934519347,145.50364361688884,130.94760535775836,8.137853416742672,230.90644358475527,55.22533222278051,117.05239464224162,292.86214658325736,17.163312888988827,244.77710372695964,True
./data/train/PICAI/10686/,12,0,0.5625,0.5625,3.599999998559511,26.163390693715968,22.231076447353274,270.5738839847792,139.56611285685528,211.8366093062841,262.76892355264675,-31.576319934519347,145.50364361688884,130.94760535775836,8.137853416742672,230.90644358475527,55.22533222278051,117.05239464224162,292.86214658325736,17.163312888988827,244.77710372695964,True
