path,curFrame,Deleted,pixelSpacingX,pixelSpacingY,pixelSpacingZ,tra_UL_x,tra_UL_y,tra_LL_x,tra_LL_y,tra_LR_x,tra_LR_y,tra_UR_x,tra_UR_y,cor_UL_x,cor_UL_y,cor_LL_x,cor_LL_y,cor_LR_x,cor_LR_y,cor_UR_x,cor_UR_y,Dirty,h_par_cor,h_orth_cor,h_par_tra,h_orth_tra
./data/train/PICAI/10921/,-1,0,-1.0,-1.0,-1.0,-1.0,-1.0,-1.0,-1.0,-1.0,-1.0,-1.0,-1.0,-1.0,-1.0,-1.0,-1.0,-1.0,-1.0,-1.0,-1.0,False,80.0,60.0,30.0,160.0
./data/train/PICAI/10921/,16,0,0.39285713434219,0.39285713434219,3.29999987284341,13.921450556505732,240.8689264435288,442.64753670367577,257.32927446322424,433.07854944349424,478.1310735564712,5.35109283107883,461.7230614930187,159.30460608880674,144.29451050869727,345.2067074218862,151.0331097656211,327.6953939111933,580.705489491303,142.84425806911122,573.0205966558675,True,,,,
./data/train/PICAI/10921/,15,0,0.39285713434219,0.39285713434219,3.29999987284341,9.908955385805598,248.2553791834532,438.9483310465214,249.7433753741095,437.0910446141944,470.7446208165467,9.051516648635072,469.2740770323278,151.74063388692466,147.36581226934982,337.7646624053252,147.61241678121536,335.25936611307543,577.6341877306504,150.25263769626835,576.4051879300657,True,,,,
./data/train/PICAI/10921/,17,0,0.39285713434219,0.39285713434219,3.29999987284341,13.921450556505732,240.8689264435288,442.64753670367577,257.32927446322424,433.07854944349424,478.1310735564712,5.35109283107883,461.7230614930187,159.30460608880674,144.29451050869727,345.2067074218862,151.0331097656211,327.6953939111933,580.705489491303,142.84425806911122,573.0205966558675,True,,,,
