path,curFrame,Deleted,pixelSpacingX,pixelSpacingY,pixelSpacingZ,tra_UL_x,tra_UL_y,tra_LL_x,tra_LL_y,tra_LR_x,tra_LR_y,tra_UR_x,tra_UR_y,cor_UL_x,cor_UL_y,cor_LL_x,cor_LL_y,cor_LR_x,cor_LR_y,cor_UR_x,cor_UR_y,Dirty
./data/train/PICAI/10632/,8,0,0.5625,0.5625,3.6000000635782783,17.27813443292621,68.5109550875665,290.01752179869885,112.59299881676571,267.7218655670738,252.4890449124335,-4.0199577484390545,208.33724470949014,117.3383964802895,29.32787449046205,234.93925110152048,48.17035289315879,193.6616035197105,303.672125509538,76.06074889847947,284.8296471068412,True
./data/train/PICAI/10632/,9,0,0.5625,0.5625,3.6000000635782783,17.27813443292621,68.5109550875665,290.01752179869885,112.59299881676571,267.7218655670738,252.4890449124335,-4.0199577484390545,208.33724470949014,117.3383964802895,29.32787449046205,234.93925110152048,48.17035289315879,193.6616035197105,303.672125509538,76.06074889847947,284.8296471068412,True
./data/train/PICAI/10632/,10,0,0.5625,0.5625,3.6000000635782783,17.27813443292621,68.5109550875665,290.01752179869885,112.59299881676571,267.7218655670738,252.4890449124335,-4.0199577484390545,208.33724470949014,117.3383964802895,29.32787449046205,234.93925110152048,48.17035289315879,193.6616035197105,303.672125509538,76.06074889847947,284.8296471068412,True
