path,curFrame,Deleted,pixelSpacingX,pixelSpacingY,pixelSpacingZ,tra_UL_x,tra_UL_y,tra_LL_x,tra_LL_y,tra_LR_x,tra_LR_y,tra_UR_x,tra_UR_y,cor_UL_x,cor_UL_y,cor_LL_x,cor_LL_y,cor_LR_x,cor_LR_y,cor_UR_x,cor_UR_y,Dirty
./data/train/PICAI/10343/,9,0,0.5625,0.5625,2.9999998940361667,15.700880416623278,40.34244076898433,271.27398924945953,125.12089346493336,226.29911958337672,261.6575592310156,-28.28144309781814,177.0009758784718,111.56633145608468,12.793019447752044,229.73209771460245,51.48218698257181,146.43366854391533,303.2069805522479,29.260448437038875,264.6396823608334,True
./data/train/PICAI/10343/,8,0,0.5625,0.5625,2.9999998940361667,15.700880416623278,40.34244076898433,271.27398924945953,125.12089346493336,226.29911958337672,261.6575592310156,-28.28144309781814,177.0009758784718,111.56633145608468,12.793019447752044,229.73209771460245,51.48218698257181,146.43366854391533,303.2069805522479,29.260448437038875,264.6396823608334,True
./data/train/PICAI/10343/,10,0,0.5625,0.5625,2.9999998940361667,15.700880416623278,40.34244076898433,271.27398924945953,125.12089346493336,226.29911958337672,261.6575592310156,-28.28144309781814,177.0009758784718,111.56633145608468,12.793019447752044,229.73209771460245,51.48218698257181,146.43366854391533,303.2069805522479,29.260448437038875,264.6396823608334,True
