path,curFrame,Deleted,pixelSpacingX,pixelSpacingY,pixelSpacingZ,tra_UL_x,tra_UL_y,tra_LL_x,tra_LL_y,tra_LR_x,tra_LR_y,tra_UR_x,tra_UR_y,cor_UL_x,cor_UL_y,cor_LL_x,cor_LL_y,cor_LR_x,cor_LR_y,cor_UR_x,cor_UR_y,Dirty
./data/train/PICAI/11437/,9,0,0.5625,0.5625,3.6000000635782774,36.21007314659224,-11.153125590189362,285.99760694455347,114.09138710051651,226.7899268534078,231.15312559018932,-21.94664145355597,104.96231932097184,157.21482440267638,-16.523028036795182,247.9939328851341,28.2893972839817,131.78517559732362,258.5230280367952,41.11073902735184,211.7133436465092,True
./data/train/PICAI/11437/,8,0,0.5625,0.5625,3.6000000635782774,36.21007314659224,-11.153125590189362,285.99760694455347,114.09138710051651,226.7899268534078,231.15312559018932,-21.94664145355597,104.96231932097184,157.21482440267638,-16.523028036795182,247.9939328851341,28.2893972839817,131.78517559732362,258.5230280367952,41.11073902735184,211.7133436465092,True
./data/train/PICAI/11437/,10,0,0.5625,0.5625,3.6000000635782774,36.21007314659224,-11.153125590189362,285.99760694455347,114.09138710051651,226.7899268534078,231.15312559018932,-21.94664145355597,104.96231932097184,157.21482440267638,-16.523028036795182,247.9939328851341,28.2893972839817,131.78517559732362,258.5230280367952,41.11073902735184,211.7133436465092,True
