path,curFrame,Deleted,pixelSpacingX,pixelSpacingY,pixelSpacingZ,tra_UL_x,tra_UL_y,tra_LL_x,tra_LL_y,tra_LR_x,tra_LR_y,tra_UR_x,tra_UR_y,cor_UL_x,cor_UL_y,cor_LL_x,cor_LL_y,cor_LR_x,cor_LR_y,cor_UR_x,cor_UR_y,Dirty,h_par_cor,h_orth_cor,h_par_tra,h_orth_tra
./data/train/PICAI/10704/,15,0,0.392857134342,0.392857134342,3.2999999999999736,142.44977551293064,92.20264670642982,480.0598248557994,367.1525595682199,352.5502244870693,522.7973532935703,14.905275647498229,248.8468312587991,352.0690541827446,92.72419547404516,478.5348115216793,196.2008219202609,187.93094581725543,552.275804525955,61.43028898161799,449.7985689067582,True,,,,
./data/train/PICAI/10704/,16,0,0.392857134342,0.392857134342,3.2999999999999736,146.223232085493,90.40205832207636,478.9833241534362,371.2022027788309,348.7767679145069,524.5979416779237,15.964339890320955,244.7964267559236,356.0666953983229,94.19149393153928,480.707275248366,199.8594921838249,183.9333046016771,550.8085060684608,59.240388795390885,446.1391373509297,True,,,,
./data/train/PICAI/10704/,-1,0,-1.0,-1.0,-1.0,-1.0,-1.0,-1.0,-1.0,-1.0,-1.0,-1.0,-1.0,-1.0,-1.0,-1.0,-1.0,-1.0,-1.0,-1.0,-1.0,False,80.0,60.0,30.0,160.0
./data/train/PICAI/10704/,17,0,0.392857134342,0.392857134342,3.2999999999999736,165.52995311962718,82.40132960315049,472.550447420455,391.1348977153263,329.4700468803727,532.5986703968496,22.31037947858499,224.8553703534153,375.6375830600914,102.56148348862963,490.594295001449,218.6905254188537,164.3624169399086,542.4385165113705,49.26653189759085,427.29974264988783,True,,,,
