path,curFrame,Deleted,pixelSpacingX,pixelSpacingY,pixelSpacingZ,tra_UL_x,tra_UL_y,tra_LL_x,tra_LL_y,tra_LR_x,tra_LR_y,tra_UR_x,tra_UR_y,cor_UL_x,cor_UL_y,cor_LL_x,cor_LL_y,cor_LR_x,cor_LR_y,cor_UR_x,cor_UR_y,Dirty,h_par_cor,h_orth_cor,h_par_tra,h_orth_tra
./data/train/PICAI/10389/,-1,0,-1.0,-1.0,-1.0,-1.0,-1.0,-1.0,-1.0,-1.0,-1.0,-1.0,-1.0,-1.0,-1.0,-1.0,-1.0,-1.0,-1.0,-1.0,-1.0,False,80.0,60.0,30.0,160.0
./data/train/PICAI/10389/,14,0,0.254629641771,0.254629641771,3.300000024086549,0.1678758499254513,341.4357459785967,664.8481843243928,275.2082024163617,692.7940964158377,548.5488268774556,28.11378794137039,614.7763704396907,256.9170860495427,95.10917982655748,481.12479212517417,72.57244234520624,554.0829139504573,796.8908201734425,329.8752078748257,819.4275576547941,True,,,,
./data/train/PICAI/10389/,15,0,0.254629641771,0.254629641771,3.300000024086549,2.0279318471892225,335.4075209860766,667.7628362988155,280.7903350938618,690.9340404185739,554.5770518699757,25.199135966947665,609.1942377621906,263.06360515579354,92.56949279414846,487.6304836141102,73.9491517798777,547.9363948442065,799.4305072058515,323.3695163858897,818.0508482201226,True,,,,
./data/train/PICAI/10389/,16,0,0.254629641771,0.254629641771,3.300000024086549,8.235216275831842,317.5304231216986,675.9161968292076,297.8299610133328,684.7267559899311,572.4541497343538,17.045775436555516,592.1546118427196,281.7559328446583,85.59931209297838,506.9895635533254,78.75741193353468,529.2440671553418,806.4006879070217,304.0104364466745,813.2425880664655,True,,,,
