path,curFrame,Deleted,pixelSpacingX,pixelSpacingY,pixelSpacingZ,tra_UL_x,tra_UL_y,tra_LL_x,tra_LL_y,tra_LR_x,tra_LR_y,tra_UR_x,tra_UR_y,cor_UL_x,cor_UL_y,cor_LL_x,cor_LL_y,cor_LR_x,cor_LR_y,cor_UR_x,cor_UR_y,Dirty
./data/train/PICAI/10220/,11,0,0.3125,0.3125,3.44999996821087,204.5638789651064,44.61482957897874,586.8066124862078,485.9089408815389,395.4361210348936,652.3851704210213,14.126967940289148,211.4494270680064,415.5132157171632,147.447838572236,558.7823392279572,312.7716367636909,195.4867842828368,628.552161427764,53.15124119853997,463.5867311858544,True
./data/train/PICAI/10220/,12,0,0.3125,0.3125,3.44999996821087,204.5638789651064,44.61482957897874,586.8066124862078,485.9089408815389,395.4361210348936,652.3851704210213,14.126967940289148,211.4494270680064,415.5132157171632,147.447838572236,558.7823392279572,312.7716367636909,195.4867842828368,628.552161427764,53.15124119853997,463.5867311858544,True
./data/train/PICAI/10220/,13,0,0.3125,0.3125,3.44999996821087,204.5638789651064,44.61482957897874,586.8066124862078,485.9089408815389,395.4361210348936,652.3851704210213,14.126967940289148,211.4494270680064,415.5132157171632,147.447838572236,558.7823392279572,312.7716367636909,195.4867842828368,628.552161427764,53.15124119853997,463.5867311858544,True
