path,curFrame,Deleted,pixelSpacingX,pixelSpacingY,pixelSpacingZ,tra_UL_x,tra_UL_y,tra_LL_x,tra_LL_y,tra_LR_x,tra_LR_y,tra_UR_x,tra_UR_y,cor_UL_x,cor_UL_y,cor_LL_x,cor_LL_y,cor_LR_x,cor_LR_y,cor_UR_x,cor_UR_y,Dirty
./data/train/PICAI/10186/,9,0,0.5625,0.5625,3.599999957614445,1.4518911886730734,79.56116039148239,264.14628786458405,82.50292093224866,262.548108811327,219.43883960851764,0.841400476011188,216.3406446027111,86.45022227467193,29.89031693909925,198.06819457590152,31.448604255981465,194.54977772532808,284.10968306090075,84.07592822973385,283.38264961957344,True
./data/train/PICAI/10186/,10,0,0.5625,0.5625,3.599999957614445,1.4518911886730734,79.56116039148239,264.14628786458405,82.50292093224866,262.548108811327,219.43883960851764,0.841400476011188,216.3406446027111,86.45022227467193,29.89031693909925,198.06819457590152,31.448604255981465,194.54977772532808,284.10968306090075,84.07592822973385,283.38264961957344,True
./data/train/PICAI/10186/,11,0,0.5625,0.5625,3.599999957614445,1.4518911886730734,79.56116039148239,264.14628786458405,82.50292093224866,262.548108811327,219.43883960851764,0.841400476011188,216.3406446027111,86.45022227467193,29.89031693909925,198.06819457590152,31.448604255981465,194.54977772532808,284.10968306090075,84.07592822973385,283.38264961957344,True
