path,curFrame,Deleted,pixelSpacingX,pixelSpacingY,pixelSpacingZ,tra_UL_x,tra_UL_y,tra_LL_x,tra_LL_y,tra_LR_x,tra_LR_y,tra_UR_x,tra_UR_y,cor_UL_x,cor_UL_y,cor_LL_x,cor_LL_y,cor_LR_x,cor_LR_y,cor_UR_x,cor_UR_y,Dirty
./data/train/PICAI/10739/,8,0,0.5625,0.5625,3.600000164106117,0.3969648088247339,51.94219606408737,256.8897132009102,114.1472603456589,224.60303519117528,245.0578039359126,-30.775297705863608,183.7234164625773,111.58386466560192,14.248704330398624,212.3700070808007,39.151585630828265,149.41613533439806,297.7512956696014,48.75186226260448,273.84096052081304,True
./data/train/PICAI/10739/,9,0,0.5625,0.5625,3.600000164106117,0.3969648088247339,51.94219606408737,256.8897132009102,114.1472603456589,224.60303519117528,245.0578039359126,-30.775297705863608,183.7234164625773,111.58386466560192,14.248704330398624,212.3700070808007,39.151585630828265,149.41613533439806,297.7512956696014,48.75186226260448,273.84096052081304,True
./data/train/PICAI/10739/,10,0,0.5625,0.5625,3.600000164106117,0.3969648088247339,51.94219606408737,256.8897132009102,114.1472603456589,224.60303519117528,245.0578039359126,-30.775297705863608,183.7234164625773,111.58386466560192,14.248704330398624,212.3700070808007,39.151585630828265,149.41613533439806,297.7512956696014,48.75186226260448,273.84096052081304,True
