path,curFrame,Deleted,pixelSpacingX,pixelSpacingY,pixelSpacingZ,tra_UL_x,tra_UL_y,tra_LL_x,tra_LL_y,tra_LR_x,tra_LR_y,tra_UR_x,tra_UR_y,cor_UL_x,cor_UL_y,cor_LL_x,cor_LL_y,cor_LR_x,cor_LR_y,cor_UR_x,cor_UR_y,Dirty
./data/train/PICAI/11015/,9,0,0.5625,0.5625,3.600000169542111,35.40366558304284,39.86546194194047,259.77767565761724,157.41248913980203,197.5963344169572,275.13453805805955,-25.633552851981847,156.756256984643,133.885974723748,25.912324309313192,232.9492980853844,78.05115786500262,113.11402527625198,304.08767569068675,13.894267449575466,252.9365304755925,True
./data/train/PICAI/11015/,10,0,0.5625,0.5625,3.600000169542111,35.40366558304284,39.86546194194047,259.77767565761724,157.41248913980203,197.5963344169572,275.13453805805955,-25.633552851981847,156.756256984643,133.885974723748,25.912324309313192,232.9492980853844,78.05115786500262,113.11402527625198,304.08767569068675,13.894267449575466,252.9365304755925,True
./data/train/PICAI/11015/,11,0,0.5625,0.5625,3.600000169542111,35.40366558304284,39.86546194194047,259.77767565761724,157.41248913980203,197.5963344169572,275.13453805805955,-25.633552851981847,156.756256984643,133.885974723748,25.912324309313192,232.9492980853844,78.05115786500262,113.11402527625198,304.08767569068675,13.894267449575466,252.9365304755925,True
