path,curFrame,Deleted,pixelSpacingX,pixelSpacingY,pixelSpacingZ,tra_UL_x,tra_UL_y,tra_LL_x,tra_LL_y,tra_LR_x,tra_LR_y,tra_UR_x,tra_UR_y,cor_UL_x,cor_UL_y,cor_LL_x,cor_LL_y,cor_LR_x,cor_LR_y,cor_UR_x,cor_UR_y,Dirty
./data/train/PICAI/10871/,9,0,0.5625,0.5625,3.599999957614445,15.011859336667214,68.04149907913661,275.14240934239854,115.55041354490596,252.9881406633328,240.9585009208634,-7.142409342398452,193.44958645509405,125.99171711093554,22.96510406962957,229.04774241513627,42.05582559868495,183.0082828890644,296.0348959303704,79.9522575848637,276.944174401315,True
./data/train/PICAI/10871/,8,0,0.5625,0.5625,3.599999957614445,12.066985529216495,72.24679348458379,273.6971082361141,110.64834153116372,255.9330144707835,236.75320651541625,-5.697108236114019,198.3516584688363,121.24408443630526,24.0432021638618,224.9035873674229,39.5256907258989,187.75591556369469,294.9567978361381,84.09641263257704,279.4743092741011,True
./data/train/PICAI/10871/,10,0,0.5625,0.5625,3.599999957614445,15.011859336667214,68.04149907913661,275.14240934239854,115.55041354490596,252.9881406633328,240.9585009208634,-7.142409342398452,193.44958645509405,125.99171711093554,22.96510406962957,229.04774241513627,42.05582559868495,183.0082828890644,296.0348959303704,79.9522575848637,276.944174401315,True
