path,curFrame,Deleted,pixelSpacingX,pixelSpacingY,pixelSpacingZ,tra_UL_x,tra_UL_y,tra_LL_x,tra_LL_y,tra_LR_x,tra_LR_y,tra_UR_x,tra_UR_y,cor_UL_x,cor_UL_y,cor_LL_x,cor_LL_y,cor_LR_x,cor_LR_y,cor_UR_x,cor_UR_y,Dirty,h_par_cor,h_orth_cor,h_par_tra,h_orth_tra
./data/train/PICAI/10933/,7,0,0.5625,0.5625,3.6000000635782774,57.4389570949116,39.71083603051172,286.693137508129,171.19285291139175,220.5610429050884,288.28916396948824,-7.7054491675338,156.9635815536485,163.8305722564261,34.61627940199418,261.4369038823466,89.56174351442884,134.16942774357386,311.3837205980059,36.71953058269361,255.45056814497607,True,,,,
./data/train/PICAI/10933/,8,0,0.5625,0.5625,3.6000000635782774,57.4389570949116,39.71083603051172,286.693137508129,171.19285291139175,220.5610429050884,288.28916396948824,-7.7054491675338,156.9635815536485,163.8305722564261,34.61627940199418,261.4369038823466,89.56174351442884,134.16942774357386,311.3837205980059,36.71953058269361,255.45056814497607,True,,,,
./data/train/PICAI/10933/,-1,0,-1.0,-1.0,-1.0,-1.0,-1.0,-1.0,-1.0,-1.0,-1.0,-1.0,-1.0,-1.0,-1.0,-1.0,-1.0,-1.0,-1.0,-1.0,-1.0,False,80.0,60.0,30.0,160.0
./data/train/PICAI/10933/,9,0,0.5625,0.5625,3.6000000635782774,57.4389570949116,39.71083603051172,286.693137508129,171.19285291139175,220.5610429050884,288.28916396948824,-7.7054491675338,156.9635815536485,163.8305722564261,34.61627940199418,261.4369038823466,89.56174351442884,134.16942774357386,311.3837205980059,36.71953058269361,255.45056814497607,True,,,,
