path,curFrame,Deleted,pixelSpacingX,pixelSpacingY,pixelSpacingZ,tra_UL_x,tra_UL_y,tra_LL_x,tra_LL_y,tra_LR_x,tra_LR_y,tra_UR_x,tra_UR_y,cor_UL_x,cor_UL_y,cor_LL_x,cor_LL_y,cor_LR_x,cor_LR_y,cor_UR_x,cor_UR_y,Dirty
./data/train/PICAI/10155/,11,0,0.5625,0.5625,3.6000001213767505,76.2524722783273,3.681317556950576,292.73534679323086,153.9749137005143,192.74752772167272,297.3186824430495,-22.757199192496984,147.2329979903035,153.42828982107062,7.465432015178322,273.62724954352217,91.2879235174028,116.57171017892942,315.5345679848217,-2.64910194278832,231.9199881734149,True
./data/train/PICAI/10155/,12,0,0.5625,0.5625,3.6000001213767505,76.2524722783273,3.681317556950576,292.73534679323086,153.9749137005143,192.74752772167272,297.3186824430495,-22.757199192496984,147.2329979903035,153.42828982107062,7.465432015178322,273.62724954352217,91.2879235174028,116.57171017892942,315.5345679848217,-2.64910194278832,231.9199881734149,True
./data/train/PICAI/10155/,13,0,0.5625,0.5625,3.6000001213767505,76.2524722783273,3.681317556950576,292.73534679323086,153.9749137005143,192.74752772167272,297.3186824430495,-22.757199192496984,147.2329979903035,153.42828982107062,7.465432015178322,273.62724954352217,91.2879235174028,116.57171017892942,315.5345679848217,-2.64910194278832,231.9199881734149,True
