path,curFrame,Deleted,pixelSpacingX,pixelSpacingY,pixelSpacingZ,tra_UL_x,tra_UL_y,tra_LL_x,tra_LL_y,tra_LR_x,tra_LR_y,tra_UR_x,tra_UR_y,cor_UL_x,cor_UL_y,cor_LL_x,cor_LL_y,cor_LR_x,cor_LR_y,cor_UR_x,cor_UR_y,Dirty
./data/train/PICAI/10511/,8,0,0.5625,0.5625,3.6000001049703862,57.32994931523616,24.268988222867733,295.0292567836567,150.88272850816745,231.67005068476385,270.73101177713227,-5.082963205145006,145.16823698283002,162.53363676849307,12.302018907827232,266.8225351313282,66.83481342879635,143.46636323150693,299.6979810921728,39.22980082491471,244.1665570364491,True
./data/train/PICAI/10511/,9,0,0.5625,0.5625,3.6000001049703862,61.68375124401925,21.30186632922208,294.81950290517227,156.13406314210968,227.3162487559808,273.6981336707779,-4.9104639498281415,139.94928729872967,167.54281635184628,12.722274960283926,269.8650176530278,70.86147964077891,138.45718364815372,299.2777250397161,36.22213808971984,240.1423256611293,True
./data/train/PICAI/10511/,10,0,0.5625,0.5625,3.6000001049703862,51.0,29.0,295.0,143.0,238.0,266.0,-5.0,153.0,155.0,12.0,262.0,61.0,151.0,300.0,44.0,250.0,True
