path,curFrame,Deleted,pixelSpacingX,pixelSpacingY,pixelSpacingZ,tra_UL_x,tra_UL_y,tra_LL_x,tra_LL_y,tra_LR_x,tra_LR_y,tra_UR_x,tra_UR_y,cor_UL_x,cor_UL_y,cor_LL_x,cor_LL_y,cor_LR_x,cor_LR_y,cor_UR_x,cor_UR_y,Dirty
./data/train/PICAI/10539/,9,0,0.5625,0.5625,3.00000007152559,53.2893035958558,21.81551836235681,283.53388822635225,144.76034846240677,223.71069640414424,257.1844816376432,-5.559518161567183,134.46460259193708,154.6071040741782,12.588007864072525,255.264230624582,65.58935572066939,135.3928959258218,291.41199213592745,34.960720429761835,237.4362742145453,True
./data/train/PICAI/10539/,10,0,0.5625,0.5625,3.00000007152559,53.2893035958558,21.81551836235681,283.53388822635225,144.76034846240677,223.71069640414424,257.1844816376432,-5.559518161567183,134.46460259193708,154.6071040741782,12.588007864072525,255.264230624582,65.58935572066939,135.3928959258218,291.41199213592745,34.960720429761835,237.4362742145453,True
./data/train/PICAI/10539/,11,0,0.5625,0.5625,3.00000007152559,53.2893035958558,21.81551836235681,283.53388822635225,144.76034846240677,223.71069640414424,257.1844816376432,-5.559518161567183,134.46460259193708,154.6071040741782,12.588007864072525,255.264230624582,65.58935572066939,135.3928959258218,291.41199213592745,34.960720429761835,237.4362742145453,True
