path,curFrame,Deleted,pixelSpacingX,pixelSpacingY,pixelSpacingZ,tra_UL_x,tra_UL_y,tra_LL_x,tra_LL_y,tra_LR_x,tra_LR_y,tra_UR_x,tra_UR_y,cor_UL_x,cor_UL_y,cor_LL_x,cor_LL_y,cor_LR_x,cor_LR_y,cor_UR_x,cor_UR_y,Dirty
./data/train/PICAI/10224/,9,0,0.5625,0.5625,3.5999999576145,36.404185886805976,50.34842272111429,281.8834114864212,131.19982839234171,240.59581411319408,254.65157727888567,-3.9090414216358056,173.5752205533144,135.02751545085673,11.604217236034316,233.6688570969676,43.2251868330478,146.97248454914327,303.3957827639657,49.30551296781769,271.5498621126084,True
./data/train/PICAI/10224/,10,0,0.5625,0.5625,3.5999999576145,36.404185886805976,50.34842272111429,281.8834114864212,131.19982839234171,240.59581411319408,254.65157727888567,-3.9090414216358056,173.5752205533144,135.02751545085673,11.604217236034316,233.6688570969676,43.2251868330478,146.97248454914327,303.3957827639657,49.30551296781769,271.5498621126084,True
./data/train/PICAI/10224/,11,0,0.5625,0.5625,3.5999999576145,36.404185886805976,50.34842272111429,281.8834114864212,131.19982839234171,240.59581411319408,254.65157727888567,-3.9090414216358056,173.5752205533144,135.02751545085673,11.604217236034316,233.6688570969676,43.2251868330478,146.97248454914327,303.3957827639657,49.30551296781769,271.5498621126084,True
