path,curFrame,Deleted,pixelSpacingX,pixelSpacingY,pixelSpacingZ,tra_UL_x,tra_UL_y,tra_LL_x,tra_LL_y,tra_LR_x,tra_LR_y,tra_UR_x,tra_UR_y,cor_UL_x,cor_UL_y,cor_LL_x,cor_LL_y,cor_LR_x,cor_LR_y,cor_UR_x,cor_UR_y,Dirty,h_par_cor,h_orth_cor,h_par_tra,h_orth_tra
./data/train/PICAI/10548/,13,0,0.392857134342,0.392857134342,3.299999999999983,139.7311393529037,73.40523739756551,479.38565074988355,358.04327576854485,342.26886064709623,520.5947626024345,3.6020375907116033,236.11315869649542,321.50158079607496,89.90964594722331,460.0448683395798,206.01200370380698,185.49841920392498,533.0903540527768,46.95513166042011,416.98799629619305,True,,,,
./data/train/PICAI/10548/,14,0,0.392857134342,0.392857134342,3.299999999999983,139.7311393529037,73.40523739756551,479.38565074988355,358.04327576854485,342.26886064709623,520.5947626024345,3.6020375907116033,236.11315869649542,321.50158079607496,89.90964594722331,460.0448683395798,206.01200370380698,185.49841920392498,533.0903540527768,46.95513166042011,416.98799629619305,True,,,,
./data/train/PICAI/10548/,15,0,0.392857134342,0.392857134342,3.299999999999983,139.7311393529037,73.40523739756551,479.38565074988355,358.04327576854485,342.26886064709623,520.5947626024345,3.6020375907116033,236.11315869649542,321.50158079607496,89.90964594722331,460.0448683395798,206.01200370380698,185.49841920392498,533.0903540527768,46.95513166042011,416.98799629619305,True,,,,
./data/train/PICAI/10548/,-1,0,-1.0,-1.0,-1.0,-1.0,-1.0,-1.0,-1.0,-1.0,-1.0,-1.0,-1.0,-1.0,-1.0,-1.0,-1.0,-1.0,-1.0,-1.0,-1.0,False,80.0,60.0,30.0,160.0
