path,curFrame,Deleted,pixelSpacingX,pixelSpacingY,pixelSpacingZ,tra_UL_x,tra_UL_y,tra_LL_x,tra_LL_y,tra_LR_x,tra_LR_y,tra_UR_x,tra_UR_y,cor_UL_x,cor_UL_y,cor_LL_x,cor_LL_y,cor_LR_x,cor_LR_y,cor_UR_x,cor_UR_y,Dirty,h_par_cor,h_orth_cor,h_par_tra,h_orth_tra
./data/train/PICAI/11252/,8,0,-1.0,-1.0,-1.0,-1.0,-1.0,-1.0,-1.0,-1.0,-1.0,-1.0,-1.0,-1.0,-1.0,-1.0,-1.0,-1.0,-1.0,-1.0,-1.0,True,80.0,60.0,30.0,160.0
./data/train/PICAI/11252/,9,0,0.5625,0.5625,3.6,31.33282476886449,54.96064073516533,288.48059836663606,118.4824679578554,257.6671752311356,244.03935926483467,0.5019492269267118,179.51768434698823,140.57685699240255,18.335313689132647,244.0498369737548,44.53345129047143,181.42314300759745,295.6646863108673,77.95016302624519,269.4665487095285,True,,,,
./data/train/PICAI/11252/,10,0,0.5625,0.5625,3.6,31.33282476886449,54.96064073516533,288.48059836663606,118.4824679578554,257.6671752311356,244.03935926483467,0.5019492269267118,179.51768434698823,140.57685699240255,18.335313689132647,244.0498369737548,44.53345129047143,181.42314300759745,295.6646863108673,77.95016302624519,269.4665487095285,True,,,,
./data/train/PICAI/11252/,11,0,0.5625,0.5625,3.6,26.540108679721484,61.012915972396925,286.6599457608371,110.9896141115689,262.45989132027853,237.9870840276031,2.270297765418832,187.01282183817128,133.34769724488973,19.594213541278634,238.0499756864872,40.34109015290883,188.65230275511027,294.4057864587213,83.95002431351283,273.65890984709114,True,,,,
