path,curFrame,Deleted,pixelSpacingX,pixelSpacingY,pixelSpacingZ,tra_UL_x,tra_UL_y,tra_LL_x,tra_LL_y,tra_LR_x,tra_LR_y,tra_UR_x,tra_UR_y,cor_UL_x,cor_UL_y,cor_LL_x,cor_LL_y,cor_LR_x,cor_LR_y,cor_UR_x,cor_UR_y,Dirty
./data/train/PICAI/10757/,9,0,0.5625,0.5625,3.6000000635782774,37.134852169454405,43.30683681582279,282.27361924566907,136.12377964606986,235.8651478305456,258.69316318417725,-8.281073094027875,165.75435101052497,144.81903034954053,19.093629275732525,240.8685892889428,54.653188153006255,147.18096965045947,300.9063707242675,52.12395686269855,265.22494250358864,True
./data/train/PICAI/10757/,8,0,0.5625,0.5625,3.6000000635782774,37.134852169454405,43.30683681582279,282.27361924566907,136.12377964606986,235.8651478305456,258.69316318417725,-8.281073094027875,165.75435101052497,144.81903034954053,19.093629275732525,240.8685892889428,54.653188153006255,147.18096965045947,300.9063707242675,52.12395686269855,265.22494250358864,True
./data/train/PICAI/10757/,10,0,0.5625,0.5625,3.6000000635782774,37.134852169454405,43.30683681582279,282.27361924566907,136.12377964606986,235.8651478305456,258.69316318417725,-8.281073094027875,165.75435101052497,144.81903034954053,19.093629275732525,240.8685892889428,54.653188153006255,147.18096965045947,300.9063707242675,52.12395686269855,265.22494250358864,True
