path,curFrame,Deleted,pixelSpacingX,pixelSpacingY,pixelSpacingZ,tra_UL_x,tra_UL_y,tra_LL_x,tra_LL_y,tra_LR_x,tra_LR_y,tra_UR_x,tra_UR_y,cor_UL_x,cor_UL_y,cor_LL_x,cor_LL_y,cor_LR_x,cor_LR_y,cor_UR_x,cor_UR_y,Dirty,h_par_cor,h_orth_cor,h_par_tra,h_orth_tra
./data/train/PICAI/10638/,-1,0,-1.0,-1.0,-1.0,-1.0,-1.0,-1.0,-1.0,-1.0,-1.0,-1.0,-1.0,-1.0,-1.0,-1.0,-1.0,-1.0,-1.0,-1.0,-1.0,False,80.0,60.0,30.0,160.0
./data/train/PICAI/10638/,10,0,0.5625,0.5625,3.5999998251597,45.67614064020276,30.476177814717403,275.3875294933421,170.02788088982078,207.32385935979724,282.52382218528265,-21.39133479525045,143.0592748529269,154.34377040394733,25.2811766843272,248.69641412039488,82.72313542284091,112.65622959605273,306.7188233156728,19.299780577696865,249.3640203199068,True,,,,
./data/train/PICAI/10638/,9,0,0.5625,0.5625,3.5999998251597,37.082046056008295,36.42115293495618,275.96850422266186,159.6090586099521,215.9179539439917,276.5788470650438,-21.968656527505544,153.4083937964852,144.4769471229236,24.16997274250932,242.60670102797943,74.89029804246358,122.52305287707642,307.8300272574907,25.39314666717695,257.12715436397366,True,,,,
./data/train/PICAI/10638/,11,0,0.5625,0.5625,3.5999998251597,47.88786947101991,29.08480100986929,275.128759125923,172.62426620619834,205.1121305289801,283.9151989901308,-21.134237230554845,140.48026225706934,154.79647789463715,25.666382795480217,248.1322508359812,84.74627353202332,108.2035221053629,306.3336172045198,15.862271059387083,247.35825493124432,True,,,,
