path,curFrame,Deleted,pixelSpacingX,pixelSpacingY,pixelSpacingZ,tra_UL_x,tra_UL_y,tra_LL_x,tra_LL_y,tra_LR_x,tra_LR_y,tra_UR_x,tra_UR_y,cor_UL_x,cor_UL_y,cor_LL_x,cor_LL_y,cor_LR_x,cor_LR_y,cor_UR_x,cor_UR_y,Dirty,h_par_cor,h_orth_cor,h_par_tra,h_orth_tra
./data/train/PICAI/10615/,16,0,0.254629641771,0.254629641771,3.300000031705311,-20.14037023086189,164.37129196128328,682.6930567833153,178.6951835940538,675.1403702308619,577.6287080387168,-27.693056783315345,563.3048164059462,200.94678319492448,42.904985139059306,522.9498572037073,49.15161053957854,508.05321680507546,755.0950148609406,186.05014279629268,748.8483894604215,True,,,,
./data/train/PICAI/10615/,15,0,0.254629641771,0.254629641771,3.300000031705311,-4.879845714238172,140.62446275053588,695.2423302254219,203.9406436012133,659.8798457142382,601.3755372494642,-40.24233022542211,538.0593563987866,226.16076366806504,33.06108376159841,546.9437118116397,61.75429167421754,482.83923633193496,764.9389162384016,162.05628818836027,736.2457083257825,True,,,,
./data/train/PICAI/10615/,-1,0,-1.0,-1.0,-1.0,-1.0,-1.0,-1.0,-1.0,-1.0,-1.0,-1.0,-1.0,-1.0,-1.0,-1.0,-1.0,-1.0,-1.0,-1.0,-1.0,False,80.0,60.0,30.0,160.0
./data/train/PICAI/10615/,17,0,0.254629641771,0.254629641771,3.300000031705311,-20.14037023086189,164.37129196128328,682.6930567833153,178.6951835940538,675.1403702308619,577.6287080387168,-27.693056783315345,563.3048164059462,200.94678319492448,42.904985139059306,522.9498572037073,49.15161053957854,508.05321680507546,755.0950148609406,186.05014279629268,748.8483894604215,True,,,,
