path,curFrame,Deleted,pixelSpacingX,pixelSpacingY,pixelSpacingZ,tra_UL_x,tra_UL_y,tra_LL_x,tra_LL_y,tra_LR_x,tra_LR_y,tra_UR_x,tra_UR_y,cor_UL_x,cor_UL_y,cor_LL_x,cor_LL_y,cor_LR_x,cor_LR_y,cor_UR_x,cor_UR_y,Dirty,h_par_cor,h_orth_cor,h_par_tra,h_orth_tra
./data/train/PICAI/10569/,14,0,0.254629641771,0.254629641771,3.2999999801554174,181.28230513905388,90.66068429158912,706.3290160556,538.9752517057191,478.7176948609464,804.339315708411,-45.41547059795698,356.4314849373567,487.68128463511664,104.46325049491104,692.0572911900713,279.744304646948,223.3187153648835,828.5367495050887,18.94270880992906,653.2556953530525,True,,,,
./data/train/PICAI/10569/,15,0,0.254629641771,0.254629641771,3.2999999801554174,181.28230513905388,90.66068429158912,706.3290160556,538.9752517057191,478.7176948609464,804.339315708411,-45.41547059795698,356.4314849373567,487.68128463511664,104.46325049491104,692.0572911900713,279.744304646948,223.3187153648835,828.5367495050887,18.94270880992906,653.2556953530525,True,,,,
./data/train/PICAI/10569/,-1,0,-1.0,-1.0,-1.0,-1.0,-1.0,-1.0,-1.0,-1.0,-1.0,-1.0,-1.0,-1.0,-1.0,-1.0,-1.0,-1.0,-1.0,-1.0,-1.0,False,80.0,60.0,30.0,160.0
./data/train/PICAI/10569/,16,0,0.254629641771,0.254629641771,3.2999999801554174,181.28230513905388,90.66068429158912,706.3290160556,538.9752517057191,478.7176948609464,804.339315708411,-45.41547059795698,356.4314849373567,487.68128463511664,104.46325049491104,692.0572911900713,279.744304646948,223.3187153648835,828.5367495050887,18.94270880992906,653.2556953530525,True,,,,
