path,curFrame,Deleted,pixelSpacingX,pixelSpacingY,pixelSpacingZ,tra_UL_x,tra_UL_y,tra_LL_x,tra_LL_y,tra_LR_x,tra_LR_y,tra_UR_x,tra_UR_y,cor_UL_x,cor_UL_y,cor_LL_x,cor_LL_y,cor_LR_x,cor_LR_y,cor_UR_x,cor_UR_y,Dirty
./data/train/PICAI/11086/,7,0,0.5625,0.5625,3.5999999576145,13.639075228441584,82.85387874506691,272.8670310452123,96.03973947004164,266.3609247715584,226.14612125493312,8.11777670779992,212.78661235229143,109.128767626583,28.15056544047431,204.3625003877239,32.682247730706166,191.871232373417,295.8494345595257,96.63749961227606,291.3177522692938,True
./data/train/PICAI/11086/,8,0,0.5625,0.5625,3.5999999576145,13.639075228441584,82.85387874506691,272.8670310452123,96.03973947004164,266.3609247715584,226.14612125493312,8.11777670779992,212.78661235229143,107.128767626583,28.15056544047431,202.3625003877239,32.682247730706166,189.871232373417,295.8494345595257,94.63749961227606,291.3177522692938,True
./data/train/PICAI/11086/,9,0,0.5625,0.5625,3.5999999576145,13.639075228441584,82.85387874506691,272.8670310452123,96.03973947004164,266.3609247715584,226.14612125493312,8.11777670779992,212.78661235229143,107.128767626583,28.15056544047431,202.3625003877239,32.682247730706166,189.871232373417,295.8494345595257,94.63749961227606,291.3177522692938,True
