path,curFrame,Deleted,pixelSpacingX,pixelSpacingY,pixelSpacingZ,tra_UL_x,tra_UL_y,tra_LL_x,tra_LL_y,tra_LR_x,tra_LR_y,tra_UR_x,tra_UR_y,cor_UL_x,cor_UL_y,cor_LL_x,cor_LL_y,cor_LR_x,cor_LR_y,cor_UR_x,cor_UR_y,Dirty
./data/train/PICAI/10419/,11,0,0.5625,0.5625,3.600000034679045,-11.052596081188682,59.2661767960457,239.66544403758155,72.12947182503031,232.05259608118868,219.7338232039544,-18.66544403758155,206.8705281749697,65.15059116083177,11.656400207871798,182.39664336236925,17.432492585452906,168.84940883916823,290.3435997921282,51.60335663763075,284.5675074145471,True
./data/train/PICAI/10419/,10,0,0.5625,0.5625,3.600000034679045,-8.178429475561813,55.07292864718033,241.93795746489548,76.67832111877041,229.1784294755618,223.92707135281967,-20.93795746489548,202.3216788812296,70.04519792123244,9.931766291117924,187.0182442787664,19.79616824147621,163.95480207876756,292.0682337088821,46.98175572123367,282.2038317585238,True
./data/train/PICAI/10419/,12,0,0.5625,0.5625,3.600000034679045,-2.0,47.0,246.0,86.0,223.0,232.0,-25.0,193.0,80.0,7.0,196.0,25.0,154.0,295.0,38.0,277.0,True
