path,curFrame,Deleted,pixelSpacingX,pixelSpacingY,pixelSpacingZ,tra_UL_x,tra_UL_y,tra_LL_x,tra_LL_y,tra_LR_x,tra_LR_y,tra_UR_x,tra_UR_y,cor_UL_x,cor_UL_y,cor_LL_x,cor_LL_y,cor_LR_x,cor_LR_y,cor_UR_x,cor_UR_y,Dirty
./data/train/PICAI/11151/,8,0,0.5625,0.5625,3.5999999576145,64.71400520389192,31.677276926259395,270.46547797421005,192.460769402462,184.28599479610813,304.3227230737406,-21.84008456762605,144.46641445210466,158.49837071245557,34.48563407142754,259.43075405461366,113.01367997142243,100.5016292875445,319.5143659285726,-0.9833313157644454,239.68452958059487,True
./data/train/PICAI/11151/,7,0,0.5625,0.5625,3.5999999576145,64.71400520389192,31.677276926259395,270.46547797421005,192.460769402462,184.28599479610813,304.3227230737406,-21.84008456762605,144.46641445210466,158.49837071245557,34.48563407142754,259.43075405461366,113.01367997142243,100.5016292875445,319.5143659285726,-0.9833313157644454,239.68452958059487,True
./data/train/PICAI/11151/,9,0,0.5625,0.5625,3.5999999576145,64.71400520389192,31.677276926259395,270.46547797421005,192.460769402462,184.28599479610813,304.3227230737406,-21.84008456762605,144.46641445210466,158.49837071245557,34.48563407142754,259.43075405461366,113.01367997142243,100.5016292875445,319.5143659285726,-0.9833313157644454,239.68452958059487,True
