path,curFrame,Deleted,pixelSpacingX,pixelSpacingY,pixelSpacingZ,tra_UL_x,tra_UL_y,tra_LL_x,tra_LL_y,tra_LR_x,tra_LR_y,tra_UR_x,tra_UR_y,cor_UL_x,cor_UL_y,cor_LL_x,cor_LL_y,cor_LR_x,cor_LR_y,cor_UR_x,cor_UR_y,Dirty
./data/train/PICAI/11084/,7,0,0.5625,0.5625,3.5999999576145,54.953571444861495,23.52315549680733,265.1040502145857,179.4903836982976,189.04642855513848,281.4768445031927,-19.86715116283044,124.82399196158104,176.47648395161605,24.11022134448513,254.5796281842252,81.87611838573494,93.52351604838395,298.8897786555148,14.459110119836597,240.8482442584481,True
./data/train/PICAI/11084/,6,0,0.5625,0.5625,3.5999999576145,54.953571444861495,23.52315549680733,265.1040502145857,179.4903836982976,189.04642855513848,281.4768445031927,-19.86715116283044,124.82399196158104,176.47648395161605,24.11022134448513,254.5796281842252,81.87611838573494,93.52351604838395,298.8897786555148,14.459110119836597,240.8482442584481,True
./data/train/PICAI/11084/,8,0,0.5625,0.5625,3.5999999576145,54.953571444861495,23.52315549680733,265.1040502145857,179.4903836982976,189.04642855513848,281.4768445031927,-19.86715116283044,124.82399196158104,176.47648395161605,24.11022134448513,254.5796281842252,81.87611838573494,93.52351604838395,298.8897786555148,14.459110119836597,240.8482442584481,True
