path,curFrame,Deleted,pixelSpacingX,pixelSpacingY,pixelSpacingZ,tra_UL_x,tra_UL_y,tra_LL_x,tra_LL_y,tra_LR_x,tra_LR_y,tra_UR_x,tra_UR_y,cor_UL_x,cor_UL_y,cor_LL_x,cor_LL_y,cor_LR_x,cor_LR_y,cor_UR_x,cor_UR_y,Dirty
./data/train/PICAI/10570/,10,0,0.5625,0.5625,2.999999894036222,-13.161675367540198,99.87443199631562,220.95627137103264,102.4796219922214,219.16167536754023,231.1255680036844,-14.956271371032656,228.52037800777865,57.95863792986489,47.03799742180016,174.4266025113201,47.82938286890419,173.04159291388152,295.8940553807615,55.57737806939011,295.19856522808243,True
./data/train/PICAI/10570/,9,0,0.5625,0.5625,2.999999894036222,-13.161675367540198,99.87443199631562,220.95627137103264,102.4796219922214,219.16167536754023,231.1255680036844,-14.956271371032656,228.52037800777865,57.95863792986489,47.03799742180016,174.4266025113201,47.82938286890419,173.04159291388152,295.8940553807615,55.57737806939011,295.19856522808243,True
./data/train/PICAI/10570/,11,0,0.5625,0.5625,2.999999894036222,-13.161675367540198,99.87443199631562,220.95627137103264,102.4796219922214,219.16167536754023,231.1255680036844,-14.956271371032656,228.52037800777865,57.95863792986489,47.03799742180016,174.4266025113201,47.82938286890419,173.04159291388152,295.8940553807615,55.57737806939011,295.19856522808243,True
