path,curFrame,Deleted,pixelSpacingX,pixelSpacingY,pixelSpacingZ,tra_UL_x,tra_UL_y,tra_LL_x,tra_LL_y,tra_LR_x,tra_LR_y,tra_UR_x,tra_UR_y,cor_UL_x,cor_UL_y,cor_LL_x,cor_LL_y,cor_LR_x,cor_LR_y,cor_UR_x,cor_UR_y,Dirty
./data/train/PICAI/10467/,9,0,0.5625,0.5625,3.5999999576145,43.5827488829423,54.983597461848376,289.6267499714186,166.8779651859386,228.41725111705767,302.0164025381516,-16.63222807605024,190.01750635079367,141.17185288140126,38.39080796069772,251.1578179382186,88.19997877364264,140.36250057276433,335.1339732942196,30.37653551594698,285.32480248127456,True
./data/train/PICAI/10467/,8,0,0.5625,0.5625,3.5999999576145,43.5827488829423,54.983597461848376,289.6267499714186,166.8779651859386,228.41725111705767,302.0164025381516,-16.63222807605024,190.01750635079367,141.17185288140126,38.39080796069772,251.1578179382186,88.19997877364264,140.36250057276433,335.1339732942196,30.37653551594698,285.32480248127456,True
./data/train/PICAI/10467/,10,0,0.5625,0.5625,3.5999999576145,43.5827488829423,54.983597461848376,289.6267499714186,166.8779651859386,228.41725111705767,302.0164025381516,-16.63222807605024,190.01750635079367,141.17185288140126,38.39080796069772,251.1578179382186,88.19997877364264,140.36250057276433,335.1339732942196,30.37653551594698,285.32480248127456,True
