path,curFrame,Deleted,pixelSpacingX,pixelSpacingY,pixelSpacingZ,tra_UL_x,tra_UL_y,tra_LL_x,tra_LL_y,tra_LR_x,tra_LR_y,tra_UR_x,tra_UR_y,cor_UL_x,cor_UL_y,cor_LL_x,cor_LL_y,cor_LR_x,cor_LR_y,cor_UR_x,cor_UR_y,Dirty
./data/train/PICAI/11259/,9,0,0.5625,0.5625,3.60000004172325,82.2376285966604,26.734277548366062,284.1295595467556,188.3778614520957,200.7623714033396,291.265722451634,0.8110319057963693,130.10598233910366,184.0664308689672,33.551185438484026,273.36493541288667,105.28525744209722,112.93356913103284,306.448814561516,23.635064587113234,234.7147425579028,True
./data/train/PICAI/11259/,8,0,0.5625,0.5625,3.60000004172325,82.2376285966604,26.734277548366062,284.1295595467556,188.3778614520957,200.7623714033396,291.265722451634,0.8110319057963693,130.10598233910366,184.0664308689672,33.551185438484026,273.36493541288667,105.28525744209722,112.93356913103284,306.448814561516,23.635064587113234,234.7147425579028,True
./data/train/PICAI/11259/,10,0,0.5625,0.5625,3.60000004172325,82.2376285966604,26.734277548366062,284.1295595467556,188.3778614520957,200.7623714033396,291.265722451634,0.8110319057963693,130.10598233910366,184.0664308689672,33.551185438484026,273.36493541288667,105.28525744209722,112.93356913103284,306.448814561516,23.635064587113234,234.7147425579028,True
