path,curFrame,Deleted,pixelSpacingX,pixelSpacingY,pixelSpacingZ,tra_UL_x,tra_UL_y,tra_LL_x,tra_LL_y,tra_LR_x,tra_LR_y,tra_UR_x,tra_UR_y,cor_UL_x,cor_UL_y,cor_LL_x,cor_LL_y,cor_LR_x,cor_LR_y,cor_UR_x,cor_UR_y,Dirty,h_par_cor,h_orth_cor,h_par_tra,h_orth_tra
./data/train/PICAI/10139/,16,0,0.392857134342,0.392857134342,3.2999998728434066,115.30621215409872,105.52633983954354,484.7594221221677,311.51013931001165,384.6937878459013,491.47366016045646,14.244383179740597,285.4027049472408,290.964189941505,86.74487421542094,439.3606218961372,168.99144850963842,231.03581005849497,542.2551257845789,82.72653384661047,459.01235679226994,True,,,,
./data/train/PICAI/10139/,15,0,0.392857134342,0.392857134342,3.2999998728434066,115.30621215409872,105.52633983954354,484.7594221221677,311.51013931001165,384.6937878459013,491.47366016045646,14.244383179740597,285.4027049472408,290.964189941505,86.74487421542094,439.3606218961372,168.99144850963842,231.03581005849497,542.2551257845789,82.72653384661047,459.01235679226994,True,,,,
./data/train/PICAI/10139/,-1,0,-1.0,-1.0,-1.0,-1.0,-1.0,-1.0,-1.0,-1.0,-1.0,-1.0,-1.0,-1.0,-1.0,-1.0,-1.0,-1.0,-1.0,-1.0,-1.0,False,80.0,60.0,30.0,160.0
./data/train/PICAI/10139/,17,0,0.392857134342,0.392857134342,3.2999998728434066,102.17315739331455,115.39217765224151,485.0951014100316,295.1024577990887,397.82684260668543,481.60782234775854,13.905050894811978,301.88008979447403,275.0038042289205,85.20947802598096,428.7759809339887,156.90409198955098,246.9961957710795,543.7905219740189,93.24147147244864,471.0960603152928,True,,,,
