path,curFrame,Deleted,pixelSpacingX,pixelSpacingY,pixelSpacingZ,tra_UL_x,tra_UL_y,tra_LL_x,tra_LL_y,tra_LR_x,tra_LR_y,tra_UR_x,tra_UR_y,cor_UL_x,cor_UL_y,cor_LL_x,cor_LL_y,cor_LR_x,cor_LR_y,cor_UR_x,cor_UR_y,Dirty
./data/train/PICAI/11110/,9,0,0.5625,0.5625,3.6000000635782774,-19.288338533159774,115.9804689387715,247.5439478925677,74.73085171850431,269.2883385331598,212.0195310612285,1.468363766837243,253.4255827465359,60.25177538645819,42.36881014819889,170.04161565755876,25.992272869328445,212.74822461354185,295.631189851801,101.97069600184612,312.1641615957116,True
./data/train/PICAI/11110/,8,0,0.5625,0.5625,3.6000000635782774,-13.478504128873569,101.16128665997718,256.2038062111044,88.02920800913695,263.4785041288736,226.8387133400228,-7.202435745858907,240.023127947106,73.90603481583781,35.09239931010666,184.8062491298385,30.28173770189452,199.09396518416224,302.90760068989323,87.19512133540695,307.7705982543482,True
./data/train/PICAI/11110/,10,0,0.5625,0.5625,3.6000000635782774,-19.288338533159774,115.9804689387715,247.5439478925677,74.73085171850431,269.2883385331598,212.0195310612285,1.468363766837243,253.4255827465359,60.25177538645819,42.36881014819889,170.04161565755876,25.992272869328445,212.74822461354185,295.631189851801,101.97069600184612,312.1641615957116,True
