path,curFrame,Deleted,pixelSpacingX,pixelSpacingY,pixelSpacingZ,tra_UL_x,tra_UL_y,tra_LL_x,tra_LL_y,tra_LR_x,tra_LR_y,tra_UR_x,tra_UR_y,cor_UL_x,cor_UL_y,cor_LL_x,cor_LL_y,cor_LR_x,cor_LR_y,cor_UR_x,cor_UR_y,Dirty,h_par_cor,h_orth_cor,h_par_tra,h_orth_tra
./data/train/PICAI/10522/,-1,0,-1.0,-1.0,-1.0,-1.0,-1.0,-1.0,-1.0,-1.0,-1.0,-1.0,-1.0,-1.0,-1.0,-1.0,-1.0,-1.0,-1.0,-1.0,-1.0,False,80.0,60.0,30.0,160.0
./data/train/PICAI/10522/,15,0,0.39285713434219,0.39285713434219,3.299999872843393,118.03606362530672,98.67391434003764,441.91597264636425,379.0269142036245,299.9639363746932,542.326085659962,-23.017178600064994,262.41145694316464,317.78116678685296,118.80028335482363,442.2778319832796,226.25064563885212,171.21883321314706,540.1997166451765,47.160539163509526,431.8505603148488,True,,,,
./data/train/PICAI/10522/,14,0,0.39285713434219,0.39285713434219,3.299999872843393,162.03373989428604,85.39274700323963,426.4691885071409,422.3940726933905,255.96626010571384,555.60725299676,-7.670552997093608,219.2077423297616,356.6381866119258,136.654136410995,458.3450017370597,265.8854165141573,132.36181338807418,522.345863589005,31.25681328609244,392.3159479757954,True,,,,
./data/train/PICAI/10522/,16,0,0.39285713434219,0.39285713434219,3.299999872843393,99.04879160947604,107.44605900508728,446.1306137293354,358.50423703153405,318.95120839052385,533.5539409949124,-27.197033302838065,282.85413091801126,299.1386195221084,113.21518486791902,432.5264534542612,209.40606675850444,189.8613804778917,545.7848151320811,56.831914495284224,448.6603528149985,True,,,,
