path,curFrame,Deleted,pixelSpacingX,pixelSpacingY,pixelSpacingZ,tra_UL_x,tra_UL_y,tra_LL_x,tra_LL_y,tra_LR_x,tra_LR_y,tra_UR_x,tra_UR_y,cor_UL_x,cor_UL_y,cor_LL_x,cor_LL_y,cor_LR_x,cor_LR_y,cor_UR_x,cor_UR_y,Dirty
./data/train/PICAI/10685/,9,0,0.5625,0.5625,3.5999997947527707,78.92660493229911,10.127309918343087,282.2681422905246,185.1422212396174,198.0733950677008,282.87269008165697,-4.286515107076752,108.04858775575916,199.54015243197264,23.36997842656916,272.83800406350235,86.51603884368677,96.45984756802731,291.6300215734309,23.161995936497647,228.48396115631328,True
./data/train/PICAI/10685/,8,0,0.5625,0.5625,3.5999997947527707,78.92660493229911,10.127309918343087,282.2681422905246,185.1422212396174,198.0733950677008,282.87269008165697,-4.286515107076752,108.04858775575916,199.54015243197264,23.36997842656916,272.83800406350235,86.51603884368677,96.45984756802731,291.6300215734309,23.161995936497647,228.48396115631328,True
./data/train/PICAI/10685/,10,0,0.5625,0.5625,3.5999997947527707,78.92660493229911,10.127309918343087,282.2681422905246,185.1422212396174,198.0733950677008,282.87269008165697,-4.286515107076752,108.04858775575916,199.54015243197264,23.36997842656916,272.83800406350235,86.51603884368677,96.45984756802731,291.6300215734309,23.161995936497647,228.48396115631328,True
