path,curFrame,Deleted,pixelSpacingX,pixelSpacingY,pixelSpacingZ,tra_UL_x,tra_UL_y,tra_LL_x,tra_LL_y,tra_LR_x,tra_LR_y,tra_UR_x,tra_UR_y,cor_UL_x,cor_UL_y,cor_LL_x,cor_LL_y,cor_LR_x,cor_LR_y,cor_UR_x,cor_UR_y,Dirty
./data/train/PICAI/10260/,9,0,0.5625,0.5625,3.599999957614445,13.33680633593208,70.40284469187505,273.3819933466077,101.0051438307104,256.663193664068,243.5971553081249,-2.403845745873923,212.78694447847187,101.1862108691288,27.3407444475516,212.3546774163516,40.51541884728603,181.8137891308712,305.6592555524485,69.66717498291463,292.6924928435318,True
./data/train/PICAI/10260/,10,0,0.5625,0.5625,3.599999957614445,16.433117402404633,66.20961311301707,275.25188707345444,105.8687163046438,253.5668825975954,247.7903868869829,-4.267079320442235,207.95763551768928,108.06735692050036,26.01858555523876,218.7083131358039,43.064957830983545,178.9326430794996,306.9814144447613,67.30687911118386,290.10869034668343,True
./data/train/PICAI/10260/,11,0,0.5625,0.5625,3.599999957614445,28.38146180306417,52.43668275753416,280.4378067466059,123.34224652866828,241.61853819693584,261.5633172424658,-9.43917721185133,190.6054175150888,125.45184420797158,22.74755976851497,233.1906693167024,53.15061165792754,161.5481557920284,310.252440231485,52.81070114854299,279.9017242983154,True
