path,curFrame,Deleted,pixelSpacingX,pixelSpacingY,pixelSpacingZ,tra_UL_x,tra_UL_y,tra_LL_x,tra_LL_y,tra_LR_x,tra_LR_y,tra_UR_x,tra_UR_y,cor_UL_x,cor_UL_y,cor_LL_x,cor_LL_y,cor_LR_x,cor_LR_y,cor_UR_x,cor_UR_y,Dirty
./data/train/PICAI/10172/,9,0,0.5625,0.5625,3.6000001231829497,73.37533311446761,20.541103693206907,304.46901078702297,179.05202489352382,221.6246668855324,299.4588963067931,-8.49086318628926,141.15588679729396,172.46967500664596,24.1004071850536,280.4299501545485,98.16510181069285,131.53032499335404,312.8995928149464,24.54819744618527,239.0428098801249,True
./data/train/PICAI/10172/,10,0,0.5625,0.5625,3.6000001231829497,73.37533311446761,20.541103693206907,304.46901078702297,179.05202489352382,221.6246668855324,299.4588963067931,-8.49086318628926,141.15588679729396,172.46967500664596,24.1004071850536,280.4299501545485,98.16510181069285,131.53032499335404,312.8995928149464,24.54819744618527,239.0428098801249,True
./data/train/PICAI/10172/,11,0,0.5625,0.5625,3.6000001231829497,73.37533311446761,20.541103693206907,304.46901078702297,179.05202489352382,221.6246668855324,299.4588963067931,-8.49086318628926,141.15588679729396,172.46967500664596,24.1004071850536,280.4299501545485,98.16510181069285,131.53032499335404,312.8995928149464,24.54819744618527,239.0428098801249,True
