path,curFrame,Deleted,pixelSpacingX,pixelSpacingY,pixelSpacingZ,tra_UL_x,tra_UL_y,tra_LL_x,tra_LL_y,tra_LR_x,tra_LR_y,tra_UR_x,tra_UR_y,cor_UL_x,cor_UL_y,cor_LL_x,cor_LL_y,cor_LR_x,cor_LR_y,cor_UR_x,cor_UR_y,Dirty
./data/train/PICAI/10052/,10,0,0.5625,0.5625,3.6000000635782783,33.0,49.0,296.0,123.0,256.0,266.0,-6.0,192.0,121.14814392114327,17.92148029792012,250.0,54.0,178.0,311.0,49.15623355134706,273.892995262788,True
./data/train/PICAI/10052/,9,0,0.5625,0.5625,3.6000000635782783,36.854518179592176,45.17480138609925,297.11174292962926,128.3082902182701,252.14548182040784,269.82519861390074,-7.112352102610203,186.7266092784324,126.27960664442033,17.018697473785522,253.7938474746406,57.57210404280707,172.86853727672295,311.9027828241346,45.39827475881448,270.3218000692982,True
./data/train/PICAI/10052/,11,0,0.5625,0.5625,3.6000000635782783,33.0,49.0,296.0,123.0,256.0,266.0,-6.0,192.0,121.14814392114327,17.92148029792012,250.0,54.0,178.0,311.0,49.15623355134706,273.892995262788,True
