path,curFrame,Deleted,pixelSpacingX,pixelSpacingY,pixelSpacingZ,tra_UL_x,tra_UL_y,tra_LL_x,tra_LL_y,tra_LR_x,tra_LR_y,tra_UR_x,tra_UR_y,cor_UL_x,cor_UL_y,cor_LL_x,cor_LL_y,cor_LR_x,cor_LR_y,cor_UR_x,cor_UR_y,Dirty
./data/train/PICAI/10472/,10,0,0.39285713434219,0.39285713434219,3.2999998960151533,11.032321736188408,244.8788640157176,452.8692352088117,260.37537630029067,445.96767826381154,460.1211359842825,4.130764791188369,444.6246236997093,187.7297536027299,123.50195868912178,343.21750967015583,129.29486064899422,327.27024639727034,576.4980413108785,172.074862034567,571.661444106969,True
./data/train/PICAI/10472/,9,0,0.39285713434219,0.39285713434219,3.2999998960151533,11.032321736188408,244.8788640157176,452.8692352088117,260.37537630029067,445.96767826381154,460.1211359842825,4.130764791188369,444.6246236997093,187.7297536027299,123.50195868912178,343.21750967015583,129.29486064899422,327.27024639727034,576.4980413108785,172.074862034567,571.661444106969,True
./data/train/PICAI/10472/,11,0,0.39285713434219,0.39285713434219,3.2999998960151533,11.032321736188408,244.8788640157176,452.8692352088117,260.37537630029067,445.96767826381154,460.1211359842825,4.130764791188369,444.6246236997093,187.7297536027299,123.50195868912178,343.21750967015583,129.29486064899422,327.27024639727034,576.4980413108785,172.074862034567,571.661444106969,True
