path,curFrame,Deleted,pixelSpacingX,pixelSpacingY,pixelSpacingZ,tra_UL_x,tra_UL_y,tra_LL_x,tra_LL_y,tra_LR_x,tra_LR_y,tra_UR_x,tra_UR_y,cor_UL_x,cor_UL_y,cor_LL_x,cor_LL_y,cor_LR_x,cor_LR_y,cor_UR_x,cor_UR_y,Dirty
./data/train/PICAI/11406/,15,0,0.254629641771,0.254629641771,3.2999999035222647,177.61352727482642,102.78630190988662,716.7965477882146,500.7456847494673,497.3864727251738,798.2136980901132,-40.4947573402319,399.7017379893819,426.7843114252933,80.4754808939135,700.7892294949743,284.0625806989586,285.4759684643647,847.511686840872,10.516933568061972,643.5862620556461,True
./data/train/PICAI/11406/,14,0,0.254629641771,0.254629641771,3.2999999035222647,177.61352727482642,102.78630190988662,716.7965477882146,500.7456847494673,497.3864727251738,798.2136980901132,-40.4947573402319,399.7017379893819,426.7843114252933,80.4754808939135,700.7892294949743,284.0625806989586,285.4759684643647,847.511686840872,10.516933568061972,643.5862620556461,True
./data/train/PICAI/11406/,16,0,0.254629641771,0.254629641771,3.2999999035222647,177.61352727482642,102.78630190988662,716.7965477882146,500.7456847494673,497.3864727251738,798.2136980901132,-40.4947573402319,399.7017379893819,426.7843114252933,80.4754808939135,700.7892294949743,284.0625806989586,285.4759684643647,847.511686840872,10.516933568061972,643.5862620556461,True
