path,curFrame,Deleted,pixelSpacingX,pixelSpacingY,pixelSpacingZ,tra_UL_x,tra_UL_y,tra_LL_x,tra_LL_y,tra_LR_x,tra_LR_y,tra_UR_x,tra_UR_y,cor_UL_x,cor_UL_y,cor_LL_x,cor_LL_y,cor_LR_x,cor_LR_y,cor_UR_x,cor_UR_y,Dirty
./data/train/PICAI/10460/,11,0,0.5625,0.5625,3.0,38.0653217406918,31.554692801277312,295.35631029678825,115.44955085483548,244.93467825930816,273.4453071987226,-12.269154554040597,190.54664384325628,124.73538634433989,12.19039874024233,249.7198876935717,52.4504834704548,165.26461365566013,314.80960125975764,40.28011230642829,274.5495165295452,True
