path,curFrame,Deleted,pixelSpacingX,pixelSpacingY,pixelSpacingZ,tra_UL_x,tra_UL_y,tra_LL_x,tra_LL_y,tra_LR_x,tra_LR_y,tra_UR_x,tra_UR_y,cor_UL_x,cor_UL_y,cor_LL_x,cor_LL_y,cor_LR_x,cor_LR_y,cor_UR_x,cor_UR_y,Dirty
./data/train/PICAI/10173/,15,0,0.392857134342,0.392857134342,3.299999872843397,42.18064381669871,134.39924565843,429.6066091530212,277.6826061132249,359.8193561833013,468.60075434156994,-27.60660915302131,325.31739388677505,223.55581475311087,81.11655578436122,363.3314490653276,132.53417973391254,209.44418524688905,548.8834442156389,68.67600478303106,497.3439509226822,True
./data/train/PICAI/10173/,14,0,0.392857134342,0.392857134342,3.299999872843397,36.44566005220116,140.0437545204761,428.6361331240554,269.71885942375053,365.5543399477989,462.9562454795239,-26.636133124055448,333.28114057624947,219.38910205123184,81.01278687554858,360.8740380211145,127.5209893090784,221.61089794876816,548.9872131244515,79.12976728079369,502.3918549481739,True
./data/train/PICAI/10173/,16,0,0.392857134342,0.392857134342,3.299999872843397,36.44566005220116,140.0437545204761,428.6361331240554,269.71885942375053,365.5543399477989,462.9562454795239,-26.636133124055448,333.28114057624947,219.38910205123184,81.01278687554858,360.8740380211145,127.5209893090784,221.61089794876816,548.9872131244515,79.12976728079369,502.3918549481739,True
