path,curFrame,Deleted,pixelSpacingX,pixelSpacingY,pixelSpacingZ,tra_UL_x,tra_UL_y,tra_LL_x,tra_LL_y,tra_LR_x,tra_LR_y,tra_UR_x,tra_UR_y,cor_UL_x,cor_UL_y,cor_LL_x,cor_LL_y,cor_LR_x,cor_LR_y,cor_UR_x,cor_UR_y,Dirty
./data/train/PICAI/10255/,9,0,0.5625,0.5625,3.5999999523163,66.38589167440978,19.06949933220673,299.63413582293686,162.93143523475584,218.61410832559025,293.9305006677933,-13.504694653235164,149.2174697974626,164.77571976808346,16.893365353665757,273.5392556618838,83.68028967181348,131.22428023191654,313.10663464633427,23.45101240685767,246.45888342914657,True
./data/train/PICAI/10255/,8,0,0.5625,0.5625,3.5999999523163,71.22851363754604,16.49687420744297,299.3139601002481,168.41141963318532,213.771486362454,296.50312579255706,-13.1555041695689,143.77742079146935,169.93434746032378,17.56905209051328,276.3007975017386,88.1110842811667,126.06565253967622,312.43094790948675,20.68401025127349,242.0625638965002,True
./data/train/PICAI/10255/,10,0,0.5625,0.5625,3.5999999523163,66.38589167440978,19.06949933220673,299.63413582293686,162.93143523475584,218.61410832559025,293.9305006677933,-13.504694653235164,149.2174697974626,164.77571976808346,16.893365353665757,273.5392556618838,83.68028967181348,131.22428023191654,313.10663464633427,23.45101240685767,246.45888342914657,True
