path,curFrame,Deleted,pixelSpacingX,pixelSpacingY,pixelSpacingZ,tra_UL_x,tra_UL_y,tra_LL_x,tra_LL_y,tra_LR_x,tra_LR_y,tra_UR_x,tra_UR_y,cor_UL_x,cor_UL_y,cor_LL_x,cor_LL_y,cor_LR_x,cor_LR_y,cor_UR_x,cor_UR_y,Dirty
./data/train/PICAI/10170/,11,0,0.5625,0.5625,3.600000034679045,46.85241851671486,73.05395654255237,293.84538365592914,196.44956088784045,232.1475814832852,319.9460434574477,-13.072938284410412,197.9136842863603,160.35774276855167,58.87897813231294,260.64920871960305,108.93516513640964,144.64225723144833,344.121021867687,43.36916409694929,293.8740258682138,True
./data/train/PICAI/10170/,10,0,0.5625,0.5625,3.600000034679045,34.45632644287775,83.41451620289746,292.99459117195534,180.3163514325637,244.54367355712225,309.58548379710254,-12.089357518519565,213.8541547510233,145.4067409860046,58.838913236438685,250.3810960974833,98.13757439593807,159.5932590139954,344.16108676356123,53.62270920442488,304.7752698613142,True
./data/train/PICAI/10170/,12,0,0.5625,0.5625,3.600000034679045,34.45632644287775,83.41451620289746,292.99459117195534,180.3163514325637,244.54367355712225,309.58548379710254,-12.089357518519565,213.8541547510233,145.4067409860046,58.838913236438685,250.3810960974833,98.13757439593807,159.5932590139954,344.16108676356123,53.62270920442488,304.7752698613142,True
