path,curFrame,Deleted,pixelSpacingX,pixelSpacingY,pixelSpacingZ,tra_UL_x,tra_UL_y,tra_LL_x,tra_LL_y,tra_LR_x,tra_LR_y,tra_UR_x,tra_UR_y,cor_UL_x,cor_UL_y,cor_LL_x,cor_LL_y,cor_LR_x,cor_LR_y,cor_UR_x,cor_UR_y,Dirty,h_par_cor,h_orth_cor,h_par_tra,h_orth_tra
./data/train/PICAI/10725/,10,0,0.5625,0.5625,3.6000000635782783,38.08145447127095,46.57742286633372,273.8626536787164,158.2968307608395,213.91854552872903,284.4225771336663,-20.865089628456573,172.77292571290465,140.98370156950054,32.1041931547407,240.8727833227533,80.18923601103839,128.01629843049946,317.8958068452593,28.057460203502583,270.8083280392214,True,,,,
./data/train/PICAI/10725/,9,0,0.5625,0.5625,3.6000000635782783,38.08145447127095,46.57742286633372,273.8626536787164,158.2968307608395,213.91854552872903,284.4225771336663,-20.865089628456573,172.77292571290465,140.98370156950054,32.1041931547407,240.8727833227533,80.18923601103839,128.01629843049946,317.8958068452593,28.057460203502583,270.8083280392214,True,,,,
./data/train/PICAI/10725/,-1,0,-1.0,-1.0,-1.0,-1.0,-1.0,-1.0,-1.0,-1.0,-1.0,-1.0,-1.0,-1.0,-1.0,-1.0,-1.0,-1.0,-1.0,-1.0,-1.0,False,80.0,60.0,30.0,160.0
./data/train/PICAI/10725/,11,0,0.5625,0.5625,3.6000000635782783,38.08145447127095,46.57742286633372,273.8626536787164,158.2968307608395,213.91854552872903,284.4225771336663,-20.865089628456573,172.77292571290465,140.98370156950054,32.1041931547407,240.8727833227533,80.18923601103839,128.01629843049946,317.8958068452593,28.057460203502583,270.8083280392214,True,,,,
