path,curFrame,Deleted,pixelSpacingX,pixelSpacingY,pixelSpacingZ,tra_UL_x,tra_UL_y,tra_LL_x,tra_LL_y,tra_LR_x,tra_LR_y,tra_UR_x,tra_UR_y,cor_UL_x,cor_UL_y,cor_LL_x,cor_LL_y,cor_LR_x,cor_LR_y,cor_UR_x,cor_UR_y,Dirty,h_par_cor,h_orth_cor,h_par_tra,h_orth_tra
./data/train/PICAI/10867/,14,0,0.392857134342,0.392857134342,3.2999998777803814,48.261990884853816,75.5386235057289,472.6897593713624,181.7557094079644,419.73800911514616,395.4613764942711,-3.695237475994105,289.139762128768,215.240227229513,13.555391409246823,394.8723302094548,58.02231820887633,288.7597727704871,483.4446085907532,109.1276697905452,438.9776817911237,True,,,,
./data/train/PICAI/10867/,15,0,0.392857134342,0.392857134342,3.2999998777803814,65.99999999999991,56.99999999999994,477.0,207.0,402.0,414.00000000000006,-8.000000000000085,264.0,240.0,10.999999999999972,414.0,73.99999999999991,264.0,486.0,89.99999999999997,423.00000000000006,True,,,,
./data/train/PICAI/10867/,-1,0,-1.0,-1.0,-1.0,-1.0,-1.0,-1.0,-1.0,-1.0,-1.0,-1.0,-1.0,-1.0,-1.0,-1.0,-1.0,-1.0,-1.0,-1.0,-1.0,False,80.0,60.0,30.0,160.0
./data/train/PICAI/10867/,16,0,0.392857134342,0.392857134342,3.2999998777803814,48.261990884853816,75.5386235057289,472.6897593713624,181.7557094079644,419.73800911514616,395.4613764942711,-3.695237475994105,289.139762128768,215.240227229513,13.555391409246823,394.8723302094548,58.02231820887633,288.7597727704871,483.4446085907532,109.1276697905452,438.9776817911237,True,,,,
