path,curFrame,Deleted,pixelSpacingX,pixelSpacingY,pixelSpacingZ,tra_UL_x,tra_UL_y,tra_LL_x,tra_LL_y,tra_LR_x,tra_LR_y,tra_UR_x,tra_UR_y,cor_UL_x,cor_UL_y,cor_LL_x,cor_LL_y,cor_LR_x,cor_LR_y,cor_UR_x,cor_UR_y,Dirty
./data/train/PICAI/11463/,16,0,0.392857134342,0.392857134342,3.2999998728434,36.94056600021659,160.14522027905764,436.0496851832188,242.2665389787005,394.0594339997834,443.8547797209425,-3.016004032478179,362.6630528549136,215.7942657456505,75.89379941610665,364.9604900257667,106.70674367682392,275.2057342543495,545.1062005838933,125.0401191472142,514.3281558198787,True
./data/train/PICAI/11463/,15,0,0.392857134342,0.392857134342,3.2999998728434,36.94056600021662,160.14522027905767,436.0496851832188,242.2665389787005,394.0594339997834,443.8547797209425,-3.016004032478179,362.6630528549136,215.79426574565048,75.89379941610665,364.9604900257667,106.70674367682396,275.2057342543495,545.1062005838933,125.0401191472142,514.3281558198787,True
./data/train/PICAI/11463/,17,0,0.392857134342,0.392857134342,3.2999998728434,25.25657986626871,176.2475006378774,430.00431288312654,223.2716712070059,405.7434201337314,427.75249936212265,3.102648763561234,381.4771362578251,195.46002736779937,79.3755721716793,346.7441541733004,97.07057080680504,295.53997263220066,541.6244278283207,143.2632996750583,524.0512985366001,True
