path,curFrame,Deleted,pixelSpacingX,pixelSpacingY,pixelSpacingZ,tra_UL_x,tra_UL_y,tra_LL_x,tra_LL_y,tra_LR_x,tra_LR_y,tra_UR_x,tra_UR_y,cor_UL_x,cor_UL_y,cor_LL_x,cor_LL_y,cor_LR_x,cor_LR_y,cor_UR_x,cor_UR_y,Dirty
./data/train/PICAI/10485/,9,0,0.5625,0.5625,3.0,75.40314595504626,10.386246841828608,276.8164494016968,182.2166317995175,196.59685404495377,276.61375315817145,-3.846153675420794,105.02529009608222,192.81869653909428,27.71316607104544,265.86148748804425,90.24116532248472,97.18130346090572,287.2868339289546,25.108808238231703,225.00075657311493,True
./data/train/PICAI/10485/,10,0,0.5625,0.5625,3.0,75.40314595504626,10.386246841828608,276.8164494016968,182.2166317995175,196.59685404495377,276.61375315817145,-3.846153675420794,105.02529009608222,192.81869653909428,27.71316607104544,265.86148748804425,90.24116532248472,97.18130346090572,287.2868339289546,25.108808238231703,225.00075657311493,True
./data/train/PICAI/10485/,11,0,0.5625,0.5625,3.0,75.40314595504626,10.386246841828608,276.8164494016968,182.2166317995175,196.59685404495377,276.61375315817145,-3.846153675420794,105.02529009608222,192.81869653909428,27.71316607104544,265.86148748804425,90.24116532248472,97.18130346090572,287.2868339289546,25.108808238231703,225.00075657311493,True
