path,curFrame,Deleted,pixelSpacingX,pixelSpacingY,pixelSpacingZ,tra_UL_x,tra_UL_y,tra_LL_x,tra_LL_y,tra_LR_x,tra_LR_y,tra_UR_x,tra_UR_y,cor_UL_x,cor_UL_y,cor_LL_x,cor_LL_y,cor_LR_x,cor_LR_y,cor_UR_x,cor_UR_y,Dirty
./data/train/PICAI/10799/,8,0,0.5625,0.5625,3.599999957614445,-29.30380351045386,97.834717867801,243.0138600512891,78.51917717453028,252.30380351045383,210.16528213219905,-19.03223286784143,229.2900138300932,80.97007527464677,28.66889576110023,177.49599283014106,22.130758406323963,197.02992472535325,290.33110423889985,99.71318898178784,298.0416777725003,True
./data/train/PICAI/10799/,9,0,0.5625,0.5625,3.599999957614445,-29.30380351045386,97.834717867801,243.0138600512891,78.51917717453028,252.30380351045383,210.16528213219905,-19.03223286784143,229.2900138300932,80.97007527464677,28.66889576110023,177.49599283014106,22.130758406323963,197.02992472535325,290.33110423889985,99.71318898178784,298.0416777725003,True
./data/train/PICAI/10799/,10,0,0.5625,0.5625,3.599999957614445,-29.30380351045386,97.834717867801,243.0138600512891,78.51917717453028,252.30380351045383,210.16528213219905,-19.03223286784143,229.2900138300932,80.97007527464677,28.66889576110023,177.49599283014106,22.130758406323963,197.02992472535325,290.33110423889985,99.71318898178784,298.0416777725003,True
