path,curFrame,Deleted,pixelSpacingX,pixelSpacingY,pixelSpacingZ,tra_UL_x,tra_UL_y,tra_LL_x,tra_LL_y,tra_LR_x,tra_LR_y,tra_UR_x,tra_UR_y,cor_UL_x,cor_UL_y,cor_LL_x,cor_LL_y,cor_LR_x,cor_LR_y,cor_UR_x,cor_UR_y,Dirty,h_par_cor,h_orth_cor,h_par_tra,h_orth_tra
./data/train/PICAI/10549/,-1,0,-1.0,-1.0,-1.0,-1.0,-1.0,-1.0,-1.0,-1.0,-1.0,-1.0,-1.0,-1.0,-1.0,-1.0,-1.0,-1.0,-1.0,-1.0,-1.0,False,80.0,60.0,30.0,160.0
./data/train/PICAI/10549/,14,0,0.39285713434219,0.39285713434219,3.299999999999993,-21.80548969194274,208.46763560806696,418.312496541777,264.7629124399228,391.80548969194285,478.5323643919331,-49.30276461051864,422.37626066103735,168.186283869487,121.74199697504892,324.55230055852843,142.17894451626498,268.813716130513,586.2580030249512,111.59660447368996,566.9504966534366,True,,,,
./data/train/PICAI/10549/,15,0,0.39285713434219,0.39285713434219,3.299999999999993,7.759499425127473,171.48821274119405,429.0496334196609,310.7276575794593,362.2405005748726,515.511787258806,-60.04826295441572,376.22000646429774,213.4276047713728,116.40892102891428,363.0211838918642,166.3064268375339,223.57239522862727,591.5910789710855,72.92785061713798,542.6398667409777,True,,,,
./data/train/PICAI/10549/,16,0,0.39285713434219,0.39285713434219,3.299999999999993,-21.80548969194274,208.46763560806696,418.312496541777,264.7629124399228,391.80548969194285,478.5323643919331,-49.30276461051864,422.37626066103735,168.186283869487,121.74199697504892,324.55230055852843,142.17894451626498,268.813716130513,586.2580030249512,111.59660447368996,566.9504966534366,True,,,,
