path,curFrame,Deleted,pixelSpacingX,pixelSpacingY,pixelSpacingZ,tra_UL_x,tra_UL_y,tra_LL_x,tra_LL_y,tra_LR_x,tra_LR_y,tra_UR_x,tra_UR_y,cor_UL_x,cor_UL_y,cor_LL_x,cor_LL_y,cor_LR_x,cor_LR_y,cor_UR_x,cor_UR_y,Dirty
./data/train/PICAI/11041/,11,0,0.3125,0.3125,3.300000017339545,29.7907668220422,281.95281619131447,536.3607537143025,279.99108736819903,538.2092331779577,508.0471838086857,30.749252853596943,511.1079629904368,218.99276940145413,163.75247807988035,408.94344842814337,162.89251453429102,412.0072305985458,651.2475219201194,222.05655157185657,652.1074854657088,True
./data/train/PICAI/11041/,12,0,0.3125,0.3125,3.300000017339545,26.000334399832354,290.8934557762975,532.1932691945474,271.25388439824457,541.9996656001676,499.1065442237026,34.955635837671224,519.875556771457,206.5448931613027,167.26901626043792,396.3498470717009,159.7803934850754,416.4551068386973,647.7309837395619,226.6501529282991,655.2196065149244,True
./data/train/PICAI/11041/,13,0,0.3125,0.3125,3.300000017339545,17.908617832960942,313.77576509172377,520.4636342562569,250.0933070064627,550.091382167039,476.22423490827634,46.786946733301846,541.1060141126661,186.00676921081492,177.3306079729704,374.436781487758,153.32788993289938,436.99323078918496,637.6693920270295,248.563218512242,661.6721100671004,True
