path,curFrame,Deleted,pixelSpacingX,pixelSpacingY,pixelSpacingZ,tra_UL_x,tra_UL_y,tra_LL_x,tra_LL_y,tra_LR_x,tra_LR_y,tra_UR_x,tra_UR_y,cor_UL_x,cor_UL_y,cor_LL_x,cor_LL_y,cor_LR_x,cor_LR_y,cor_UR_x,cor_UR_y,Dirty
./data/train/PICAI/10193/,10,0,0.5625,0.5625,3.6,35.9954305187395,52.57836807087666,292.0520634512008,135.69275149090078,245.0045694812605,278.4216319291233,-9.088181293865176,194.23805868867515,130.85902513917105,23.47374747841081,247.2547491078721,61.434720092425295,163.14097486082895,317.5262525215892,46.745250892127885,279.5652799075747,True
./data/train/PICAI/10193/,11,0,0.5625,0.5625,3.6,35.9954305187395,52.57836807087666,292.0520634512008,135.69275149090078,245.0045694812605,278.4216319291233,-9.088181293865176,194.23805868867515,130.85902513917105,23.47374747841081,247.2547491078721,61.434720092425295,163.14097486082895,317.5262525215892,46.745250892127885,279.5652799075747,True
./data/train/PICAI/10193/,12,0,0.5625,0.5625,3.6,35.9954305187395,52.57836807087666,292.0520634512008,135.69275149090078,245.0045694812605,278.4216319291233,-9.088181293865176,194.23805868867515,130.85902513917105,23.47374747841081,247.2547491078721,61.434720092425295,163.14097486082895,317.5262525215892,46.745250892127885,279.5652799075747,True
