path,curFrame,Deleted,pixelSpacingX,pixelSpacingY,pixelSpacingZ,tra_UL_x,tra_UL_y,tra_LL_x,tra_LL_y,tra_LR_x,tra_LR_y,tra_UR_x,tra_UR_y,cor_UL_x,cor_UL_y,cor_LL_x,cor_LL_y,cor_LR_x,cor_LR_y,cor_UR_x,cor_UR_y,Dirty
./data/train/PICAI/10619/,15,0,0.254629641771,0.254629641771,3.2999998409816738,112,210,763,364,683,704,32,549,349,121,657,193,507,829,199,756,True
./data/train/PICAI/10619/,14,0,0.254629641771,0.254629641771,3.2999998409816738,112,210,763,364,683,704,32,549,349,121,657,193,507,829,199,756,True
./data/train/PICAI/10619/,16,0,0.254629641771,0.254629641771,3.2999998409816738,112,210,763,364,683,704,32,549,349,121,657,193,507,829,199,756,True
