path,curFrame,Deleted,pixelSpacingX,pixelSpacingY,pixelSpacingZ,tra_UL_x,tra_UL_y,tra_LL_x,tra_LL_y,tra_LR_x,tra_LR_y,tra_UR_x,tra_UR_y,cor_UL_x,cor_UL_y,cor_LL_x,cor_LL_y,cor_LR_x,cor_LR_y,cor_UR_x,cor_UR_y,Dirty
./data/train/PICAI/10180/,9,0,0.5625,0.5625,3.6000000635782774,64.03545548770097,15.829523591134162,302.89058530895613,138.1836674226025,226.4359349538047,288.2258317809551,-11.580239369091942,167.09243109934062,109.2172781208908,3.086610512643432,269.444355773617,84.48494813801773,150.1207494560074,318.79644374879683,-10.78503305139012,236.0329902503652,True
./data/train/PICAI/10180/,10,0,0.5625,0.5625,3.6000000635782774,64.03545548770097,15.829523591134162,302.89058530895613,138.1836674226025,226.4359349538047,288.2258317809551,-11.580239369091942,167.09243109934062,109.2172781208908,3.086610512643432,269.444355773617,84.48494813801773,150.1207494560074,318.79644374879683,-10.78503305139012,236.0329902503652,True
./data/train/PICAI/10180/,11,0,0.5625,0.5625,3.6000000635782774,64.03545548770097,15.829523591134162,302.89058530895613,138.1836674226025,226.4359349538047,288.2258317809551,-11.580239369091942,167.09243109934062,109.2172781208908,3.086610512643432,269.444355773617,84.48494813801773,150.1207494560074,318.79644374879683,-10.78503305139012,236.0329902503652,True
