path,curFrame,Deleted,pixelSpacingX,pixelSpacingY,pixelSpacingZ,tra_UL_x,tra_UL_y,tra_LL_x,tra_LL_y,tra_LR_x,tra_LR_y,tra_UR_x,tra_UR_y,cor_UL_x,cor_UL_y,cor_LL_x,cor_LL_y,cor_LR_x,cor_LR_y,cor_UR_x,cor_UR_y,Dirty,h_par_cor,h_orth_cor,h_par_tra,h_orth_tra
./data/train/PICAI/11152/,14,0,0.392857134342,0.392857134342,3.299999960342392,85.00305092305342,179.64134031679228,442.4036353480175,387.0776492231508,339.9969490769465,561.3586596832079,-15.408507247497852,354.06186372433746,286.57699896893115,176.56936542088863,401.2412454726909,242.7291007115093,198.42300103106885,591.4306345791114,83.82851100105316,524.2733352382309,True,,,,
./data/train/PICAI/11152/,15,0,0.392857134342,0.392857134342,3.299999960342392,85.00305092305342,179.64134031679228,442.4036353480175,387.0776492231508,339.9969490769465,561.3586596832079,-15.408507247497852,354.06186372433746,286.57699896893115,176.56936542088863,401.2412454726909,242.7291007115093,198.42300103106885,591.4306345791114,83.82851100105316,524.2733352382309,True,,,,
./data/train/PICAI/11152/,-1,0,-1.0,-1.0,-1.0,-1.0,-1.0,-1.0,-1.0,-1.0,-1.0,-1.0,-1.0,-1.0,-1.0,-1.0,-1.0,-1.0,-1.0,-1.0,-1.0,False,80.0,60.0,30.0,160.0
./data/train/PICAI/11152/,16,0,0.392857134342,0.392857134342,3.299999960342392,85.00305092305342,179.64134031679228,442.4036353480175,387.0776492231508,339.9969490769465,561.3586596832079,-15.408507247497852,354.06186372433746,286.57699896893115,176.56936542088863,401.2412454726909,242.7291007115093,198.42300103106885,591.4306345791114,83.82851100105316,524.2733352382309,True,,,,
