path,curFrame,Deleted,pixelSpacingX,pixelSpacingY,pixelSpacingZ,tra_UL_x,tra_UL_y,tra_LL_x,tra_LL_y,tra_LR_x,tra_LR_y,tra_UR_x,tra_UR_y,cor_UL_x,cor_UL_y,cor_LL_x,cor_LL_y,cor_LR_x,cor_LR_y,cor_UR_x,cor_UR_y,Dirty
./data/train/PICAI/11087/,10,0,0.5625,0.5625,3.6000000635782783,29.623608526814266,32.6884152963509,280.55656449154736,128.4258249688574,231.37639147318578,258.31158470364915,-18.559000441287566,162.64393150488672,121.96753599004026,23.567114782629716,244.01229627024162,70.1941079105187,153.03246400995974,310.4328852173703,29.920383205754476,264.733699665997,True
./data/train/PICAI/11087/,9,0,0.5625,0.5625,3.6000000635782783,29.623608526814266,32.6884152963509,280.55656449154736,128.4258249688574,231.37639147318578,258.31158470364915,-18.559000441287566,162.64393150488672,117.96753599004026,23.567114782629716,240.01229627024162,70.1941079105187,149.03246400995974,310.4328852173703,25.920383205754476,264.733699665997,True
./data/train/PICAI/11087/,8,0,0.5625,0.5625,3.6000000635782783,29.623608526814266,32.6884152963509,280.55656449154736,128.4258249688574,231.37639147318578,258.31158470364915,-18.559000441287566,162.64393150488672,121.96753599004026,23.567114782629716,244.01229627024162,70.1941079105187,153.03246400995974,310.4328852173703,29.920383205754476,264.733699665997,True
