path,curFrame,Deleted,pixelSpacingX,pixelSpacingY,pixelSpacingZ,tra_UL_x,tra_UL_y,tra_LL_x,tra_LL_y,tra_LR_x,tra_LR_y,tra_UR_x,tra_UR_y,cor_UL_x,cor_UL_y,cor_LL_x,cor_LL_y,cor_LR_x,cor_LR_y,cor_UR_x,cor_UR_y,Dirty
./data/train/PICAI/11443/,12,0,0.5625,0.5625,3.599999947981364,67.38026769489815,16.044146090576646,292.8309393967961,165.14811863712893,211.61973230510185,287.9558539094233,-12.999685521241304,139.99600416850643,171.73043551484145,18.182432606008007,267.92885695539974,82.01709178379889,121.26956448515855,304.8175673939921,24.083454704005007,240.82647375116093,True
./data/train/PICAI/11443/,13,0,0.5625,0.5625,3.599999947981364,67.38026769489815,16.044146090576646,292.8309393967961,165.14811863712893,211.61973230510185,287.9558539094233,-12.999685521241304,139.99600416850643,171.73043551484145,18.182432606008007,267.92885695539974,82.01709178379889,121.26956448515855,304.8175673939921,24.083454704005007,240.82647375116093,True
./data/train/PICAI/11443/,14,0,0.5625,0.5625,3.599999947981364,67.38026769489815,16.044146090576646,292.8309393967961,165.14811863712893,211.61973230510185,287.9558539094233,-12.999685521241304,139.99600416850643,171.73043551484145,18.182432606008007,267.92885695539974,82.01709178379889,121.26956448515855,304.8175673939921,24.083454704005007,240.82647375116093,True
