path,curFrame,Deleted,pixelSpacingX,pixelSpacingY,pixelSpacingZ,tra_UL_x,tra_UL_y,tra_LL_x,tra_LL_y,tra_LR_x,tra_LR_y,tra_UR_x,tra_UR_y,cor_UL_x,cor_UL_y,cor_LL_x,cor_LL_y,cor_LR_x,cor_LR_y,cor_UR_x,cor_UR_y,Dirty,h_par_cor,h_orth_cor,h_par_tra,h_orth_tra,cor_mid_x,cor_mid_y,tra_mid_x,tra_mid_y,Alpha,cor_U_mid_x,cor_U_mid_y,tra_U_mid_x,tra_U_mid_y,tra_L_mid_x,tra_L_mid_y
./data/train/PICAI/11116/,14,0,0.392857134342,0.392857134342,-1.0,137.6339099893477,207.1095382336234,508.62702061870175,374.4119944784617,433.10190370378064,540.7589521505621,62.10879307442701,373.4564959057235,286.5085540465058,129.09770022627026,446.5963273263998,201.164277835458,279.293871081561,572.1573884648119,119.20609780166691,500.090810855624,True,80.0,60.0,30.0,160.0,360.0,394.0,360.0,394.0,-2.630258880403371,226.0,319.0,93.0,244.0,448.0,443.0
./data/train/PICAI/11116/,15,0,0.392857134342,0.392857134342,-1.0,137.6339099893477,207.1095382336234,508.62702061870175,374.4119944784617,433.10190370378064,540.7589521505621,62.10879307442701,373.4564959057235,286.5085540465058,129.09770022627026,446.5963273263998,201.164277835458,279.293871081561,572.1573884648119,119.20609780166691,500.090810855624,True,80.0,60.0,30.0,160.0,360.0,394.0,360.0,394.0,-2.630258880403371,226.0,319.0,93.0,244.0,448.0,443.0
./data/train/PICAI/11116/,-1,0,-1.0,-1.0,-1.0,-1.0,-1.0,-1.0,-1.0,-1.0,-1.0,-1.0,-1.0,-1.0,-1.0,-1.0,-1.0,-1.0,-1.0,-1.0,-1.0,False,80.0,60.0,30.0,160.0,,,,,,,,,,,
./data/train/PICAI/11116/,16,0,0.392857134342,0.392857134342,-1.0,152.7358136931284,194.8684903841856,507.7358136931288,393.8684903841852,418.0,553.0,63.0,354.0,305.80242512806683,130.255088691082,459.0,216.0,260.0,571.0,106.80242512806667,485.255088691082,True,80.0,60.0,30.0,160.0,360.0,394.0,360.0,394.0,-2.630258880403371,226.0,319.0,93.0,244.0,448.0,443.0
