path,curFrame,Deleted,pixelSpacingX,pixelSpacingY,pixelSpacingZ,tra_UL_x,tra_UL_y,tra_LL_x,tra_LL_y,tra_LR_x,tra_LR_y,tra_UR_x,tra_UR_y,cor_UL_x,cor_UL_y,cor_LL_x,cor_LL_y,cor_LR_x,cor_LR_y,cor_UR_x,cor_UR_y,Dirty
./data/train/PICAI/11020/,8,0,0.5625,0.5625,3.6000000635782774,98.73980115323846,8.232531456163912,251.881095454277,228.76086065629823,149.2601988467615,300.7674685438361,-3.881095454276931,80.23913934370185,205.9910574813524,42.45894231994557,265.7104776138911,129.65177952021892,54.00894251864763,276.54105768005434,-6.06884556343627,190.2818009062784,True
./data/train/PICAI/11020/,9,0,0.5625,0.5625,3.6000000635782774,98.73980115323846,8.232531456163912,251.881095454277,228.76086065629823,149.2601988467615,300.7674685438361,-3.881095454276931,80.23913934370185,205.9910574813524,42.45894231994557,265.7104776138911,129.65177952021892,54.00894251864763,276.54105768005434,-6.06884556343627,190.2818009062784,True
./data/train/PICAI/11020/,10,0,0.5625,0.5625,3.6000000635782774,98.73980115323846,8.232531456163912,251.881095454277,228.76086065629823,149.2601988467615,300.7674685438361,-3.881095454276931,80.23913934370185,205.9910574813524,42.45894231994557,265.7104776138911,129.65177952021892,54.00894251864763,276.54105768005434,-6.06884556343627,190.2818009062784,True
