path,curFrame,Deleted,pixelSpacingX,pixelSpacingY,pixelSpacingZ,tra_UL_x,tra_UL_y,tra_LL_x,tra_LL_y,tra_LR_x,tra_LR_y,tra_UR_x,tra_UR_y,cor_UL_x,cor_UL_y,cor_LL_x,cor_LL_y,cor_LR_x,cor_LR_y,cor_UR_x,cor_UR_y,Dirty
./data/train/PICAI/10203/,11,0,0.5625,0.5625,3.60000009536745,85.79081998415114,-4.372400913584215,295.5797346087211,163.67107947362058,201.2091800158489,280.3724009135842,-8.579734608721111,112.3289205263794,191.0006420894704,7.619080134139466,278.3121203937503,77.88077493522775,105.9993579105296,291.3809198658605,18.68787960624977,221.11922506477225,True
./data/train/PICAI/10203/,10,0,0.5625,0.5625,3.60000009536745,85.79081998415114,-4.372400913584215,295.5797346087211,163.67107947362058,201.2091800158489,280.3724009135842,-8.579734608721111,112.3289205263794,191.0006420894704,7.619080134139466,278.3121203937503,77.88077493522775,105.9993579105296,291.3809198658605,18.68787960624977,221.11922506477225,True
./data/train/PICAI/10203/,12,0,0.5625,0.5625,3.60000009536745,85.79081998415114,-4.372400913584215,295.5797346087211,163.67107947362058,201.2091800158489,280.3724009135842,-8.579734608721111,112.3289205263794,191.0006420894704,7.619080134139466,278.3121203937503,77.88077493522775,105.9993579105296,291.3809198658605,18.68787960624977,221.11922506477225,True
