path,curFrame,Deleted,pixelSpacingX,pixelSpacingY,pixelSpacingZ,tra_UL_x,tra_UL_y,tra_LL_x,tra_LL_y,tra_LR_x,tra_LR_y,tra_UR_x,tra_UR_y,cor_UL_x,cor_UL_y,cor_LL_x,cor_LL_y,cor_LR_x,cor_LR_y,cor_UR_x,cor_UR_y,Dirty
./data/train/PICAI/10984/,9,0,0.5625,0.5625,3.5999999046325497,50.18781425221627,-0.1045760428469861,290.3290254472637,120.94169067271784,215.81218574778376,269.10457604284693,-23.401217870747985,149.12562985128608,148.71614454381384,-4.870229372987495,261.1550201079796,50.10703194354279,134.28385545618616,301.8702293729874,21.91473636576456,245.8954040061974,True
./data/train/PICAI/10984/,10,0,0.5625,0.5625,3.5999999046325497,50.18781425221627,-0.1045760428469861,290.3290254472637,120.94169067271784,215.81218574778376,269.10457604284693,-23.401217870747985,149.12562985128608,148.71614454381384,-4.870229372987495,261.1550201079796,50.10703194354279,134.28385545618616,301.8702293729874,21.91473636576456,245.8954040061974,True
./data/train/PICAI/10984/,11,0,0.5625,0.5625,3.5999999046325497,50.18781425221627,-0.1045760428469861,290.3290254472637,120.94169067271784,215.81218574778376,269.10457604284693,-23.401217870747985,149.12562985128608,146.71614454381384,-4.870229372987495,259.1550201079796,50.10703194354279,132.28385545618616,301.8702293729874,19.91473636576456,245.8954040061974,True
