path,curFrame,Deleted,pixelSpacingX,pixelSpacingY,pixelSpacingZ,tra_UL_x,tra_UL_y,tra_LL_x,tra_LL_y,tra_LR_x,tra_LR_y,tra_UR_x,tra_UR_y,cor_UL_x,cor_UL_y,cor_LL_x,cor_LL_y,cor_LR_x,cor_LR_y,cor_UR_x,cor_UR_y,Dirty
./data/train/PICAI/11340/,10,0,0.5625,0.5625,3.6,78.19636808004026,17.025273130100857,293.4334542020513,182.49127192654868,198.8036319199597,304.974726869899,-15.949764676755535,140.83765412222874,164.09710397895512,18.365939518353827,280.5979514112345,106.89589234541018,119.9028960210448,316.6340604816462,3.824666850506162,227.19779986755333,True
./data/train/PICAI/11340/,9,0,0.5625,0.5625,3.6,78.19636808004026,17.025273130100857,293.4334542020513,182.49127192654868,198.8036319199597,304.974726869899,-15.949764676755535,140.83765412222874,164.09710397895512,18.365939518353827,280.5979514112345,106.89589234541018,119.9028960210448,316.6340604816462,3.824666850506162,227.19779986755333,True
./data/train/PICAI/11340/,11,0,0.5625,0.5625,3.6,78.19636808004026,17.025273130100857,293.4334542020513,182.49127192654868,198.8036319199597,304.974726869899,-15.949764676755535,140.83765412222874,164.09710397895512,18.365939518353827,280.5979514112345,106.89589234541018,119.9028960210448,316.6340604816462,3.824666850506162,227.19779986755333,True
