path,curFrame,Deleted,pixelSpacingX,pixelSpacingY,pixelSpacingZ,tra_UL_x,tra_UL_y,tra_LL_x,tra_LL_y,tra_LR_x,tra_LR_y,tra_UR_x,tra_UR_y,cor_UL_x,cor_UL_y,cor_LL_x,cor_LL_y,cor_LR_x,cor_LR_y,cor_UR_x,cor_UR_y,Dirty
./data/train/PICAI/10297/,10,0,0.5625,0.5625,3.5999999619228427,23.31123919108984,35.006425511769976,270.3857980387479,152.4762615133375,200.6887608089101,298.99357448823,-45.391276143379656,181.6282669499302,109.75026261272804,24.46708621892091,237.99883035522936,86.21095127446361,123.249737387272,326.53291378107906,-5.103358818496986,265.7835706209047,True
./data/train/PICAI/10297/,9,0,0.5625,0.5625,3.5999999619228427,23.31123919108984,35.006425511769976,270.3857980387479,152.4762615133375,200.6887608089101,298.99357448823,-45.391276143379656,181.6282669499302,109.75026261272804,24.46708621892091,237.99883035522936,86.21095127446361,123.249737387272,326.53291378107906,-5.103358818496986,265.7835706209047,True
./data/train/PICAI/10297/,11,0,0.5625,0.5625,3.5999999619228427,23.31123919108984,35.006425511769976,270.3857980387479,152.4762615133375,200.6887608089101,298.99357448823,-45.391276143379656,181.6282669499302,109.75026261272804,24.46708621892091,237.99883035522936,86.21095127446361,123.249737387272,326.53291378107906,-5.103358818496986,265.7835706209047,True
