path,curFrame,Deleted,pixelSpacingX,pixelSpacingY,pixelSpacingZ,tra_UL_x,tra_UL_y,tra_LL_x,tra_LL_y,tra_LR_x,tra_LR_y,tra_UR_x,tra_UR_y,cor_UL_x,cor_UL_y,cor_LL_x,cor_LL_y,cor_LR_x,cor_LR_y,cor_UR_x,cor_UR_y,Dirty
./data/train/PICAI/10980/,9,0,0.5625,0.5625,3.6000000271701467,91.7947916792066,9.122380651835044,299.830213779456,184.31160164322827,205.20520832079336,296.877619348165,-2.255001302503985,122.9803467328142,158.70525552561998,15.065006044786571,283.1303798577924,120.61756953147896,120.5684769941497,315.29070002809306,-3.8566473380227473,209.73813654140065,True
./data/train/PICAI/10980/,8,0,0.5625,0.5625,3.6000000271701467,91.7947916792066,9.122380651835044,299.830213779456,184.31160164322827,205.20520832079336,296.877619348165,-2.255001302503985,122.9803467328142,158.70525552561998,15.065006044786571,283.1303798577924,120.61756953147896,120.5684769941497,315.29070002809306,-3.8566473380227473,209.73813654140065,True
./data/train/PICAI/10980/,10,0,0.5625,0.5625,3.6000000271701467,91.7947916792066,9.122380651835044,299.830213779456,184.31160164322827,205.20520832079336,296.877619348165,-2.255001302503985,122.9803467328142,158.70525552561998,15.065006044786571,283.1303798577924,120.61756953147896,120.5684769941497,315.29070002809306,-3.8566473380227473,209.73813654140065,True
