path,curFrame,Deleted,pixelSpacingX,pixelSpacingY,pixelSpacingZ,tra_UL_x,tra_UL_y,tra_LL_x,tra_LL_y,tra_LR_x,tra_LR_y,tra_UR_x,tra_UR_y,cor_UL_x,cor_UL_y,cor_LL_x,cor_LL_y,cor_LR_x,cor_LR_y,cor_UR_x,cor_UR_y,Dirty
./data/train/PICAI/10535/,9,0,0.5625,0.5625,3.0000007052249944,50.50558721324032,36.25977214910972,289.05846556027103,149.56257102163033,231.49441278675968,271.7402278508903,-6.068197491529389,158.57660207932977,150.08666013119955,22.74737725171414,260.7986194384409,75.6705486074799,147.91333986880045,311.25262274828583,38.19164863030072,258.4686244934801,True
./data/train/PICAI/10535/,8,0,0.5625,0.5625,3.0000007052249944,50.50558721324032,36.25977214910972,289.05846556027103,149.56257102163033,231.49441278675968,271.7402278508903,-6.068197491529389,158.57660207932977,150.08666013119955,22.74737725171414,260.7986194384409,75.6705486074799,147.91333986880045,311.25262274828583,38.19164863030072,258.4686244934801,True
./data/train/PICAI/10535/,10,0,0.5625,0.5625,3.0000007052249944,50.50558721324032,36.25977214910972,289.05846556027103,149.56257102163033,231.49441278675968,271.7402278508903,-6.068197491529389,158.57660207932977,150.08666013119955,22.74737725171414,260.7986194384409,75.6705486074799,147.91333986880045,311.25262274828583,38.19164863030072,258.4686244934801,True
