path,curFrame,Deleted,pixelSpacingX,pixelSpacingY,pixelSpacingZ,tra_UL_x,tra_UL_y,tra_LL_x,tra_LL_y,tra_LR_x,tra_LR_y,tra_UR_x,tra_UR_y,cor_UL_x,cor_UL_y,cor_LL_x,cor_LL_y,cor_LR_x,cor_LR_y,cor_UR_x,cor_UR_y,Dirty
./data/train/PICAI/10778/,10,0,0.5625,0.5625,3.6000000635783334,41.09599884321224,27.82307759905572,294.5061677569174,106.41242987484084,251.90400115678776,244.17692240094425,-0.5063200617611585,165.5701177187219,136.4978642489039,5.283641841616998,249.1265451445995,40.323337041427706,171.502135751096,291.716358158383,58.8734548554006,256.6766629585722,True
./data/train/PICAI/10778/,9,0,0.5625,0.5625,3.6000000635783334,42.99999999999993,25.99999999999993,294.99999999999994,109.0,250.0000000000001,246.00000000000003,-1.0000000000001137,163.0,138.99999999999997,4.999999999999886,251.00000000000023,41.999999999999886,168.99999999999994,292.0000000000001,56.99999999999986,255.0,True
./data/train/PICAI/10778/,11,0,0.5625,0.5625,3.6000000635783334,43.0,26.0,295.0,109.0,250.0,246.0,-1.0,163.0,139.0,5.0,251.0,42.0,169.0,292.0,57.0,255.0,True
