path,curFrame,Deleted,pixelSpacingX,pixelSpacingY,pixelSpacingZ,tra_UL_x,tra_UL_y,tra_LL_x,tra_LL_y,tra_LR_x,tra_LR_y,tra_UR_x,tra_UR_y,cor_UL_x,cor_UL_y,cor_LL_x,cor_LL_y,cor_LR_x,cor_LR_y,cor_UR_x,cor_UR_y,Dirty,h_par_cor,h_orth_cor,h_par_tra,h_orth_tra
./data/train/PICAI/10129/,9,0,0.5625,0.5625,3.600000010596389,56.899483468911924,21.04574313865345,296.24510773706754,172.34237939897122,220.10051653108806,291.95425686134655,-18.252561585426236,140.77948994443392,168.77428951625484,17.392935218879785,270.7464835314964,81.29654738374833,128.22571048374516,306.60706478112024,26.253516468503562,242.7034526162517,True,,,,
./data/train/PICAI/10129/,10,0,0.5625,0.5625,3.600000010596389,56.899483468911924,21.04574313865345,296.24510773706754,172.34237939897122,220.10051653108806,291.95425686134655,-18.252561585426236,140.77948994443392,168.77428951625484,17.392935218879785,270.7464835314964,81.29654738374833,128.22571048374516,306.60706478112024,26.253516468503562,242.7034526162517,True,,,,
./data/train/PICAI/10129/,11,0,0.5625,0.5625,3.600000010596389,56.899483468911924,21.04574313865345,296.24510773706754,172.34237939897122,220.10051653108806,291.95425686134655,-18.252561585426236,140.77948994443392,168.77428951625484,17.392935218879785,270.7464835314964,81.29654738374833,128.22571048374516,306.60706478112024,26.253516468503562,242.7034526162517,True,,,,
