path,curFrame,Deleted,pixelSpacingX,pixelSpacingY,pixelSpacingZ,tra_UL_x,tra_UL_y,tra_LL_x,tra_LL_y,tra_LR_x,tra_LR_y,tra_UR_x,tra_UR_y,cor_UL_x,cor_UL_y,cor_LL_x,cor_LL_y,cor_LR_x,cor_LR_y,cor_UR_x,cor_UR_y,Dirty
./data/train/PICAI/11065/,9,0,0.5625,0.5625,3.6000000515747854,37.86471492856997,23.12400654864541,268.0618730607667,131.2131752375591,206.13528507143,262.8759934513546,-22.22051002424364,156.05543903310257,130.12705088790423,8.169762520223514,233.33438494809323,57.0087448620841,121.87294911209572,296.83023747977654,17.536173882205162,248.84235010569745,True
./data/train/PICAI/11065/,8,0,0.5625,0.5625,3.6000000515747854,46.43179084411968,17.547037639706843,268.52828101110254,141.4306485634578,197.5682091558803,268.4529623602932,-22.779897500452705,145.96332241891147,140.18496602060753,8.809232241614609,239.73405701278853,64.72862496569986,111.8150339793924,296.1907677583854,11.07988369565986,241.0416109442162,True
./data/train/PICAI/11065/,10,0,0.5625,0.5625,3.6000000515747854,37.86471492856997,23.12400654864541,268.0618730607667,131.2131752375591,206.13528507143,262.8759934513546,-22.22051002424364,156.05543903310257,130.12705088790423,8.169762520223514,233.33438494809323,57.0087448620841,121.87294911209572,296.83023747977654,17.536173882205162,248.84235010569745,True
