path,curFrame,Deleted,pixelSpacingX,pixelSpacingY,pixelSpacingZ,tra_UL_x,tra_UL_y,tra_LL_x,tra_LL_y,tra_LR_x,tra_LR_y,tra_UR_x,tra_UR_y,cor_UL_x,cor_UL_y,cor_LL_x,cor_LL_y,cor_LR_x,cor_LR_y,cor_UR_x,cor_UR_y,Dirty
./data/train/PICAI/10907/,8,0,0.5625,0.5625,3.6000000635782774,24.044259389359382,38.26297697690751,283.9400714248861,138.98123195779024,236.9557406106406,260.7370230230925,-21.84102106625033,159.12877461010913,136.01034621290685,15.58553218140031,244.15641613285624,58.122898823793975,147.98965378709315,303.4144678185997,39.843583867143735,260.877101176206,True
./data/train/PICAI/10907/,9,0,0.5625,0.5625,3.6000000635782774,24.044259389359382,38.26297697690751,283.9400714248861,138.98123195779024,236.9557406106406,260.7370230230925,-21.84102106625033,159.12877461010913,136.01034621290685,15.58553218140031,244.15641613285624,58.122898823793975,147.98965378709315,303.4144678185997,39.843583867143735,260.877101176206,True
./data/train/PICAI/10907/,10,0,0.5625,0.5625,3.6000000635782774,24.044259389359382,38.26297697690751,283.9400714248861,138.98123195779024,236.9557406106406,260.7370230230925,-21.84102106625033,159.12877461010913,138.01034621290685,15.58553218140031,246.15641613285624,58.122898823793975,149.98965378709315,303.4144678185997,41.843583867143735,260.877101176206,True
