path,curFrame,Deleted,pixelSpacingX,pixelSpacingY,pixelSpacingZ,tra_UL_x,tra_UL_y,tra_LL_x,tra_LL_y,tra_LR_x,tra_LR_y,tra_UR_x,tra_UR_y,cor_UL_x,cor_UL_y,cor_LL_x,cor_LL_y,cor_LR_x,cor_LR_y,cor_UR_x,cor_UR_y,Dirty,h_par_cor,h_orth_cor,h_par_tra,h_orth_tra
./data/train/PICAI/10967/,15,0,0.392857134342,0.392857134342,3.299999872843417,120.65440049946366,158.79270645294315,447.7910222127663,420.1863382307808,320.3455995005363,579.2072935470569,-5.803333872171066,317.9700962342596,308.4461783287532,157.61360103990427,435.0390426844088,259.67361619878307,163.55382167124682,599.3863989600957,36.96095731559106,497.3263838012169,True,,,,
./data/train/PICAI/10967/,16,0,0.392857134342,0.392857134342,3.299999872843417,117.00098434481605,160.56726802536983,448.6497294680144,416.2117670043388,323.99901565518394,577.4327319746302,-6.659461399272658,321.9274060966214,302.5801452137732,156.38288295933188,430.9349217285692,256.2180037627684,165.4198547862268,600.6171170406681,37.06507827143065,500.7819962372316,True,,,,
./data/train/PICAI/10967/,-1,0,-1.0,-1.0,-1.0,-1.0,-1.0,-1.0,-1.0,-1.0,-1.0,-1.0,-1.0,-1.0,-1.0,-1.0,-1.0,-1.0,-1.0,-1.0,-1.0,False,80.0,60.0,30.0,160.0
./data/train/PICAI/10967/,17,0,0.392857134342,0.392857134342,3.299999872843417,139.35511594984268,150.89049128365227,442.4649279251745,439.8012766210627,301.6448840501573,587.1095087163478,-0.4946321988983015,298.4406452745371,325.4220169123357,164.76824095684628,442.638040773678,277.4731820647553,142.57798308766428,592.2317590431537,25.36195922632183,479.5268179352447,True,,,,
