path,curFrame,Deleted,pixelSpacingX,pixelSpacingY,pixelSpacingZ,tra_UL_x,tra_UL_y,tra_LL_x,tra_LL_y,tra_LR_x,tra_LR_y,tra_UR_x,tra_UR_y,cor_UL_x,cor_UL_y,cor_LL_x,cor_LL_y,cor_LR_x,cor_LR_y,cor_UR_x,cor_UR_y,Dirty
./data/train/PICAI/10457/,16,0,0.392857134342,0.392857134342,3.299999999999983,135.3848905971807,57.39858823292912,471.8731008751066,343.17067284575205,307.61510940281926,537.6014117670709,-27.88829312209449,252.0029753319148,290.30330439920067,78.86440361175667,448.6080872591199,214.44848476839195,166.6586667936682,546.5336008142576,8.169277723529458,411.9471765516361,True
./data/train/PICAI/10457/,15,0,0.392857134342,0.392857134342,3.299999999999983,135.3848905971807,57.39858823292912,471.8731008751066,343.17067284575205,307.61510940281926,537.6014117670709,-27.88829312209449,252.0029753319148,290.30330439920067,78.86440361175667,448.6080872591199,214.44848476839195,166.6586667936682,546.5336008142576,8.169277723529458,411.9471765516361,True
./data/train/PICAI/10457/,17,0,0.392857134342,0.392857134342,3.299999999999983,135.3848905971807,57.39858823292912,471.8731008751066,343.17067284575205,307.61510940281926,537.6014117670709,-27.88829312209449,252.0029753319148,294.30330439920067,78.86440361175667,452.6080872591199,214.44848476839195,170.6586667936682,546.5336008142576,12.169277723529458,411.9471765516361,True
