path,curFrame,Deleted,pixelSpacingX,pixelSpacingY,pixelSpacingZ,tra_UL_x,tra_UL_y,tra_LL_x,tra_LL_y,tra_LR_x,tra_LR_y,tra_UR_x,tra_UR_y,cor_UL_x,cor_UL_y,cor_LL_x,cor_LL_y,cor_LR_x,cor_LR_y,cor_UR_x,cor_UR_y,Dirty
./data/train/PICAI/10077/,10,0,0.5625,0.5625,3.599999957614489,37.80379753449522,82.30527541561611,274.37135646673363,166.4467637602009,230.1962024655048,290.6947245843839,-5.371508771577254,206.5706886462364,143.46155083187503,56.9342129507624,236.88875717058272,90.56986540087158,148.53844916812497,339.0657870492376,55.11124282941728,305.43013459912845,True
./data/train/PICAI/10077/,9,0,0.5625,0.5625,3.599999957614489,39.63689736413497,80.64228955369758,274.6999544584796,168.8996359304205,228.363102635865,292.3577104463024,-5.700563631460568,204.135263566282,145.92387489995716,56.91139590679498,238.7498287452721,92.17245506144114,146.07612510004284,339.08860409320505,53.25017125472786,303.8275449385589,True
./data/train/PICAI/10077/,11,0,0.5625,0.5625,3.599999957614489,49.222084838178034,72.82082380306002,275.69852145640084,181.2294196647909,218.7779151618219,300.1791761969399,-6.705975304759591,191.89244967861424,158.22084666191915,57.44164590154776,247.6203659272387,100.658841034154,133.77915333808085,338.5583540984523,44.37963407276124,295.34115896584603,True
