path,curFrame,Deleted,pixelSpacingX,pixelSpacingY,pixelSpacingZ,tra_UL_x,tra_UL_y,tra_LL_x,tra_LL_y,tra_LR_x,tra_LR_y,tra_UR_x,tra_UR_y,cor_UL_x,cor_UL_y,cor_LL_x,cor_LL_y,cor_LR_x,cor_LR_y,cor_UR_x,cor_UR_y,Dirty,cor_mid_x,cor_mid_y,tra_mid_x,tra_mid_y,Alpha,h_par_cor,h_orth_cor,h_par_tra,h_orth_tra,cor_U_mid_x,cor_U_mid_y,tra_U_mid_x,tra_U_mid_y,tra_L_mid_x,tra_L_mid_y
./data/train/PICAI/10600/,9,0,0.5625,0.5625,3.6,153.9165300246824,4.863226934897391,283.7722575083439,256.5806250746439,155,323,25,70,284,40,333,135,80,264,31,169,True,207.0,200.0,207.0,200.0,-2.044312036519242,80.0,60.0,30.0,160.0,158.0,105.0,109.0,10.0,239.0,263.0
./data/train/PICAI/10600/,10,0,0.5625,0.5625,3.6,153.9165300246824,4.863226934897391,283.7722575083439,256.5806250746439,155,323,25,70,284,40,333,135,80,264,31,169,True,207.0,200.0,207.0,200.0,-2.044312036519242,80.0,60.0,30.0,160.0,158.0,105.0,109.0,10.0,239.0,263.0
./data/train/PICAI/10600/,11,0,0.5625,0.5625,3.6,153.9165300246824,4.863226934897391,283.7722575083439,256.5806250746439,155,323,25,70,284,40,333,135,80,264,31,169,True,207.0,200.0,207.0,200.0,-2.044312036519242,80.0,60.0,30.0,160.0,158.0,105.0,109.0,10.0,239.0,263.0
