path,curFrame,Deleted,pixelSpacingX,pixelSpacingY,pixelSpacingZ,tra_UL_x,tra_UL_y,tra_LL_x,tra_LL_y,tra_LR_x,tra_LR_y,tra_UR_x,tra_UR_y,cor_UL_x,cor_UL_y,cor_LL_x,cor_LL_y,cor_LR_x,cor_LR_y,cor_UR_x,cor_UR_y,Dirty
./data/train/PICAI/11284/,12,0,0.3125,0.3125,3.299999897296616,181.6186085062324,127.0742517040756,507.0769333948687,582.1334552816804,299.3813914937676,729.925748295924,-24.72451423922371,274.45306868824656,405.5269893357444,210.506401727432,521.3781633394747,371.7717280749064,90.47301066425564,679.4935982725677,-24.908691776689352,517.3453243322347,True
./data/train/PICAI/11284/,11,0,0.3125,0.3125,3.299999897296616,181.6186085062324,127.0742517040756,507.0769333948687,582.1334552816804,299.3813914937676,729.925748295924,-24.72451423922371,274.45306868824656,405.5269893357444,210.506401727432,521.3781633394747,371.7717280749064,90.47301066425564,679.4935982725677,-24.908691776689352,517.3453243322347,True
./data/train/PICAI/11284/,13,0,0.3125,0.3125,3.299999897296616,181.6186085062324,127.0742517040756,507.0769333948687,582.1334552816804,299.3813914937676,729.925748295924,-24.72451423922371,274.45306868824656,405.5269893357444,210.506401727432,521.3781633394747,371.7717280749064,90.47301066425564,679.4935982725677,-24.908691776689352,517.3453243322347,True
