path,curFrame,Deleted,pixelSpacingX,pixelSpacingY,pixelSpacingZ,tra_UL_x,tra_UL_y,tra_LL_x,tra_LL_y,tra_LR_x,tra_LR_y,tra_UR_x,tra_UR_y,cor_UL_x,cor_UL_y,cor_LL_x,cor_LL_y,cor_LR_x,cor_LR_y,cor_UR_x,cor_UR_y,Dirty
./data/train/PICAI/10480/,9,0,0.5625,0.5625,3.599999917878072,8.455981595408957,76.07301524310245,268.18444052415475,115.5461405627272,247.54401840459104,250.9269847568976,-11.184592828998433,211.43640703083548,112.6134371585568,32.526985550255574,214.89459297394257,47.74425091131134,175.38656284144318,305.4730144497445,73.10540702605742,290.2557490886886,True
./data/train/PICAI/10480/,8,0,0.5625,0.5625,3.599999917878072,14.845782982703753,67.94701380279827,271.18805040944886,125.44172599892195,241.15421701729625,259.0529861972018,-14.189420874694292,201.610609957321,122.20976949740066,30.670011007577983,223.1802707862372,52.984980635186034,165.79023050259934,307.329988992422,64.81972921376284,285.01501936481395,True
./data/train/PICAI/10480/,10,0,0.5625,0.5625,3.599999917878072,14.845782982703753,67.94701380279827,271.18805040944886,125.44172599892195,241.15421701729625,259.0529861972018,-14.189420874694292,201.610609957321,118.20976949740066,30.670011007577983,219.1802707862372,52.984980635186034,161.79023050259934,307.329988992422,60.81972921376284,285.01501936481395,True
