path,curFrame,Deleted,pixelSpacingX,pixelSpacingY,pixelSpacingZ,tra_UL_x,tra_UL_y,tra_LL_x,tra_LL_y,tra_LR_x,tra_LR_y,tra_UR_x,tra_UR_y,cor_UL_x,cor_UL_y,cor_LL_x,cor_LL_y,cor_LR_x,cor_LR_y,cor_UR_x,cor_UR_y,Dirty,h_par_cor,h_orth_cor,h_par_tra,h_orth_tra
./data/train/PICAI/10715/,9,0,0.5625,0.5625,3.6,68.29188673971353,20.1775220617792,311.1951163563256,148.8904625216236,214.7081132602864,330.8224779382207,-27.213489172877985,202.3003464737529,113.39022680325118,24.198215501782386,275.22452836047626,110.34563929807624,140.4861802176992,363.2835319511065,-21.34812133952592,277.1361081548128,True,,,,
./data/train/PICAI/10715/,10,0,0.5625,0.5625,3.6,68.29188673971353,20.1775220617792,311.1951163563256,148.8904625216236,214.7081132602864,330.8224779382207,-27.213489172877985,202.3003464737529,113.39022680325118,24.198215501782386,275.22452836047626,110.34563929807624,140.4861802176992,363.2835319511065,-21.34812133952592,277.1361081548128,True,,,,
./data/train/PICAI/10715/,-1,0,-1.0,-1.0,-1.0,-1.0,-1.0,-1.0,-1.0,-1.0,-1.0,-1.0,-1.0,-1.0,-1.0,-1.0,-1.0,-1.0,-1.0,-1.0,-1.0,False,80.0,60.0,30.0,160.0
./data/train/PICAI/10715/,11,0,0.5625,0.5625,3.6,68.29188673971353,20.1775220617792,311.1951163563256,148.8904625216236,214.7081132602864,330.8224779382207,-27.213489172877985,202.3003464737529,113.39022680325118,24.198215501782386,275.22452836047626,110.34563929807624,140.4861802176992,363.2835319511065,-21.34812133952592,277.1361081548128,True,,,,
