path,curFrame,Deleted,pixelSpacingX,pixelSpacingY,pixelSpacingZ,tra_UL_x,tra_UL_y,tra_LL_x,tra_LL_y,tra_LR_x,tra_LR_y,tra_UR_x,tra_UR_y,cor_UL_x,cor_UL_y,cor_LL_x,cor_LL_y,cor_LR_x,cor_LR_y,cor_UR_x,cor_UR_y,Dirty
./data/train/PICAI/10476/,9,0,0.5625,0.5625,3.599999957614445,40.911061146239945,38.72341417270636,282.64866238994546,168.7039209609908,225.08893885376,276.2765858272937,-15.549612031309522,145.4060856069086,169.99699187041813,29.35680639398538,257.15243952255014,77.27991375632787,134.4979341289548,306.71590113985167,46.21747568407366,259.730772404282,True
./data/train/PICAI/10476/,10,0,0.5625,0.5625,3.599999957614445,40.911061146239945,38.72341417270636,282.64866238994546,168.7039209609908,225.08893885376,276.2765858272937,-15.549612031309522,145.4060856069086,169.99699187041813,29.35680639398538,257.15243952255014,77.27991375632787,134.4979341289548,306.71590113985167,46.21747568407366,259.730772404282,True
./data/train/PICAI/10476/,11,0,0.5625,0.5625,3.599999957614445,40.911061146239945,38.72341417270636,282.64866238994546,168.7039209609908,225.08893885376,276.2765858272937,-15.549612031309522,145.4060856069086,169.99699187041813,29.35680639398538,257.15243952255014,77.27991375632787,134.4979341289548,306.71590113985167,46.21747568407366,259.730772404282,True
