path,curFrame,Deleted,pixelSpacingX,pixelSpacingY,pixelSpacingZ,tra_UL_x,tra_UL_y,tra_LL_x,tra_LL_y,tra_LR_x,tra_LR_y,tra_UR_x,tra_UR_y,cor_UL_x,cor_UL_y,cor_LL_x,cor_LL_y,cor_LR_x,cor_LR_y,cor_UR_x,cor_UR_y,Dirty
./data/train/PICAI/10974/,10,0,0.5625,0.5625,3.6000000635782783,36.00652784245956,28.224264161217164,267.2107114268165,133.2700898426359,210.99347215754045,254.77573583878288,-18.247457059921203,150.11152814811723,150.46585110770627,1.3708330223799408,243.858344568059,44.992412146226044,128.5341488922938,297.62916697762,34.95084643656439,254.9892150372217,True
./data/train/PICAI/10974/,9,0,0.5625,0.5625,3.6000000635782783,42.05482855949893,23.800450089954,267.44448110928977,140.80260615335575,204.94517144050107,259.1995499100461,-18.50388965673781,142.68123763784362,158.2033043911211,2.147747201296226,249.184829628729,50.59732991816296,120.79669560887896,296.8522527987037,29.573248475671264,249.37296580811312,True
./data/train/PICAI/10974/,11,0,0.5625,0.5625,3.6000000635782783,36.00652784245956,28.224264161217164,267.2107114268165,133.2700898426359,210.99347215754045,254.77573583878288,-18.247457059921203,150.11152814811723,150.46585110770627,1.3708330223799408,243.858344568059,44.992412146226044,128.5341488922938,297.62916697762,34.95084643656439,254.9892150372217,True
