path,curFrame,Deleted,pixelSpacingX,pixelSpacingY,pixelSpacingZ,tra_UL_x,tra_UL_y,tra_LL_x,tra_LL_y,tra_LR_x,tra_LR_y,tra_UR_x,tra_UR_y,cor_UL_x,cor_UL_y,cor_LL_x,cor_LL_y,cor_LR_x,cor_LR_y,cor_UR_x,cor_UR_y,Dirty
./data/train/PICAI/10344/,15,0,0.392857134342,0.392857134342,3.2999999999999834,76.91386013449366,103.71520105020583,440.2297929381709,292.1124753696448,342.0861398655063,480.28479894979415,-20.37869797038951,293.016965800057,263.78013124172463,72.22228326088012,403.1028041655536,144.31384177753148,199.21986875827537,538.77771673912,59.89719583444639,466.68615822246846,True
./data/train/PICAI/10344/,16,0,0.392857134342,0.392857134342,3.2999999999999834,76.91386013449366,103.71520105020583,440.2297929381709,292.1124753696448,342.0861398655063,480.28479894979415,-20.37869797038951,293.016965800057,263.78013124172463,72.22228326088012,403.1028041655536,144.31384177753148,199.21986875827537,538.77771673912,59.89719583444639,466.68615822246846,True
./data/train/PICAI/10344/,17,0,0.392857134342,0.392857134342,3.2999999999999834,76.91386013449366,103.71520105020583,440.2297929381709,292.1124753696448,342.0861398655063,480.28479894979415,-20.37869797038951,293.016965800057,263.78013124172463,72.22228326088012,403.1028041655536,144.31384177753148,199.21986875827537,538.77771673912,59.89719583444639,466.68615822246846,True
