path,curFrame,Deleted,pixelSpacingX,pixelSpacingY,pixelSpacingZ,tra_UL_x,tra_UL_y,tra_LL_x,tra_LL_y,tra_LR_x,tra_LR_y,tra_UR_x,tra_UR_y,cor_UL_x,cor_UL_y,cor_LL_x,cor_LL_y,cor_LR_x,cor_LR_y,cor_UR_x,cor_UR_y,Dirty
./data/train/PICAI/10015/,18,0,0.392857134342,0.392857134342,3.2999999999999834,96.81559052059382,87.61853691032135,467.300446636205,311.43759639586864,357.1844094794061,494.3814630896786,-13.30044663620501,270.56240360413136,277.5833918375195,73.66567443982785,430.4719524864794,165.98624648468342,205.41660816248043,538.3343255601721,53.520593665161954,446.1356228587217,True
./data/train/PICAI/10015/,17,0,0.392857134342,0.392857134342,3.2999999999999834,96.81559052059382,87.61853691032135,467.300446636205,311.43759639586864,357.1844094794061,494.3814630896786,-13.30044663620501,270.56240360413136,277.5833918375195,73.66567443982785,430.4719524864794,165.98624648468342,205.41660816248043,538.3343255601721,53.520593665161954,446.1356228587217,True
./data/train/PICAI/10015/,19,0,0.392857134342,0.392857134342,3.2999999999999834,96.81559052059382,87.61853691032135,467.300446636205,311.43759639586864,357.1844094794061,494.3814630896786,-13.30044663620501,270.56240360413136,277.5833918375195,73.66567443982785,430.4719524864794,165.98624648468342,205.41660816248043,538.3343255601721,53.520593665161954,446.1356228587217,True
