path,curFrame,Deleted,pixelSpacingX,pixelSpacingY,pixelSpacingZ,tra_UL_x,tra_UL_y,tra_LL_x,tra_LL_y,tra_LR_x,tra_LR_y,tra_UR_x,tra_UR_y,cor_UL_x,cor_UL_y,cor_LL_x,cor_LL_y,cor_LR_x,cor_LR_y,cor_UR_x,cor_UR_y,Dirty
./data/train/PICAI/10407/,8,0,0.5625,0.5625,3.6000000635782783,51.894615693159196,26.29153215649717,300.99292992270296,133.92995395837747,235.1053843068408,287.70846784350283,-13.992929922702956,180.07004604162253,129.5328956292138,19.37733295931875,269.6942951794223,79.30046769146404,165.4671043707862,322.6226670406812,25.37546129432188,261.70196825827605,True
./data/train/PICAI/10407/,9,0,0.5625,0.5625,3.6000000635782783,51.894615693159196,26.29153215649717,300.99292992270296,133.92995395837747,235.1053843068408,287.70846784350283,-13.992929922702956,180.07004604162253,129.5328956292138,19.37733295931875,269.6942951794223,79.30046769146404,165.4671043707862,322.6226670406812,25.37546129432188,261.70196825827605,True
./data/train/PICAI/10407/,10,0,0.5625,0.5625,3.6000000635782783,51.894615693159196,26.29153215649717,300.99292992270296,133.92995395837747,235.1053843068408,287.70846784350283,-13.992929922702956,180.07004604162253,129.5328956292138,19.37733295931875,269.6942951794223,79.30046769146404,165.4671043707862,322.6226670406812,25.37546129432188,261.70196825827605,True
