path,curFrame,Deleted,pixelSpacingX,pixelSpacingY,pixelSpacingZ,tra_UL_x,tra_UL_y,tra_LL_x,tra_LL_y,tra_LR_x,tra_LR_y,tra_UR_x,tra_UR_y,cor_UL_x,cor_UL_y,cor_LL_x,cor_LL_y,cor_LR_x,cor_LR_y,cor_UR_x,cor_UR_y,Dirty
./data/train/PICAI/10857/,10,0,0.5625,0.5625,3.600000092106429,24.91193518639099,13.431820044495026,261.8999678653286,122.22829226196546,205.08806481360892,246.5681799555049,-30.832647341324645,136.84390016151883,136.9366435839276,1.4517575485912175,226.271059626787,42.784094892144594,114.0633564160724,285.5482424514088,24.72894037321295,244.21590510785532,True
./data/train/PICAI/10857/,9,0,0.5625,0.5625,3.600000092106429,24.91193518639099,13.431820044495026,261.8999678653286,122.22829226196546,205.08806481360892,246.5681799555049,-30.832647341324645,136.84390016151883,136.9366435839276,1.4517575485912175,226.271059626787,42.784094892144594,114.0633564160724,285.5482424514088,24.72894037321295,244.21590510785532,True
./data/train/PICAI/10857/,11,0,0.5625,0.5625,3.600000092106429,24.91193518639099,13.431820044495026,261.8999678653286,122.22829226196546,205.08806481360892,246.5681799555049,-30.832647341324645,136.84390016151883,136.9366435839276,1.4517575485912175,226.271059626787,42.784094892144594,114.0633564160724,285.5482424514088,24.72894037321295,244.21590510785532,True
