path,curFrame,Deleted,pixelSpacingX,pixelSpacingY,pixelSpacingZ,tra_UL_x,tra_UL_y,tra_LL_x,tra_LL_y,tra_LR_x,tra_LR_y,tra_UR_x,tra_UR_y,cor_UL_x,cor_UL_y,cor_LL_x,cor_LL_y,cor_LR_x,cor_LR_y,cor_UR_x,cor_UR_y,Dirty
./data/train/PICAI/10327/,9,0,0.5625,0.5625,3.6000000635783334,29.134362774746634,23.884931024453977,265.4452027026828,133.8994161277956,204.86563722525327,264.115068975546,-30.44900800459104,154.18773961495205,127.48990832627292,9.93406797364679,227.78223870340344,56.853663746889566,116.5100916737271,296.06593202635315,16.13060555384891,250.14253095120225,True
./data/train/PICAI/10327/,8,0,0.5625,0.5625,3.6000000635783334,29.134362774746634,23.884931024453977,265.4452027026828,133.8994161277956,204.86563722525327,264.115068975546,-30.44900800459104,154.18773961495205,127.48990832627292,9.93406797364679,227.78223870340344,56.853663746889566,116.5100916737271,296.06593202635315,16.13060555384891,250.14253095120225,True
./data/train/PICAI/10327/,10,0,0.5625,0.5625,3.6000000635783334,29.134362774746634,23.884931024453977,265.4452027026828,133.8994161277956,204.86563722525327,264.115068975546,-30.44900800459104,154.18773961495205,127.48990832627292,9.93406797364679,227.78223870340344,56.853663746889566,116.5100916737271,296.06593202635315,16.13060555384891,250.14253095120225,True
