path,curFrame,Deleted,pixelSpacingX,pixelSpacingY,pixelSpacingZ,tra_UL_x,tra_UL_y,tra_LL_x,tra_LL_y,tra_LR_x,tra_LR_y,tra_UR_x,tra_UR_y,cor_UL_x,cor_UL_y,cor_LL_x,cor_LL_y,cor_LR_x,cor_LR_y,cor_UR_x,cor_UR_y,Dirty
./data/train/PICAI/11266/,9,0,0.5625,0.5625,3.600000063578272,68.50925665795286,26.29844941795781,281.845751627886,169.43663409955735,211.49074334204715,273.7015505820422,-0.7624011870466063,129.65432694509855,181.1295032484153,19.18870137936113,265.43304424119776,76.75529738848998,118.87049675158468,294.8112986206388,34.47980001605457,238.2408973096018,True
./data/train/PICAI/11266/,8,0,0.5625,0.5625,3.600000063578272,68.50925665795286,26.29844941795781,281.845751627886,169.43663409955735,211.49074334204715,273.7015505820422,-0.7624011870466063,129.65432694509855,181.1295032484153,19.18870137936113,265.43304424119776,76.75529738848998,118.87049675158468,294.8112986206388,34.47980001605457,238.2408973096018,True
./data/train/PICAI/11266/,10,0,0.5625,0.5625,3.600000063578272,68.50925665795286,26.29844941795781,281.845751627886,169.43663409955735,211.49074334204715,273.7015505820422,-0.7624011870466063,129.65432694509855,181.1295032484153,19.18870137936113,265.43304424119776,76.75529738848998,118.87049675158468,294.8112986206388,34.47980001605457,238.2408973096018,True
