path,curFrame,Deleted,pixelSpacingX,pixelSpacingY,pixelSpacingZ,tra_UL_x,tra_UL_y,tra_LL_x,tra_LL_y,tra_LR_x,tra_LR_y,tra_UR_x,tra_UR_y,cor_UL_x,cor_UL_y,cor_LL_x,cor_LL_y,cor_LR_x,cor_LR_y,cor_UR_x,cor_UR_y,Dirty
./data/train/PICAI/10650/,8,0,0.5625,0.5625,3.599999957614445,125.75381039254832,6.046109808984056,270.5757137321465,230.47341722297972,157.2461896074517,302.953890191016,13.344791121305777,78.91731390550946,229.5493922474344,42.88117115436175,293.5798822769923,142.84664692762425,67.4506077525656,289.1188288456383,3.4201177230077064,189.1533530723757,True
./data/train/PICAI/10650/,9,0,0.5625,0.5625,3.599999957614445,125.75381039254832,6.046109808984056,270.5757137321465,230.47341722297972,157.2461896074517,302.953890191016,13.344791121305777,78.91731390550946,229.5493922474344,42.88117115436175,293.5798822769923,142.84664692762425,67.4506077525656,289.1188288456383,3.4201177230077064,189.1533530723757,True
./data/train/PICAI/10650/,10,0,0.5625,0.5625,3.599999957614445,125.75381039254832,6.046109808984056,270.5757137321465,230.47341722297972,157.2461896074517,302.953890191016,13.344791121305777,78.91731390550946,229.5493922474344,42.88117115436175,293.5798822769923,142.84664692762425,67.4506077525656,289.1188288456383,3.4201177230077064,189.1533530723757,True
