path,curFrame,Deleted,pixelSpacingX,pixelSpacingY,pixelSpacingZ,tra_UL_x,tra_UL_y,tra_LL_x,tra_LL_y,tra_LR_x,tra_LR_y,tra_UR_x,tra_UR_y,cor_UL_x,cor_UL_y,cor_LL_x,cor_LL_y,cor_LR_x,cor_LR_y,cor_UR_x,cor_UR_y,Dirty
./data/train/PICAI/10425/,16,0,0.392857134342,0.392857134342,3.299999999999987,121.6787825088088,122.1669347018012,512.8034369145298,313.3304895861083,413.3212174911912,514.8330652981988,23.19108498083841,323.564981950624,295.7694588386451,95.65373208256298,463.2522361703301,177.59590252773285,275.23054116135484,560.3462679174372,107.64323536640228,477.4095755768989,True
./data/train/PICAI/10425/,15,0,0.392857134342,0.392857134342,3.299999999999987,118.27450733387178,124.74176833344248,512.6758556161088,309.0501416460885,416.7254926661282,512.2582316665575,23.316690535532445,327.82798901050626,291.7128932484417,95.50989277501824,460.6002502048802,174.51660552949588,279.28710675155827,560.4901072249819,110.27788045171462,480.4908483188629,True
./data/train/PICAI/10425/,17,0,0.392857134342,0.392857134342,3.299999999999987,118.27450733387178,124.74176833344248,512.6758556161088,309.0501416460885,416.7254926661282,512.2582316665575,23.316690535532445,327.82798901050626,291.7128932484417,95.50989277501824,460.6002502048802,174.51660552949588,279.28710675155827,560.4901072249819,110.27788045171462,480.4908483188629,True
