path,curFrame,Deleted,pixelSpacingX,pixelSpacingY,pixelSpacingZ,tra_UL_x,tra_UL_y,tra_LL_x,tra_LL_y,tra_LR_x,tra_LR_y,tra_UR_x,tra_UR_y,cor_UL_x,cor_UL_y,cor_LL_x,cor_LL_y,cor_LR_x,cor_LR_y,cor_UR_x,cor_UR_y,Dirty
./data/train/PICAI/10085/,16,0,0.392857134342,0.392857134342,3.2999999726702507,89.04598384366184,68.69686310434622,470.7106274891895,315.35674997477497,352.9540161563382,498.3031368956538,-28.71062748918945,251.64325002522497,277.74124894917657,81.87961180195751,417.984191338402,172.49924052560894,181.2587510508235,539.1203881980425,41.01580866159807,448.5007594743912,True
./data/train/PICAI/10085/,17,0,0.392857134342,0.392857134342,3.2999999726702507,89.04598384366184,68.69686310434622,470.7106274891895,315.35674997477497,352.9540161563382,498.3031368956538,-28.71062748918945,251.64325002522497,277.74124894917657,81.87961180195751,417.984191338402,172.49924052560894,181.2587510508235,539.1203881980425,41.01580866159807,448.5007594743912,True
./data/train/PICAI/10085/,18,0,0.392857134342,0.392857134342,3.2999999726702507,89.04598384366184,68.69686310434622,470.7106274891895,315.35674997477497,352.9540161563382,498.3031368956538,-28.71062748918945,251.64325002522497,277.74124894917657,81.87961180195751,417.984191338402,172.49924052560894,181.2587510508235,539.1203881980425,41.01580866159807,448.5007594743912,True
