path,curFrame,Deleted,pixelSpacingX,pixelSpacingY,pixelSpacingZ,tra_UL_x,tra_UL_y,tra_LL_x,tra_LL_y,tra_LR_x,tra_LR_y,tra_UR_x,tra_UR_y,cor_UL_x,cor_UL_y,cor_LL_x,cor_LL_y,cor_LR_x,cor_LR_y,cor_UR_x,cor_UR_y,Dirty
./data/train/PICAI/10608/,10,0,0.5625,0.5625,3.5999999576145,40.962974393235385,16.683709893789455,284.2025520436091,190.3486397572134,205.0370256067646,301.3162901062105,-36.60945600539367,129.22045074783168,169.88324943092252,23.99081289262523,264.6349279365615,91.5786773385748,104.11675056907748,317.0091871073747,9.36507206343856,249.4213226614252,True
./data/train/PICAI/10608/,9,0,0.5625,0.5625,3.5999999576145,40.962974393235385,16.683709893789455,284.2025520436091,190.3486397572134,205.0370256067646,301.3162901062105,-36.60945600539367,129.22045074783168,169.88324943092252,23.99081289262523,264.6349279365615,91.5786773385748,104.11675056907748,317.0091871073747,9.36507206343856,249.4213226614252,True
./data/train/PICAI/10608/,11,0,0.5625,0.5625,3.5999999576145,40.962974393235385,16.683709893789455,284.2025520436091,190.3486397572134,205.0370256067646,301.3162901062105,-36.60945600539367,129.22045074783168,169.88324943092252,23.99081289262523,264.6349279365615,91.5786773385748,104.11675056907748,317.0091871073747,9.36507206343856,249.4213226614252,True
