path,curFrame,Deleted,pixelSpacingX,pixelSpacingY,pixelSpacingZ,tra_UL_x,tra_UL_y,tra_LL_x,tra_LL_y,tra_LR_x,tra_LR_y,tra_UR_x,tra_UR_y,cor_UL_x,cor_UL_y,cor_LL_x,cor_LL_y,cor_LR_x,cor_LR_y,cor_UR_x,cor_UR_y,Dirty
./data/train/PICAI/10586/,9,0,0.5625,0.5625,3.5999999576145,64.02962569744597,10.519330654126946,267.24302833730314,187.132787071047,177.9703743025541,288.48066934587297,-23.05235763962256,111.41892519286895,168.46267392801508,26.038494550323605,251.66601656571183,98.02601967734851,78.53732607198498,295.96150544967645,-4.666016565711885,223.97398032265147,True
./data/train/PICAI/10586/,10,0,0.5625,0.5625,3.5999999576145,64.02962569744597,10.519330654126946,267.24302833730314,187.132787071047,177.9703743025541,288.48066934587297,-23.05235763962256,111.41892519286895,168.46267392801508,26.038494550323605,251.66601656571183,98.02601967734851,78.53732607198498,295.96150544967645,-4.666016565711885,223.97398032265147,True
./data/train/PICAI/10586/,11,0,0.5625,0.5625,3.5999999576145,64.02962569744597,10.519330654126946,267.24302833730314,187.132787071047,177.9703743025541,288.48066934587297,-23.05235763962256,111.41892519286895,168.46267392801508,26.038494550323605,251.66601656571183,98.02601967734851,78.53732607198498,295.96150544967645,-4.666016565711885,223.97398032265147,True
