path,curFrame,Deleted,pixelSpacingX,pixelSpacingY,pixelSpacingZ,tra_UL_x,tra_UL_y,tra_LL_x,tra_LL_y,tra_LR_x,tra_LR_y,tra_UR_x,tra_UR_y,cor_UL_x,cor_UL_y,cor_LL_x,cor_LL_y,cor_LR_x,cor_LR_y,cor_UR_x,cor_UR_y,Dirty
./data/train/PICAI/11297/,10,0,0.5625,0.5625,3.6000000346790912,105.71530381226935,0.3649313114540007,307.22842241150784,176.24404613868228,190.28469618773065,309.635068688546,-9.968348900837723,133.11391433939755,158.60493930835526,-6.850157892962231,294.8581116173106,112.42455709489484,103.2880917396317,329.8686360762869,-32.965080569323746,210.5939210884295,True
./data/train/PICAI/11297/,9,0,0.5625,0.5625,3.6000000346790912,105.71530381226935,0.3649313114540007,307.22842241150784,176.24404613868228,190.28469618773065,309.635068688546,-9.968348900837723,133.11391433939755,158.60493930835526,-6.850157892962231,294.8581116173106,112.42455709489484,103.2880917396317,329.8686360762869,-32.965080569323746,210.5939210884295,True
./data/train/PICAI/11297/,11,0,0.5625,0.5625,3.6000000346790912,105.71530381226935,0.3649313114540007,307.22842241150784,176.24404613868228,190.28469618773065,309.635068688546,-9.968348900837723,133.11391433939755,158.60493930835526,-6.850157892962231,294.8581116173106,112.42455709489484,103.2880917396317,329.8686360762869,-32.965080569323746,210.5939210884295,True
