path,curFrame,Deleted,pixelSpacingX,pixelSpacingY,pixelSpacingZ,tra_UL_x,tra_UL_y,tra_LL_x,tra_LL_y,tra_LR_x,tra_LR_y,tra_UR_x,tra_UR_y,cor_UL_x,cor_UL_y,cor_LL_x,cor_LL_y,cor_LR_x,cor_LR_y,cor_UR_x,cor_UR_y,Dirty
./data/train/PICAI/10545/,8,0,0.5625,0.5625,3.599999957614445,31.92590854452041,31.313407923709576,268.2587115489519,166.11995904074047,209.0740914554796,270.6865920762904,-27.258711548951908,135.88004095925953,164.06673888573314,21.96128576993283,246.03095771594283,68.29558010526827,114.93326111426688,299.03871423006717,33.090911627462276,251.71187374309045,True
./data/train/PICAI/10545/,9,0,0.5625,0.5625,3.599999957614445,31.92590854452041,31.313407923709576,268.2587115489519,166.11995904074047,209.0740914554796,270.6865920762904,-27.258711548951908,135.88004095925953,164.06673888573314,21.96128576993283,246.03095771594283,68.29558010526827,114.93326111426688,299.03871423006717,33.090911627462276,251.71187374309045,True
./data/train/PICAI/10545/,10,0,0.5625,0.5625,3.599999957614445,31.92590854452041,31.313407923709576,268.2587115489519,166.11995904074047,209.0740914554796,270.6865920762904,-27.258711548951908,135.88004095925953,164.06673888573314,21.96128576993283,246.03095771594283,68.29558010526827,114.93326111426688,299.03871423006717,33.090911627462276,251.71187374309045,True
