path,curFrame,Deleted,pixelSpacingX,pixelSpacingY,pixelSpacingZ,tra_UL_x,tra_UL_y,tra_LL_x,tra_LL_y,tra_LR_x,tra_LR_y,tra_UR_x,tra_UR_y,cor_UL_x,cor_UL_y,cor_LL_x,cor_LL_y,cor_LR_x,cor_LR_y,cor_UR_x,cor_UR_y,Dirty
./data/train/PICAI/11279/,10,0,0.5625,0.5625,3.60000010612324,50.12362025634545,61.08085000943724,291.5234319579887,187.4419631353169,230.87637974365452,303.9191499905629,-9.652755149752409,178.67245235972965,165.7344125047951,45.04491859306447,269.7959767623243,100.13748473656626,147.26558749520484,334.9550814069354,43.08215389427042,280.85506141507494,True
./data/train/PICAI/11279/,11,0,0.5625,0.5625,3.60000010612324,50.12362025634545,61.08085000943724,291.5234319579887,187.4419631353169,230.87637974365452,303.9191499905629,-9.652755149752409,178.67245235972965,165.7344125047951,45.04491859306447,269.7959767623243,100.13748473656626,147.26558749520484,334.9550814069354,43.08215389427042,280.85506141507494,True
./data/train/PICAI/11279/,12,0,0.5625,0.5625,3.60000010612324,50.12362025634545,61.08085000943724,291.5234319579887,187.4419631353169,230.87637974365452,303.9191499905629,-9.652755149752409,178.67245235972965,165.7344125047951,45.04491859306447,269.7959767623243,100.13748473656626,147.26558749520484,334.9550814069354,43.08215389427042,280.85506141507494,True
