path,curFrame,Deleted,pixelSpacingX,pixelSpacingY,pixelSpacingZ,tra_UL_x,tra_UL_y,tra_LL_x,tra_LL_y,tra_LR_x,tra_LR_y,tra_UR_x,tra_UR_y,cor_UL_x,cor_UL_y,cor_LL_x,cor_LL_y,cor_LR_x,cor_LR_y,cor_UR_x,cor_UR_y,Dirty
./data/train/PICAI/10024/,11,0,0.5625,0.5625,3.6000000635783334,15.693174532259633,50.9814159150429,279.4485977045308,124.59579458671404,245.3068254677404,247.0185840849571,-17.44875000937438,173.42165781972324,133.55181294069592,21.640836316146043,235.9334543205812,50.44807931791962,166.59770493253217,298.2757489934376,63.213564038349006,269.46052284181064,True
./data/train/PICAI/10024/,10,0,0.5625,0.5625,3.6000000635783334,15.693174532259633,50.9814159150429,279.4485977045308,124.59579458671404,245.3068254677404,247.0185840849571,-17.44875000937438,173.42165781972324,133.55181294069592,21.640836316146043,235.9334543205812,50.44807931791962,166.59770493253217,298.2757489934376,63.213564038349006,269.46052284181064,True
./data/train/PICAI/10024/,12,0,0.5625,0.5625,3.6000000635783334,7.587166665294418,61.36048036624746,276.7548366724926,111.70693429198217,253.4128333347056,236.63951963375257,-14.757272622232732,186.22330923427376,121.55952709646274,23.607245627350068,226.0622920813668,43.38172037416918,178.58999077676535,296.3093396822336,73.08784531352329,276.61428575362925,True
