path,curFrame,Deleted,pixelSpacingX,pixelSpacingY,pixelSpacingZ,tra_UL_x,tra_UL_y,tra_LL_x,tra_LL_y,tra_LR_x,tra_LR_y,tra_UR_x,tra_UR_y,cor_UL_x,cor_UL_y,cor_LL_x,cor_LL_y,cor_LR_x,cor_LR_y,cor_UR_x,cor_UR_y,Dirty
./data/train/PICAI/10527/,12,0,0.625,0.625,3.5,93.0716329666368,50.464122824727866,272.9901323107796,245.0260245263501,175.92836703336334,334.5358771752722,-2.192544218181382,140.85071776722793,199.76528878600945,75.79661762949058,276.1654466290699,158.6761439406095,92.23471121399056,328.20338237050936,16.733347417229282,245.76222720617943,True
./data/train/PICAI/10527/,13,0,0.625,0.625,3.5,69.03675171609865,59.81592739096257,280.0072044544314,220.17947708784004,199.96324828390144,325.18407260903746,-9.084681062554893,165.37179762379392,177.0334858753606,68.37768616573132,266.6648323603872,136.7313380599873,114.96651412463936,335.62231383426865,26.296429335551096,267.54429929582966,True
./data/train/PICAI/10527/,14,0,0.625,0.625,3.5,69.03675171609865,59.81592739096257,280.0072044544314,220.17947708784004,199.96324828390144,325.18407260903746,-9.084681062554893,165.37179762379392,177.0334858753606,68.37768616573132,266.6648323603872,136.7313380599873,114.96651412463936,335.62231383426865,26.296429335551096,267.54429929582966,True
