path,curFrame,Deleted,pixelSpacingX,pixelSpacingY,pixelSpacingZ,tra_UL_x,tra_UL_y,tra_LL_x,tra_LL_y,tra_LR_x,tra_LR_y,tra_UR_x,tra_UR_y,cor_UL_x,cor_UL_y,cor_LL_x,cor_LL_y,cor_LR_x,cor_LR_y,cor_UR_x,cor_UR_y,Dirty
./data/train/PICAI/10081/,9,0,0.5625,0.5625,3.5999999187539564,11.0,84.0,279.0,115.0,260.0,281.0,-7.0,249.0,101.0,41.0,220.0,55.0,188.0,325.0,69.0,311.0,True
./data/train/PICAI/10081/,10,0,0.5625,0.5625,3.5999999187539564,11.0,84.0,279.0,115.0,260.0,281.0,-7.0,249.0,101.0,41.0,220.0,55.0,188.0,325.0,69.0,311.0,True
./data/train/PICAI/10081/,11,0,0.5625,0.5625,3.5999999187539564,18.174288406448213,75.55526006826369,283.35900319001325,125.17448058974384,252.82571159355177,289.4447399317363,-11.291682666009308,238.8977118337405,113.01138308536343,38.31149825523545,230.74491443386484,60.57841533442392,179.98861691463657,327.6885017447646,62.25508556613519,305.4215846655761,True
