path,curFrame,Deleted,pixelSpacingX,pixelSpacingY,pixelSpacingZ,tra_UL_x,tra_UL_y,tra_LL_x,tra_LL_y,tra_LR_x,tra_LR_y,tra_UR_x,tra_UR_y,cor_UL_x,cor_UL_y,cor_LL_x,cor_LL_y,cor_LR_x,cor_LR_y,cor_UR_x,cor_UR_y,Dirty,h_par_cor,h_orth_cor,h_par_tra,h_orth_tra
./data/train/PICAI/11050/,11,0,0.3125,0.3125,3.3000000991907967,100.12964421367286,97.78964404091327,581.1289849161338,331.21979257318384,463.8703557863272,574.2103559590867,-16.146589627414812,341.7975075284098,341.9878090772383,73.4536907365482,519.5294491823751,158.56518249164606,285.0121909227617,644.5463092634518,107.48800322406215,558.4349698131975,True,,,,
./data/train/PICAI/11050/,12,0,0.3125,0.3125,3.3000000991907967,100.12964421367286,97.78964404091327,581.1289849161338,331.21979257318384,463.8703557863272,574.2103559590867,-16.146589627414812,341.7975075284098,341.9878090772383,73.4536907365482,519.5294491823751,158.56518249164606,285.0121909227617,644.5463092634518,107.48800322406215,558.4349698131975,True,,,,
./data/train/PICAI/11050/,-1,0,-1.0,-1.0,-1.0,-1.0,-1.0,-1.0,-1.0,-1.0,-1.0,-1.0,-1.0,-1.0,-1.0,-1.0,-1.0,-1.0,-1.0,-1.0,-1.0,False,80.0,60.0,30.0,160.0
./data/train/PICAI/11050/,13,0,0.3125,0.3125,3.3000000991907967,100.12964421367286,97.78964404091327,581.1289849161338,331.21979257318384,463.8703557863272,574.2103559590867,-16.146589627414812,341.7975075284098,341.9878090772383,73.4536907365482,519.5294491823751,158.56518249164606,285.0121909227617,644.5463092634518,107.48800322406215,558.4349698131975,True,,,,
