path,curFrame,Deleted,pixelSpacingX,pixelSpacingY,pixelSpacingZ,tra_UL_x,tra_UL_y,tra_LL_x,tra_LL_y,tra_LR_x,tra_LR_y,tra_UR_x,tra_UR_y,cor_UL_x,cor_UL_y,cor_LL_x,cor_LL_y,cor_LR_x,cor_LR_y,cor_UR_x,cor_UR_y,Dirty
./data/train/PICAI/10459/,10,0,0.5625,0.5625,3.599999957614445,71.96050954370384,14.24304891360515,290.4936443198982,166.37216843018442,206.03949045629616,286.75695108639485,-11.532382623960018,134.90346892563255,169.5484911543901,16.482493751688764,270.0293536505552,86.90689486399343,118.45150884560992,303.5175062483112,17.970646349444806,233.0931051360066,True
./data/train/PICAI/10459/,9,0,0.5625,0.5625,3.599999957614445,71.96050954370384,14.24304891360515,290.4936443198982,166.37216843018442,206.03949045629616,286.75695108639485,-11.532382623960018,134.90346892563255,169.5484911543901,16.482493751688764,270.0293536505552,86.90689486399343,118.45150884560992,303.5175062483112,17.970646349444806,233.0931051360066,True
./data/train/PICAI/10459/,11,0,0.5625,0.5625,3.599999957614445,71.96050954370384,14.24304891360515,290.4936443198982,166.37216843018442,206.03949045629616,286.75695108639485,-11.532382623960018,134.90346892563255,169.5484911543901,16.482493751688764,270.0293536505552,86.90689486399343,118.45150884560992,303.5175062483112,17.970646349444806,233.0931051360066,True
