path,curFrame,Deleted,pixelSpacingX,pixelSpacingY,pixelSpacingZ,tra_UL_x,tra_UL_y,tra_LL_x,tra_LL_y,tra_LR_x,tra_LR_y,tra_UR_x,tra_UR_y,cor_UL_x,cor_UL_y,cor_LL_x,cor_LL_y,cor_LR_x,cor_LR_y,cor_UR_x,cor_UR_y,Dirty
./data/train/PICAI/10305/,9,0,0.5625,0.5625,3.599999839371906,61.24509779307128,29.8614281612293,276.4149444903838,173.44393779333956,207.7549022069287,275.1385718387708,-6.449018664094723,131.81488125176298,184.67400614257312,27.433267012443,262.8768333292246,79.44593681523938,114.32599385742692,301.56673298755703,36.12316667077539,249.55406318476057,True
./data/train/PICAI/10305/,8,0,0.5625,0.5625,3.599999839371906,61.24509779307128,29.8614281612293,276.4149444903838,173.44393779333956,207.7549022069287,275.1385718387708,-6.449018664094723,131.81488125176298,184.67400614257312,27.433267012443,262.8768333292246,79.44593681523938,114.32599385742692,301.56673298755703,36.12316667077539,249.55406318476057,True
./data/train/PICAI/10305/,10,0,0.5625,0.5625,3.599999839371906,61.24509779307128,29.8614281612293,276.4149444903838,173.44393779333956,207.7549022069287,275.1385718387708,-6.449018664094723,131.81488125176298,184.67400614257312,27.433267012443,262.8768333292246,79.44593681523938,114.32599385742692,301.56673298755703,36.12316667077539,249.55406318476057,True
