path,curFrame,Deleted,pixelSpacingX,pixelSpacingY,pixelSpacingZ,tra_UL_x,tra_UL_y,tra_LL_x,tra_LL_y,tra_LR_x,tra_LR_y,tra_UR_x,tra_UR_y,cor_UL_x,cor_UL_y,cor_LL_x,cor_LL_y,cor_LR_x,cor_LR_y,cor_UR_x,cor_UR_y,Dirty
./data/train/PICAI/10196/,9,0,0.5625,0.5625,3.6000000635782774,85.86584048929257,11.758372787319786,278.5727056184051,178.5938130633897,188.13415951070743,282.2416272126801,-3.591078434957524,115.59699593198684,193.7952662852824,21.72051975930356,273.2012722194396,90.12875187784766,97.20473371471758,293.27948024069644,17.798727780560398,224.8712481221524,True
./data/train/PICAI/10196/,8,0,0.5625,0.5625,3.6000000635782774,85.86584048929257,11.758372787319786,278.5727056184051,178.5938130633897,188.13415951070743,282.2416272126801,-3.591078434957524,115.59699593198684,193.7952662852824,21.72051975930356,273.2012722194396,90.12875187784766,97.20473371471758,293.27948024069644,17.798727780560398,224.8712481221524,True
./data/train/PICAI/10196/,10,0,0.5625,0.5625,3.6000000635782774,85.86584048929257,11.758372787319786,278.5727056184051,178.5938130633897,188.13415951070743,282.2416272126801,-3.591078434957524,115.59699593198684,193.7952662852824,21.72051975930356,273.2012722194396,90.12875187784766,97.20473371471758,293.27948024069644,17.798727780560398,224.8712481221524,True
