path,curFrame,Deleted,pixelSpacingX,pixelSpacingY,pixelSpacingZ,tra_UL_x,tra_UL_y,tra_LL_x,tra_LL_y,tra_LR_x,tra_LR_y,tra_UR_x,tra_UR_y,cor_UL_x,cor_UL_y,cor_LL_x,cor_LL_y,cor_LR_x,cor_LR_y,cor_UR_x,cor_UR_y,Dirty
./data/train/PICAI/11197/,9,0,0.5625,0.5625,3.6000000635783334,49.75314584550868,23.93035293347876,280.44331497321457,161.07278206403808,199.2468541544913,299.0696470665212,-31.616963150881546,162.9120256889741,146.97296979592477,16.697544471777917,255.36611665635343,81.5043783220251,112.0270302040752,324.30245552822214,3.6338833436465023,259.4956216779749,True
./data/train/PICAI/11197/,8,0,0.5625,0.5625,3.6000000635783334,49.75314584550868,23.93035293347876,280.44331497321457,161.07278206403808,199.2468541544913,299.0696470665212,-31.616963150881546,162.9120256889741,146.97296979592477,16.697544471777917,255.36611665635343,81.5043783220251,112.0270302040752,324.30245552822214,3.6338833436465023,259.4956216779749,True
./data/train/PICAI/11197/,10,0,0.5625,0.5625,3.6000000635783334,49.75314584550868,23.93035293347876,280.44331497321457,161.07278206403808,199.2468541544913,299.0696470665212,-31.616963150881546,162.9120256889741,146.97296979592477,16.697544471777917,255.36611665635343,81.5043783220251,112.0270302040752,324.30245552822214,3.6338833436465023,259.4956216779749,True
