path,curFrame,Deleted,pixelSpacingX,pixelSpacingY,pixelSpacingZ,tra_UL_x,tra_UL_y,tra_LL_x,tra_LL_y,tra_LR_x,tra_LR_y,tra_UR_x,tra_UR_y,cor_UL_x,cor_UL_y,cor_LL_x,cor_LL_y,cor_LR_x,cor_LR_y,cor_UR_x,cor_UR_y,Dirty,h_par_cor,h_orth_cor,h_par_tra,h_orth_tra
./data/train/PICAI/10807/,13,0,0.254629641771,0.254629641771,3.300000032049965,82.98377696665312,191.46092836519435,728.1334158925765,385.0634681051234,634.0162230333469,698.5390716348056,-10.134025065557523,504.9016323981741,374.2530669634591,90.72869542670674,625.0335497872048,166.02244971409056,428.74693303654095,820.2713045732933,177.96645021279517,744.9775502859095,True,,,,
./data/train/PICAI/10807/,14,0,0.254629641771,0.254629641771,3.300000032049965,70.09215261591561,206.22779984412185,724.4900104319435,365.80049075893294,646.9078473840844,683.7722001558781,-6.493815733851932,524.1123534983195,355.1997529034007,92.65459611730802,609.5771204209568,154.72032655559542,447.8002470965993,818.3454038826919,193.42287957904315,756.2796734444046,True,,,,
./data/train/PICAI/10807/,15,0,0.254629641771,0.254629641771,3.300000032049965,92.0,182.0,730.0,398.0,625.0,708.0,-12.0,492.0,391.0,90.0,639.0,174.0,420.0,821.0,172.0,737.0,True,,,,
./data/train/PICAI/10807/,-1,0,-1.0,-1.0,-1.0,-1.0,-1.0,-1.0,-1.0,-1.0,-1.0,-1.0,-1.0,-1.0,-1.0,-1.0,-1.0,-1.0,-1.0,-1.0,-1.0,False,80.0,60.0,30.0,160.0
./data/train/PICAI/10807/,18,0,0.254629641771,0.254629641771,3.300000032049965,92.0,182.0,730.0,398.0,625.0,708.0,-12.0,492.0,391.0,90.0,639.0,174.0,420.0,821.0,172.0,737.0,True,,,,
