path,curFrame,Deleted,pixelSpacingX,pixelSpacingY,pixelSpacingZ,tra_UL_x,tra_UL_y,tra_LL_x,tra_LL_y,tra_LR_x,tra_LR_y,tra_UR_x,tra_UR_y,cor_UL_x,cor_UL_y,cor_LL_x,cor_LL_y,cor_LR_x,cor_LR_y,cor_UR_x,cor_UR_y,Dirty
./data/train/PICAI/10854/,8,0,0.5625,0.5625,3.599999957614473,16.397087182984208,67.22185123963669,278.9715797687783,109.53775656272748,258.6029128170157,236.7781487603633,-2.9729502340238128,194.4099074810296,121.75408185238476,23.289549750216,220.7188313394348,39.13184626825357,178.24591814761524,298.710450249784,80.27979819531971,282.81581777550343,True
./data/train/PICAI/10854/,9,0,0.5625,0.5625,3.599999957614473,19.42957452848757,63.0470650907119,280.3673100296372,114.50091034577612,255.5704254715124,240.9529349092881,-4.3674623344808765,189.48163724778652,126.57731390693336,22.38767090844453,224.92888856744267,41.674136675874976,173.42268609306663,299.61232909155547,76.07095912771368,280.3084109176877,True
./data/train/PICAI/10854/,10,0,0.5625,0.5625,3.599999957614473,19.42957452848757,63.0470650907119,280.3673100296372,114.50091034577612,255.5704254715124,240.9529349092881,-4.3674623344808765,189.48163724778652,126.57731390693336,22.38767090844453,224.92888856744267,41.674136675874976,173.42268609306663,299.61232909155547,76.07095912771368,280.3084109176877,True
