path,curFrame,Deleted,pixelSpacingX,pixelSpacingY,pixelSpacingZ,tra_UL_x,tra_UL_y,tra_LL_x,tra_LL_y,tra_LR_x,tra_LR_y,tra_UR_x,tra_UR_y,cor_UL_x,cor_UL_y,cor_LL_x,cor_LL_y,cor_LR_x,cor_LR_y,cor_UR_x,cor_UR_y,Dirty
./data/train/PICAI/10403/,8,0,0.5625,0.5625,3.599999984105416,53.36447877653066,31.97705055178922,264.8268254127432,172.77717823321694,194.63552122346937,277.0229494482108,-14.846289275259965,136.5011679687032,163.45650137230487,28.759067351409985,250.2789102908096,86.40340193502679,104.5434986276951,304.24093264858993,18.71135777793197,246.73577116593327,True
./data/train/PICAI/10403/,9,0,0.5625,0.5625,3.599999984105416,53.36447877653066,31.97705055178922,264.8268254127432,172.77717823321694,194.63552122346937,277.0229494482108,-14.846289275259965,136.5011679687032,163.45650137230487,28.759067351409985,250.2789102908096,86.40340193502679,104.5434986276951,304.24093264858993,18.71135777793197,246.73577116593327,True
./data/train/PICAI/10403/,10,0,0.5625,0.5625,3.599999984105416,53.36447877653066,31.97705055178922,264.8268254127432,172.77717823321694,194.63552122346937,277.0229494482108,-14.846289275259965,136.5011679687032,163.45650137230487,28.759067351409985,250.2789102908096,86.40340193502679,104.5434986276951,304.24093264858993,18.71135777793197,246.73577116593327,True
