path,curFrame,Deleted,pixelSpacingX,pixelSpacingY,pixelSpacingZ,tra_UL_x,tra_UL_y,tra_LL_x,tra_LL_y,tra_LR_x,tra_LR_y,tra_UR_x,tra_UR_y,cor_UL_x,cor_UL_y,cor_LL_x,cor_LL_y,cor_LR_x,cor_LR_y,cor_UR_x,cor_UR_y,Dirty
./data/train/PICAI/10337/,9,0,0.5625,0.5625,3.5999999311235444,30.396512516891065,66.19159415605145,290.42608446360884,146.5260308143538,246.6034874831089,285.8084058439485,-12.358763939604811,204.54616160913056,132.9326577531682,44.56589680775966,242.84616306492129,78.31528717385712,164.06734224683177,330.43410319224034,54.15383693507873,296.6847128261429,True
./data/train/PICAI/10337/,8,0,0.5625,0.5625,3.5999999311235444,30.396512516891065,66.19159415605145,290.42608446360884,146.5260308143538,246.6034874831089,285.8084058439485,-12.358763939604811,204.54616160913056,132.9326577531682,44.56589680775966,242.84616306492129,78.31528717385712,164.06734224683177,330.43410319224034,54.15383693507873,296.6847128261429,True
./data/train/PICAI/10337/,10,0,0.5625,0.5625,3.5999999311235444,30.396512516891065,66.19159415605145,290.42608446360884,146.5260308143538,246.6034874831089,285.8084058439485,-12.358763939604811,204.54616160913056,132.9326577531682,44.56589680775966,242.84616306492129,78.31528717385712,164.06734224683177,330.43410319224034,54.15383693507873,296.6847128261429,True
