path,curFrame,Deleted,pixelSpacingX,pixelSpacingY,pixelSpacingZ,tra_UL_x,tra_UL_y,tra_LL_x,tra_LL_y,tra_LR_x,tra_LR_y,tra_UR_x,tra_UR_y,cor_UL_x,cor_UL_y,cor_LL_x,cor_LL_y,cor_LR_x,cor_LR_y,cor_UR_x,cor_UR_y,Dirty
./data/train/PICAI/10468/,9,0,0.5625,0.5625,3.6000000635782783,36.25059634677959,39.35466475801891,282.0728872198082,146.1085935378823,229.7494036532204,268.6453352419811,-15.080341068166888,162.01327580552285,147.4744622364343,21.295067911736965,247.04318170497748,63.74586417511195,141.5255377635657,307.704932088263,42.07868763842771,264.2615896732467,True
./data/train/PICAI/10468/,10,0,0.5625,0.5625,3.6000000635782783,36.25059634677959,39.35466475801891,282.0728872198082,146.1085935378823,229.7494036532204,268.6453352419811,-15.080341068166888,162.01327580552285,147.4744622364343,21.295067911736965,247.04318170497748,63.74586417511195,141.5255377635657,307.704932088263,42.07868763842771,264.2615896732467,True
./data/train/PICAI/10468/,11,0,0.5625,0.5625,3.6000000635782783,36.25059634677959,39.35466475801891,282.0728872198082,146.1085935378823,229.7494036532204,268.6453352419811,-15.080341068166888,162.01327580552285,147.4744622364343,21.295067911736965,247.04318170497748,63.74586417511195,141.5255377635657,307.704932088263,42.07868763842771,264.2615896732467,True
