path,curFrame,Deleted,pixelSpacingX,pixelSpacingY,pixelSpacingZ,tra_UL_x,tra_UL_y,tra_LL_x,tra_LL_y,tra_LR_x,tra_LR_y,tra_UR_x,tra_UR_y,cor_UL_x,cor_UL_y,cor_LL_x,cor_LL_y,cor_LR_x,cor_LR_y,cor_UR_x,cor_UR_y,Dirty
./data/train/PICAI/10520/,9,0,0.5625,0.5625,3.6000000635783334,105.49819485273152,6.768686340320272,272.79647646888816,213.09920993845697,169.50180514726847,297.2313136596797,2.462342576214468,89.93486423525398,208.1954040161695,33.66436519515736,281.39273662037056,123.67631162245088,76.80459598383047,288.3356348048427,4.573189205918538,198.5825074226516,True
./data/train/PICAI/10520/,8,0,0.5625,0.5625,3.6000000635783334,105.49819485273152,6.768686340320272,272.79647646888816,213.09920993845697,169.50180514726847,297.2313136596797,2.462342576214468,89.93486423525398,208.1954040161695,33.66436519515736,281.39273662037056,123.67631162245088,76.80459598383047,288.3356348048427,4.573189205918538,198.5825074226516,True
./data/train/PICAI/10520/,10,0,0.5625,0.5625,3.6000000635783334,105.49819485273152,6.768686340320272,272.79647646888816,213.09920993845697,169.50180514726847,297.2313136596797,2.462342576214468,89.93486423525398,208.1954040161695,33.66436519515736,281.39273662037056,123.67631162245088,76.80459598383047,288.3356348048427,4.573189205918538,198.5825074226516,True
