path,curFrame,Deleted,pixelSpacingX,pixelSpacingY,pixelSpacingZ,tra_UL_x,tra_UL_y,tra_LL_x,tra_LL_y,tra_LR_x,tra_LR_y,tra_UR_x,tra_UR_y,cor_UL_x,cor_UL_y,cor_LL_x,cor_LL_y,cor_LR_x,cor_LR_y,cor_UR_x,cor_UR_y,Dirty
./data/train/PICAI/10948/,13,0,0.39285713434219,0.39285713434219,3.299999999999987,201.545088032795,105.71478316253048,451.05627807112296,433.23297509338767,281.4549119672049,561.2852168374695,31.94372192887704,233.7670249066124,362.2569869331373,129.5943301214733,479.57074736460777,284.7151914310582,136.74301306686283,544.4056698785267,18.870059731921373,390.1138461414967,True
./data/train/PICAI/10948/,14,0,0.39285713434219,0.39285713434219,3.299999999999987,201.545088032795,105.71478316253048,451.05627807112296,433.23297509338767,281.4549119672049,561.2852168374695,31.94372192887704,233.7670249066124,362.2569869331373,129.5943301214733,479.57074736460777,284.7151914310582,136.74301306686283,544.4056698785267,18.870059731921373,390.1138461414967,True
./data/train/PICAI/10948/,15,0,0.39285713434219,0.39285713434219,3.299999999999987,197.5757731747613,106.44678531717484,452.7649420514933,429.5605239418318,285.42422682523863,560.5532146828252,30.23505794850664,237.43947605816828,358.6200854497596,127.65803824498713,478.6232107457707,280.7078664683137,140.37991455024056,546.3419617550129,19.83215021921416,394.1308040996316,True
