path,curFrame,Deleted,pixelSpacingX,pixelSpacingY,pixelSpacingZ,tra_UL_x,tra_UL_y,tra_LL_x,tra_LL_y,tra_LR_x,tra_LR_y,tra_UR_x,tra_UR_y,cor_UL_x,cor_UL_y,cor_LL_x,cor_LL_y,cor_LR_x,cor_LR_y,cor_UR_x,cor_UR_y,Dirty
./data/train/PICAI/10991/,8,0,0.5625,0.5625,3.600000010596389,39.1115309632971,44.40786548093995,264.71350375345446,173.56184286138753,202.88846903670293,283.5921345190601,-22.71350375345436,154.43815713861247,147.45632499702833,34.03920885652035,240.7249538847068,88.06946735223349,115.08249505502036,307.95573918208333,21.709275455328807,254.9520784510628,True
./data/train/PICAI/10991/,9,0,0.5625,0.5625,3.600000010596389,39.1115309632971,44.40786548093995,264.71350375345446,173.56184286138753,202.88846903670293,283.5921345190601,-22.71350375345436,154.43815713861247,147.45632499702833,34.03920885652035,240.7249538847068,88.06946735223349,115.08249505502036,307.95573918208333,21.709275455328807,254.9520784510628,True
./data/train/PICAI/10991/,10,0,0.5625,0.5625,3.600000010596389,39.1115309632971,44.40786548093995,264.71350375345446,173.56184286138753,202.88846903670293,283.5921345190601,-22.71350375345436,154.43815713861247,147.45632499702833,34.03920885652035,240.7249538847068,88.06946735223349,115.08249505502036,307.95573918208333,21.709275455328807,254.9520784510628,True
