path,curFrame,Deleted,pixelSpacingX,pixelSpacingY,pixelSpacingZ,tra_UL_x,tra_UL_y,tra_LL_x,tra_LL_y,tra_LR_x,tra_LR_y,tra_UR_x,tra_UR_y,cor_UL_x,cor_UL_y,cor_LL_x,cor_LL_y,cor_LR_x,cor_LR_y,cor_UR_x,cor_UR_y,Dirty
./data/train/PICAI/10941/,9,0,0.5625,0.5625,3.60000005300675,60.03181723461531,12.46573375176996,268.0466575400292,189.59513902574804,187.96818276538468,284.53426624823,-19.99432158378628,106.4062314394974,168.96368138771916,24.06773676763308,249.4990611075549,92.37624731633308,83.03631861228087,287.9322632323669,3.499568427199634,219.67608863990984,True
./data/train/PICAI/10941/,8,0,0.5625,0.5625,3.60000005300675,53.0,15.999999999999972,270.0,182.0,195.0,281.0,-22.000000000000057,113.99999999999996,162.00000000000003,22.0,246.00000000000003,86.0,90.0,290.0,7.0,226.0,True
./data/train/PICAI/10941/,10,0,0.5625,0.5625,3.60000005300675,60.03181723461531,12.46573375176996,268.0466575400292,189.59513902574804,187.96818276538468,284.53426624823,-19.99432158378628,106.4062314394974,174.96368138771916,24.06773676763308,255.4990611075549,92.37624731633308,89.03631861228087,287.9322632323669,9.499568427199634,219.67608863990984,True
