path,curFrame,Deleted,pixelSpacingX,pixelSpacingY,pixelSpacingZ,tra_UL_x,tra_UL_y,tra_LL_x,tra_LL_y,tra_LR_x,tra_LR_y,tra_UR_x,tra_UR_y,cor_UL_x,cor_UL_y,cor_LL_x,cor_LL_y,cor_LR_x,cor_LR_y,cor_UR_x,cor_UR_y,Dirty
./data/train/PICAI/10204/,9,0,0.5625,0.5625,3.599999957614445,37.403560171007,-0.299826193520218,260.68872050671257,103.26048074817588,209.59643982899297,212.2998261935203,-12.818043698476387,107.62510375677763,150.87988908322663,-17.56148374794182,233.0338018996504,19.70424593700392,125.1201109167734,248.56148374794185,42.84432875694448,210.30320791135472,True
./data/train/PICAI/10204/,10,0,0.5625,0.5625,3.599999957614445,30.19818573636512,5.9648988848704505,260.1634364758778,93.69735269936892,216.80181426363487,206.03510111512963,-12.37261828780666,117.13021112180684,141.5666144233432,-18.13580830583996,226.1199303315109,13.30837667220625,134.43338557665683,249.13580830584,49.68926067311253,216.7099961443461,True
./data/train/PICAI/10204/,11,0,0.5625,0.5625,3.599999957614445,35.56148530486851,1.218953845582547,260.6200147966653,100.86662468133304,211.43851469513143,210.7810461544175,-12.768919828883796,110.0039341489653,150.55568431821703,-17.766002898616847,233.34746135644104,18.06026755831188,129.444315681783,248.76600289861685,46.51336554259889,211.9494643729465,True
