path,curFrame,Deleted,pixelSpacingX,pixelSpacingY,pixelSpacingZ,tra_UL_x,tra_UL_y,tra_LL_x,tra_LL_y,tra_LR_x,tra_LR_y,tra_UR_x,tra_UR_y,cor_UL_x,cor_UL_y,cor_LL_x,cor_LL_y,cor_LR_x,cor_LR_y,cor_UR_x,cor_UR_y,Dirty
./data/train/PICAI/11106/,9,0,0.5625,0.5625,3.5999999576145,-1.3008152798303172,104.11573210495928,269.28589830686275,86.57063505897537,277.3008152798303,213.8842678950407,8.689478374327592,231.11649601094416,91.6928383555462,36.97304653497595,196.964458768438,30.424311111703133,213.3071616444538,287.0269534650241,109.17966403719736,294.4069427638518,True
./data/train/PICAI/11106/,8,0,0.5625,0.5625,3.5999999576145,-1.3008152798303172,104.11573210495928,269.28589830686275,86.57063505897537,277.3008152798303,213.8842678950407,8.689478374327592,231.11649601094416,91.6928383555462,36.97304653497595,196.964458768438,30.424311111703133,213.3071616444538,287.0269534650241,109.17966403719736,294.4069427638518,True
./data/train/PICAI/11106/,10,0,0.5625,0.5625,3.5999999576145,-1.3008152798303172,104.11573210495928,269.28589830686275,86.57063505897537,277.3008152798303,213.8842678950407,8.689478374327592,231.11649601094416,91.6928383555462,36.97304653497595,196.964458768438,30.424311111703133,213.3071616444538,287.0269534650241,109.17966403719736,294.4069427638518,True
