path,curFrame,Deleted,pixelSpacingX,pixelSpacingY,pixelSpacingZ,tra_UL_x,tra_UL_y,tra_LL_x,tra_LL_y,tra_LR_x,tra_LR_y,tra_UR_x,tra_UR_y,cor_UL_x,cor_UL_y,cor_LL_x,cor_LL_y,cor_LR_x,cor_LR_y,cor_UR_x,cor_UR_y,Dirty
./data/train/PICAI/10555/,9,0,0.5625,0.5625,3.6000000635782774,37.703359502683725,-7.30567908778437,292.7660941670804,126.44035407028602,221.2966404973163,263.3056790877844,-33.09127475656567,127.42783478348348,142.60367453389668,-20.69091091883677,250.6604133951168,35.092072030070554,108.39632546610336,306.6909109188367,2.158528821033258,249.60737069925392,True
./data/train/PICAI/10555/,8,0,0.5625,0.5625,3.6000000635782774,37.703359502683725,-7.30567908778437,292.7660941670804,126.44035407028602,221.2966404973163,263.3056790877844,-33.09127475656567,127.42783478348348,142.60367453389668,-20.69091091883677,250.6604133951168,35.092072030070554,108.39632546610336,306.6909109188367,2.158528821033258,249.60737069925392,True
./data/train/PICAI/10555/,10,0,0.5625,0.5625,3.6000000635782774,37.703359502683725,-7.30567908778437,292.7660941670804,126.44035407028602,221.2966404973163,263.3056790877844,-33.09127475656567,127.42783478348348,142.60367453389668,-20.69091091883677,250.6604133951168,35.092072030070554,108.39632546610336,306.6909109188367,2.158528821033258,249.60737069925392,True
