path,curFrame,Deleted,pixelSpacingX,pixelSpacingY,pixelSpacingZ,tra_UL_x,tra_UL_y,tra_LL_x,tra_LL_y,tra_LR_x,tra_LR_y,tra_UR_x,tra_UR_y,cor_UL_x,cor_UL_y,cor_LL_x,cor_LL_y,cor_LR_x,cor_LR_y,cor_UR_x,cor_UR_y,Dirty
./data/train/PICAI/11291/,9,0,0.5625,0.5625,3.5999999576145,16.212023220153043,65.98532980362414,267.74585231621927,175.45556694720105,215.78797677984696,295.014670196376,-34.6314368211728,184.67375624456275,139.74932020151255,43.80117990625425,233.4846321036129,84.52821395755703,125.25067979848748,334.19882009374567,31.63723723979234,292.47923989080164,True
./data/train/PICAI/11291/,8,0,0.5625,0.5625,3.5999999576145,16.212023220153043,65.98532980362414,267.74585231621927,175.45556694720105,215.78797677984696,295.014670196376,-34.6314368211728,184.67375624456275,139.74932020151255,43.80117990625425,233.4846321036129,84.52821395755703,125.25067979848748,334.19882009374567,31.63723723979234,292.47923989080164,True
./data/train/PICAI/11291/,10,0,0.5625,0.5625,3.5999999576145,16.212023220153043,65.98532980362414,267.74585231621927,175.45556694720105,215.78797677984696,295.014670196376,-34.6314368211728,184.67375624456275,139.74932020151255,43.80117990625425,233.4846321036129,84.52821395755703,125.25067979848748,334.19882009374567,31.63723723979234,292.47923989080164,True
