path,curFrame,Deleted,pixelSpacingX,pixelSpacingY,pixelSpacingZ,tra_UL_x,tra_UL_y,tra_LL_x,tra_LL_y,tra_LR_x,tra_LR_y,tra_UR_x,tra_UR_y,cor_UL_x,cor_UL_y,cor_LL_x,cor_LL_y,cor_LR_x,cor_LR_y,cor_UR_x,cor_UR_y,Dirty
./data/train/PICAI/10703/,7,0,0.5625,0.5625,3.5999998781416056,14.39728745740068,52.16940276333928,252.2223978212677,148.9951063776918,202.6027125425993,270.8305972366607,-34.15507729726383,173.07708604579247,118.61587463721898,31.637378351832893,216.0703160296453,71.53263938481963,119.38412536278102,307.3626216481671,22.92724802061454,267.53711708892445,True
./data/train/PICAI/10703/,8,0,0.5625,0.5625,3.5999998781416056,14.39728745740068,52.16940276333928,252.2223978212677,148.9951063776918,202.6027125425993,270.8305972366607,-34.15507729726383,173.07708604579247,118.61587463721898,31.637378351832893,216.0703160296453,71.53263938481963,119.38412536278102,307.3626216481671,22.92724802061454,267.53711708892445,True
./data/train/PICAI/10703/,9,0,0.5625,0.5625,3.5999998781416056,14.39728745740068,52.16940276333928,252.2223978212677,148.9951063776918,202.6027125425993,270.8305972366607,-34.15507729726383,173.07708604579247,118.61587463721898,31.637378351832893,216.0703160296453,71.53263938481963,119.38412536278102,307.3626216481671,22.92724802061454,267.53711708892445,True
