path,curFrame,Deleted,pixelSpacingX,pixelSpacingY,pixelSpacingZ,tra_UL_x,tra_UL_y,tra_LL_x,tra_LL_y,tra_LR_x,tra_LR_y,tra_UR_x,tra_UR_y,cor_UL_x,cor_UL_y,cor_LL_x,cor_LL_y,cor_LR_x,cor_LR_y,cor_UR_x,cor_UR_y,Dirty
./data/train/PICAI/10209/,9,0,0.5625,0.5625,3.599999957614445,28.99999999999997,45.99999999999999,283.0,136.0,239.00000000000009,258.0,-14.000000000000083,167.99999999999997,152.0,15.999999999999972,245.0000000000001,49.99999999999996,154.0,304.00000000000006,60.99999999999996,270.0000000000001,True
./data/train/PICAI/10209/,10,0,0.5625,0.5625,3.599999957614445,18.49518387996001,57.55616773406664,280.5113069975903,120.51290864722723,249.50481612004,246.44383226593337,-11.51678510222203,183.38256288950507,136.9533793940896,16.893375530236284,232.9978834144393,40.98597288886579,169.0466206059104,303.10662446976374,73.00211658556071,279.01402711113417,True
./data/train/PICAI/10209/,11,0,0.5625,0.5625,3.599999957614445,18.49518387996001,57.55616773406664,280.5113069975903,120.51290864722723,249.50481612004,246.44383226593337,-11.51678510222203,183.38256288950507,136.9533793940896,16.893375530236284,232.9978834144393,40.98597288886579,169.0466206059104,303.10662446976374,73.00211658556071,279.01402711113417,True
