path,curFrame,Deleted,pixelSpacingX,pixelSpacingY,pixelSpacingZ,tra_UL_x,tra_UL_y,tra_LL_x,tra_LL_y,tra_LR_x,tra_LR_y,tra_UR_x,tra_UR_y,cor_UL_x,cor_UL_y,cor_LL_x,cor_LL_y,cor_LR_x,cor_LR_y,cor_UR_x,cor_UR_y,Dirty,h_par_cor,h_orth_cor,h_par_tra,h_orth_tra
./data/train/PICAI/11349/,-1,0,-1.0,-1.0,-1.0,-1.0,-1.0,-1.0,-1.0,-1.0,-1.0,-1.0,-1.0,-1.0,-1.0,-1.0,-1.0,-1.0,-1.0,-1.0,-1.0,False,80.0,60.0,30.0,160.0
./data/train/PICAI/11349/,15,0,0.392857134342,0.392857134342,3.2999999999999696,20.29748235109139,159.4889525070707,421.862832497203,302.49339146625505,352.70251764890867,496.5110474929294,-47.74841700215629,352.6359317255087,209.36425300481136,107.24856268380776,357.08025653015864,159.6411413806003,209.63574699518864,572.7514373161921,60.92719731819997,520.2369892759946,True,,,,
./data/train/PICAI/11349/,16,0,0.392857134342,0.392857134342,3.2999999999999696,20.29748235109139,159.4889525070707,421.862832497203,302.49339146625505,352.70251764890867,496.5110474929294,-47.74841700215629,352.6359317255087,209.36425300481136,107.24856268380776,357.08025653015864,159.6411413806003,209.63574699518864,572.7514373161921,60.92719731819997,520.2369892759946,True,,,,
./data/train/PICAI/11349/,17,0,0.392857134342,0.392857134342,3.2999999999999696,58.96482293152866,128.6158767350977,422.0227120163295,351.98545652001167,314.0351770684714,527.3841232649023,-47.75162528627271,303.3945930588464,261.75896427502266,112.30651663452863,395.35398909017476,194.26607583685032,165.24103572497737,567.6934833654711,30.70049233422577,485.4083560086925,True,,,,
