path,curFrame,Deleted,pixelSpacingX,pixelSpacingY,pixelSpacingZ,tra_UL_x,tra_UL_y,tra_LL_x,tra_LL_y,tra_LR_x,tra_LR_y,tra_UR_x,tra_UR_y,cor_UL_x,cor_UL_y,cor_LL_x,cor_LL_y,cor_LR_x,cor_LR_y,cor_UR_x,cor_UR_y,Dirty
./data/train/PICAI/10230/,9,0,0.5625,0.5625,3.5999999576145,21.87085184163313,56.73406347321206,290.1857096531828,106.05076528474754,266.12914815836683,239.26593652678795,-3.18023154855112,189.8447062519848,113.04131056980964,21.075833742618784,238.4048351121715,43.30164563592518,192.9586894301904,293.9241662573811,67.69969335109613,270.70383246870654,True
./data/train/PICAI/10230/,10,0,0.5625,0.5625,3.5999999576145,13.0,70.0,285.0,91.0,275.0,226.0,2.0,205.0,97.0,26.0,224.0,35.0,205.0,289.0,78.0,279.0,True
./data/train/PICAI/10230/,11,0,0.5625,0.5625,3.5999999576145,13.0,70.0,285.0,91.0,275.0,226.0,2.0,205.0,99.00500317342032,25.85862227213215,228.0,35.0,209.0,289.0,80.006171330437,278.8430056165698,True
