path,curFrame,Deleted,pixelSpacingX,pixelSpacingY,pixelSpacingZ,tra_UL_x,tra_UL_y,tra_LL_x,tra_LL_y,tra_LR_x,tra_LR_y,tra_UR_x,tra_UR_y,cor_UL_x,cor_UL_y,cor_LL_x,cor_LL_y,cor_LR_x,cor_LR_y,cor_UR_x,cor_UR_y,Dirty
./data/train/PICAI/11098/,9,0,0.5625,0.5625,3.600000063578272,-8.254339884754984,49.26288565980123,290.1217134749546,101.57665804799558,264.25433988475504,247.7371143401988,-33.124149424694764,195.3535854782603,122.43842713647594,15.556124414156812,227.0011926305852,34.30787292526733,177.56157286352405,316.4438755858432,73.06856384315901,298.68969112499246,True
./data/train/PICAI/11098/,8,0,0.5625,0.5625,3.600000063578272,-8.254339884754984,49.26288565980123,290.1217134749546,101.57665804799558,264.25433988475504,247.7371143401988,-33.124149424694764,195.3535854782603,122.43842713647594,15.556124414156812,227.0011926305852,34.30787292526733,177.56157286352405,316.4438755858432,73.06856384315901,298.68969112499246,True
./data/train/PICAI/11098/,10,0,0.5625,0.5625,3.600000063578272,-8.254339884754984,49.26288565980123,290.1217134749546,101.57665804799558,264.25433988475504,247.7371143401988,-33.124149424694764,195.3535854782603,122.43842713647594,15.556124414156812,227.0011926305852,34.30787292526733,177.56157286352405,316.4438755858432,73.06856384315901,298.68969112499246,True
