path,curFrame,Deleted,pixelSpacingX,pixelSpacingY,pixelSpacingZ,tra_UL_x,tra_UL_y,tra_LL_x,tra_LL_y,tra_LR_x,tra_LR_y,tra_UR_x,tra_UR_y,cor_UL_x,cor_UL_y,cor_LL_x,cor_LL_y,cor_LR_x,cor_LR_y,cor_UR_x,cor_UR_y,Dirty
./data/train/PICAI/10825/,9,0,0.5625,0.5625,4.000404435789487,69.30330767822039,39.170669332458175,269.0032700903401,184.693605712254,177.16430161611578,310.68117178169985,-22.53566079600384,165.1582354019041,140.76184283812626,40.42101206526851,246.1509094886045,119.93292708774206,94.23815716187372,336.5789879347315,-11.150909488604569,257.0670729122578,True
./data/train/PICAI/10825/,8,0,0.5625,0.5625,4.000404435789487,74.07395062228147,37.37122056238806,268.57358397468715,189.7749364809308,172.39365867205473,312.48062055177,-22.10597468035084,160.07690463322731,145.9155545031211,41.32304439118133,248.4654951655768,124.4645482874112,89.08444549687891,335.6769556088187,-13.46549516557684,252.53545171258867,True
./data/train/PICAI/10825/,10,0,0.5625,0.5625,4.000404435789487,74.07395062228147,37.37122056238806,268.57358397468715,189.7749364809308,172.39365867205473,312.48062055177,-22.10597468035084,160.07690463322731,145.9155545031211,41.32304439118133,248.4654951655768,124.4645482874112,89.08444549687891,335.6769556088187,-13.46549516557684,252.53545171258867,True
