path,curFrame,Deleted,pixelSpacingX,pixelSpacingY,pixelSpacingZ,tra_UL_x,tra_UL_y,tra_LL_x,tra_LL_y,tra_LR_x,tra_LR_y,tra_UR_x,tra_UR_y,cor_UL_x,cor_UL_y,cor_LL_x,cor_LL_y,cor_LR_x,cor_LR_y,cor_UR_x,cor_UR_y,Dirty,h_par_cor,h_orth_cor,h_par_tra,h_orth_tra
./data/train/PICAI/10136/,-1,0,-1.0,-1.0,-1.0,-1.0,-1.0,-1.0,-1.0,-1.0,-1.0,-1.0,-1.0,-1.0,-1.0,-1.0,-1.0,-1.0,-1.0,-1.0,-1.0,False,80.0,60.0,30.0,160.0
./data/train/PICAI/10136/,13,0,0.5625,0.5625,3.600000034679045,105.34289909346889,0.5022333108772159,297.763380981746,186.674805578656,183.40164336170704,304.58787206702084,-7.3054915191317775,119.93742201194615,178.04008007396573,19.542587091415072,281.430416814179,118.60283979718712,94.07165797121851,311.6901140666881,-8.343104371576867,212.87864509674492,True,,,,
./data/train/PICAI/10136/,12,0,0.5625,0.5625,3.600000034679045,105.34289909346889,0.5022333108772159,297.763380981746,186.674805578656,183.40164336170704,304.58787206702084,-7.3054915191317775,119.93742201194615,178.04008007396573,19.542587091415072,281.430416814179,118.60283979718712,94.07165797121851,311.6901140666881,-8.343104371576867,212.87864509674492,True,,,,
./data/train/PICAI/10136/,14,0,0.5625,0.5625,3.600000034679045,105.34289909346889,0.5022333108772159,297.763380981746,186.674805578656,183.40164336170704,304.58787206702084,-7.3054915191317775,119.93742201194615,178.04008007396573,19.542587091415072,281.430416814179,118.60283979718712,94.07165797121851,311.6901140666881,-8.343104371576867,212.87864509674492,True,,,,
