path,curFrame,Deleted,pixelSpacingX,pixelSpacingY,pixelSpacingZ,tra_UL_x,tra_UL_y,tra_LL_x,tra_LL_y,tra_LR_x,tra_LR_y,tra_UR_x,tra_UR_y,cor_UL_x,cor_UL_y,cor_LL_x,cor_LL_y,cor_LR_x,cor_LR_y,cor_UR_x,cor_UR_y,Dirty,cor_mid_x,cor_mid_y,tra_mid_x,tra_mid_y,Alpha,h_par_cor,h_orth_cor,h_par_tra,h_orth_tra,cor_U_mid_x,cor_U_mid_y,tra_U_mid_x,tra_U_mid_y,tra_L_mid_x,tra_L_mid_y
./data/train/PICAI/10007/,10,0,0.5625,0.5625,3.6000000635783334,38.26190928283509,34.786245444659045,296.4167303840968,155.8572700609468,243.0,271.0,-14.0,150.0,165.0,12.0,262.0,58.0,141.0,315.0,44.0,269.0,True,202.0,187.0,202.0,187.0,-2.702330453761705,80.0,60.0,30.0,160.0,105.0,141.0,8.0,96.0,266.0,217.0
./data/train/PICAI/10007/,9,0,0.5625,0.5625,3.6000000635783334,32.22096614051159,40.305688693732606,296.3583628781213,147.70001025749497,249.0409431423235,265.48055675092644,-13.939497994998192,158.09672380005958,157.0546570462489,11.579594009766708,256.32917590461807,52.43996485291156,148.9453429537511,315.4204059902333,49.670824095382,274.56003514708846,True,202.0,187.0,202.0,187.0,-2.702330453761705,80.0,60.0,30.0,160.0,105.0,141.0,8.0,96.0,266.0,217.0
./data/train/PICAI/10007/,11,0,0.5625,0.5625,3.6000000635783334,38.26190928283509,34.786245444659045,296.4167303840968,155.8572700609468,243.0,271.0,-14.0,150.0,165.0,12.0,262.0,58.0,141.0,315.0,44.0,269.0,True,202.0,187.0,202.0,187.0,-2.702330453761705,80.0,60.0,30.0,160.0,105.0,141.0,8.0,96.0,266.0,217.0
