path,curFrame,Deleted,pixelSpacingX,pixelSpacingY,pixelSpacingZ,tra_UL_x,tra_UL_y,tra_LL_x,tra_LL_y,tra_LR_x,tra_LR_y,tra_UR_x,tra_UR_y,cor_UL_x,cor_UL_y,cor_LL_x,cor_LL_y,cor_LR_x,cor_LR_y,cor_UR_x,cor_UR_y,Dirty
./data/train/PICAI/11233/,9,0,0.5625,0.5625,3.599999972823793,61.04768628673048,-3.793272035657964,296.66187315157856,123.23410669828452,226.95231371326955,252.793272035658,-7.671605082837033,125.9050664026755,163.6107538073063,-8.747511497542291,268.9538534679597,46.45059855964797,139.3892461926937,285.74751149754235,34.18531963300046,229.55913337161053,True
./data/train/PICAI/11233/,8,0,0.5625,0.5625,3.599999972823793,61.04768628673048,-3.793272035657964,296.66187315157856,123.23410669828452,226.95231371326955,252.793272035658,-7.671605082837033,125.9050664026755,163.6107538073063,-8.747511497542291,268.9538534679597,46.45059855964797,139.3892461926937,285.74751149754235,34.18531963300046,229.55913337161053,True
./data/train/PICAI/11233/,10,0,0.5625,0.5625,3.599999972823793,61.04768628673048,-3.793272035657964,296.66187315157856,123.23410669828452,226.95231371326955,252.793272035658,-7.671605082837033,125.9050664026755,163.6107538073063,-8.747511497542291,268.9538534679597,46.45059855964797,139.3892461926937,285.74751149754235,34.18531963300046,229.55913337161053,True
