path,curFrame,Deleted,pixelSpacingX,pixelSpacingY,pixelSpacingZ,tra_UL_x,tra_UL_y,tra_LL_x,tra_LL_y,tra_LR_x,tra_LR_y,tra_UR_x,tra_UR_y,cor_UL_x,cor_UL_y,cor_LL_x,cor_LL_y,cor_LR_x,cor_LR_y,cor_UR_x,cor_UR_y,Dirty,h_par_cor,h_orth_cor,h_par_tra,h_orth_tra
./data/train/PICAI/10437/,-1,0,-1.0,-1.0,-1.0,-1.0,-1.0,-1.0,-1.0,-1.0,-1.0,-1.0,-1.0,-1.0,-1.0,-1.0,-1.0,-1.0,-1.0,-1.0,-1.0,False,80.0,60.0,30.0,160.0
./data/train/PICAI/10437/,16,0,0.392857134342,0.392857134342,3.2999999999999834,109.63174328898955,216.97426805283183,468.0841762414999,440.3234415691588,365.3682567110105,604.025731947168,6.91582375850021,380.6765584308412,291.980455752356,199.8734477696779,435.0654242283077,289.98278022884074,218.019544247644,638.1265522303222,74.81270642828719,549.0097659228006,True,,,,
./data/train/PICAI/10437/,15,0,0.392857134342,0.392857134342,3.2999999999999834,113.0287079738452,214.7721341726229,467.5285663309752,444.3431480763276,361.97129202615486,606.227865827377,7.47143366902489,376.6568519236724,295.79910910055025,200.552219748972,437.2896603488859,293.14500514525514,214.2008908994497,637.4477802510281,72.57116655015412,545.8452629234864,True,,,,
./data/train/PICAI/10437/,17,0,0.392857134342,0.392857134342,3.2999999999999834,106.27372851381568,219.23535174571785,468.5695479782223,436.2946505527819,368.7262714861844,601.7646482542821,6.430452021777796,384.7053494472181,286.1505377991018,199.2614238609198,430.78633843517673,286.85985520738654,219.84946220089816,638.7385761390804,75.1091331015557,552.1346666879817,True,,,,
