path,curFrame,Deleted,pixelSpacingX,pixelSpacingY,pixelSpacingZ,tra_UL_x,tra_UL_y,tra_LL_x,tra_LL_y,tra_LR_x,tra_LR_y,tra_UR_x,tra_UR_y,cor_UL_x,cor_UL_y,cor_LL_x,cor_LL_y,cor_LR_x,cor_LR_y,cor_UR_x,cor_UR_y,Dirty
./data/train/PICAI/10877/,9,0,0.5625,0.5625,3.599999957614445,40.19683005765352,49.67002180669199,281.4181867405034,118.78772634095256,243.8031699423464,247.329978193308,3.57435941113792,178.09040431564233,135.4893876762853,13.704019209254795,237.87742296015105,43.44776192448589,164.5106123237147,299.2959807907452,62.12257703984895,269.5522380755142,True
./data/train/PICAI/10877/,8,0,0.5625,0.5625,3.599999957614445,40.19683005765352,49.67002180669199,281.4181867405034,118.78772634095256,243.8031699423464,247.329978193308,3.57435941113792,178.09040431564233,135.4893876762853,13.704019209254795,237.87742296015105,43.44776192448589,164.5106123237147,299.2959807907452,62.12257703984895,269.5522380755142,True
./data/train/PICAI/10877/,10,0,0.5625,0.5625,3.599999957614445,40.19683005765352,49.67002180669199,281.4181867405034,118.78772634095256,243.8031699423464,247.329978193308,3.57435941113792,178.09040431564233,135.4893876762853,13.704019209254795,237.87742296015105,43.44776192448589,164.5106123237147,299.2959807907452,62.12257703984895,269.5522380755142,True
