path,curFrame,Deleted,pixelSpacingX,pixelSpacingY,pixelSpacingZ,tra_UL_x,tra_UL_y,tra_LL_x,tra_LL_y,tra_LR_x,tra_LR_y,tra_UR_x,tra_UR_y,cor_UL_x,cor_UL_y,cor_LL_x,cor_LL_y,cor_LR_x,cor_LR_y,cor_UR_x,cor_UR_y,Dirty
./data/train/PICAI/11420/,10,0,0.5625,0.5625,3.6000000635782783,31.773281257155915,27.87582840690571,263.49699386509064,156.45312428450353,198.226718742844,272.1241715930943,-31.533739498195278,143.9284937062496,142.0199512407564,24.38707727877292,237.62167247651095,77.60653703515416,110.98004875924356,304.6129227212272,15.56913651886559,250.4118357813981,True
./data/train/PICAI/11420/,9,0,0.5625,0.5625,3.6000000635782783,31.773281257155915,27.87582840690571,263.49699386509064,156.45312428450353,198.226718742844,272.1241715930943,-31.533739498195278,143.9284937062496,142.0199512407564,24.38707727877292,237.62167247651095,77.60653703515416,110.98004875924356,304.6129227212272,15.56913651886559,250.4118357813981,True
./data/train/PICAI/11420/,11,0,0.5625,0.5625,3.6000000635782783,31.773281257155915,27.87582840690571,263.49699386509064,156.45312428450353,198.226718742844,272.1241715930943,-31.533739498195278,143.9284937062496,142.0199512407564,24.38707727877292,237.62167247651095,77.60653703515416,110.98004875924356,304.6129227212272,15.56913651886559,250.4118357813981,True
