path,curFrame,Deleted,pixelSpacingX,pixelSpacingY,pixelSpacingZ,tra_UL_x,tra_UL_y,tra_LL_x,tra_LL_y,tra_LR_x,tra_LR_y,tra_UR_x,tra_UR_y,cor_UL_x,cor_UL_y,cor_LL_x,cor_LL_y,cor_LR_x,cor_LR_y,cor_UR_x,cor_UR_y,Dirty,h_par_cor,h_orth_cor,h_par_tra,h_orth_tra
./data/train/PICAI/10745/,10,0,0.5625,0.5625,3.600000166591184,36.28104478387186,20.32649276017662,261.8735269688498,157.5854887554135,181.7189552161281,289.6735072398232,-42.888719215837625,152.58815942225343,120.44811681439184,21.12669380472056,229.478775072499,88.07679133865899,93.55188318560816,311.8733061952794,-15.478775072498934,244.923208661341,True,,,,
./data/train/PICAI/10745/,9,0,0.5625,0.5625,3.600000166591184,36.28104478387186,20.32649276017662,261.8735269688498,157.5854887554135,181.7189552161281,289.6735072398232,-42.888719215837625,152.58815942225343,120.44811681439184,21.12669380472056,229.478775072499,88.07679133865899,93.55188318560816,311.8733061952794,-15.478775072498934,244.923208661341,True,,,,
./data/train/PICAI/10745/,-1,0,-1.0,-1.0,-1.0,-1.0,-1.0,-1.0,-1.0,-1.0,-1.0,-1.0,-1.0,-1.0,-1.0,-1.0,-1.0,-1.0,-1.0,-1.0,-1.0,False,80.0,60.0,30.0,160.0
./data/train/PICAI/10745/,11,0,0.5625,0.5625,3.600000166591184,36.28104478387186,20.32649276017662,261.8735269688498,157.5854887554135,181.7189552161281,289.6735072398232,-42.888719215837625,152.58815942225343,120.44811681439184,21.12669380472056,229.478775072499,88.07679133865899,93.55188318560816,311.8733061952794,-15.478775072498934,244.923208661341,True,,,,
