path,curFrame,Deleted,pixelSpacingX,pixelSpacingY,pixelSpacingZ,tra_UL_x,tra_UL_y,tra_LL_x,tra_LL_y,tra_LR_x,tra_LR_y,tra_UR_x,tra_UR_y,cor_UL_x,cor_UL_y,cor_LL_x,cor_LL_y,cor_LR_x,cor_LR_y,cor_UR_x,cor_UR_y,Dirty
./data/train/PICAI/10629/,9,0,0.5625,0.5625,3.6,58.28417402668546,16.35519544160266,303.56358489319564,136.25519796444587,228.7158259733145,287.64480455839737,-15.35136727131993,167.01642820487783,145.88650268677318,9.583543602503909,272.5296560448708,72.07763698353799,153.11349731322682,315.41645639749623,26.470343955129323,252.92236301646204,True
./data/train/PICAI/10629/,10,0,0.5625,0.5625,3.6,58.28417402668546,16.35519544160266,303.56358489319564,136.25519796444587,228.7158259733145,287.64480455839737,-15.35136727131993,167.01642820487783,145.88650268677318,9.583543602503909,272.5296560448708,72.07763698353799,153.11349731322682,315.41645639749623,26.470343955129323,252.92236301646204,True
./data/train/PICAI/10629/,11,0,0.5625,0.5625,3.6,58.28417402668546,16.35519544160266,303.56358489319564,136.25519796444587,228.7158259733145,287.64480455839737,-15.35136727131993,167.01642820487783,145.88650268677318,9.583543602503909,272.5296560448708,72.07763698353799,153.11349731322682,315.41645639749623,26.470343955129323,252.92236301646204,True
