path,curFrame,Deleted,pixelSpacingX,pixelSpacingY,pixelSpacingZ,tra_UL_x,tra_UL_y,tra_LL_x,tra_LL_y,tra_LR_x,tra_LR_y,tra_UR_x,tra_UR_y,cor_UL_x,cor_UL_y,cor_LL_x,cor_LL_y,cor_LR_x,cor_LR_y,cor_UR_x,cor_UR_y,Dirty
./data/train/PICAI/11213/,8,0,0.5625,0.5625,3.599999997350883,39.6465793430238,50.00851823612568,261.35691182894226,180.49042682495465,190.3534206569761,300.9914817638744,-30.545752253597072,171.6680291057245,143.03245534761297,40.877726110246186,240.6497982378968,97.69193531041688,107.96754465238703,326.1222738897539,10.350201762103254,269.30806468958315,True
./data/train/PICAI/11213/,7,0,0.5625,0.5625,3.599999997350883,39.6465793430238,50.00851823612568,261.35691182894226,180.49042682495465,190.3534206569761,300.9914817638744,-30.545752253597072,171.6680291057245,143.03245534761297,40.877726110246186,240.6497982378968,97.69193531041688,107.96754465238703,326.1222738897539,10.350201762103254,269.30806468958315,True
./data/train/PICAI/11213/,9,0,0.5625,0.5625,3.599999997350883,39.6465793430238,50.00851823612568,261.35691182894226,180.49042682495465,190.3534206569761,300.9914817638744,-30.545752253597072,171.6680291057245,143.03245534761297,40.877726110246186,240.6497982378968,97.69193531041688,107.96754465238703,326.1222738897539,10.350201762103254,269.30806468958315,True
