path,curFrame,Deleted,pixelSpacingX,pixelSpacingY,pixelSpacingZ,tra_UL_x,tra_UL_y,tra_LL_x,tra_LL_y,tra_LR_x,tra_LR_y,tra_UR_x,tra_UR_y,cor_UL_x,cor_UL_y,cor_LL_x,cor_LL_y,cor_LR_x,cor_LR_y,cor_UR_x,cor_UR_y,Dirty
./data/train/PICAI/10285/,14,0,0.392857134342,0.392857134342,3.299999999999983,73.58332027491306,164.52454589779617,499.38258736209866,298.56925540927136,435.41667972508696,504.4754541022038,9.478239536941317,369.440476521987,265.1984649934714,106.91619516378044,428.98882511945976,158.62420160184666,296.80153500652864,576.0838048362195,134.0014429492819,524.2366252971935,True
./data/train/PICAI/10285/,15,0,0.392857134342,0.392857134342,3.299999999999983,73.58332027491306,164.52454589779617,499.38258736209866,298.56925540927136,435.41667972508696,504.4754541022038,9.478239536941317,369.440476521987,265.1984649934714,106.91619516378044,428.98882511945976,158.62420160184666,296.80153500652864,576.0838048362195,134.0014429492819,524.2366252971935,True
./data/train/PICAI/10285/,16,0,0.392857134342,0.392857134342,3.299999999999983,73.58332027491306,164.52454589779617,499.38258736209866,298.56925540927136,435.41667972508696,504.4754541022038,9.478239536941317,369.440476521987,265.1984649934714,106.91619516378044,428.98882511945976,158.62420160184666,296.80153500652864,576.0838048362195,134.0014429492819,524.2366252971935,True
