path,curFrame,Deleted,pixelSpacingX,pixelSpacingY,pixelSpacingZ,tra_UL_x,tra_UL_y,tra_LL_x,tra_LL_y,tra_LR_x,tra_LR_y,tra_UR_x,tra_UR_y,cor_UL_x,cor_UL_y,cor_LL_x,cor_LL_y,cor_LR_x,cor_LR_y,cor_UR_x,cor_UR_y,Dirty,h_par_cor,h_orth_cor,h_par_tra,h_orth_tra
./data/train/PICAI/11162/,13,0,0.78125,0.78125,3.3000000953674467,58.55974353731192,22.33820849839597,209.0174611111468,170.48838643440877,129.440256462688,252.66179150160409,-20.64285451773073,103.58442971102448,146.335807989123,40.20114899020933,204.81436994688968,98.34113343595588,56.664192010877,248.7988510097907,-1.814369946889684,190.65886656404416,True,,,,
./data/train/PICAI/11162/,14,0,0.78125,0.78125,3.3000000953674467,58.55974353731192,22.33820849839597,209.0174611111468,170.48838643440877,129.440256462688,252.66179150160409,-20.64285451773073,103.58442971102448,146.335807989123,40.20114899020933,204.81436994688968,98.34113343595588,56.664192010877,248.7988510097907,-1.814369946889684,190.65886656404416,True,,,,
./data/train/PICAI/11162/,-1,0,-1.0,-1.0,-1.0,-1.0,-1.0,-1.0,-1.0,-1.0,-1.0,-1.0,-1.0,-1.0,-1.0,-1.0,-1.0,-1.0,-1.0,-1.0,-1.0,False,80.0,60.0,30.0,160.0
./data/train/PICAI/11162/,15,0,0.78125,0.78125,3.3000000953674467,58.55974353731192,22.33820849839597,209.0174611111468,170.48838643440877,129.440256462688,252.66179150160409,-20.64285451773073,103.58442971102448,146.335807989123,40.20114899020933,204.81436994688968,98.34113343595588,56.664192010877,248.7988510097907,-1.814369946889684,190.65886656404416,True,,,,
