path,curFrame,Deleted,pixelSpacingX,pixelSpacingY,pixelSpacingZ,tra_UL_x,tra_UL_y,tra_LL_x,tra_LL_y,tra_LR_x,tra_LR_y,tra_UR_x,tra_UR_y,cor_UL_x,cor_UL_y,cor_LL_x,cor_LL_y,cor_LR_x,cor_LR_y,cor_UR_x,cor_UR_y,Dirty
./data/train/PICAI/10338/,10,0,0.5625,0.5625,4.0004043958092215,35.07628939652712,38.854702727027146,291.677127189805,139.8795018794528,235.9237106034729,282.14529727297275,-19.684581038163657,181.2423674639524,129.5937238101732,25.345158417254567,250.6328505846099,73.4547186904668,155.4062761898268,315.65484158274546,34.24528007198492,268.5378274611745,True
./data/train/PICAI/10338/,9,0,0.5625,0.5625,4.0004043958092215,35.07628939652712,38.854702727027146,291.677127189805,139.8795018794528,235.9237106034729,282.14529727297275,-19.684581038163657,181.2423674639524,129.5937238101732,25.345158417254567,250.6328505846099,73.4547186904668,155.4062761898268,315.65484158274546,34.24528007198492,268.5378274611745,True
./data/train/PICAI/10338/,11,0,0.5625,0.5625,4.0004043958092215,35.07628939652712,38.854702727027146,291.677127189805,139.8795018794528,235.9237106034729,282.14529727297275,-19.684581038163657,181.2423674639524,129.5937238101732,25.345158417254567,250.6328505846099,73.4547186904668,155.4062761898268,315.65484158274546,34.24528007198492,268.5378274611745,True
