path,curFrame,Deleted,pixelSpacingX,pixelSpacingY,pixelSpacingZ,tra_UL_x,tra_UL_y,tra_LL_x,tra_LL_y,tra_LR_x,tra_LR_y,tra_UR_x,tra_UR_y,cor_UL_x,cor_UL_y,cor_LL_x,cor_LL_y,cor_LR_x,cor_LR_y,cor_UR_x,cor_UR_y,Dirty,h_par_cor,h_orth_cor,h_par_tra,h_orth_tra
./data/train/PICAI/11215/,15,0,0.392857134342,0.392857134342,3.3,71.67634787062931,63.93768707824344,449.9188402498972,262.63750328027123,349.32365212937066,453.06231292175664,-27.93403249688496,254.5361448973957,250.967482063232,39.30948500206037,404.43105607156593,119.17143747373864,194.03251793676804,517.6905149979395,41.72739985911318,437.0174029509161,True,,,,
./data/train/PICAI/11215/,14,0,0.392857134342,0.392857134342,3.3,71.67634787062931,63.93768707824344,449.9188402498972,262.63750328027123,349.32365212937066,453.06231292175664,-27.93403249688496,254.5361448973957,250.967482063232,39.30948500206037,404.43105607156593,119.17143747373864,194.03251793676804,517.6905149979395,41.72739985911318,437.0174029509161,True,,,,
./data/train/PICAI/11215/,-1,0,-1.0,-1.0,-1.0,-1.0,-1.0,-1.0,-1.0,-1.0,-1.0,-1.0,-1.0,-1.0,-1.0,-1.0,-1.0,-1.0,-1.0,-1.0,-1.0,False,80.0,60.0,30.0,160.0
./data/train/PICAI/11215/,16,0,0.392857134342,0.392857134342,3.3,61.6839961655167,71.46979654950081,449.8072652408658,250.10161902876783,359.31600383448324,445.53020345049936,-27.814719089224468,267.02025031463734,234.41020404178013,38.1474143942925,391.8431132055306,109.86825594149056,202.58979595821987,518.8525856057074,46.27130228951583,446.26106725027336,True,,,,
