path,curFrame,Deleted,pixelSpacingX,pixelSpacingY,pixelSpacingZ,tra_UL_x,tra_UL_y,tra_LL_x,tra_LL_y,tra_LR_x,tra_LR_y,tra_UR_x,tra_UR_y,cor_UL_x,cor_UL_y,cor_LL_x,cor_LL_y,cor_LR_x,cor_LR_y,cor_UR_x,cor_UR_y,Dirty
./data/train/PICAI/10427/,9,0,0.5625,0.5625,3.6,55.48177443820224,27.225080897918502,297.24719417006065,150.60855556887407,233.5182255617977,275.7749191020815,-7.254648018419459,152.51331377453104,158.46328146389635,19.4778719268447,266.4950303279909,75.057915443967,149.53671853610365,305.5221280731553,40.39055417696265,250.8127613642692,True
./data/train/PICAI/10427/,10,0,0.5625,0.5625,3.6,55.48177443820224,27.225080897918502,297.24719417006065,150.60855556887407,233.5182255617977,275.7749191020815,-7.254648018419459,152.51331377453104,158.46328146389635,19.4778719268447,266.4950303279909,75.057915443967,149.53671853610365,305.5221280731553,40.39055417696265,250.8127613642692,True
./data/train/PICAI/10427/,11,0,0.5625,0.5625,3.6,53.32643594699471,28.797590822867107,297.2083721820127,147.94288522536817,235.6735640530053,274.2024091771329,-7.213850286644487,155.16164323789943,153.9665213758531,19.421759887541555,262.9518219905948,73.10792430552151,150.0334786241469,305.57824011245845,39.94912765076927,252.78206912657907,True
