path,curFrame,Deleted,pixelSpacingX,pixelSpacingY,pixelSpacingZ,tra_UL_x,tra_UL_y,tra_LL_x,tra_LL_y,tra_LR_x,tra_LR_y,tra_UR_x,tra_UR_y,cor_UL_x,cor_UL_y,cor_LL_x,cor_LL_y,cor_LR_x,cor_LR_y,cor_UR_x,cor_UR_y,Dirty
./data/train/PICAI/10961/,10,0,0.5625,0.5625,3.6000000635782774,80.73285045786133,25.320704196277347,295.0706807896173,183.14432248161376,207.26714954213864,301.67929580372254,-5.75039868889877,143.34886870381956,165.5356703920835,21.590980614310386,277.5065461645879,103.79350136630777,119.17611906468454,316.81104959734506,8.130800482160708,234.99893283578453,True
./data/train/PICAI/10961/,9,0,0.5625,0.5625,3.6000000635782774,80.73285045786133,25.320704196277347,295.0706807896173,183.14432248161376,207.26714954213864,301.67929580372254,-5.75039868889877,143.34886870381956,165.5356703920835,21.590980614310386,277.5065461645879,103.79350136630777,119.17611906468454,316.81104959734506,8.130800482160708,234.99893283578453,True
./data/train/PICAI/10961/,11,0,0.5625,0.5625,3.6000000635782774,80.73285045786133,25.320704196277347,295.0706807896173,183.14432248161376,207.26714954213864,301.67929580372254,-5.75039868889877,143.34886870381956,165.5356703920835,21.590980614310386,277.5065461645879,103.79350136630777,119.17611906468454,316.81104959734506,8.130800482160708,234.99893283578453,True
