path,curFrame,Deleted,pixelSpacingX,pixelSpacingY,pixelSpacingZ,tra_UL_x,tra_UL_y,tra_LL_x,tra_LL_y,tra_LR_x,tra_LR_y,tra_UR_x,tra_UR_y,cor_UL_x,cor_UL_y,cor_LL_x,cor_LL_y,cor_LR_x,cor_LR_y,cor_UR_x,cor_UR_y,Dirty
./data/train/PICAI/10171/,10,0,0.5625,0.5625,3.600000169542111,37.01099871362733,44.28926814552334,290.8510125355677,130.12193898173314,244.98900128637268,267.7107318544766,-8.85101253556769,181.8780610182669,144.9609488557264,15.001022590201105,245.86637508990407,48.76631477757808,153.0390511442736,321.99897740979884,53.13225444485053,288.181349266179,True
./data/train/PICAI/10171/,9,0,0.5625,0.5625,3.600000169542111,37.01099871362733,44.28926814552334,290.8510125355677,130.12193898173314,244.98900128637268,267.7107318544766,-8.85101253556769,181.8780610182669,144.9609488557264,15.001022590201105,245.86637508990407,48.76631477757808,153.0390511442736,321.99897740979884,53.13225444485053,288.181349266179,True
./data/train/PICAI/10171/,11,0,0.5625,0.5625,3.600000169542111,37.01099871362733,44.28926814552334,290.8510125355677,130.12193898173314,244.98900128637268,267.7107318544766,-8.85101253556769,181.8780610182669,144.9609488557264,15.001022590201105,245.86637508990407,48.76631477757808,153.0390511442736,321.99897740979884,53.13225444485053,288.181349266179,True
