path,curFrame,Deleted,pixelSpacingX,pixelSpacingY,pixelSpacingZ,tra_UL_x,tra_UL_y,tra_LL_x,tra_LL_y,tra_LR_x,tra_LR_y,tra_UR_x,tra_UR_y,cor_UL_x,cor_UL_y,cor_LL_x,cor_LL_y,cor_LR_x,cor_LR_y,cor_UR_x,cor_UR_y,Dirty
./data/train/PICAI/10165/,9,0,0.5625,0.5625,3.600000010596333,46.097288144582095,28.124005786996904,289.4682705497013,117.31797936799146,234.90271185541792,266.8759942130031,-8.398514075957166,176.68445658174872,131.1719335117923,13.713935579338568,250.4332710624465,57.13896713521565,157.82806648820772,306.28606442066155,39.56429298781336,262.9307893385285,True
./data/train/PICAI/10165/,10,0,0.5625,0.5625,3.600000010596333,46.097288144582095,28.124005786996904,289.4682705497013,117.31797936799146,234.90271185541792,266.8759942130031,-8.398514075957166,176.68445658174872,131.1719335117923,13.713935579338568,250.4332710624465,57.13896713521565,157.82806648820772,306.28606442066155,39.56429298781336,262.9307893385285,True
./data/train/PICAI/10165/,11,0,0.5625,0.5625,3.600000010596333,46.097288144582095,28.124005786996904,289.4682705497013,117.31797936799146,234.90271185541792,266.8759942130031,-8.398514075957166,176.68445658174872,131.1719335117923,13.713935579338568,250.4332710624465,57.13896713521565,157.82806648820772,306.28606442066155,39.56429298781336,262.9307893385285,True
