path,curFrame,Deleted,pixelSpacingX,pixelSpacingY,pixelSpacingZ,tra_UL_x,tra_UL_y,tra_LL_x,tra_LL_y,tra_LR_x,tra_LR_y,tra_UR_x,tra_UR_y,cor_UL_x,cor_UL_y,cor_LL_x,cor_LL_y,cor_LR_x,cor_LR_y,cor_UR_x,cor_UR_y,Dirty
./data/train/PICAI/10393/,9,0,0.5625,0.5625,3.599999939837339,64.2806866799601,25.83542745019227,257.5599787952024,189.72598617591908,176.71931332003987,291.16457254980764,-14.59672442830704,127.65563181483402,182.8906707829707,30.729706167579792,258.34258577677224,93.2757573920028,86.10932921702931,303.27029383242024,10.65741422322779,240.7242426079972,True
./data/train/PICAI/10393/,10,0,0.5625,0.5625,3.599999939837339,64.2806866799601,25.83542745019227,257.5599787952024,189.72598617591908,176.71931332003987,291.16457254980764,-14.59672442830704,127.65563181483402,182.8906707829707,30.729706167579792,258.34258577677224,93.2757573920028,86.10932921702931,303.27029383242024,10.65741422322779,240.7242426079972,True
./data/train/PICAI/10393/,11,0,0.5625,0.5625,3.599999939837339,64.2806866799601,25.83542745019227,257.5599787952024,189.72598617591908,176.71931332003987,291.16457254980764,-14.59672442830704,127.65563181483402,182.8906707829707,30.729706167579792,258.34258577677224,93.2757573920028,86.10932921702931,303.27029383242024,10.65741422322779,240.7242426079972,True
