path,curFrame,Deleted,pixelSpacingX,pixelSpacingY,pixelSpacingZ,tra_UL_x,tra_UL_y,tra_LL_x,tra_LL_y,tra_LR_x,tra_LR_y,tra_UR_x,tra_UR_y,cor_UL_x,cor_UL_y,cor_LL_x,cor_LL_y,cor_LR_x,cor_LR_y,cor_UR_x,cor_UR_y,Dirty
./data/train/PICAI/10550/,10,0,0.5625,0.5625,3.6000000635782783,18.544164870770945,51.90471729452824,281.8490870387279,155.7676941540726,236.455835129229,271.0952827054718,-25.856540887086595,167.3541751893326,141.8228154686027,33.94939838725131,236.04560474432367,70.7062478319888,142.1771845313973,310.0506016127488,47.95439525567637,273.2937521680111,True
./data/train/PICAI/10550/,9,0,0.5625,0.5625,3.6000000635782783,18.544164870770945,51.90471729452824,281.8490870387279,155.7676941540726,236.455835129229,271.0952827054718,-25.856540887086595,167.3541751893326,141.8228154686027,33.94939838725131,236.04560474432367,70.7062478319888,142.1771845313973,310.0506016127488,47.95439525567637,273.2937521680111,True
./data/train/PICAI/10550/,11,0,0.5625,0.5625,3.6000000635782783,18.544164870770945,51.90471729452824,281.8490870387279,155.7676941540726,236.455835129229,271.0952827054718,-25.856540887086595,167.3541751893326,141.8228154686027,33.94939838725131,236.04560474432367,70.7062478319888,142.1771845313973,310.0506016127488,47.95439525567637,273.2937521680111,True
