path,curFrame,Deleted,pixelSpacingX,pixelSpacingY,pixelSpacingZ,tra_UL_x,tra_UL_y,tra_LL_x,tra_LL_y,tra_LR_x,tra_LR_y,tra_UR_x,tra_UR_y,cor_UL_x,cor_UL_y,cor_LL_x,cor_LL_y,cor_LR_x,cor_LR_y,cor_UR_x,cor_UR_y,Dirty,h_par_cor,h_orth_cor,h_par_tra,h_orth_tra
./data/train/PICAI/10502/,9,0,0.5625,0.5625,3.599999869801249,48.52652994355829,22.6752732130619,300.7061345066842,136.5455812059072,234.4734700564417,285.32472678693813,-17.706134506684208,171.4544187940928,128.33527046622083,12.342559700484088,269.189088424504,76.29724652306841,160.66472953377917,318.65744029951594,18.77662125177443,255.66724480724807,True,,,,
./data/train/PICAI/10502/,10,0,0.5625,0.5625,3.599999869801249,48.52652994355829,22.6752732130619,300.7061345066842,136.5455812059072,234.4734700564417,285.32472678693813,-17.706134506684208,171.4544187940928,128.33527046622083,12.342559700484088,269.189088424504,76.29724652306841,160.66472953377917,318.65744029951594,18.77662125177443,255.66724480724807,True,,,,
./data/train/PICAI/10502/,-1,0,-1.0,-1.0,-1.0,-1.0,-1.0,-1.0,-1.0,-1.0,-1.0,-1.0,-1.0,-1.0,-1.0,-1.0,-1.0,-1.0,-1.0,-1.0,-1.0,False,80.0,60.0,30.0,160.0
./data/train/PICAI/10502/,11,0,0.5625,0.5625,3.599999869801249,48.52652994355829,22.6752732130619,300.7061345066842,136.5455812059072,234.4734700564417,285.32472678693813,-17.706134506684208,171.4544187940928,128.33527046622083,12.342559700484088,269.189088424504,76.29724652306841,160.66472953377917,318.65744029951594,18.77662125177443,255.66724480724807,True,,,,
