path,curFrame,Deleted,pixelSpacingX,pixelSpacingY,pixelSpacingZ,tra_UL_x,tra_UL_y,tra_LL_x,tra_LL_y,tra_LR_x,tra_LR_y,tra_UR_x,tra_UR_y,cor_UL_x,cor_UL_y,cor_LL_x,cor_LL_y,cor_LR_x,cor_LR_y,cor_UR_x,cor_UR_y,Dirty
./data/train/PICAI/10212/,9,0,0.5625,0.5625,3.5999999576145,25.27711501038108,38.17964416383535,273.72678555365195,144.35290448365492,222.72288498961893,261.8203558361646,-23.75140887246169,155.95996444642554,144.1883405480351,18.07040224069928,238.058624640948,58.24962279456048,133.8116594519649,300.9295977593008,39.94137535905202,260.75037720543946,True
./data/train/PICAI/10212/,10,0,0.5625,0.5625,3.5999999576145,19.56018604307565,43.49964666423388,273.22604405389814,136.52454913466514,228.43981395692435,256.5003533357661,-23.237000263161605,163.6845077918702,136.77937686784466,17.99268982520755,232.6238329276124,53.20405507291197,141.22062313215534,301.00731017479245,45.3761670723876,265.795944927088,True
./data/train/PICAI/10212/,11,0,0.5625,0.5625,3.5999999576145,19.56018604307565,43.49964666423388,273.22604405389814,136.52454913466514,228.43981395692435,256.5003533357661,-23.237000263161605,163.6845077918702,136.77937686784466,17.99268982520755,232.6238329276124,53.20405507291197,141.22062313215534,301.00731017479245,45.3761670723876,265.795944927088,True
