path,curFrame,Deleted,pixelSpacingX,pixelSpacingY,pixelSpacingZ,tra_UL_x,tra_UL_y,tra_LL_x,tra_LL_y,tra_LR_x,tra_LR_y,tra_UR_x,tra_UR_y,cor_UL_x,cor_UL_y,cor_LL_x,cor_LL_y,cor_LR_x,cor_LR_y,cor_UR_x,cor_UR_y,Dirty,h_par_cor,h_orth_cor,h_par_tra,h_orth_tra
./data/train/PICAI/11398/,-1,0,-1.0,-1.0,-1.0,-1.0,-1.0,-1.0,-1.0,-1.0,-1.0,-1.0,-1.0,-1.0,-1.0,-1.0,-1.0,-1.0,-1.0,-1.0,-1.0,False,80.0,60.0,30.0,160.0
./data/train/PICAI/11398/,15,0,0.392857134342,0.392857134342,3.299999840974823,75.61217457044171,70.80546136744604,481.3836034987743,195.23434654070255,414.38782542955823,414.1945386325539,8.616396501225807,289.7656534592973,241.8538986478764,7.837804884984735,417.9488170659008,62.08335500063356,283.14610135212365,501.16219511501527,106.0663751810871,447.0902931770332,True,,,,
./data/train/PICAI/11398/,14,0,0.392857134342,0.392857134342,3.299999840974823,75.61217457044171,70.80546136744604,481.3836034987743,195.23434654070255,414.38782542955823,414.1945386325539,8.616396501225807,289.7656534592973,241.8538986478764,7.837804884984735,417.9488170659008,62.08335500063356,283.14610135212365,501.16219511501527,106.0663751810871,447.0902931770332,True,,,,
./data/train/PICAI/11398/,16,0,0.392857134342,0.392857134342,3.299999840974823,75.61217457044171,70.80546136744604,481.3836034987743,195.23434654070255,414.38782542955823,414.1945386325539,8.616396501225807,289.7656534592973,241.8538986478764,7.837804884984735,417.9488170659008,62.08335500063356,283.14610135212365,501.16219511501527,106.0663751810871,447.0902931770332,True,,,,
