path,curFrame,Deleted,pixelSpacingX,pixelSpacingY,pixelSpacingZ,tra_UL_x,tra_UL_y,tra_LL_x,tra_LL_y,tra_LR_x,tra_LR_y,tra_UR_x,tra_UR_y,cor_UL_x,cor_UL_y,cor_LL_x,cor_LL_y,cor_LR_x,cor_LR_y,cor_UR_x,cor_UR_y,Dirty
./data/train/PICAI/10364/,9,0,0.5625,0.5625,3.6000000635782774,17.857666736180292,88.1065889091823,275.07554155810254,125.25446734246484,256.1423332638197,255.8934110908177,-0.0779775078428031,218.67577618379104,114.68596087414004,43.28081650488912,225.09459772231992,59.618898073015245,189.31403912586,307.7191834951108,78.90540227768007,291.3811019269848,True
./data/train/PICAI/10364/,8,0,0.5625,0.5625,3.6000000635782774,17.857666736180292,88.1065889091823,275.07554155810254,125.25446734246484,256.1423332638197,255.8934110908177,-0.0779775078428031,218.67577618379104,114.68596087414004,43.28081650488912,225.09459772231992,59.618898073015245,189.31403912586,307.7191834951108,78.90540227768007,291.3811019269848,True
./data/train/PICAI/10364/,10,0,0.5625,0.5625,3.6000000635782774,17.857666736180292,88.1065889091823,275.07554155810254,125.25446734246484,256.1423332638197,255.8934110908177,-0.0779775078428031,218.67577618379104,114.68596087414004,43.28081650488912,225.09459772231992,59.618898073015245,189.31403912586,307.7191834951108,78.90540227768007,291.3811019269848,True
