path,curFrame,Deleted,pixelSpacingX,pixelSpacingY,pixelSpacingZ,tra_UL_x,tra_UL_y,tra_LL_x,tra_LL_y,tra_LR_x,tra_LR_y,tra_UR_x,tra_UR_y,cor_UL_x,cor_UL_y,cor_LL_x,cor_LL_y,cor_LR_x,cor_LR_y,cor_UR_x,cor_UR_y,Dirty
./data/train/PICAI/11415/,10,0,0.5625,0.5625,3.6000000635782774,2.7412672442975605,96.74768678467346,245.66284746721345,119.6628752412723,233.2587327557024,253.2523132153265,-9.662847467213496,230.3371247587277,92.3348152296349,49.82334294042727,192.5268937101756,59.1264289740605,168.66518477036513,314.1766570595728,67.4769115917327,304.9607267686871,True
./data/train/PICAI/11415/,9,0,0.5625,0.5625,3.6000000635782774,2.7412672442975605,96.74768678467346,245.66284746721345,119.6628752412723,233.2587327557024,253.2523132153265,-9.662847467213496,230.3371247587277,92.3348152296349,49.82334294042727,192.5268937101756,59.1264289740605,168.66518477036513,314.1766570595728,67.4769115917327,304.9607267686871,True
./data/train/PICAI/11415/,11,0,0.5625,0.5625,3.6000000635782774,2.7412672442975605,96.74768678467346,245.66284746721345,119.6628752412723,233.2587327557024,253.2523132153265,-9.662847467213496,230.3371247587277,92.3348152296349,49.82334294042727,192.5268937101756,59.1264289740605,168.66518477036513,314.1766570595728,67.4769115917327,304.9607267686871,True
