path,curFrame,Deleted,pixelSpacingX,pixelSpacingY,pixelSpacingZ,tra_UL_x,tra_UL_y,tra_LL_x,tra_LL_y,tra_LR_x,tra_LR_y,tra_UR_x,tra_UR_y,cor_UL_x,cor_UL_y,cor_LL_x,cor_LL_y,cor_LR_x,cor_LR_y,cor_UR_x,cor_UR_y,Dirty
./data/train/PICAI/10952/,9,0,0.5625,0.5625,4.000404357910126,5.075675820085365,75.79465027865261,263.0454126004688,109.81839060007778,242.9243241799146,256.2053497213474,-14.04602177344961,222.2165088966247,90.9831413158958,28.51602521167578,207.52797361340257,43.592565423078526,171.0168586841042,315.4839747883242,54.50692588329993,299.40804374990233,True
./data/train/PICAI/10952/,8,0,0.5625,0.5625,4.000404357910126,3.519488144526605,77.88390463120173,262.0437310291,107.40027027736797,244.48051185547337,254.11609536879823,-13.043883333943526,224.6171821290693,88.48509543205661,29.236268998114586,205.2752992945444,42.27652519799716,173.51490456794338,314.7637310018854,56.74215311189292,300.7236271068464,True
./data/train/PICAI/10952/,10,0,0.5625,0.5625,4.000404357910126,8.29624261029619,71.6992018808718,264.92141978398774,114.70522983709589,239.7037573897038,260.3007981191282,-15.923855733727777,217.36452663664824,96.01503700997368,27.20686354461924,211.9627096791878,46.34157552554005,165.9849629900263,316.7931364553808,50.107046794556325,296.66086042420005,True
