path,curFrame,Deleted,pixelSpacingX,pixelSpacingY,pixelSpacingZ,tra_UL_x,tra_UL_y,tra_LL_x,tra_LL_y,tra_LR_x,tra_LR_y,tra_UR_x,tra_UR_y,cor_UL_x,cor_UL_y,cor_LL_x,cor_LL_y,cor_LR_x,cor_LR_y,cor_UR_x,cor_UR_y,Dirty
./data/train/PICAI/11217/,9,0,0.5625,0.5625,3.6000000635782783,69.4228749306188,23.841280384787325,286.5645401393815,174.52803239160963,211.5771250693812,284.15871961521265,-4.574272070640092,133.61114070935045,178.19761903290163,28.461257286972995,269.2755027903139,91.75279771909804,123.8023809670984,300.5387427130269,32.5853241087261,238.2374703496436,True
./data/train/PICAI/11217/,8,0,0.5625,0.5625,3.6000000635782783,69.4228749306188,23.841280384787325,286.5645401393815,174.52803239160963,211.5771250693812,284.15871961521265,-4.574272070640092,133.61114070935045,178.19761903290163,28.461257286972995,269.2755027903139,91.75279771909804,123.8023809670984,300.5387427130269,32.5853241087261,238.2374703496436,True
./data/train/PICAI/11217/,10,0,0.5625,0.5625,3.6000000635782783,69.4228749306188,23.841280384787325,286.5645401393815,174.52803239160963,211.5771250693812,284.15871961521265,-4.574272070640092,133.61114070935045,178.19761903290163,28.461257286972995,269.2755027903139,91.75279771909804,123.8023809670984,300.5387427130269,32.5853241087261,238.2374703496436,True
