path,curFrame,Deleted,pixelSpacingX,pixelSpacingY,pixelSpacingZ,tra_UL_x,tra_UL_y,tra_LL_x,tra_LL_y,tra_LR_x,tra_LR_y,tra_UR_x,tra_UR_y,cor_UL_x,cor_UL_y,cor_LL_x,cor_LL_y,cor_LR_x,cor_LR_y,cor_UR_x,cor_UR_y,Dirty
./data/train/PICAI/11169/,10,0,0.5625,0.5625,3.600000016772061,50.76658215182866,23.59465291491153,285.2125676009093,174.07083012183512,212.2334178481713,286.40534708508847,-21.213938066154725,135.98150583440778,171.45457673996432,25.321199589319264,259.6607306342404,81.01387787991038,113.5454232600357,308.6788004106808,25.391605322002533,251.98749258533505,True
./data/train/PICAI/11169/,9,0,0.5625,0.5625,3.600000016772061,50.76658215182866,23.59465291491153,285.2125676009093,174.07083012183512,212.2334178481713,286.40534708508847,-21.213938066154725,135.98150583440778,171.45457673996432,25.321199589319264,259.6607306342404,81.01387787991038,113.5454232600357,308.6788004106808,25.391605322002533,251.98749258533505,True
./data/train/PICAI/11169/,11,0,0.5625,0.5625,3.600000016772061,50.76658215182866,23.59465291491153,285.2125676009093,174.07083012183512,212.2334178481713,286.40534708508847,-21.213938066154725,135.98150583440778,171.45457673996432,25.321199589319264,259.6607306342404,81.01387787991038,113.5454232600357,308.6788004106808,25.391605322002533,251.98749258533505,True
