path,curFrame,Deleted,pixelSpacingX,pixelSpacingY,pixelSpacingZ,tra_UL_x,tra_UL_y,tra_LL_x,tra_LL_y,tra_LR_x,tra_LR_y,tra_UR_x,tra_UR_y,cor_UL_x,cor_UL_y,cor_LL_x,cor_LL_y,cor_LR_x,cor_LR_y,cor_UR_x,cor_UR_y,Dirty,cor_mid_x,cor_mid_y,tra_mid_x,tra_mid_y,Alpha,h_par_cor,h_orth_cor,h_par_tra,h_orth_tra,cor_U_mid_x,cor_U_mid_y,tra_U_mid_x,tra_U_mid_y,tra_L_mid_x,tra_L_mid_y
./data/train/PICAI/10169/,13,0,0.5625,0.5625,3.600000034679091,111.7120828918524,-0.9119832839362276,330.7120828918514,180.08801671606392,221,316,2,135,177.9641566200134,-5.884787347459044,295,90,114,309,-3.035843379986752,213.11521265254083,True,201.0,200.0,201.0,200.0,-2.4539213975510634,80.0,60.0,30.0,160.0,118.0,132.0,36.0,64.0,255.0,245.0
./data/train/PICAI/10169/,12,0,0.5625,0.5625,3.600000034679091,111.7120828918524,-0.9119832839362276,330.7120828918514,180.08801671606392,221,316,2,135,177.9641566200134,-5.884787347459044,295,90,114,309,-3.035843379986752,213.11521265254083,True,201.0,200.0,201.0,200.0,-2.4539213975510634,80.0,60.0,30.0,160.0,118.0,132.0,36.0,64.0,255.0,245.0
./data/train/PICAI/10169/,14,0,0.5625,0.5625,3.600000034679091,111.7120828918524,-0.9119832839362276,330.7120828918514,180.08801671606392,221,316,2,135,177.9641566200134,-5.884787347459044,295,90,114,309,-3.035843379986752,213.11521265254083,True,201.0,200.0,201.0,200.0,-2.4539213975510634,80.0,60.0,30.0,160.0,118.0,132.0,36.0,64.0,255.0,245.0
