path,curFrame,Deleted,pixelSpacingX,pixelSpacingY,pixelSpacingZ,tra_UL_x,tra_UL_y,tra_LL_x,tra_LL_y,tra_LR_x,tra_LR_y,tra_UR_x,tra_UR_y,cor_UL_x,cor_UL_y,cor_LL_x,cor_LL_y,cor_LR_x,cor_LR_y,cor_UR_x,cor_UR_y,Dirty
./data/train/PICAI/10182/,10,0,0.5625,0.5625,3.600000169542111,53.01995352462623,-1.3966750604280946,272.5275614497102,132.45551977778754,198.9800464753737,253.39667506042804,-19.53729338096865,119.6836533231725,157.34993156561586,-3.0175796667998043,250.53146819945025,52.49098931635268,108.65006843438412,286.0175796667998,15.607704901509903,229.5187426149057,True
./data/train/PICAI/10182/,9,0,0.5625,0.5625,3.600000169542111,53.01995352462623,-1.3966750604280946,272.5275614497102,132.45551977778754,198.9800464753737,253.39667506042804,-19.53729338096865,119.6836533231725,157.34993156561586,-3.0175796667998043,250.53146819945025,52.49098931635268,108.65006843438412,286.0175796667998,15.607704901509903,229.5187426149057,True
./data/train/PICAI/10182/,11,0,0.5625,0.5625,3.600000169542111,53.01995352462623,-1.3966750604280946,272.5275614497102,132.45551977778754,198.9800464753737,253.39667506042804,-19.53729338096865,119.6836533231725,157.34993156561586,-3.0175796667998043,250.53146819945025,52.49098931635268,108.65006843438412,286.0175796667998,15.607704901509903,229.5187426149057,True
