path,curFrame,Deleted,pixelSpacingX,pixelSpacingY,pixelSpacingZ,tra_UL_x,tra_UL_y,tra_LL_x,tra_LL_y,tra_LR_x,tra_LR_y,tra_UR_x,tra_UR_y,cor_UL_x,cor_UL_y,cor_LL_x,cor_LL_y,cor_LR_x,cor_LR_y,cor_UR_x,cor_UR_y,Dirty
./data/train/PICAI/10829/,8,0,0.5625,0.5625,3.5999999576145,67.75197307091359,16.6149767452128,264.75600909696766,185.5126078400426,165.24802692908642,302.38502325478714,-30.61188629133233,132.65613828440252,171.24175133313565,24.68554913391733,260.4680830251954,100.5779844142439,75.75824866686438,314.3144508660825,-12.48039468460017,238.57845005079625,True
./data/train/PICAI/10829/,7,0,0.5625,0.5625,3.5999999576145,67.75197307091359,16.6149767452128,264.75600909696766,185.5126078400426,165.24802692908642,302.38502325478714,-30.61188629133233,132.65613828440252,171.24175133313565,24.68554913391733,260.4680830251954,100.5779844142439,75.75824866686438,314.3144508660825,-12.48039468460017,238.57845005079625,True
./data/train/PICAI/10829/,9,0,0.5625,0.5625,3.5999999576145,67.75197307091359,16.6149767452128,264.75600909696766,185.5126078400426,165.24802692908642,302.38502325478714,-30.61188629133233,132.65613828440252,171.24175133313565,24.68554913391733,260.4680830251954,100.5779844142439,75.75824866686438,314.3144508660825,-12.48039468460017,238.57845005079625,True
