path,curFrame,Deleted,pixelSpacingX,pixelSpacingY,pixelSpacingZ,tra_UL_x,tra_UL_y,tra_LL_x,tra_LL_y,tra_LR_x,tra_LR_y,tra_UR_x,tra_UR_y,cor_UL_x,cor_UL_y,cor_LL_x,cor_LL_y,cor_LR_x,cor_LR_y,cor_UR_x,cor_UR_y,Dirty
./data/train/PICAI/11031/,9,0,0.5625,0.5625,3.5999999576145,55.420769755466125,4.421367138189964,292.37918141050324,118.50778677664618,217.57923024453385,273.57863286181,-18.382986712411626,159.57936896610147,140.5567063997402,-2.4996249885663246,261.0718794948161,54.21979896711126,138.4432936002598,308.4996249885664,18.015276247931524,250.78400633479697,True
./data/train/PICAI/11031/,8,0,0.5625,0.5625,3.5999999576145,55.420769755466125,4.421367138189964,292.37918141050324,118.50778677664618,217.57923024453385,273.57863286181,-18.382986712411626,159.57936896610147,140.5567063997402,-2.4996249885663246,261.0718794948161,54.21979896711126,138.4432936002598,308.4996249885664,18.015276247931524,250.78400633479697,True
./data/train/PICAI/11031/,10,0,0.5625,0.5625,3.5999999576145,50.773434478055776,7.332973133696811,291.5690560970871,113.08016510163635,222.22656552194425,270.6670268663032,-17.570426562332642,164.97217085460656,135.1292040332241,-2.441777339995781,257.5504418903704,50.03717578908261,143.8707959667759,308.44177733999584,21.50189406587249,254.9641946761628,True
