path,curFrame,Deleted,pixelSpacingX,pixelSpacingY,pixelSpacingZ,tra_UL_x,tra_UL_y,tra_LL_x,tra_LL_y,tra_LR_x,tra_LR_y,tra_UR_x,tra_UR_y,cor_UL_x,cor_UL_y,cor_LL_x,cor_LL_y,cor_LR_x,cor_LR_y,cor_UR_x,cor_UR_y,Dirty
./data/train/PICAI/11249/,9,0,0.5625,0.5625,3.6000000635782774,6.002382674835644,63.14869419585166,297.80305791586574,89.91370734509003,283.9976173251644,246.8513058041483,-7.75072195962278,221.08492218966447,83.67189347799001,26.150902359954102,235.5640083070325,39.21939319711564,211.32810652201,302.8490976400459,60.43462122772206,289.7282708466413,True
./data/train/PICAI/11249/,8,0,0.5625,0.5625,3.6000000635782774,6.002382674835644,63.14869419585166,297.80305791586574,89.91370734509003,283.9976173251644,246.8513058041483,-7.75072195962278,221.08492218966447,83.67189347799001,26.150902359954102,235.5640083070325,39.21939319711564,211.32810652201,302.8490976400459,60.43462122772206,289.7282708466413,True
./data/train/PICAI/11249/,10,0,0.5625,0.5625,3.6000000635782774,6.002382674835644,63.14869419585166,297.80305791586574,89.91370734509003,283.9976173251644,246.8513058041483,-7.75072195962278,221.08492218966447,83.67189347799001,26.150902359954102,235.5640083070325,39.21939319711564,211.32810652201,302.8490976400459,60.43462122772206,289.7282708466413,True
