path,curFrame,Deleted,pixelSpacingX,pixelSpacingY,pixelSpacingZ,tra_UL_x,tra_UL_y,tra_LL_x,tra_LL_y,tra_LR_x,tra_LR_y,tra_UR_x,tra_UR_y,cor_UL_x,cor_UL_y,cor_LL_x,cor_LL_y,cor_LR_x,cor_LR_y,cor_UR_x,cor_UR_y,Dirty
./data/train/PICAI/10441/,9,0,0.5625,0.5625,3.599999957614445,61.02085593694336,9.904700735563525,270.1900209802195,178.70416872968596,180.97914406305665,288.09529926443645,-27.358767104664626,120.43995407594944,158.68553615331297,18.752933086112733,254.66925176449843,96.728097962316,88.31446384668705,303.24706691388724,-7.669251764498426,225.27190203768404,True
./data/train/PICAI/10441/,8,0,0.5625,0.5625,3.599999957614445,61.02085593694336,9.904700735563525,270.1900209802195,178.70416872968596,180.97914406305665,288.09529926443645,-27.358767104664626,120.43995407594944,158.68553615331297,18.752933086112733,254.66925176449843,96.728097962316,88.31446384668705,303.24706691388724,-7.669251764498426,225.27190203768404,True
./data/train/PICAI/10441/,10,0,0.5625,0.5625,3.599999957614445,61.02085593694336,9.904700735563525,270.1900209802195,178.70416872968596,180.97914406305665,288.09529926443645,-27.358767104664626,120.43995407594944,158.68553615331297,18.752933086112733,254.66925176449843,96.728097962316,88.31446384668705,303.24706691388724,-7.669251764498426,225.27190203768404,True
