path,curFrame,Deleted,pixelSpacingX,pixelSpacingY,pixelSpacingZ,tra_UL_x,tra_UL_y,tra_LL_x,tra_LL_y,tra_LR_x,tra_LR_y,tra_UR_x,tra_UR_y,cor_UL_x,cor_UL_y,cor_LL_x,cor_LL_y,cor_LR_x,cor_LR_y,cor_UR_x,cor_UR_y,Dirty
./data/train/PICAI/11342/,9,0,0.5625,0.5625,3.599999957614473,71.24675184136419,23.148515189416344,294.0584589449725,158.9017588986403,219.7532481586358,280.8514848105839,-1.262491616614966,146.4303452097058,172.17571903130437,20.24021471256768,270.2569251415996,80.1824953494421,132.82428096869566,306.75978528743235,34.74307485840046,246.817504650558,True
./data/train/PICAI/11342/,8,0,0.5625,0.5625,3.599999957614473,71.24675184136419,23.148515189416344,294.0584589449725,158.9017588986403,219.7532481586358,280.8514848105839,-1.262491616614966,146.4303452097058,172.17571903130437,20.24021471256768,270.2569251415996,80.1824953494421,132.82428096869566,306.75978528743235,34.74307485840046,246.817504650558,True
./data/train/PICAI/11342/,10,0,0.5625,0.5625,3.599999957614473,85.12216660102845,16.092799182508116,292.5232099114252,174.39253776017932,205.87783339897155,287.907200817492,0.1236761246345565,131.119998647393,187.0426585878957,23.08167947991933,278.32089110898187,92.94786778174772,117.95734141210434,303.91832052008067,26.67910889101819,234.05213221825232,True
