path,curFrame,Deleted,pixelSpacingX,pixelSpacingY,pixelSpacingZ,tra_UL_x,tra_UL_y,tra_LL_x,tra_LL_y,tra_LR_x,tra_LR_y,tra_UR_x,tra_UR_y,cor_UL_x,cor_UL_y,cor_LL_x,cor_LL_y,cor_LR_x,cor_LR_y,cor_UR_x,cor_UR_y,Dirty
./data/train/PICAI/10591/,8,0,0.5625,0.5625,4.000404401560279,27.737646437278173,69.29042856035339,276.8078089116161,144.31078689732144,238.26235356272176,272.70957143964665,-11.773734737904988,197.43039405757605,138.1765509380491,39.80756854082776,246.2908931283037,72.9178239425689,172.82344906195084,316.1924314591723,64.45028782659378,284.04810188372005,True
./data/train/PICAI/10591/,9,0,0.5625,0.5625,4.000404401560279,27.737646437278173,69.29042856035339,276.8078089116161,144.31078689732144,238.26235356272176,272.70957143964665,-11.773734737904988,197.43039405757605,138.1765509380491,39.80756854082776,246.2908931283037,72.9178239425689,172.82344906195084,316.1924314591723,64.45028782659378,284.04810188372005,True
./data/train/PICAI/10591/,10,0,0.5625,0.5625,4.000404401560279,27.737646437278173,69.29042856035339,276.8078089116161,144.31078689732144,238.26235356272176,272.70957143964665,-11.773734737904988,197.43039405757605,138.1765509380491,39.80756854082776,246.2908931283037,72.9178239425689,172.82344906195084,316.1924314591723,64.45028782659378,284.04810188372005,True
