path,curFrame,Deleted,pixelSpacingX,pixelSpacingY,pixelSpacingZ,tra_UL_x,tra_UL_y,tra_LL_x,tra_LL_y,tra_LR_x,tra_LR_y,tra_UR_x,tra_UR_y,cor_UL_x,cor_UL_y,cor_LL_x,cor_LL_y,cor_LR_x,cor_LR_y,cor_UR_x,cor_UR_y,Dirty
./data/train/PICAI/10057/,11,0,0.5625,0.5625,3.6000000635782783,38.28700590679455,51.32745317892942,294.69607743903566,140.4306968683378,250.71299409320545,267.67254682107057,-4.698513388775808,178.63905960540637,150.98292662899092,22.12638454745285,252.7764065911772,57.31285122411696,166.01707337100908,308.87361545254714,64.22359340882285,273.687148775883,True
./data/train/PICAI/10057/,10,0,0.5625,0.5625,3.6000000635782783,38.28700590679455,51.32745317892942,294.69607743903566,140.4306968683378,250.71299409320545,267.67254682107057,-4.698513388775808,178.63905960540637,150.98292662899092,22.12638454745285,252.7764065911772,57.31285122411696,166.01707337100908,308.87361545254714,64.22359340882285,273.687148775883,True
./data/train/PICAI/10057/,12,0,0.5625,0.5625,3.6000000635782783,38.28700590679455,51.32745317892942,294.69607743903566,140.4306968683378,250.71299409320545,267.67254682107057,-4.698513388775808,178.63905960540637,150.98292662899092,22.12638454745285,252.7764065911772,57.31285122411696,166.01707337100908,308.87361545254714,64.22359340882285,273.687148775883,True
