path,curFrame,Deleted,pixelSpacingX,pixelSpacingY,pixelSpacingZ,tra_UL_x,tra_UL_y,tra_LL_x,tra_LL_y,tra_LR_x,tra_LR_y,tra_UR_x,tra_UR_y,cor_UL_x,cor_UL_y,cor_LL_x,cor_LL_y,cor_LR_x,cor_LR_y,cor_UR_x,cor_UR_y,Dirty
./data/train/PICAI/10258/,10,0,0.5625,0.5625,2.99999990463255,94.21800259174094,21.340317412709823,285.522791637939,207.92133919142577,187.781997408259,307.65968258729026,-2.602286784486722,121.46939193706348,193.46984210823223,28.35031632389688,288.90491263118133,122.01265841727916,107.82052331224762,308.04610687477805,11.016988435610235,214.9724519543949,True
./data/train/PICAI/10258/,11,0,0.5625,0.5625,2.99999990463255,94.21800259174094,21.340317412709823,285.522791637939,207.92133919142577,187.781997408259,307.65968258729026,-2.602286784486722,121.46939193706348,193.46984210823223,28.35031632389688,288.90491263118133,122.01265841727916,107.82052331224762,308.04610687477805,11.016988435610235,214.9724519543949,True
./data/train/PICAI/10258/,12,0,0.5625,0.5625,2.99999990463255,94.21800259174094,21.340317412709823,285.522791637939,207.92133919142577,187.781997408259,307.65968258729026,-2.602286784486722,121.46939193706348,193.46984210823223,28.35031632389688,288.90491263118133,122.01265841727916,107.82052331224762,308.04610687477805,11.016988435610235,214.9724519543949,True
