path,curFrame,Deleted,pixelSpacingX,pixelSpacingY,pixelSpacingZ,tra_UL_x,tra_UL_y,tra_LL_x,tra_LL_y,tra_LR_x,tra_LR_y,tra_UR_x,tra_UR_y,cor_UL_x,cor_UL_y,cor_LL_x,cor_LL_y,cor_LR_x,cor_LR_y,cor_UR_x,cor_UR_y,Dirty
./data/train/PICAI/10507/,10,0,0.5625,0.5625,3.6000000953674,25.215497021293103,63.57175713014949,260.6423955894492,143.58535241607086,219.78450297870688,262.4282428698505,-14.652127520707523,182.2754744829691,122.47343520659896,28.75711374951016,222.2389425143897,63.20770955885942,138.52656479340104,308.24288625048985,39.75132555435184,273.6531173401805,True
./data/train/PICAI/10507/,9,0,0.5625,0.5625,3.6000000953674,15.355350275067464,74.28543504406093,257.85625381550165,129.25189556384632,229.6446497249325,251.71456495593904,-11.88595808922554,196.506182540554,107.91029641602034,30.361644385102267,210.7303456747481,54.195181059981365,153.08970358397966,306.63835561489776,51.23995005152787,282.5628970444189,True
./data/train/PICAI/10507/,11,0,0.5625,0.5625,3.6000000953674,25.215497021293103,63.57175713014949,260.6423955894492,143.58535241607086,219.78450297870688,262.4282428698505,-14.652127520707523,182.2754744829691,122.47343520659896,28.75711374951016,222.2389425143897,63.20770955885942,138.52656479340104,308.24288625048985,39.75132555435184,273.6531173401805,True
