path,curFrame,Deleted,pixelSpacingX,pixelSpacingY,pixelSpacingZ,tra_UL_x,tra_UL_y,tra_LL_x,tra_LL_y,tra_LR_x,tra_LR_y,tra_UR_x,tra_UR_y,cor_UL_x,cor_UL_y,cor_LL_x,cor_LL_y,cor_LR_x,cor_LR_y,cor_UR_x,cor_UR_y,Dirty
./data/train/PICAI/11221/,9,0,0.5625,0.5625,3.599999957614445,53.70831529636767,39.12954799759136,297.78495288195336,151.67995885830177,237.2916847036323,281.8704520024087,-4.786171227915219,169.2502421482932,164.98430756092984,28.65117261397839,261.6365114661665,74.30587095117656,150.01569243907016,316.34882738602164,52.39899720351693,271.72841937254503,True
./data/train/PICAI/11221/,8,0,0.5625,0.5625,3.599999957614445,51.60408915672821,40.75001909431309,297.60782820322225,149.02356330131005,239.3959108432718,280.2499809056869,-4.610569133713113,171.87176478620404,162.47265946356976,28.54246230968176,259.90692712115856,72.50339366957625,152.52734053643024,316.4575376903183,54.146779300329854,273.54757182142123,True
./data/train/PICAI/11221/,10,0,0.5625,0.5625,3.599999957614445,45.46554047845318,45.828264562569615,296.7987394222249,141.07858271789388,245.5344595215468,275.1717354374304,-3.809695631488381,179.71236035557078,154.93168921319514,28.47950222380703,254.53316397329613,67.28087108642538,160.06831078680486,316.520497776193,59.57684259460324,278.8181792722105,True
