path,curFrame,Deleted,pixelSpacingX,pixelSpacingY,pixelSpacingZ,tra_UL_x,tra_UL_y,tra_LL_x,tra_LL_y,tra_LR_x,tra_LR_y,tra_UR_x,tra_UR_y,cor_UL_x,cor_UL_y,cor_LL_x,cor_LL_y,cor_LR_x,cor_LR_y,cor_UR_x,cor_UR_y,Dirty
./data/train/PICAI/11138/,8,0,0.5625,0.5625,3.600000047579824,51.501401328929234,76.26822918828421,284.8333582207357,173.22800380147203,238.4985986710708,284.7317708117159,5.166641779264296,187.771996198528,166.65097150905666,56.27885218415156,252.3785595778754,92.38675497430177,155.34902849094334,324.72114781584844,69.69119689586877,289.61080907595806,True
./data/train/PICAI/11138/,7,0,0.5625,0.5625,3.600000047579824,51.501401328929234,76.26822918828421,284.8333582207357,173.22800380147203,238.4985986710708,284.7317708117159,5.166641779264296,187.771996198528,166.65097150905666,56.27885218415156,252.3785595778754,92.38675497430177,155.34902849094334,324.72114781584844,69.69119689586877,289.61080907595806,True
./data/train/PICAI/11138/,9,0,0.5625,0.5625,3.600000047579824,51.501401328929234,76.26822918828421,284.8333582207357,173.22800380147203,238.4985986710708,284.7317708117159,5.166641779264296,187.771996198528,166.65097150905666,56.27885218415156,252.3785595778754,92.38675497430177,155.34902849094334,324.72114781584844,69.69119689586877,289.61080907595806,True
