path,curFrame,Deleted,pixelSpacingX,pixelSpacingY,pixelSpacingZ,tra_UL_x,tra_UL_y,tra_LL_x,tra_LL_y,tra_LR_x,tra_LR_y,tra_UR_x,tra_UR_y,cor_UL_x,cor_UL_y,cor_LL_x,cor_LL_y,cor_LR_x,cor_LR_y,cor_UR_x,cor_UR_y,Dirty,h_par_cor,h_orth_cor,h_par_tra,h_orth_tra
./data/train/PICAI/10215/,-1,0,-1.0,-1.0,-1.0,-1.0,-1.0,-1.0,-1.0,-1.0,-1.0,-1.0,-1.0,-1.0,-1.0,-1.0,-1.0,-1.0,-1.0,-1.0,-1.0,False,80.0,60.0,30.0,160.0
./data/train/PICAI/10215/,15,0,0.392857134342,0.392857134342,3.299999999999983,48.26729359572124,295.84031466669,524.1372178404526,352.5308359141944,499.7327064042787,551.15968533331,23.862782159547407,494.4691640858056,230.58124760809693,200.5156956383687,433.1948758195794,225.2688300455332,382.4187523919031,656.4843043616313,179.8051241804205,631.7311699544668,True,,,,
./data/train/PICAI/10215/,14,0,0.392857134342,0.392857134342,3.299999999999983,46.07370506617491,299.79933679345527,522.860538034469,348.1761484707887,501.926294933825,547.2006632065447,25.13946196553107,498.8238515292113,228.6139356607664,201.87538367514475,431.6287065975617,223.08865267076507,388.3860643392336,655.1246163248552,185.37129340243823,633.911347329235,True,,,,
./data/train/PICAI/10215/,16,0,0.392857134342,0.392857134342,3.299999999999983,46.07370506617491,299.79933679345527,522.860538034469,348.1761484707887,501.926294933825,547.2006632065447,25.13946196553107,498.8238515292113,230.6139356607664,201.87538367514475,433.6287065975617,223.08865267076507,390.3860643392336,655.1246163248552,187.37129340243823,633.911347329235,True,,,,
