path,curFrame,Deleted,pixelSpacingX,pixelSpacingY,pixelSpacingZ,tra_UL_x,tra_UL_y,tra_LL_x,tra_LL_y,tra_LR_x,tra_LR_y,tra_UR_x,tra_UR_y,cor_UL_x,cor_UL_y,cor_LL_x,cor_LL_y,cor_LR_x,cor_LR_y,cor_UR_x,cor_UR_y,Dirty
./data/train/PICAI/11289/,9,0,0.5625,0.5625,3.600000010596389,-4.571205358564669,68.59088754840926,259.793397980764,95.65297359585772,245.57120535856467,231.40911245159072,-17.797203282672086,204.25987066139464,101.11312057085748,18.745700452450222,202.4757052349852,29.95402013951933,175.88687942914248,288.2542995475497,74.61145050776244,278.0421745585724,True
./data/train/PICAI/11289/,8,0,0.5625,0.5625,3.600000010596389,-4.571205358564669,68.59088754840926,259.793397980764,95.65297359585772,245.57120535856467,231.40911245159072,-17.797203282672086,204.25987066139464,101.11312057085748,18.745700452450222,202.4757052349852,29.95402013951933,175.88687942914248,288.2542995475497,74.61145050776244,278.0421745585724,True
./data/train/PICAI/11289/,10,0,0.5625,0.5625,3.600000010596389,-4.571205358564669,68.59088754840926,259.793397980764,95.65297359585772,245.57120535856467,231.40911245159072,-17.797203282672086,204.25987066139464,101.11312057085748,18.745700452450222,202.4757052349852,29.95402013951933,175.88687942914248,288.2542995475497,74.61145050776244,278.0421745585724,True
