path,curFrame,Deleted,pixelSpacingX,pixelSpacingY,pixelSpacingZ,tra_UL_x,tra_UL_y,tra_LL_x,tra_LL_y,tra_LR_x,tra_LR_y,tra_UR_x,tra_UR_y,cor_UL_x,cor_UL_y,cor_LL_x,cor_LL_y,cor_LR_x,cor_LR_y,cor_UR_x,cor_UR_y,Dirty
./data/train/PICAI/10375/,9,0,0.5625,0.5625,3.5999999576145,-2.660588145043292,83.30196593968478,264.2300487074674,125.13960402384652,244.66058814504328,251.69803406031525,-22.230048707467404,209.86039597615348,90.87118706777687,30.95150973888841,214.48653380628585,49.7974104414957,173.38011178255496,310.73277038415847,49.76476504404603,291.8868696815514,True
./data/train/PICAI/10375/,10,0,0.5625,0.5625,3.5999999576145,-2.660588145043292,83.30196593968478,264.2300487074674,125.13960402384652,244.66058814504328,251.69803406031525,-22.230048707467404,209.86039597615348,90.87118706777687,30.95150973888841,214.48653380628585,49.7974104414957,173.38011178255496,310.73277038415847,49.76476504404603,291.8868696815514,True
./data/train/PICAI/10375/,11,0,0.5625,0.5625,3.5999999576145,-2.660588145043292,83.30196593968478,264.2300487074674,125.13960402384652,244.66058814504328,251.69803406031525,-22.230048707467404,209.86039597615348,90.87118706777687,30.95150973888841,214.48653380628585,49.7974104414957,173.38011178255496,310.73277038415847,49.76476504404603,291.8868696815514,True
