path,curFrame,Deleted,pixelSpacingX,pixelSpacingY,pixelSpacingZ,tra_UL_x,tra_UL_y,tra_LL_x,tra_LL_y,tra_LR_x,tra_LR_y,tra_UR_x,tra_UR_y,cor_UL_x,cor_UL_y,cor_LL_x,cor_LL_y,cor_LR_x,cor_LR_y,cor_UR_x,cor_UR_y,Dirty,h_par_cor,h_orth_cor,h_par_tra,h_orth_tra
./data/train/PICAI/10257/,-1,0,-1.0,-1.0,-1.0,-1.0,-1.0,-1.0,-1.0,-1.0,-1.0,-1.0,-1.0,-1.0,-1.0,-1.0,-1.0,-1.0,-1.0,-1.0,-1.0,False,80.0,60.0,30.0,160.0
./data/train/PICAI/10257/,15,0,0.39285713434219,0.39285713434219,3.299999999999983,232.2569749849458,94.66811687186512,437.22450692153245,481.62717265403,251.7430250150542,580.3318831281351,47.702676933034326,193.74743393938584,386.22603220507375,195.14016792984785,458.9222808891952,330.20776370047065,79.77396779492645,531.8598320701518,8.004902965371542,397.1668428929452,True,,,,
./data/train/PICAI/10257/,14,0,0.39285713434219,0.39285713434219,3.299999999999983,232.2569749849458,94.66811687186512,437.22450692153245,481.62717265403,251.7430250150542,580.3318831281351,47.702676933034326,193.74743393938584,386.22603220507375,195.14016792984785,458.9222808891952,330.20776370047065,79.77396779492645,531.8598320701518,8.004902965371542,397.1668428929452,True,,,,
./data/train/PICAI/10257/,16,0,0.39285713434219,0.39285713434219,3.299999999999983,232.2569749849458,94.66811687186512,437.22450692153245,481.62717265403,251.7430250150542,580.3318831281351,47.702676933034326,193.74743393938584,386.22603220507375,195.14016792984785,458.9222808891952,330.20776370047065,79.77396779492645,531.8598320701518,8.004902965371542,397.1668428929452,True,,,,
