path,curFrame,Deleted,pixelSpacingX,pixelSpacingY,pixelSpacingZ,tra_UL_x,tra_UL_y,tra_LL_x,tra_LL_y,tra_LR_x,tra_LR_y,tra_UR_x,tra_UR_y,cor_UL_x,cor_UL_y,cor_LL_x,cor_LL_y,cor_LR_x,cor_LR_y,cor_UR_x,cor_UR_y,Dirty
./data/train/PICAI/10431/,9,0,0.5625,0.5625,3.600000063578272,49.34844682970751,19.98160002197227,286.78011872635057,140.13234359172668,222.6515531702925,265.01839997802773,-13.696768285511157,143.95861745292925,153.78163486921085,6.252431629942464,257.62296532497004,58.50162386463458,135.21836513078915,298.74756837005754,31.37703467502993,246.4983761353654,True
./data/train/PICAI/10431/,8,0,0.5625,0.5625,3.600000063578272,47.223403368499376,21.512538292069948,286.7158328820076,137.50122828259154,224.77659663150052,263.48746170793004,-13.648512358003645,146.57096414089278,151.227849227605,6.11271897883131,255.96523828466863,56.54167230436926,137.772150772395,298.8872810211687,33.03476171533136,248.45832769563071,True
./data/train/PICAI/10431/,10,0,0.5625,0.5625,3.600000063578272,47.223403368499376,21.512538292069948,286.7158328820076,137.50122828259154,224.77659663150052,263.48746170793004,-13.648512358003645,146.57096414089278,151.227849227605,6.11271897883131,255.96523828466863,56.54167230436926,137.772150772395,298.8872810211687,33.03476171533136,248.45832769563071,True
