path,curFrame,Deleted,pixelSpacingX,pixelSpacingY,pixelSpacingZ,tra_UL_x,tra_UL_y,tra_LL_x,tra_LL_y,tra_LR_x,tra_LR_y,tra_UR_x,tra_UR_y,cor_UL_x,cor_UL_y,cor_LL_x,cor_LL_y,cor_LR_x,cor_LR_y,cor_UR_x,cor_UR_y,Dirty,h_par_cor,h_orth_cor,h_par_tra,h_orth_tra
./data/train/PICAI/11176/,15,0,0.392857134342,0.392857134342,3.299999872843407,61.4167476325338,265.6411299650548,481.27896934403554,213.5190158532702,507.5832523674662,422.35887003494514,87.72103065596448,474.4809841467299,193.5057114227934,129.17963548121116,366.447231876134,107.70335779426458,420.4942885772066,551.8203645187887,247.7946900194658,574.2669379320115,True,,,,
./data/train/PICAI/11176/,16,0,0.392857134342,0.392857134342,3.299999872843407,70.8295532987313,242.75183850320872,493.8399703191543,234.80280760580132,498.1704467012687,445.2481614967912,75.16002968084578,453.1971923941987,214.2164379710321,118.47388697422872,388.4554489834852,115.19256995171035,395.7835620289678,562.5261130257713,221.6837241174749,566.7976981170311,True,,,,
./data/train/PICAI/11176/,-1,0,-1.0,-1.0,-1.0,-1.0,-1.0,-1.0,-1.0,-1.0,-1.0,-1.0,-1.0,-1.0,-1.0,-1.0,-1.0,-1.0,-1.0,-1.0,-1.0,False,80.0,60.0,30.0,160.0
./data/train/PICAI/11176/,17,0,0.392857134342,0.392857134342,3.299999872843407,70.8295532987313,242.75183850320872,493.8399703191543,234.80280760580132,498.1704467012687,445.2481614967912,75.16002968084578,453.1971923941987,214.2164379710321,118.47388697422872,388.4554489834852,115.19256995171035,395.7835620289678,562.5261130257713,221.6837241174749,566.7976981170311,True,,,,
