path,curFrame,Deleted,pixelSpacingX,pixelSpacingY,pixelSpacingZ,tra_UL_x,tra_UL_y,tra_LL_x,tra_LL_y,tra_LR_x,tra_LR_y,tra_UR_x,tra_UR_y,cor_UL_x,cor_UL_y,cor_LL_x,cor_LL_y,cor_LR_x,cor_LR_y,cor_UR_x,cor_UR_y,Dirty
./data/train/PICAI/11391/,9,0,0.5625,0.5625,3.0,-4.084718988979361,75.41687830347746,235.5238531942276,110.23457257136954,211.5229174586792,274.2821046413969,-28.13877794118963,238.4593219736521,75.88807476045179,52.657887765239366,189.9859026768911,69.24724312043776,152.47756793470452,326.94110184599623,38.37974001826528,310.3517464907977,True
./data/train/PICAI/11391/,10,0,0.5625,0.5625,3.0,-4.084718988979361,75.41687830347746,235.5238531942276,110.23457257136954,211.5229174586792,274.2821046413969,-28.13877794118963,238.4593219736521,75.88807476045179,52.657887765239366,189.9859026768911,69.24724312043776,152.47756793470452,326.94110184599623,38.37974001826528,310.3517464907977,True
./data/train/PICAI/11391/,11,0,0.5625,0.5625,3.0,-4.084718988979361,75.41687830347746,235.5238531942276,110.23457257136954,211.5229174586792,274.2821046413969,-28.13877794118963,238.4593219736521,75.88807476045179,52.657887765239366,189.9859026768911,69.24724312043776,152.47756793470452,326.94110184599623,38.37974001826528,310.3517464907977,True
