path,curFrame,Deleted,pixelSpacingX,pixelSpacingY,pixelSpacingZ,tra_UL_x,tra_UL_y,tra_LL_x,tra_LL_y,tra_LR_x,tra_LR_y,tra_UR_x,tra_UR_y,cor_UL_x,cor_UL_y,cor_LL_x,cor_LL_y,cor_LR_x,cor_LR_y,cor_UR_x,cor_UR_y,Dirty
./data/train/PICAI/10222/,16,0,0.392857134342,0.392857134342,3.299999999999993,90.2780862384731,106.48377413462724,462.40285704210686,295.02595762241623,361.7219137615271,495.5162258653728,-9.428486977321768,307.19899343192765,273.69361148399366,75.73722022144872,421.7941007950058,149.9547724974352,222.3063885160064,547.2627797785514,73.45648019455282,471.8459063834356,True
./data/train/PICAI/10222/,15,0,0.392857134342,0.392857134342,3.299999999999993,100.64428108975872,99.64721572201532,462.39153236307794,307.406514421732,351.3557189102414,502.3527842779847,-9.43027066713978,294.86912293408494,281.99726980863045,77.40502464364977,426.0105459778368,159.27184507178114,206.0027301913697,545.5949753563503,61.30382968204185,462.4912558764634,True
./data/train/PICAI/10222/,17,0,0.392857134342,0.392857134342,3.299999999999993,61.52000647958684,130.11017662972185,458.5577994604031,258.117953522075,390.4799935204133,471.8898233702782,-5.5602354101433775,343.95180295166904,232.49585615946643,74.62048489897586,390.3831657752772,124.75627513191318,255.50414384053363,548.3795151010241,96.68902664820706,497.17640434408287,True
