path,curFrame,Deleted,pixelSpacingX,pixelSpacingY,pixelSpacingZ,tra_UL_x,tra_UL_y,tra_LL_x,tra_LL_y,tra_LR_x,tra_LR_y,tra_UR_x,tra_UR_y,cor_UL_x,cor_UL_y,cor_LL_x,cor_LL_y,cor_LR_x,cor_LR_y,cor_UR_x,cor_UR_y,Dirty
./data/train/PICAI/10252/,15,0,0.39285713434219,0.39285713434219,3.299999933956248,45.276476694334406,232.87210861173995,451.69681774125263,392.0559846272043,378.7235233056656,579.1278913882601,-27.60966199850489,420.94021007088753,239.5753190718548,190.1016621686793,390.2987637729893,249.1900977328745,238.4246809281452,635.8983378313208,87.78839196975832,577.8060969652173,True
./data/train/PICAI/10252/,16,0,0.39285713434219,0.39285713434219,3.299999933956248,45.276476694334406,232.87210861173995,451.69681774125263,392.0559846272043,378.7235233056656,579.1278913882601,-27.60966199850489,420.94021007088753,239.5753190718548,190.1016621686793,390.2987637729893,249.1900977328745,238.4246809281452,635.8983378313208,87.78839196975832,577.8060969652173,True
./data/train/PICAI/10252/,17,0,0.39285713434219,0.39285713434219,3.299999933956248,45.276476694334406,232.87210861173995,451.69681774125263,392.0559846272043,378.7235233056656,579.1278913882601,-27.60966199850489,420.94021007088753,239.5753190718548,190.1016621686793,390.2987637729893,249.1900977328745,238.4246809281452,635.8983378313208,87.78839196975832,577.8060969652173,True
