path,curFrame,Deleted,pixelSpacingX,pixelSpacingY,pixelSpacingZ,tra_UL_x,tra_UL_y,tra_LL_x,tra_LL_y,tra_LR_x,tra_LR_y,tra_UR_x,tra_UR_y,cor_UL_x,cor_UL_y,cor_LL_x,cor_LL_y,cor_LR_x,cor_LR_y,cor_UR_x,cor_UR_y,Dirty
./data/train/PICAI/10113/,10,0,0.5625,0.5625,3.600000023841877,39.95342618767107,38.99617771410664,294.5032716532919,94.91018466610883,258.0465738123289,260.00382228589336,3.6012568099756948,203.0952934385229,117.9961660045017,14.86412502939255,245.63876574718205,43.837983213842776,188.10306612020565,304.2504315884057,60.34912219808474,276.3016758412355,True
./data/train/PICAI/10113/,9,0,0.5625,0.5625,3.600000023841877,39.95342618767107,38.99617771410664,294.5032716532919,94.91018466610883,258.0465738123289,260.00382228589336,3.6012568099756948,203.0952934385229,117.9961660045017,14.86412502939255,245.63876574718205,43.837983213842776,188.10306612020565,304.2504315884057,60.34912219808474,276.3016758412355,True
./data/train/PICAI/10113/,11,0,0.5625,0.5625,3.600000023841877,39.95342618767107,38.99617771410664,294.5032716532919,94.91018466610883,258.0465738123289,260.00382228589336,3.6012568099756948,203.0952934385229,117.9961660045017,14.86412502939255,245.63876574718205,43.837983213842776,188.10306612020565,304.2504315884057,60.34912219808474,276.3016758412355,True
