path,curFrame,Deleted,pixelSpacingX,pixelSpacingY,pixelSpacingZ,tra_UL_x,tra_UL_y,tra_LL_x,tra_LL_y,tra_LR_x,tra_LR_y,tra_UR_x,tra_UR_y,cor_UL_x,cor_UL_y,cor_LL_x,cor_LL_y,cor_LR_x,cor_LR_y,cor_UR_x,cor_UR_y,Dirty
./data/train/PICAI/10134/,15,0,0.39285713434219,0.39285713434219,3.2999998796848304,42.815663190301365,218.64124616670185,445.0370364068683,269.66052612809654,418.1843368096986,483.3587538332981,15.96296359313166,432.33947387190346,206.56172932391155,117.00160656080824,352.7237467256413,135.37726080920035,295.4382706760885,589.9983934391917,149.22391731811575,570.6241096560452,True
./data/train/PICAI/10134/,14,0,0.39285713434219,0.39285713434219,3.2999998796848304,49.99999999999997,209.0,449.0,280.99999999999994,411.0,493.0,11.999999999999943,421.00000000000006,219.0,114.99999999999986,364.0000000000001,140.99999999999991,283.0,592.0,137.99999999999997,565.0000000000001,True
./data/train/PICAI/10134/,16,0,0.39285713434219,0.39285713434219,3.2999998796848304,38.31074152427246,225.2719644369244,442.0676395407103,262.22284134321444,422.68925847572746,476.7280355630756,18.93236045928967,439.7771586567856,198.33512501574768,118.69654827304367,345.04940555048995,131.96002772501868,303.6648749842524,588.3034517269562,156.86343870676245,574.0437775768897,True
