path,curFrame,Deleted,pixelSpacingX,pixelSpacingY,pixelSpacingZ,tra_UL_x,tra_UL_y,tra_LL_x,tra_LL_y,tra_LR_x,tra_LR_y,tra_UR_x,tra_UR_y,cor_UL_x,cor_UL_y,cor_LL_x,cor_LL_y,cor_LR_x,cor_LR_y,cor_UR_x,cor_UR_y,Dirty
./data/train/PICAI/11466/,10,0,0.5625,0.5625,3.6000000635782774,19.7971274466653,72.06959177629093,276.64087878502824,140.56256512711914,239.20287255333477,279.93040822370904,-16.641031089871746,211.4548872793181,124.46421616663817,39.62879583810991,232.97639996487817,68.52699590899635,164.53578383336182,322.37120416189015,56.0236000351218,293.47300409100365,True
./data/train/PICAI/11466/,9,0,0.5625,0.5625,3.6000000635782774,9.534405402509222,84.10600611100577,272.1306050460298,125.3762851599817,249.46559459749085,267.89399388899415,-12.134410347938,226.53655909727064,109.79665956551592,42.49755178088611,220.73508671170293,59.89483266986851,179.2033404344841,319.50244821911394,68.26491328829701,302.1051673301315,True
./data/train/PICAI/11466/,11,0,0.5625,0.5625,3.6000000635782774,29.272711919738185,62.90384301809274,279.169539275623,153.52158784471683,229.72728808026184,289.09615698190726,-19.175017380254644,198.5829406185508,136.861770674953,38.42052232955123,242.44238876186816,76.66621600066881,152.13822932504698,323.5794776704488,46.557611238131855,285.3337839993312,True
