path,curFrame,Deleted,pixelSpacingX,pixelSpacingY,pixelSpacingZ,tra_UL_x,tra_UL_y,tra_LL_x,tra_LL_y,tra_LR_x,tra_LR_y,tra_UR_x,tra_UR_y,cor_UL_x,cor_UL_y,cor_LL_x,cor_LL_y,cor_LR_x,cor_LR_y,cor_UR_x,cor_UR_y,Dirty
./data/train/PICAI/10397/,8,0,0.5625,0.5625,3.599999957614445,105.9195307669454,-0.6318827629797568,278.87011130153337,190.8729388284075,181.08046923305457,281.6318827629798,8.00801935506152,91.11960732323382,212.49745391048725,20.269012839918872,288.8380915396601,104.19819159421944,93.50254608951278,283.7309871600811,16.16936230869868,199.67993906237544,True
./data/train/PICAI/10397/,9,0,0.5625,0.5625,3.599999957614445,89.0,5.0,284.0,174.0,198.0,276.0,3.0,108.0,196.0,14.0,282.0,88.0,110.0,290.0,23.0,216.0,True
./data/train/PICAI/10397/,10,0,0.5625,0.5625,3.599999957614445,89.0,5.0,284.0,174.0,198.0,276.0,3.0,108.0,196.0,14.0,282.0,88.0,110.0,290.0,23.0,216.0,True
