path,curFrame,Deleted,pixelSpacingX,pixelSpacingY,pixelSpacingZ,tra_UL_x,tra_UL_y,tra_LL_x,tra_LL_y,tra_LR_x,tra_LR_y,tra_UR_x,tra_UR_y,cor_UL_x,cor_UL_y,cor_LL_x,cor_LL_y,cor_LR_x,cor_LR_y,cor_UR_x,cor_UR_y,Dirty
./data/train/PICAI/10141/,10,0,0.5625,0.5625,3.6000000635782774,-25.537512019841813,115.0738885243602,235.9762406496691,75.1294625714188,255.5375120198418,206.92611147563977,-5.976240649669137,246.87053742858112,73.09312910271927,40.19158610167591,164.3072626134216,27.19228427843254,202.90687089728067,284.80841389832403,112.77608782741773,298.7167546769116,True
./data/train/PICAI/10141/,11,0,0.5625,0.5625,3.6000000635782774,-25.537512019841813,115.0738885243602,235.9762406496691,75.1294625714188,255.5375120198418,206.92611147563977,-5.976240649669137,246.87053742858112,73.09312910271927,40.19158610167591,164.3072626134216,27.19228427843254,202.90687089728067,284.80841389832403,112.77608782741773,298.7167546769116,True
./data/train/PICAI/10141/,12,0,0.5625,0.5625,3.6000000635782774,-25.537512019841813,115.0738885243602,235.9762406496691,75.1294625714188,255.5375120198418,206.92611147563977,-5.976240649669137,246.87053742858112,73.09312910271927,40.19158610167591,164.3072626134216,27.19228427843254,202.90687089728067,284.80841389832403,112.77608782741773,298.7167546769116,True
