path,curFrame,Deleted,pixelSpacingX,pixelSpacingY,pixelSpacingZ,tra_UL_x,tra_UL_y,tra_LL_x,tra_LL_y,tra_LR_x,tra_LR_y,tra_UR_x,tra_UR_y,cor_UL_x,cor_UL_y,cor_LL_x,cor_LL_y,cor_LR_x,cor_LR_y,cor_UR_x,cor_UR_y,Dirty
./data/train/PICAI/10067/,17,0,0.392857134342,0.392857134342,3.29999999999999,73.0,176.0,478.0,336.0,396.0,543.0,-7.0,382.0,247.0,135.0,414.0,201.0,251.0,612.0,85.0,546.0,True
./data/train/PICAI/10067/,16,0,0.392857134342,0.392857134342,3.29999999999999,76.22711381348432,173.2093842991809,478.3730453218575,340.25324013130336,392.7728861865157,545.7906157008192,-7.355897525107366,377.7818169864148,251.1627035449793,135.0014198923261,416.985409811236,203.90591964767427,246.83729645502063,611.9985801076739,82.01443788392041,543.111532758763,True
./data/train/PICAI/10067/,18,0,0.392857134342,0.392857134342,3.29999999999999,73.0,176.0,478.0,336.0,396.0,543.0,-7.0,382.0,247.0,135.0,414.0,201.0,251.0,612.0,85.0,546.0,True
