path,curFrame,Deleted,pixelSpacingX,pixelSpacingY,pixelSpacingZ,tra_UL_x,tra_UL_y,tra_LL_x,tra_LL_y,tra_LR_x,tra_LR_y,tra_UR_x,tra_UR_y,cor_UL_x,cor_UL_y,cor_LL_x,cor_LL_y,cor_LR_x,cor_LR_y,cor_UR_x,cor_UR_y,Dirty
./data/train/PICAI/10402/,10,0,0.5625,0.5625,3.599999851650667,25.981881700458587,45.39113352195169,265.4597092591543,129.89184421581277,217.0181182995414,268.60886647804824,-21.462145208894498,184.0383993104432,118.5689712255131,17.294418012412137,228.5171223955441,55.71842163374262,137.4310287744869,315.7055819875879,27.48287760445592,277.2815783662574,True
./data/train/PICAI/10402/,9,0,0.5625,0.5625,3.599999851650667,27.94427287230741,43.74111107021787,265.91088605066045,132.40841627582392,215.0557271276926,270.2588889297821,-21.91225651590588,181.53924776793315,121.17440407643448,17.152548597948254,230.43521828234933,57.48955987866364,134.82559592356552,315.8474514020518,25.56478171765069,275.5104401213364,True
./data/train/PICAI/10402/,11,0,0.5625,0.5625,3.599999851650667,34.0,39.0,267.0,140.0,209.0,275.0,-23.0,174.0,129.0,17.0,236.0,63.0,127.0,316.0,20.0,270.0,True
