path,curFrame,Deleted,pixelSpacingX,pixelSpacingY,pixelSpacingZ,tra_UL_x,tra_UL_y,tra_LL_x,tra_LL_y,tra_LR_x,tra_LR_y,tra_UR_x,tra_UR_y,cor_UL_x,cor_UL_y,cor_LL_x,cor_LL_y,cor_LR_x,cor_LR_y,cor_UR_x,cor_UR_y,Dirty
./data/train/PICAI/10308/,11,0,0.5625,0.5625,3.600000034679091,30.74694559241391,40.80818652028749,288.09886088351334,149.6842247288982,232.2530544075861,281.1918134797125,-24.247765915731748,173.44521644080342,128.38300716396546,27.50941723996129,246.5835353562381,77.44572802748118,143.61699283603454,321.4905827600387,25.41646464376192,271.5542719725188,True
./data/train/PICAI/10308/,10,0,0.5625,0.5625,3.600000034679091,30.74694559241391,40.80818652028749,288.09886088351334,149.6842247288982,232.2530544075861,281.1918134797125,-24.247765915731748,173.44521644080342,128.38300716396546,27.50941723996129,246.5835353562381,77.44572802748118,143.61699283603454,321.4905827600387,25.41646464376192,271.5542719725188,True
./data/train/PICAI/10308/,12,0,0.5625,0.5625,3.600000034679091,30.74694559241391,40.80818652028749,288.09886088351334,149.6842247288982,232.2530544075861,281.1918134797125,-24.247765915731748,173.44521644080342,128.38300716396546,27.50941723996129,246.5835353562381,77.44572802748118,143.61699283603454,321.4905827600387,25.41646464376192,271.5542719725188,True
