path,curFrame,Deleted,pixelSpacingX,pixelSpacingY,pixelSpacingZ,tra_UL_x,tra_UL_y,tra_LL_x,tra_LL_y,tra_LR_x,tra_LR_y,tra_UR_x,tra_UR_y,cor_UL_x,cor_UL_y,cor_LL_x,cor_LL_y,cor_LR_x,cor_LR_y,cor_UR_x,cor_UR_y,Dirty
./data/train/PICAI/10606/,8,0,0.5625,0.5625,3.6000000777555927,1.1455509207078478,84.80452822299462,263.30984858883573,81.07880303488906,264.8544490792921,225.1954717770054,3.6364449896759368,227.87023147411333,93.6051676366701,23.60274528464865,197.6719830761176,22.1543239744008,200.39483236332995,303.3972547153513,96.32801692388244,304.8456760255991,True
./data/train/PICAI/10606/,9,0,0.5625,0.5625,3.6000000777555927,1.1455509207078478,84.80452822299462,263.30984858883573,81.07880303488906,264.8544490792921,225.1954717770054,3.6364449896759368,227.87023147411333,93.6051676366701,23.60274528464865,197.6719830761176,22.1543239744008,200.39483236332995,303.3972547153513,96.32801692388244,304.8456760255991,True
./data/train/PICAI/10606/,10,0,0.5625,0.5625,3.6000000777555927,1.1455509207078478,84.80452822299462,263.30984858883573,81.07880303488906,264.8544490792921,225.1954717770054,3.6364449896759368,227.87023147411333,93.6051676366701,23.60274528464865,197.6719830761176,22.1543239744008,200.39483236332995,303.3972547153513,96.32801692388244,304.8456760255991,True
