path,curFrame,Deleted,pixelSpacingX,pixelSpacingY,pixelSpacingZ,tra_UL_x,tra_UL_y,tra_LL_x,tra_LL_y,tra_LR_x,tra_LR_y,tra_UR_x,tra_UR_y,cor_UL_x,cor_UL_y,cor_LL_x,cor_LL_y,cor_LR_x,cor_LR_y,cor_UR_x,cor_UR_y,Dirty
./data/train/PICAI/11114/,13,0,0.3125,0.3125,3.300000060688359,9.11735635674532,236.45310039530125,505.14330363798206,377.1949194248697,436.8826436432547,619.5468996046986,-58.14573958772229,478.7353241013862,228.5328040808581,176.16870023422752,415.6909525455182,229.24249285620093,280.4671959191419,703.8312997657725,94.3066115047416,650.687750670055,True
./data/train/PICAI/11114/,14,0,0.3125,0.3125,3.300000060688359,9.11735635674532,236.45310039530125,505.14330363798206,377.1949194248697,436.8826436432547,619.5468996046986,-58.14573958772229,478.7353241013862,228.5328040808581,176.16870023422752,415.6909525455182,229.24249285620093,280.4671959191419,703.8312997657725,94.3066115047416,650.687750670055,True
./data/train/PICAI/11114/,15,0,0.3125,0.3125,3.300000060688359,9.11735635674532,236.45310039530125,505.14330363798206,377.1949194248697,436.8826436432547,619.5468996046986,-58.14573958772229,478.7353241013862,228.5328040808581,176.16870023422752,415.6909525455182,229.24249285620093,280.4671959191419,703.8312997657725,94.3066115047416,650.687750670055,True
