path,curFrame,Deleted,pixelSpacingX,pixelSpacingY,pixelSpacingZ,tra_UL_x,tra_UL_y,tra_LL_x,tra_LL_y,tra_LR_x,tra_LR_y,tra_UR_x,tra_UR_y,cor_UL_x,cor_UL_y,cor_LL_x,cor_LL_y,cor_LR_x,cor_LR_y,cor_UR_x,cor_UR_y,Dirty,h_par_cor,h_orth_cor,h_par_tra,h_orth_tra
./data/train/PICAI/10911/,9,0,0.5625,0.5625,3.6000000635782774,71.6727177037657,9.45757305059854,258.51494943152085,169.00374330545625,177.32728229623433,263.54242694940143,-7.612836398930327,104.61429068329367,182.74079458751885,18.14524343463808,253.407043191404,78.95873953750916,82.25920541248117,278.8547565653619,11.283939814221055,218.992316978786,True,,,,
./data/train/PICAI/10911/,8,0,0.5625,0.5625,3.6000000635782774,71.6727177037657,9.45757305059854,258.51494943152085,169.00374330545625,177.32728229623433,263.54242694940143,-7.612836398930327,104.61429068329367,182.74079458751885,18.14524343463808,253.407043191404,78.95873953750916,82.25920541248117,278.8547565653619,11.283939814221055,218.992316978786,True,,,,
./data/train/PICAI/10911/,-1,0,-1.0,-1.0,-1.0,-1.0,-1.0,-1.0,-1.0,-1.0,-1.0,-1.0,-1.0,-1.0,-1.0,-1.0,-1.0,-1.0,-1.0,-1.0,-1.0,False,80.0,60.0,30.0,160.0
./data/train/PICAI/10911/,10,0,0.5625,0.5625,3.6000000635782774,71.6727177037657,9.45757305059854,258.51494943152085,169.00374330545625,177.32728229623433,263.54242694940143,-7.612836398930327,104.61429068329367,182.74079458751885,18.14524343463808,253.407043191404,78.95873953750916,82.25920541248117,278.8547565653619,11.283939814221055,218.992316978786,True,,,,
