path,curFrame,Deleted,pixelSpacingX,pixelSpacingY,pixelSpacingZ,tra_UL_x,tra_UL_y,tra_LL_x,tra_LL_y,tra_LR_x,tra_LR_y,tra_UR_x,tra_UR_y,cor_UL_x,cor_UL_y,cor_LL_x,cor_LL_y,cor_LR_x,cor_LR_y,cor_UR_x,cor_UR_y,Dirty
./data/train/PICAI/10562/,8,0,0.5625,0.5625,3.5999999576145,50.77891992218123,42.24481893105434,299.3168772555865,145.79134839746598,244.22108007781875,277.75518106894566,-3.322355360218239,174.31318006580167,149.17261701244007,20.489220875080235,263.8622263468968,67.73637434182056,162.82738298755993,311.5107791249197,48.24230211637088,263.2691037628111,True
./data/train/PICAI/10562/,7,0,0.5625,0.5625,3.5999999576145,52.848762291267306,40.57473801492003,299.5417299725321,148.44308228982987,242.15123770873268,279.42526198507994,-3.5491838208907893,171.67878705357526,151.71317011423213,20.39222860873636,265.5607351403694,69.63379578139518,160.28682988576787,311.60777139126355,46.561134203035806,261.37365806696346,True
./data/train/PICAI/10562/,9,0,0.5625,0.5625,3.5999999576145,39.0,53.0,297.0,130.0,256.0,267.0,-1.0,190.0,134.0,22.0,253.0,57.0,178.0,310.0,59.0,274.0,True
