path,curFrame,Deleted,pixelSpacingX,pixelSpacingY,pixelSpacingZ,tra_UL_x,tra_UL_y,tra_LL_x,tra_LL_y,tra_LR_x,tra_LR_y,tra_UR_x,tra_UR_y,cor_UL_x,cor_UL_y,cor_LL_x,cor_LL_y,cor_LR_x,cor_LR_y,cor_UR_x,cor_UR_y,Dirty
./data/train/PICAI/10621/,9,0,0.5625,0.5625,3.6000000635783334,72.4258890821927,13.737638580675878,289.61703132014543,157.22634103969665,196.57411091780727,296.2623614193242,-18.52345906614121,151.98819399147038,136.44075389713743,9.844301606084189,265.3870785691607,95.96500741112892,118.60122503423214,315.8261299453835,-9.498126603625783,230.86911398981107,True
./data/train/PICAI/10621/,8,0,0.5625,0.5625,3.6000000635783334,72.4258890821927,13.737638580675878,289.61703132014543,157.22634103969665,196.57411091780727,296.2623614193242,-18.52345906614121,151.98819399147038,136.44075389713743,9.844301606084189,265.3870785691607,95.96500741112892,118.60122503423214,315.8261299453835,-9.498126603625783,230.86911398981107,True
./data/train/PICAI/10621/,10,0,0.5625,0.5625,3.6000000635783334,72.4258890821927,13.737638580675878,289.61703132014543,157.22634103969665,196.57411091780727,296.2623614193242,-18.52345906614121,151.98819399147038,136.44075389713743,9.844301606084189,265.3870785691607,95.96500741112892,118.60122503423214,315.8261299453835,-9.498126603625783,230.86911398981107,True
