path,curFrame,Deleted,pixelSpacingX,pixelSpacingY,pixelSpacingZ,tra_UL_x,tra_UL_y,tra_LL_x,tra_LL_y,tra_LR_x,tra_LR_y,tra_UR_x,tra_UR_y,cor_UL_x,cor_UL_y,cor_LL_x,cor_LL_y,cor_LR_x,cor_LR_y,cor_UR_x,cor_UR_y,Dirty
./data/train/PICAI/11216/,8,0,0.5625,0.5625,3.600000050332822,19.69096465663584,65.58687301776531,280.25102458175274,80.56870107109744,271.30903534336426,231.41312698223464,10.748975418247367,216.4312989289025,91.8508990453869,26.974513024108543,222.13092900794533,34.46542705077465,207.1491009546132,295.02548697589145,76.86907099205467,287.5345729492254,True
./data/train/PICAI/11216/,9,0,0.5625,0.5625,3.600000050332822,22.66123052343127,61.246709440374616,282.5397060413941,85.31282592101223,268.3387694765688,235.75329055962533,8.460293958605916,211.68717407898777,96.56343936082808,25.04423312085916,226.5026771198095,37.077291361178,202.436560639172,296.95576687914087,72.49732288019048,284.922708638822,True
./data/train/PICAI/11216/,10,0,0.5625,0.5625,3.600000050332822,30.73329447322945,50.87263036150395,287.52535367546784,97.49706956107065,260.2667055267706,246.127369638496,3.47464632453216,199.50293043892933,108.61420479922374,20.94786059898911,237.0102344003429,44.260080198772485,190.38579520077627,301.0521394010109,61.98976559965705,277.7399198012276,True
