path,curFrame,Deleted,pixelSpacingX,pixelSpacingY,pixelSpacingZ,tra_UL_x,tra_UL_y,tra_LL_x,tra_LL_y,tra_LR_x,tra_LR_y,tra_UR_x,tra_UR_y,cor_UL_x,cor_UL_y,cor_LL_x,cor_LL_y,cor_LR_x,cor_LR_y,cor_UR_x,cor_UR_y,Dirty
./data/train/PICAI/10803/,8,0,0.5625,0.5625,3.5999999707354857,19.69554795626153,27.191607899680008,260.12899272953297,139.69386847456028,205.30445204373845,258.80839210032,-35.19874920327712,145.3085674751799,132.9436629726547,8.024185786576766,230.34202033177272,53.34040786813989,115.05633702734534,296.9758142134232,17.657979668227256,251.65959213186017,True
./data/train/PICAI/10803/,9,0,0.5625,0.5625,3.5999999707354857,19.69554795626153,27.191607899680008,260.12899272953297,139.69386847456028,205.30445204373845,258.80839210032,-35.19874920327712,145.3085674751799,132.9436629726547,8.024185786576766,230.34202033177272,53.34040786813989,115.05633702734534,296.9758142134232,17.657979668227256,251.65959213186017,True
./data/train/PICAI/10803/,10,0,0.5625,0.5625,3.5999999707354857,19.69554795626153,27.191607899680008,260.12899272953297,139.69386847456028,205.30445204373845,258.80839210032,-35.19874920327712,145.3085674751799,132.9436629726547,8.024185786576766,230.34202033177272,53.34040786813989,115.05633702734534,296.9758142134232,17.657979668227256,251.65959213186017,True
