path,curFrame,Deleted,pixelSpacingX,pixelSpacingY,pixelSpacingZ,tra_UL_x,tra_UL_y,tra_LL_x,tra_LL_y,tra_LR_x,tra_LR_y,tra_UR_x,tra_UR_y,cor_UL_x,cor_UL_y,cor_LL_x,cor_LL_y,cor_LR_x,cor_LR_y,cor_UR_x,cor_UR_y,Dirty
./data/train/PICAI/11458/,8,0,0.5625,0.5625,3.599999917305132,80.91971728177501,0.4354374819902205,302.71832027030456,146.72754154894506,213.08028271822496,281.5645625180098,-6.737784132821361,135.55080465297513,154.62885176383702,-2.461586236979554,275.7154120190529,77.46180265565253,127.02525251173488,301.95286364848675,5.938692256518968,222.0294747558545,True
./data/train/PICAI/11458/,9,0,0.5625,0.5625,3.599999917305132,80.91971728177501,0.4354374819902205,302.71832027030456,146.72754154894506,213.08028271822496,281.5645625180098,-6.737784132821361,135.55080465297513,146.28295603940893,-7.970308825472524,275.7154120190529,77.46180265565253,127.02525251173488,301.95286364848675,-2.4072034679091328,216.52075216736156,True
./data/train/PICAI/11458/,10,0,0.5625,0.5625,3.599999917305132,80.91971728177501,0.4354374819902205,302.71832027030456,146.72754154894506,213.08028271822496,281.5645625180098,-6.737784132821361,135.55080465297513,137.93706031498084,-13.479031413965492,275.7154120190529,77.46180265565253,127.02525251173488,301.95286364848675,-10.753099192337231,211.01202957886855,True
