path,curFrame,Deleted,pixelSpacingX,pixelSpacingY,pixelSpacingZ,tra_UL_x,tra_UL_y,tra_LL_x,tra_LL_y,tra_LR_x,tra_LR_y,tra_UR_x,tra_UR_y,cor_UL_x,cor_UL_y,cor_LL_x,cor_LL_y,cor_LR_x,cor_LR_y,cor_UR_x,cor_UR_y,Dirty
./data/train/PICAI/10131/,9,0,0.5625,0.5625,3.60000009536745,55.09820565424832,29.152484235040347,291.2867893788148,154.52773266224585,230.90179434575163,269.8475157649596,-4.2922674834465795,144.5767958010218,174.73577426842326,20.824676984707253,268.1223099470757,69.85482030429986,144.26422573157674,301.17532301529263,51.872211948292644,252.2497081589678,True
./data/train/PICAI/10131/,10,0,0.5625,0.5625,3.60000009536745,55.09820565424832,29.152484235040347,291.2867893788148,154.52773266224585,230.90179434575163,269.8475157649596,-4.2922674834465795,144.5767958010218,174.73577426842326,20.824676984707253,268.1223099470757,69.85482030429986,144.26422573157674,301.17532301529263,51.872211948292644,252.2497081589678,True
./data/train/PICAI/10131/,11,0,0.5625,0.5625,3.60000009536745,55.09820565424832,29.152484235040347,291.2867893788148,154.52773266224585,230.90179434575163,269.8475157649596,-4.2922674834465795,144.5767958010218,174.73577426842326,20.824676984707253,268.1223099470757,69.85482030429986,144.26422573157674,301.17532301529263,51.872211948292644,252.2497081589678,True
