path,curFrame,Deleted,pixelSpacingX,pixelSpacingY,pixelSpacingZ,tra_UL_x,tra_UL_y,tra_LL_x,tra_LL_y,tra_LR_x,tra_LR_y,tra_UR_x,tra_UR_y,cor_UL_x,cor_UL_y,cor_LL_x,cor_LL_y,cor_LR_x,cor_LR_y,cor_UR_x,cor_UR_y,Dirty
./data/train/PICAI/10158/,11,0,0.5625,0.5625,3.600000001934508,43.25339644587737,38.27307586962,299.53769437703806,140.7979930065395,246.7466035541226,273.72692413038,-8.559546776304273,171.40991868427815,145.48933449848582,13.168542723671614,267.8731110700538,62.37688507759552,169.79942942441508,307.3392351815859,47.41565285284703,258.13089282766214,True
./data/train/PICAI/10158/,10,0,0.5625,0.5625,3.600000001934508,43.25339644587737,38.27307586962,299.53769437703806,140.7979930065395,246.7466035541226,273.72692413038,-8.559546776304273,171.40991868427815,145.48933449848582,13.168542723671614,267.8731110700538,62.37688507759552,169.79942942441508,307.3392351815859,47.41565285284703,258.13089282766214,True
./data/train/PICAI/10158/,12,0,0.5625,0.5625,3.600000001934508,43.25339644587737,38.27307586962,299.53769437703806,140.7979930065395,246.7466035541226,273.72692413038,-8.559546776304273,171.40991868427815,145.48933449848582,13.168542723671614,267.8731110700538,62.37688507759552,169.79942942441508,307.3392351815859,47.41565285284703,258.13089282766214,True
