path,curFrame,Deleted,pixelSpacingX,pixelSpacingY,pixelSpacingZ,tra_UL_x,tra_UL_y,tra_LL_x,tra_LL_y,tra_LR_x,tra_LR_y,tra_UR_x,tra_UR_y,cor_UL_x,cor_UL_y,cor_LL_x,cor_LL_y,cor_LR_x,cor_LR_y,cor_UR_x,cor_UR_y,Dirty
./data/train/PICAI/10786/,9,0,0.5625,0.5625,3.600000010596333,46.453099066421686,20.3807145277868,282.74621125425585,144.76144105962388,217.5469009335784,267.6192854722132,-17.647160895619947,142.3485655082755,156.41247022734717,6.912548896447305,251.68352123346835,57.14627103794359,123.5875297726528,300.0874511035527,28.316478766531617,249.8537289620564,True
./data/train/PICAI/10786/,8,0,0.5625,0.5625,3.600000010596333,46.453099066421686,20.3807145277868,282.74621125425585,144.76144105962388,217.5469009335784,267.6192854722132,-17.647160895619947,142.3485655082755,156.41247022734717,6.912548896447305,251.68352123346835,57.14627103794359,123.5875297726528,300.0874511035527,28.316478766531617,249.8537289620564,True
./data/train/PICAI/10786/,10,0,0.5625,0.5625,3.600000010596333,46.453099066421686,20.3807145277868,282.74621125425585,144.76144105962388,217.5469009335784,267.6192854722132,-17.647160895619947,142.3485655082755,156.41247022734717,6.912548896447305,251.68352123346835,57.14627103794359,123.5875297726528,300.0874511035527,28.316478766531617,249.8537289620564,True
