path,curFrame,Deleted,pixelSpacingX,pixelSpacingY,pixelSpacingZ,tra_UL_x,tra_UL_y,tra_LL_x,tra_LL_y,tra_LR_x,tra_LR_y,tra_UR_x,tra_UR_y,cor_UL_x,cor_UL_y,cor_LL_x,cor_LL_y,cor_LR_x,cor_LR_y,cor_UR_x,cor_UR_y,Dirty
./data/train/PICAI/11318/,10,0,0.5625,0.5625,3.0,42.43822692604364,20.72011370564005,303.0530264865366,126.79521092475213,243.56177307395632,272.27988629436004,-14.921215340306162,165.5299696647332,156.44958920528236,3.0447185784900626,273.2422211472775,51.91680799629265,170.5504107947177,303.95528142151005,52.61365604708722,255.91444587926225,True
./data/train/PICAI/11318/,9,0,0.5625,0.5625,3.0,42.43822692604364,20.72011370564005,303.0530264865366,126.79521092475213,243.56177307395632,272.27988629436004,-14.921215340306162,165.5299696647332,156.44958920528236,3.0447185784900626,273.2422211472775,51.91680799629265,170.5504107947177,303.95528142151005,52.61365604708722,255.91444587926225,True
./data/train/PICAI/11318/,11,0,0.5625,0.5625,3.0,42.43822692604364,20.72011370564005,303.0530264865366,126.79521092475213,243.56177307395632,272.27988629436004,-14.921215340306162,165.5299696647332,156.44958920528236,3.0447185784900626,273.2422211472775,51.91680799629265,170.5504107947177,303.95528142151005,52.61365604708722,255.91444587926225,True
