path,curFrame,Deleted,pixelSpacingX,pixelSpacingY,pixelSpacingZ,tra_UL_x,tra_UL_y,tra_LL_x,tra_LL_y,tra_LR_x,tra_LR_y,tra_UR_x,tra_UR_y,cor_UL_x,cor_UL_y,cor_LL_x,cor_LL_y,cor_LR_x,cor_LR_y,cor_UR_x,cor_UR_y,Dirty
./data/train/PICAI/10433/,10,0,0.5625,0.5625,3.5999999046325497,-27.637950524607334,75.30946040664561,265.48688769235685,137.20315330243704,238.63795052460733,260.6905395933544,-53.48703999720047,198.77939429112567,101.55113529727744,34.387899365709984,202.95461026256777,56.62155099929771,148.44886470272257,314.61210063429,47.06284214386952,293.3782966958587,True
./data/train/PICAI/10433/,11,0,0.5625,0.5625,3.5999999046325497,-25.99999999999997,73.0,266.0,140.0,237.0,263.0,-54.0,196.0,104.0,34.0,205.0,57.99999999999999,146.0,315.0,45.0,292.00000000000006,True
./data/train/PICAI/10433/,12,0,0.5625,0.5625,3.5999999046325497,-25.99999999999997,73.0,266.0,140.0,237.0,263.0,-54.0,196.0,104.0,34.0,205.0,57.99999999999999,146.0,315.0,45.0,292.00000000000006,True
