path,curFrame,Deleted,pixelSpacingX,pixelSpacingY,pixelSpacingZ,tra_UL_x,tra_UL_y,tra_LL_x,tra_LL_y,tra_LR_x,tra_LR_y,tra_UR_x,tra_UR_y,cor_UL_x,cor_UL_y,cor_LL_x,cor_LL_y,cor_LR_x,cor_LR_y,cor_UR_x,cor_UR_y,Dirty
./data/train/PICAI/11064/,10,0,0.5625,0.5625,3.6,81.29881854706156,16.51667232437049,291.5125877918036,175.31897463739867,203.7011814529385,291.48332767562954,-5.398172296757053,131.81034855436522,185.35780843236185,24.20234074906037,276.6733248707593,92.84253638972532,115.64219156763818,304.7976592509396,24.326675129240712,236.1574636102747,True
./data/train/PICAI/11064/,9,0,0.5625,0.5625,3.6,81.29881854706156,16.51667232437049,291.5125877918036,175.31897463739867,203.7011814529385,291.48332767562954,-5.398172296757053,131.81034855436522,185.35780843236185,24.20234074906037,276.6733248707593,92.84253638972532,115.64219156763818,304.7976592509396,24.326675129240712,236.1574636102747,True
./data/train/PICAI/11064/,11,0,0.5625,0.5625,3.6,81.29881854706156,16.51667232437049,291.5125877918036,175.31897463739867,203.7011814529385,291.48332767562954,-5.398172296757053,131.81034855436522,185.35780843236185,24.20234074906037,276.6733248707593,92.84253638972532,115.64219156763818,304.7976592509396,24.326675129240712,236.1574636102747,True
