path,curFrame,Deleted,pixelSpacingX,pixelSpacingY,pixelSpacingZ,tra_UL_x,tra_UL_y,tra_LL_x,tra_LL_y,tra_LR_x,tra_LR_y,tra_UR_x,tra_UR_y,cor_UL_x,cor_UL_y,cor_LL_x,cor_LL_y,cor_LR_x,cor_LR_y,cor_UR_x,cor_UR_y,Dirty
./data/train/PICAI/10362/,10,0,0.5625,0.5625,4.000404357910137,8.466962131391938,58.22513916695809,266.2873754313554,144.83711573969327,223.5330378686081,272.77486083304194,-33.341081852843786,187.21384975130425,116.639550007766,27.25735548083651,222.97379703021463,61.86989526295707,137.360449992234,319.74264451916343,31.07853892602833,284.1314752022883,True
./data/train/PICAI/10362/,9,0,0.5625,0.5625,4.000404357910137,8.466962131391938,58.22513916695809,266.2873754313554,144.83711573969327,223.5330378686081,272.77486083304194,-33.341081852843786,187.21384975130425,116.639550007766,27.25735548083651,222.97379703021463,61.86989526295707,137.360449992234,319.74264451916343,31.07853892602833,284.1314752022883,True
./data/train/PICAI/10362/,11,0,0.5625,0.5625,4.000404357910137,8.466962131391938,58.22513916695809,266.2873754313554,144.83711573969327,223.5330378686081,272.77486083304194,-33.341081852843786,187.21384975130425,116.639550007766,27.25735548083651,222.97379703021463,61.86989526295707,137.360449992234,319.74264451916343,31.07853892602833,284.1314752022883,True
