path,curFrame,Deleted,pixelSpacingX,pixelSpacingY,pixelSpacingZ,tra_UL_x,tra_UL_y,tra_LL_x,tra_LL_y,tra_LR_x,tra_LR_y,tra_UR_x,tra_UR_y,cor_UL_x,cor_UL_y,cor_LL_x,cor_LL_y,cor_LR_x,cor_LR_y,cor_UR_x,cor_UR_y,Dirty
./data/train/PICAI/11240/,9,0,0.5625,0.5625,3.5999999576145,86.97734719414765,-6.8444471274087055,293.6875719855661,165.1085836666332,207.85952030265435,268.9858204718889,2.204152394590693,97.32374064469168,201.2601542329737,20.41003489567817,277.1068735429443,83.07801052848866,114.73984576702628,279.5899651043219,38.89312645705563,216.9219894715113,True
./data/train/PICAI/11240/,8,0,0.5625,0.5625,3.5999999576145,86.97734719414765,-6.8444471274087055,293.6875719855661,165.1085836666332,207.85952030265435,268.9858204718889,2.204152394590693,97.32374064469168,201.2601542329737,20.41003489567817,277.1068735429443,83.07801052848866,114.73984576702628,279.5899651043219,38.89312645705563,216.9219894715113,True
./data/train/PICAI/11240/,10,0,0.5625,0.5625,3.5999999576145,86.97734719414765,-6.8444471274087055,293.6875719855661,165.1085836666332,207.85952030265435,268.9858204718889,2.204152394590693,97.32374064469168,201.2601542329737,20.41003489567817,277.1068735429443,83.07801052848866,114.73984576702628,279.5899651043219,38.89312645705563,216.9219894715113,True
