path,curFrame,Deleted,pixelSpacingX,pixelSpacingY,pixelSpacingZ,tra_UL_x,tra_UL_y,tra_LL_x,tra_LL_y,tra_LR_x,tra_LR_y,tra_UR_x,tra_UR_y,cor_UL_x,cor_UL_y,cor_LL_x,cor_LL_y,cor_LR_x,cor_LR_y,cor_UR_x,cor_UR_y,Dirty
./data/train/PICAI/11295/,8,0,0.5625,0.5625,3.6000000635782774,79.72215715980192,6.960012595250703,287.16454023019355,183.54896385233508,189.27784284019805,298.0399874047493,-17.174272161452024,121.590209248625,184.309063938295,20.566854632219787,275.41906041974937,98.00049422864694,98.690936061705,306.4331453677802,7.580939580250572,228.99950577135309,True
./data/train/PICAI/11295/,7,0,0.5625,0.5625,3.6000000635782774,79.72215715980192,6.960012595250703,287.16454023019355,183.54896385233508,189.27784284019805,298.0399874047493,-17.174272161452024,121.590209248625,184.309063938295,20.566854632219787,275.41906041974937,98.00049422864694,98.690936061705,306.4331453677802,7.580939580250572,228.99950577135309,True
./data/train/PICAI/11295/,9,0,0.5625,0.5625,3.6000000635782774,79.72215715980192,6.960012595250703,287.16454023019355,183.54896385233508,189.27784284019805,298.0399874047493,-17.174272161452024,121.590209248625,184.309063938295,20.566854632219787,275.41906041974937,98.00049422864694,98.690936061705,306.4331453677802,7.580939580250572,228.99950577135309,True
