path,curFrame,Deleted,pixelSpacingX,pixelSpacingY,pixelSpacingZ,tra_UL_x,tra_UL_y,tra_LL_x,tra_LL_y,tra_LR_x,tra_LR_y,tra_UR_x,tra_UR_y,cor_UL_x,cor_UL_y,cor_LL_x,cor_LL_y,cor_LR_x,cor_LR_y,cor_UR_x,cor_UR_y,Dirty
./data/train/PICAI/10843/,10,0,0.5625,0.5625,3.600000034679091,58.97511947016919,-13.554210608085937,318.55765034126443,152.24597576189208,219.6282202187866,306.3300237063652,-38.98158713818327,141.7366838083275,121.11293899470787,7.7702394816516,272.227824728539,103.73529202501854,130.88706100529214,326.2297605183485,-20.22782472853902,230.2647079749815,True
./data/train/PICAI/10843/,9,0,0.5625,0.5625,3.600000034679091,79.06590219661524,-22.151370272747585,316.50758439667527,174.0481192468949,199.53743749234053,314.9271833710269,-37.085849314289504,120.04408984871188,140.55459277129094,8.361531054848086,278.84789311882264,122.02754655195014,111.44540722870909,325.63846894515194,-26.84789311882254,211.9724534480499,True
./data/train/PICAI/10843/,11,0,0.5625,0.5625,3.600000034679091,58.97511947016919,-13.554210608085937,318.55765034126443,152.24597576189208,219.6282202187866,306.3300237063652,-38.98158713818327,141.7366838083275,121.11293899470787,7.7702394816516,272.227824728539,103.73529202501854,130.88706100529214,326.2297605183485,-20.22782472853902,230.2647079749815,True
