path,curFrame,Deleted,pixelSpacingX,pixelSpacingY,pixelSpacingZ,tra_UL_x,tra_UL_y,tra_LL_x,tra_LL_y,tra_LR_x,tra_LR_y,tra_UR_x,tra_UR_y,cor_UL_x,cor_UL_y,cor_LL_x,cor_LL_y,cor_LR_x,cor_LR_y,cor_UR_x,cor_UR_y,Dirty
./data/train/PICAI/10664/,8,0,0.5625,0.5625,3.600000024707417,12.24226998252584,51.12116158442869,285.95444895321054,114.88355710969064,251.75773001747416,264.8788384155713,-20.955819418456,201.06410693406644,107.52473714289587,28.53122864691366,232.18792838621155,57.04593974544163,173.47526285710413,312.46877135308625,48.81207161378843,283.95406025455827,True
./data/train/PICAI/10664/,9,0,0.5625,0.5625,3.600000024707417,19.9894846795844,43.02763611347743,288.5870746697021,125.7279060737425,244.0105153204156,272.9723638865226,-23.58722697454561,190.2895463326948,115.50830409726218,26.576819380907097,237.87873637619344,63.71813470316664,161.49169590273783,314.4231806190929,39.12126362380658,277.2818652968333,True
./data/train/PICAI/10664/,10,0,0.5625,0.5625,3.600000024707417,19.9894846795844,43.02763611347743,288.5870746697021,125.7279060737425,244.0105153204156,272.9723638865226,-23.58722697454561,190.2895463326948,115.50830409726218,26.576819380907097,237.87873637619344,63.71813470316664,161.49169590273783,314.4231806190929,39.12126362380658,277.2818652968333,True
