path,curFrame,Deleted,pixelSpacingX,pixelSpacingY,pixelSpacingZ,tra_UL_x,tra_UL_y,tra_LL_x,tra_LL_y,tra_LR_x,tra_LR_y,tra_UR_x,tra_UR_y,cor_UL_x,cor_UL_y,cor_LL_x,cor_LL_y,cor_LR_x,cor_LR_y,cor_UR_x,cor_UR_y,Dirty,h_par_cor,h_orth_cor,h_par_tra,h_orth_tra
./data/train/PICAI/11461/,14,0,0.392857134342,0.392857134342,3.299999917752635,34.98423314425324,99.6882873170855,498.9023862023241,150.34346734034153,469.0157668557469,421.3117126829145,7.02946545025398,370.13889456945344,192.511054097822,18.96631571277149,408.7818823524996,41.768264007507184,357.48894590217805,511.0336842872285,139.9933727761089,487.5246292113063,True,,,,
./data/train/PICAI/11461/,15,0,0.392857134342,0.392857134342,3.299999917752635,34.98423314425324,99.6882873170855,498.9023862023241,150.34346734034153,469.0157668557469,421.3117126829145,7.02946545025398,370.13889456945344,192.511054097822,18.96631571277149,408.7818823524996,41.768264007507184,357.48894590217805,511.0336842872285,139.9933727761089,487.5246292113063,True,,,,
./data/train/PICAI/11461/,-1,0,-1.0,-1.0,-1.0,-1.0,-1.0,-1.0,-1.0,-1.0,-1.0,-1.0,-1.0,-1.0,-1.0,-1.0,-1.0,-1.0,-1.0,-1.0,-1.0,False,80.0,60.0,30.0,160.0
./data/train/PICAI/11461/,16,0,0.392857134342,0.392857134342,3.299999917752635,34.98423314425324,99.6882873170855,498.9023862023241,150.34346734034153,469.0157668557469,421.3117126829145,7.02946545025398,370.13889456945344,192.511054097822,18.96631571277149,408.7818823524996,41.768264007507184,357.48894590217805,511.0336842872285,139.9933727761089,487.5246292113063,True,,,,
