path,curFrame,Deleted,pixelSpacingX,pixelSpacingY,pixelSpacingZ,tra_UL_x,tra_UL_y,tra_LL_x,tra_LL_y,tra_LR_x,tra_LR_y,tra_UR_x,tra_UR_y,cor_UL_x,cor_UL_y,cor_LL_x,cor_LL_y,cor_LR_x,cor_LR_y,cor_UR_x,cor_UR_y,Dirty
./data/train/PICAI/10740/,8,0,0.5625,0.5625,3.5999999576145,13.334787963395216,37.63024953772906,262.1332844782717,116.24518534471804,220.66521203660471,250.36975046227096,-28.133284478271747,171.75481465528196,120.5726960546422,12.36794403643094,220.68981147944783,43.76162491357789,141.42730394535778,296.6320559635691,40.31399382246039,265.3255308291698,True
./data/train/PICAI/10740/,9,0,0.5625,0.5625,3.5999999576145,13.334787963395216,37.63024953772906,262.1332844782717,116.24518534471804,220.66521203660471,250.36975046227096,-28.133284478271747,171.75481465528196,120.5726960546422,12.36794403643094,220.68981147944783,43.76162491357789,141.42730394535778,296.6320559635691,40.31399382246039,265.3255308291698,True
./data/train/PICAI/10740/,10,0,0.5625,0.5625,3.5999999576145,13.334787963395216,37.63024953772906,262.1332844782717,116.24518534471804,220.66521203660471,250.36975046227096,-28.133284478271747,171.75481465528196,120.5726960546422,12.36794403643094,220.68981147944783,43.76162491357789,141.42730394535778,296.6320559635691,40.31399382246039,265.3255308291698,True
