path,curFrame,Deleted,pixelSpacingX,pixelSpacingY,pixelSpacingZ,tra_UL_x,tra_UL_y,tra_LL_x,tra_LL_y,tra_LR_x,tra_LR_y,tra_UR_x,tra_UR_y,cor_UL_x,cor_UL_y,cor_LL_x,cor_LL_y,cor_LR_x,cor_LR_y,cor_UR_x,cor_UR_y,Dirty
./data/train/PICAI/11422/,10,0,0.5625,0.5625,3.600000034679045,8.677379429726813,106.27607598624846,266.4646042679939,100.29722072919525,269.3226205702732,232.7239240137516,11.535395732006137,238.70277927080477,100.30862141372356,38.75293375182429,199.6025167613239,36.36079105127274,204.69137858627644,295.24706624817566,106.39200513404438,297.5346804854596,True
./data/train/PICAI/11422/,11,0,0.5625,0.5625,3.600000034679045,8.677379429726813,106.27607598624846,266.4646042679939,100.29722072919525,269.3226205702732,232.7239240137516,11.535395732006137,238.70277927080477,100.30862141372356,38.75293375182429,199.6025167613239,36.36079105127274,204.69137858627644,295.24706624817566,106.39200513404438,297.5346804854596,True
./data/train/PICAI/11422/,12,0,0.5625,0.5625,3.600000034679045,14.683624403311685,95.15829731232196,272.0109825936872,111.66983045622428,263.3163755966883,243.84170268767804,5.989017406312826,227.3301695437757,111.68469368032024,34.69217419203537,210.8092347523012,40.96316751599544,193.31530631967976,299.3078258079646,95.19061294285515,293.0193800775673,True
