path,curFrame,Deleted,pixelSpacingX,pixelSpacingY,pixelSpacingZ,tra_UL_x,tra_UL_y,tra_LL_x,tra_LL_y,tra_LR_x,tra_LR_y,tra_UR_x,tra_UR_y,cor_UL_x,cor_UL_y,cor_LL_x,cor_LL_y,cor_LR_x,cor_LR_y,cor_UR_x,cor_UR_y,Dirty,h_par_cor,h_orth_cor,h_par_tra,h_orth_tra
./data/train/PICAI/11134/,-1,0,-1.0,-1.0,-1.0,-1.0,-1.0,-1.0,-1.0,-1.0,-1.0,-1.0,-1.0,-1.0,-1.0,-1.0,-1.0,-1.0,-1.0,-1.0,-1.0,False,80.0,60.0,30.0,160.0
./data/train/PICAI/11134/,8,0,0.5625,0.5625,3.600000169542111,18.516470766135114,58.60863755954699,227.1650733531452,214.93765162439664,149.48352923386483,319.391362440453,-58.19914752685608,163.32116742070585,140.92593801538314,60.51965445341944,221.18073519147325,120.32908122064948,62.07406198461687,335.4803455465805,-18.180735191473303,275.6709187793507,True,,,,
./data/train/PICAI/11134/,7,0,0.5625,0.5625,3.600000169542111,18.516470766135114,58.60863755954699,227.1650733531452,214.93765162439664,149.48352923386483,319.391362440453,-58.19914752685608,163.32116742070585,140.92593801538314,60.51965445341944,221.18073519147325,120.32908122064948,62.07406198461687,335.4803455465805,-18.180735191473303,275.6709187793507,True,,,,
./data/train/PICAI/11134/,9,0,0.5625,0.5625,3.600000169542111,18.516470766135114,58.60863755954699,227.1650733531452,214.93765162439664,149.48352923386483,319.391362440453,-58.19914752685608,163.32116742070585,140.92593801538314,60.51965445341944,221.18073519147325,120.32908122064948,62.07406198461687,335.4803455465805,-18.180735191473303,275.6709187793507,True,,,,
