path,curFrame,Deleted,pixelSpacingX,pixelSpacingY,pixelSpacingZ,tra_UL_x,tra_UL_y,tra_LL_x,tra_LL_y,tra_LR_x,tra_LR_y,tra_UR_x,tra_UR_y,cor_UL_x,cor_UL_y,cor_LL_x,cor_LL_y,cor_LR_x,cor_LR_y,cor_UR_x,cor_UR_y,Dirty
./data/train/PICAI/11049/,13,0,0.625,0.625,3.49999988555908,45.53043342290741,17.33607217780812,282.5338267370097,147.46828017260447,215.46956657709265,268.6639278221918,-20.72266716166459,139.6901757580747,163.15357237895412,11.06329980450019,258.511084720869,63.41733345962136,124.84642762104583,308.93670019549995,28.50410752611876,256.4090183627117,True
./data/train/PICAI/11049/,12,0,0.625,0.625,3.49999988555908,47.73651264231479,15.872287991979109,282.4326890071573,150.1209557683214,213.2634873576852,270.1277120080208,-20.641870819086364,137.05148041050282,165.7499590223481,11.420259515214523,260.1792440792784,65.43053745966692,122.25004097765188,308.5797404847856,26.83912873727388,254.3786535449565,True
./data/train/PICAI/11049/,14,0,0.625,0.625,3.49999988555908,56.80610124267801,10.40867567617559,281.56585584876007,160.70189810956987,204.193898757322,275.5913243238244,-19.85874906757371,126.5228467618217,176.06137598135464,13.29939274092206,266.49306951054047,73.7651583065991,111.93862401864531,306.7006072590781,20.54100466317044,245.9760226482984,True
