path,curFrame,Deleted,pixelSpacingX,pixelSpacingY,pixelSpacingZ,tra_UL_x,tra_UL_y,tra_LL_x,tra_LL_y,tra_LR_x,tra_LR_y,tra_UR_x,tra_UR_y,cor_UL_x,cor_UL_y,cor_LL_x,cor_LL_y,cor_LR_x,cor_LR_y,cor_UR_x,cor_UR_y,Dirty
./data/train/PICAI/10795/,8,0,0.5625,0.5625,3.6000000635782774,18.684493526690105,70.14755702040482,281.727266284841,118.9174216880846,258.3155064733098,242.8524429795952,-3.729702234581168,194.01282183817128,126.40892789454324,31.347629933434064,221.85410398882576,48.73205860772204,174.59107210545676,304.65237006656594,79.14589601117423,287.2679413922779,True
./data/train/PICAI/10795/,9,0,0.5625,0.5625,3.6000000635782774,18.684493526690105,70.14755702040482,281.727266284841,118.9174216880846,258.3155064733098,242.8524429795952,-3.729702234581168,194.01282183817128,126.40892789454324,31.347629933434064,221.85410398882576,48.73205860772204,174.59107210545676,304.65237006656594,79.14589601117423,287.2679413922779,True
./data/train/PICAI/10795/,10,0,0.5625,0.5625,3.6000000635782774,18.684493526690105,70.14755702040482,281.727266284841,118.9174216880846,258.3155064733098,242.8524429795952,-3.729702234581168,194.01282183817128,126.40892789454324,31.347629933434064,221.85410398882576,48.73205860772204,174.59107210545676,304.65237006656594,79.14589601117423,287.2679413922779,True
