path,curFrame,Deleted,pixelSpacingX,pixelSpacingY,pixelSpacingZ,tra_UL_x,tra_UL_y,tra_LL_x,tra_LL_y,tra_LR_x,tra_LR_y,tra_UR_x,tra_UR_y,cor_UL_x,cor_UL_y,cor_LL_x,cor_LL_y,cor_LR_x,cor_LR_y,cor_UR_x,cor_UR_y,Dirty
./data/train/PICAI/10059/,11,0,0.5625,0.5625,3.000000855835597,14.580433013124065,83.33373520575643,295.04390744359483,107.4426445628524,283.4195669868759,243.6662647942436,2.956092556405167,219.5573554371476,108.72984774484952,38.86631749429918,230.938147837614,49.73514394598368,210.2701522551505,298.1336825057008,88.06185216238606,287.2648560540163,True
./data/train/PICAI/10059/,10,0,0.5625,0.5625,3.000000855835597,14.580433013124065,83.33373520575643,295.04390744359483,107.4426445628524,283.4195669868759,243.6662647942436,2.956092556405167,219.5573554371476,108.72984774484952,38.86631749429918,230.938147837614,49.73514394598368,210.2701522551505,298.1336825057008,88.06185216238606,287.2648560540163,True
./data/train/PICAI/10059/,12,0,0.5625,0.5625,3.000000855835597,14.580433013124065,83.33373520575643,295.04390744359483,107.4426445628524,283.4195669868759,243.6662647942436,2.956092556405167,219.5573554371476,108.72984774484952,38.86631749429918,230.938147837614,49.73514394598368,210.2701522551505,298.1336825057008,88.06185216238606,287.2648560540163,True
