path,curFrame,Deleted,pixelSpacingX,pixelSpacingY,pixelSpacingZ,tra_UL_x,tra_UL_y,tra_LL_x,tra_LL_y,tra_LR_x,tra_LR_y,tra_UR_x,tra_UR_y,cor_UL_x,cor_UL_y,cor_LL_x,cor_LL_y,cor_LR_x,cor_LR_y,cor_UR_x,cor_UR_y,Dirty
./data/train/PICAI/10383/,10,0,0.5625,0.5625,3.599999957614445,50.40358496845259,36.85332290417748,290.8975370530592,145.9755434219391,235.5964150315474,268.1466770958225,-3.783121558012653,158.1537797698247,160.19718123201,20.82857226034278,254.68130059894133,63.66256795833334,145.80281876799,302.17142773965713,51.31869940105868,259.3374320416666,True
./data/train/PICAI/10383/,9,0,0.5625,0.5625,3.599999957614445,50.40358496845259,36.85332290417748,290.8975370530592,145.9755434219391,235.5964150315474,268.1466770958225,-3.783121558012653,158.1537797698247,160.19718123201,20.82857226034278,254.68130059894133,63.66256795833334,145.80281876799,302.17142773965713,51.31869940105868,259.3374320416666,True
./data/train/PICAI/10383/,11,0,0.5625,0.5625,3.599999957614445,50.40358496845259,36.85332290417748,290.8975370530592,145.9755434219391,235.5964150315474,268.1466770958225,-3.783121558012653,158.1537797698247,160.19718123201,20.82857226034278,254.68130059894133,63.66256795833334,145.80281876799,302.17142773965713,51.31869940105868,259.3374320416666,True
