path,curFrame,Deleted,pixelSpacingX,pixelSpacingY,pixelSpacingZ,tra_UL_x,tra_UL_y,tra_LL_x,tra_LL_y,tra_LR_x,tra_LR_y,tra_UR_x,tra_UR_y,cor_UL_x,cor_UL_y,cor_LL_x,cor_LL_y,cor_LR_x,cor_LR_y,cor_UR_x,cor_UR_y,Dirty
./data/train/PICAI/11201/,10,0,0.5625,0.5625,3.6000001089913334,91.15411609542052,-8.212923643151925,276.50878141096246,200.7072717563439,146.84588390457947,314.21292364315207,-36.72676836258577,106.20070924313508,181.82147583816715,21.842023203728417,264.294669655999,115.49122128618092,48.178524161832925,306.15797679627167,-33.85765363154982,213.8537757377472,True
./data/train/PICAI/11201/,9,0,0.5625,0.5625,3.6000001089913334,91.15411609542052,-8.212923643151925,276.50878141096246,200.7072717563439,146.84588390457947,314.21292364315207,-36.72676836258577,106.20070924313508,181.82147583816715,21.842023203728417,264.294669655999,115.49122128618092,48.178524161832925,306.15797679627167,-33.85765363154982,213.8537757377472,True
./data/train/PICAI/11201/,11,0,0.5625,0.5625,3.6000001089913334,91.15411609542052,-8.212923643151925,276.50878141096246,200.7072717563439,146.84588390457947,314.21292364315207,-36.72676836258577,106.20070924313508,181.82147583816715,21.842023203728417,264.294669655999,115.49122128618092,48.178524161832925,306.15797679627167,-33.85765363154982,213.8537757377472,True
