path,curFrame,Deleted,pixelSpacingX,pixelSpacingY,pixelSpacingZ,tra_UL_x,tra_UL_y,tra_LL_x,tra_LL_y,tra_LR_x,tra_LR_y,tra_UR_x,tra_UR_y,cor_UL_x,cor_UL_y,cor_LL_x,cor_LL_y,cor_LR_x,cor_LR_y,cor_UR_x,cor_UR_y,Dirty
./data/train/PICAI/10092/,10,0,0.5625,0.5625,3.600000010596389,67.01423557031146,36.86927381739139,295.7898687962279,175.78547028879282,234.98576442968857,277.1307261826086,5.217585052130715,138.092660367802,190.63274233545647,32.05706664408257,273.1020299436869,82.48341492938843,140.36725766454353,301.94293335591743,57.77610071290793,252.5091312222529,True
./data/train/PICAI/10092/,9,0,0.5625,0.5625,3.600000010596389,60.8421787126468,41.42938409475481,296.5745948641902,168.1820092169021,241.1578212873532,272.5706159052452,4.427841085549829,145.74823430935376,183.5359313301537,30.92665514122908,268.53130880325324,76.96778684110507,147.4640686698463,303.0733448587709,62.39893472300264,258.0297772091548,True
./data/train/PICAI/10092/,11,0,0.5625,0.5625,3.600000010596389,67.01423557031146,36.86927381739139,295.7898687962279,175.78547028879282,234.98576442968857,277.1307261826086,5.217585052130715,138.092660367802,198.63274233545647,32.05706664408257,281.1020299436869,82.48341492938843,148.36725766454353,301.94293335591743,65.77610071290793,252.5091312222529,True
