path,curFrame,Deleted,pixelSpacingX,pixelSpacingY,pixelSpacingZ,tra_UL_x,tra_UL_y,tra_LL_x,tra_LL_y,tra_LR_x,tra_LR_y,tra_UR_x,tra_UR_y,cor_UL_x,cor_UL_y,cor_LL_x,cor_LL_y,cor_LR_x,cor_LR_y,cor_UR_x,cor_UR_y,Dirty
./data/train/PICAI/10580/,8,0,0.5625,0.5625,3.6000000635782774,263.2530681071988,254.28961879598813,1.9454146983630665,209.4866024916381,28.746931892801214,54.71038120401191,289.0643172328953,99.37422440740171,107.60050801907155,27.699676357251604,237.89837379007872,49.04132989020488,192.39949198092842,315.30032364274837,62.24079931088137,292.9684020410536,True
./data/train/PICAI/10580/,9,0,0.5625,0.5625,3.6000000635782774,264.9767788824473,252.2280721530783,2.9270034447379487,211.99232693758353,27.02322111755275,56.77192784692173,288.0804504036206,96.8858037190112,105.09730397304065,28.461551009840406,235.7477879594798,47.52594279424376,194.90269602695932,314.53844899015957,64.37408138392539,294.48151105411495,True
./data/train/PICAI/10580/,10,0,0.5625,0.5625,3.6000000635782774,254.10964643871182,264.1291674094844,-2.298812294624753,196.7221774900782,37.89035356128824,44.870832590515604,293.3244422298394,112.05287145557784,120.29487490125297,24.551520787495747,248.2368702898725,57.16817015524161,179.705125098747,318.44847921250414,51.98808076447139,284.85745977997317,True
