path,curFrame,Deleted,pixelSpacingX,pixelSpacingY,pixelSpacingZ,tra_UL_x,tra_UL_y,tra_LL_x,tra_LL_y,tra_LR_x,tra_LR_y,tra_UR_x,tra_UR_y,cor_UL_x,cor_UL_y,cor_LL_x,cor_LL_y,cor_LR_x,cor_LR_y,cor_UR_x,cor_UR_y,Dirty
./data/train/PICAI/10021/,10,0,0.5625,0.5625,3.600000169542111,59.07121071762309,29.577999683927075,292.0930521333453,172.5913150971234,220,290,-12,147,175.59336673318182,26.90361029734266,270,85,129,316,34.593366733181824,257.90361029734265,True
./data/train/PICAI/10021/,9,0,0.5625,0.5625,3.600000169542111,59.07121071762309,29.577999683927075,292.0930521333453,172.5913150971234,220,290,-12,147,175.59336673318182,26.90361029734266,270,85,129,316,34.593366733181824,257.90361029734265,True
./data/train/PICAI/10021/,11,0,0.5625,0.5625,3.600000169542111,59.07121071762309,29.577999683927075,292.0930521333453,172.5913150971234,220,290,-12,147,177.59336673318182,26.90361029734266,272,85,131,316,36.593366733181824,257.90361029734265,True
