path,curFrame,Deleted,pixelSpacingX,pixelSpacingY,pixelSpacingZ,tra_UL_x,tra_UL_y,tra_LL_x,tra_LL_y,tra_LR_x,tra_LR_y,tra_UR_x,tra_UR_y,cor_UL_x,cor_UL_y,cor_LL_x,cor_LL_y,cor_LR_x,cor_LR_y,cor_UR_x,cor_UR_y,Dirty
./data/train/PICAI/10229/,9,0,0.5625,0.5625,3.599999982193767,110.69389522104908,-2.011889973962105,293.1172952220684,166.5831159035914,173.0668662782289,297.1710280139672,-8.349117501694053,128.97994374026746,164.99438932587734,9.078655748020523,277.874250266386,112.58855304838852,96.2649147806716,310.40424824075,-16.614946159837245,206.89435094038217,True
./data/train/PICAI/10229/,10,0,0.5625,0.5625,3.599999982193767,110.69389522104908,-2.011889973962105,293.1172952220684,166.5831159035914,173.0668662782289,297.1710280139672,-8.349117501694053,128.97994374026746,164.99438932587734,9.078655748020523,277.874250266386,112.58855304838852,96.2649147806716,310.40424824075,-16.614946159837245,206.89435094038217,True
./data/train/PICAI/10229/,11,0,0.5625,0.5625,3.599999982193767,110.69389522104908,-2.011889973962105,293.1172952220684,166.5831159035914,173.0668662782289,297.1710280139672,-8.349117501694053,128.97994374026746,164.99438932587734,9.078655748020523,277.874250266386,112.58855304838852,96.2649147806716,310.40424824075,-16.614946159837245,206.89435094038217,True
