path,curFrame,Deleted,pixelSpacingX,pixelSpacingY,pixelSpacingZ,tra_UL_x,tra_UL_y,tra_LL_x,tra_LL_y,tra_LR_x,tra_LR_y,tra_UR_x,tra_UR_y,cor_UL_x,cor_UL_y,cor_LL_x,cor_LL_y,cor_LR_x,cor_LR_y,cor_UR_x,cor_UR_y,Dirty
./data/train/PICAI/10066/,12,0,0.5625,0.5625,3.600000069964544,58.85410395062471,79.72391369719512,306.54490934149936,177.5516445551673,257.1458960493754,301.27608630280486,9.45509065850058,203.44835544483263,170.43972330995626,65.51096248012428,269.9041637568165,104.73882358155292,172.56027669004374,350.48903751987564,73.09583624318338,311.26117641844706,True
./data/train/PICAI/10066/,11,0,0.5625,0.5625,3.600000069964544,58.85410395062471,79.72391369719512,306.54490934149936,177.5516445551673,257.1458960493754,301.27608630280486,9.45509065850058,203.44835544483263,170.43972330995626,65.51096248012428,269.9041637568165,104.73882358155292,172.56027669004374,350.48903751987564,73.09583624318338,311.26117641844706,True
./data/train/PICAI/10066/,13,0,0.5625,0.5625,3.600000069964544,53.19240754987884,85.06462375080498,305.663669141883,169.79514995088107,262.8075924501213,295.935376249195,10.336330858116895,211.20485004911887,162.9838763495711,65.761729348355,264.36503185975187,99.73026342653596,180.0161236504289,350.23827065164494,78.63496814024808,316.269736573464,True
