path,curFrame,Deleted,pixelSpacingX,pixelSpacingY,pixelSpacingZ,tra_UL_x,tra_UL_y,tra_LL_x,tra_LL_y,tra_LR_x,tra_LR_y,tra_UR_x,tra_UR_y,cor_UL_x,cor_UL_y,cor_LL_x,cor_LL_y,cor_LR_x,cor_LR_y,cor_UR_x,cor_UR_y,Dirty
./data/train/PICAI/10292/,9,0,0.5625,0.5625,3.6,65.43182954796094,27.68014735094968,290.5771057759584,177.15792025454505,205.56817045203903,305.31985264905023,-18.60273571117321,156.06703079979883,164.11196825395933,36.37998447074497,266.4916303674752,104.14726850605464,118.88803174604068,325.62001552925506,17.482739697310024,258.07768254828915,True
./data/train/PICAI/10292/,10,0,0.5625,0.5625,3.6,60.62977019445452,30.21005653803784,290.8545930459418,171.7393147958319,210.37022980554548,302.7899434619621,-18.8729658624942,161.45149419954467,159.0510278987751,35.678936765187245,263.7333671940649,99.83194012173954,123.94897210122492,326.32106323481275,20.248259989382632,262.35886887363694,True
./data/train/PICAI/10292/,11,0,0.5625,0.5625,3.6,44.57827561157045,40.3503268564105,290.33511532161407,152.76729948835754,226.4217243884296,292.64967314358944,-18.3375512713543,180.30245698538656,141.21002263891413,34.62320568775226,252.93036004779657,85.5404543294992,141.78997736108587,327.37679431224774,31.06720400246327,276.52930214424487,True
