path,curFrame,Deleted,pixelSpacingX,pixelSpacingY,pixelSpacingZ,tra_UL_x,tra_UL_y,tra_LL_x,tra_LL_y,tra_LR_x,tra_LR_y,tra_UR_x,tra_UR_y,cor_UL_x,cor_UL_y,cor_LL_x,cor_LL_y,cor_LR_x,cor_LR_y,cor_UR_x,cor_UR_y,Dirty
./data/train/PICAI/10498/,10,0,0.5625,0.5625,3.6000000314273897,8.815493682164217,53.965029642510885,275.7100791914028,119.63298397224273,240.18450631783577,264.0349703574891,-25.7102314962464,198.38446843419456,99.58836297466608,17.40298068833053,231.0446865421912,49.7021291927437,165.41163702533393,314.59701931166944,34.955161152965175,282.3153232136936,True
./data/train/PICAI/10498/,9,0,0.5625,0.5625,3.6000000314273897,8.815493682164217,53.965029642510885,275.7100791914028,119.63298397224273,240.18450631783577,264.0349703574891,-25.7102314962464,198.38446843419456,99.58836297466608,17.40298068833053,231.0446865421912,49.7021291927437,165.41163702533393,314.59701931166944,34.955161152965175,282.3153232136936,True
./data/train/PICAI/10498/,11,0,0.5625,0.5625,3.6000000314273897,8.815493682164217,53.965029642510885,275.7100791914028,119.63298397224273,240.18450631783577,264.0349703574891,-25.7102314962464,198.38446843419456,99.58836297466608,17.40298068833053,231.0446865421912,49.7021291927437,165.41163702533393,314.59701931166944,34.955161152965175,282.3153232136936,True
