path,curFrame,Deleted,pixelSpacingX,pixelSpacingY,pixelSpacingZ,tra_UL_x,tra_UL_y,tra_LL_x,tra_LL_y,tra_LR_x,tra_LR_y,tra_UR_x,tra_UR_y,cor_UL_x,cor_UL_y,cor_LL_x,cor_LL_y,cor_LR_x,cor_LR_y,cor_UR_x,cor_UR_y,Dirty
./data/train/PICAI/10709/,8,0,0.5625,0.5625,3.9600000646379394,35.1610619613359,17.88604653689245,282.0857168852216,143.47352517517098,220.83893803866408,263.1139534631076,-24.10518074773833,137.8048210267492,146.70127564816408,3.347299112101881,249.23560260383783,55.42139819933509,127.73231297946468,294.84142787616827,25.197986023790847,242.76732878893503,True
./data/train/PICAI/10709/,9,0,0.5625,0.5625,3.9600000646379394,35.1610619613359,17.88604653689245,282.0857168852216,143.47352517517098,220.83893803866408,263.1139534631076,-24.10518074773833,137.8048210267492,146.70127564816408,3.347299112101881,249.23560260383783,55.42139819933509,127.73231297946468,294.84142787616827,25.197986023790847,242.76732878893503,True
./data/train/PICAI/10709/,10,0,0.5625,0.5625,3.9600000646379394,35.1610619613359,17.88604653689245,282.0857168852216,143.47352517517098,220.83893803866408,263.1139534631076,-24.10518074773833,137.8048210267492,146.70127564816408,3.347299112101881,249.23560260383783,55.42139819933509,127.73231297946468,294.84142787616827,25.197986023790847,242.76732878893503,True
