path,curFrame,Deleted,pixelSpacingX,pixelSpacingY,pixelSpacingZ,tra_UL_x,tra_UL_y,tra_LL_x,tra_LL_y,tra_LR_x,tra_LR_y,tra_UR_x,tra_UR_y,cor_UL_x,cor_UL_y,cor_LL_x,cor_LL_y,cor_LR_x,cor_LR_y,cor_UR_x,cor_UR_y,Dirty,h_par_cor,h_orth_cor,h_par_tra,h_orth_tra
./data/train/PICAI/11447/,9,0,0.3125,0.3125,3.300000031789125,-4.066830388776452,88.83819957245109,502.85663875477815,320.9967583883259,396.06683038877645,554.161800427549,-110.70020428973775,321.0155532710791,209.90122187124703,52.18208673570393,404.4482555265523,140.7058219479143,189.098778128753,611.8179132642961,-5.291821061512081,522.3064897114905,True,,,,
./data/train/PICAI/11447/,10,0,0.3125,0.3125,3.300000031789125,-4.066830388776452,88.83819957245109,502.85663875477815,320.9967583883259,396.06683038877645,554.161800427549,-110.70020428973775,321.0155532710791,209.90122187124703,52.18208673570393,404.4482555265523,140.7058219479143,189.098778128753,611.8179132642961,-5.291821061512081,522.3064897114905,True,,,,
./data/train/PICAI/11447/,-1,0,-1.0,-1.0,-1.0,-1.0,-1.0,-1.0,-1.0,-1.0,-1.0,-1.0,-1.0,-1.0,-1.0,-1.0,-1.0,-1.0,-1.0,-1.0,-1.0,False,80.0,60.0,30.0,160.0
./data/train/PICAI/11447/,11,0,0.3125,0.3125,3.300000031789125,-4.066830388776452,88.83819957245109,502.85663875477815,320.9967583883259,396.06683038877645,554.161800427549,-110.70020428973775,321.0155532710791,209.90122187124703,52.18208673570393,404.4482555265523,140.7058219479143,189.098778128753,611.8179132642961,-5.291821061512081,522.3064897114905,True,,,,
