path,curFrame,Deleted,pixelSpacingX,pixelSpacingY,pixelSpacingZ,tra_UL_x,tra_UL_y,tra_LL_x,tra_LL_y,tra_LR_x,tra_LR_y,tra_UR_x,tra_UR_y,cor_UL_x,cor_UL_y,cor_LL_x,cor_LL_y,cor_LR_x,cor_LR_y,cor_UR_x,cor_UR_y,Dirty
./data/train/PICAI/11159/,9,0,0.5625,0.5625,3.599999957614445,49.12937848555809,11.921594617545622,275.5533622714741,200.5963930579188,183.87062151444184,311.0784053824544,-42.55336227147407,122.4036069420813,162.07664419713095,24.83302033051558,257.32920406503695,103.17170706070662,80.92335580286908,317.1669796694845,-14.904416541988766,237.5363445632509,True
./data/train/PICAI/11159/,10,0,0.5625,0.5625,3.599999957614445,46.529136232556326,13.120155601787076,276.2114638158865,197.8145745643101,186.4708637674436,309.8798443982129,-43.21146381588645,125.18542543568992,159.51949864078034,24.147122183105523,256.12474968303064,100.81149116285926,83.48050135921969,317.85287781689453,-13.722422160490808,239.90679607302923,True
./data/train/PICAI/11159/,11,0,0.5625,0.5625,3.599999957614445,59.727552041280994,7.586423104475386,272.43868975914006,211.5961578986124,173.2724479587189,315.4135768955246,-39.43868975914008,111.40384210138762,172.17389461081422,28.019559362225607,261.7297934862151,112.81189968031684,70.8261053891858,313.98044063777445,-19.213483011510945,227.8591742709058,True
