path,curFrame,Deleted,pixelSpacingX,pixelSpacingY,pixelSpacingZ,tra_UL_x,tra_UL_y,tra_LL_x,tra_LL_y,tra_LR_x,tra_LR_y,tra_UR_x,tra_UR_y,cor_UL_x,cor_UL_y,cor_LL_x,cor_LL_y,cor_LR_x,cor_LR_y,cor_UR_x,cor_UR_y,Dirty,h_par_cor,h_orth_cor,h_par_tra,h_orth_tra
./data/train/PICAI/11434/,-1,0,-1.0,-1.0,-1.0,-1.0,-1.0,-1.0,-1.0,-1.0,-1.0,-1.0,-1.0,-1.0,-1.0,-1.0,-1.0,-1.0,-1.0,-1.0,-1.0,False,80.0,60.0,30.0,160.0
./data/train/PICAI/11434/,9,0,0.5625,0.5625,3.600000068597403,75.46608430343696,12.530327853414237,266.7666256444876,201.5835026022692,177.533915696563,291.4696721465857,-13.081001304366154,103.65339644948594,185.96941694939304,35.833560261707305,261.584886880807,109.53091914960412,78.03058305060696,296.16643973829275,2.415113119193137,222.46908085039595,True,,,,
./data/train/PICAI/11434/,8,0,0.5625,0.5625,3.600000068597403,75.46608430343696,12.530327853414237,266.7666256444876,201.5835026022692,177.533915696563,291.4696721465857,-13.081001304366154,103.65339644948594,185.96941694939304,35.833560261707305,261.584886880807,109.53091914960412,78.03058305060696,296.16643973829275,2.415113119193137,222.46908085039595,True,,,,
./data/train/PICAI/11434/,10,0,0.5625,0.5625,3.600000068597403,75.46608430343696,12.530327853414237,266.7666256444876,201.5835026022692,177.533915696563,291.4696721465857,-13.081001304366154,103.65339644948594,185.96941694939304,35.833560261707305,261.584886880807,109.53091914960412,78.03058305060696,296.16643973829275,2.415113119193137,222.46908085039595,True,,,,
