path,curFrame,Deleted,pixelSpacingX,pixelSpacingY,pixelSpacingZ,tra_UL_x,tra_UL_y,tra_LL_x,tra_LL_y,tra_LR_x,tra_LR_y,tra_UR_x,tra_UR_y,cor_UL_x,cor_UL_y,cor_LL_x,cor_LL_y,cor_LR_x,cor_LR_y,cor_UR_x,cor_UR_y,Dirty
./data/train/PICAI/11404/,16,0,0.383683949709,0.383683949709,3.2999998605036494,23.973964755420155,105.8740483059606,472.939471351489,263.6681352893943,388.0260352445798,507.1259516940394,-59.94494945612075,349.43639317387334,212.78430578259272,49.77290414000578,414.9104860136399,120.92302147918232,253.3503713639195,586.5863433699767,51.224191132872505,515.4362260307994,True
./data/train/PICAI/11404/,15,0,0.383683949709,0.383683949709,3.2999998605036494,23.973964755420155,105.8740483059606,472.939471351489,263.6681352893943,388.0260352445798,507.1259516940394,-59.94494945612075,349.43639317387334,212.78430578259272,49.77290414000578,414.9104860136399,120.92302147918232,253.3503713639195,586.5863433699767,51.224191132872505,515.4362260307994,True
./data/train/PICAI/11404/,17,0,0.383683949709,0.383683949709,3.2999998605036494,23.973964755420155,105.8740483059606,472.939471351489,263.6681352893943,388.0260352445798,507.1259516940394,-59.94494945612075,349.43639317387334,212.78430578259272,49.77290414000578,414.9104860136399,120.92302147918232,253.3503713639195,586.5863433699767,51.224191132872505,515.4362260307994,True
