path,curFrame,Deleted,pixelSpacingX,pixelSpacingY,pixelSpacingZ,tra_UL_x,tra_UL_y,tra_LL_x,tra_LL_y,tra_LR_x,tra_LR_y,tra_UR_x,tra_UR_y,cor_UL_x,cor_UL_y,cor_LL_x,cor_LL_y,cor_LR_x,cor_LR_y,cor_UR_x,cor_UR_y,Dirty
./data/train/PICAI/11062/,9,0,0.5625,0.5625,3.599999915658506,50.76431957930693,47.33803121833503,302.5219883107228,150.61472866225358,246.2356804206931,286.661968781665,-4.52259748370372,183.350371841044,146.92455992170972,30.2282326555316,264.66866968445487,78.14821404303443,165.07544007829028,320.77176734446834,48.33072114256419,272.81688646026305,True
./data/train/PICAI/11062/,8,0,0.5625,0.5625,3.599999915658506,50.76431957930693,47.33803121833503,302.5219883107228,150.61472866225358,246.2356804206931,286.661968781665,-4.52259748370372,183.350371841044,146.92455992170972,30.2282326555316,264.66866968445487,78.14821404303443,165.07544007829028,320.77176734446834,48.33072114256419,272.81688646026305,True
./data/train/PICAI/11062/,7,0,0.5625,0.5625,3.599999915658506,50.76431957930693,47.33803121833503,302.5219883107228,150.61472866225358,246.2356804206931,286.661968781665,-4.52259748370372,183.350371841044,146.92455992170972,30.2282326555316,264.66866968445487,78.14821404303443,165.07544007829028,320.77176734446834,48.33072114256419,272.81688646026305,True
