path,curFrame,Deleted,pixelSpacingX,pixelSpacingY,pixelSpacingZ,tra_UL_x,tra_UL_y,tra_LL_x,tra_LL_y,tra_LR_x,tra_LR_y,tra_UR_x,tra_UR_y,cor_UL_x,cor_UL_y,cor_LL_x,cor_LL_y,cor_LR_x,cor_LR_y,cor_UR_x,cor_UR_y,Dirty
./data/train/PICAI/11414/,9,0,0.5625,0.5625,3.599999957614445,79.16434568639107,36.728183865737975,301.43863184175507,217.9549526227937,222.83565431360896,315.27181613426205,1.66041851688081,133.1550539451056,204.29345341977472,50.264661557601954,290.4077534296973,120.6516442589584,127.70654658022528,319.7353384423981,41.59224657030271,249.3483557410416,True
./data/train/PICAI/11414/,10,0,0.5625,0.5625,3.599999957614445,76.74465826405307,38.003100673682695,302.14793419468964,215.32304653352475,225.25534173594696,313.99689932631736,0.9354162461496855,135.76791451113115,201.9361652533787,49.61686948928292,289.26577186830394,118.4902301484116,130.0638347466213,320.38313051071714,42.7342281316961,251.5097698515884,True
./data/train/PICAI/11414/,11,0,0.5625,0.5625,3.599999957614445,74.3475897381355,39.32005267396824,302.8111954226656,212.67916226335072,227.65241026186453,312.6799473260318,0.2561251013382559,138.39303016013355,199.56793058292504,49.01031643400327,288.0862423586971,116.3490755580562,132.43206941707496,320.9896835659968,43.91375764130292,253.6509244419438,True
