path,curFrame,Deleted,pixelSpacingX,pixelSpacingY,pixelSpacingZ,tra_UL_x,tra_UL_y,tra_LL_x,tra_LL_y,tra_LR_x,tra_LR_y,tra_UR_x,tra_UR_y,cor_UL_x,cor_UL_y,cor_LL_x,cor_LL_y,cor_LR_x,cor_LR_y,cor_UR_x,cor_UR_y,Dirty
./data/train/PICAI/10008/,10,0,0.5625,0.5625,3.5999999884885776,41.0,49.0,297.0,164.0,244.0,283.0,-12.0,169.0,152.0,34.0,259.0,82.0,152.0,321.0,45.0,273.0,True
./data/train/PICAI/10008/,9,0,0.5625,0.5625,3.5999999884885776,41.0,49.0,297.0,164.0,244.0,283.0,-12.0,169.0,152.0,34.0,259.0,82.0,152.0,321.0,45.0,273.0,True
./data/train/PICAI/10008/,11,0,0.5625,0.5625,3.5999999884885776,49.408756326690494,42.20472403457183,296.76315871263114,174.7822470929477,235.5912436733095,289.7952759654282,-11.83291518637526,158.21531695731213,162.01005398228202,34.349558787715154,265.40109662036514,89.69657589080818,141.98994601771798,320.6504412122849,38.598903379634834,265.30342410919184,True
