path,curFrame,Deleted,pixelSpacingX,pixelSpacingY,pixelSpacingZ,tra_UL_x,tra_UL_y,tra_LL_x,tra_LL_y,tra_LR_x,tra_LR_y,tra_UR_x,tra_UR_y,cor_UL_x,cor_UL_y,cor_LL_x,cor_LL_y,cor_LR_x,cor_LR_y,cor_UR_x,cor_UR_y,Dirty
./data/train/PICAI/11129/,10,0,0.5625,0.5625,3.599999957614445,-0.3022249690786367,39.15461035933393,258.9556089539394,122.25319969480228,216.30222496907865,254.84538964066607,-42.95560895393939,171.74680030519772,111.9134306408863,7.509747108225781,214.80309174979723,41.12101957585875,135.0865693591137,289.49025289177416,32.16200875350026,256.8783712511604,True
./data/train/PICAI/11129/,9,0,0.5625,0.5625,3.599999957614445,-0.3022249690786367,39.15461035933393,258.9556089539394,122.25319969480228,216.30222496907865,254.84538964066607,-42.95560895393939,171.74680030519772,111.9134306408863,7.509747108225781,214.80309174979723,41.12101957585875,135.0865693591137,289.49025289177416,32.16200875350026,256.8783712511604,True
./data/train/PICAI/11129/,11,0,0.5625,0.5625,3.599999957614445,-0.3022249690786367,39.15461035933393,258.9556089539394,122.25319969480228,216.30222496907865,254.84538964066607,-42.95560895393939,171.74680030519772,111.9134306408863,7.509747108225781,214.80309174979723,41.12101957585875,135.0865693591137,289.49025289177416,32.16200875350026,256.8783712511604,True
