path,curFrame,Deleted,pixelSpacingX,pixelSpacingY,pixelSpacingZ,tra_UL_x,tra_UL_y,tra_LL_x,tra_LL_y,tra_LR_x,tra_LR_y,tra_UR_x,tra_UR_y,cor_UL_x,cor_UL_y,cor_LL_x,cor_LL_y,cor_LR_x,cor_LR_y,cor_UR_x,cor_UR_y,Dirty
./data/train/PICAI/10216/,10,0,0.5625,0.5625,2.9999999205956493,72.17750171459335,29.93770818632214,278.90257935291135,192.46998890443484,198.82249828540665,295.0622918136778,-7.902579352911431,132.53001109556516,184.75237827751624,38.43939414203831,265.17801976740947,102.5620593310272,104.2476217224838,306.5606058579616,23.614068541772795,243.4160882697065,True
./data/train/PICAI/10216/,11,0,0.5625,0.5625,2.9999999205956493,72.17750171459335,29.93770818632214,278.90257935291135,192.46998890443484,198.82249828540665,295.0622918136778,-7.902579352911431,132.53001109556516,184.75237827751624,38.43939414203831,265.17801976740947,102.5620593310272,104.2476217224838,306.5606058579616,23.614068541772795,243.4160882697065,True
./data/train/PICAI/10216/,12,0,0.5625,0.5625,2.9999999205956493,72.17750171459335,29.93770818632214,278.90257935291135,192.46998890443484,198.82249828540665,295.0622918136778,-7.902579352911431,132.53001109556516,184.75237827751624,38.43939414203831,265.17801976740947,102.5620593310272,104.2476217224838,306.5606058579616,23.614068541772795,243.4160882697065,True
