path,curFrame,Deleted,pixelSpacingX,pixelSpacingY,pixelSpacingZ,tra_UL_x,tra_UL_y,tra_LL_x,tra_LL_y,tra_LR_x,tra_LR_y,tra_UR_x,tra_UR_y,cor_UL_x,cor_UL_y,cor_LL_x,cor_LL_y,cor_LR_x,cor_LR_y,cor_UR_x,cor_UR_y,Dirty
./data/train/PICAI/10810/,9,0,0.5625,0.5625,3.599999957614445,18.594487560244644,11.250106362816709,261.19363711985443,106.75744970852044,209.4055124397553,239.74989363718328,-32.2845981645103,145.32590073231896,135.22121888485736,-13.815697603263914,223.6088870997671,20.016537137158338,117.77878111514264,288.8156976032639,30.47446334107232,254.0744239074976,True
./data/train/PICAI/10810/,10,0,0.5625,0.5625,3.599999957614445,18.594487560244644,11.250106362816709,261.19363711985443,106.75744970852044,209.4055124397553,239.74989363718328,-32.2845981645103,145.32590073231896,135.22121888485736,-13.815697603263914,223.6088870997671,20.016537137158338,117.77878111514264,288.8156976032639,30.47446334107232,254.0744239074976,True
./data/train/PICAI/10810/,11,0,0.5625,0.5625,3.599999957614445,18.594487560244644,11.250106362816709,261.19363711985443,106.75744970852044,209.4055124397553,239.74989363718328,-32.2845981645103,145.32590073231896,135.22121888485736,-13.815697603263914,223.6088870997671,20.016537137158338,117.77878111514264,288.8156976032639,30.47446334107232,254.0744239074976,True
