path,curFrame,Deleted,pixelSpacingX,pixelSpacingY,pixelSpacingZ,tra_UL_x,tra_UL_y,tra_LL_x,tra_LL_y,tra_LR_x,tra_LR_y,tra_UR_x,tra_UR_y,cor_UL_x,cor_UL_y,cor_LL_x,cor_LL_y,cor_LR_x,cor_LR_y,cor_UR_x,cor_UR_y,Dirty,h_par_cor,h_orth_cor,h_par_tra,h_orth_tra
./data/train/PICAI/10002/,9,0,0.5625,0.5625,3.5999999046325835,-3.619395779494397,89.01876061464698,265.3806042205056,111.018760614647,254.0694927919662,256.0066434713809,-14.930507208033902,234.0066434713809,85.99999999999997,42.99999999999997,210.0,52.99999999999999,189.00000000000003,313.0000000000001,65.00000000000001,303.0,True,,,,
./data/train/PICAI/10002/,8,0,0.5625,0.5625,3.5999999046325835,-3.619395779494397,89.01876061464698,265.3806042205056,111.018760614647,254.0694927919662,256.0066434713809,-14.930507208033902,234.0066434713809,85.99999999999997,42.99999999999997,210.0,52.99999999999999,189.00000000000003,313.0000000000001,65.00000000000001,303.0,True,,,,
./data/train/PICAI/10002/,-1,0,-1.0,-1.0,-1.0,-1.0,-1.0,-1.0,-1.0,-1.0,-1.0,-1.0,-1.0,-1.0,-1.0,-1.0,-1.0,-1.0,-1.0,-1.0,-1.0,False,80.0,60.0,30.0,160.0
./data/train/PICAI/10002/,10,0,0.5625,0.5625,3.5999999046325835,-3.619395779494397,89.01876061464698,265.3806042205056,111.018760614647,254.0694927919662,256.0066434713809,-14.930507208033902,234.0066434713809,85.99999999999997,42.99999999999997,210.0,52.99999999999999,189.00000000000003,313.0000000000001,65.00000000000001,303.0,True,,,,
