path,curFrame,Deleted,pixelSpacingX,pixelSpacingY,pixelSpacingZ,tra_UL_x,tra_UL_y,tra_LL_x,tra_LL_y,tra_LR_x,tra_LR_y,tra_UR_x,tra_UR_y,cor_UL_x,cor_UL_y,cor_LL_x,cor_LL_y,cor_LR_x,cor_LR_y,cor_UR_x,cor_UR_y,Dirty,h_par_cor,h_orth_cor,h_par_tra,h_orth_tra,cor_mid_x,cor_mid_y,tra_mid_x,tra_mid_y,Alpha,cor_U_mid_x,cor_U_mid_y,tra_U_mid_x,tra_U_mid_y,tra_L_mid_x,tra_L_mid_y
./data/train/PICAI/10000/,-1,0,-1.0,-1.0,-1.0,-1.0,-1.0,-1.0,-1.0,-1.0,-1.0,-1.0,-1.0,-1.0,-1.0,-1.0,-1.0,-1.0,-1.0,-1.0,-1.0,False,80.0,60.0,30.0,160.0,,,,,,,,,,,
./data/train/PICAI/10000/,16,0,0.3125,0.3125,-1.0,27.75979487614269,252.21731801214509,522.1683474374895,381.0542955727252,464.5606647008752,603.9434497310184,-28.661815947348884,475.2244356607882,243.91629526157016,180.3081777152593,429.9446677058885,229.40445706225267,302.08370473842984,724.6918222847407,116.05533229411152,675.5955429377474,True,80.0,60.0,30.0,160.0,368.0,471.0,368.0,471.0,-2.957146010245036,179.0,435.0,-9.0,400.0,493.0,494.0
./data/train/PICAI/10000/,17,0,0.3125,0.3125,-1.0,27.75979487614269,252.21731801214509,522.1683474374895,381.0542955727252,464.5606647008752,603.9434497310184,-28.661815947348884,475.2244356607882,243.91629526157016,180.3081777152593,429.9446677058885,229.40445706225267,302.08370473842984,724.6918222847407,116.05533229411152,675.5955429377474,True,80.0,60.0,30.0,160.0,368.0,471.0,368.0,471.0,-2.957146010245036,179.0,435.0,-9.0,400.0,493.0,494.0
./data/train/PICAI/10000/,18,0,0.3125,0.3125,-1.0,27.75979487614269,252.21731801214509,522.1683474374895,381.0542955727252,464.5606647008752,603.9434497310184,-28.661815947348884,475.2244356607882,243.91629526157016,180.3081777152593,429.9446677058885,229.40445706225267,302.08370473842984,724.6918222847407,116.05533229411152,675.5955429377474,True,80.0,60.0,30.0,160.0,368.0,471.0,368.0,471.0,-2.957146010245036,179.0,435.0,-9.0,400.0,493.0,494.0
