path,curFrame,Deleted,pixelSpacingX,pixelSpacingY,pixelSpacingZ,tra_UL_x,tra_UL_y,tra_LL_x,tra_LL_y,tra_LR_x,tra_LR_y,tra_UR_x,tra_UR_y,cor_UL_x,cor_UL_y,cor_LL_x,cor_LL_y,cor_LR_x,cor_LR_y,cor_UR_x,cor_UR_y,Dirty
./data/train/PICAI/11361/,11,0,0.3125,0.3125,3.3000001048025016,-5.902683092133316,202.2876148874525,532.4824931524655,207.12517626405733,529.9026830921332,465.7123851125474,-7.494804811870495,460.71838927090266,218.7400628025493,74.33038109513166,398.25393303909567,76.2721310008647,393.2599371974507,613.6696189048685,213.7460669609044,611.7278689991354,True
./data/train/PICAI/11361/,10,0,0.3125,0.3125,3.3000001048025016,-5.902683092133316,202.2876148874525,532.4824931524655,207.12517626405733,529.9026830921332,465.7123851125474,-7.494804811870495,460.71838927090266,218.7400628025493,74.33038109513166,398.25393303909567,76.2721310008647,393.2599371974507,613.6696189048685,213.7460669609044,611.7278689991354,True
./data/train/PICAI/11361/,12,0,0.3125,0.3125,3.3000001048025016,-5.902683092133316,202.2876148874525,532.4824931524655,207.12517626405733,529.9026830921332,465.7123851125474,-7.494804811870495,460.71838927090266,218.7400628025493,74.33038109513166,398.25393303909567,76.2721310008647,393.2599371974507,613.6696189048685,213.7460669609044,611.7278689991354,True
