path,curFrame,Deleted,pixelSpacingX,pixelSpacingY,pixelSpacingZ,tra_UL_x,tra_UL_y,tra_LL_x,tra_LL_y,tra_LR_x,tra_LR_y,tra_UR_x,tra_UR_y,cor_UL_x,cor_UL_y,cor_LL_x,cor_LL_y,cor_LR_x,cor_LR_y,cor_UR_x,cor_UR_y,Dirty
./data/train/PICAI/11189/,9,0,0.5625,0.5625,3.599999904632556,77.95495036382809,4.742110440820966,286.96768094206413,174.5292667755384,200.04504963617188,282.2578895591789,-7.979992601468979,112.62716768950185,180.57653977228065,13.137863419010928,273.9100592917612,88.66834821890318,105.42346022771936,295.8621365809892,12.0899407082388,220.3316517810968,True
./data/train/PICAI/11189/,8,0,0.5625,0.5625,3.599999904632556,77.95495036382809,4.742110440820966,286.96768094206413,174.5292667755384,200.04504963617188,282.2578895591789,-7.979992601468979,112.62716768950185,180.57653977228065,13.137863419010928,273.9100592917612,88.66834821890318,105.42346022771936,295.8621365809892,12.0899407082388,220.3316517810968,True
./data/train/PICAI/11189/,10,0,0.5625,0.5625,3.599999904632556,77.95495036382809,4.742110440820966,286.96768094206413,174.5292667755384,200.04504963617188,282.2578895591789,-7.979992601468979,112.62716768950185,180.57653977228065,13.137863419010928,273.9100592917612,88.66834821890318,105.42346022771936,295.8621365809892,12.0899407082388,220.3316517810968,True
