path,curFrame,Deleted,pixelSpacingX,pixelSpacingY,pixelSpacingZ,tra_UL_x,tra_UL_y,tra_LL_x,tra_LL_y,tra_LR_x,tra_LR_y,tra_UR_x,tra_UR_y,cor_UL_x,cor_UL_y,cor_LL_x,cor_LL_y,cor_LR_x,cor_LR_y,cor_UR_x,cor_UR_y,Dirty,h_par_cor,h_orth_cor,h_par_tra,h_orth_tra
./data/train/PICAI/10966/,15,0,0.39285713434219,0.39285713434219,3.299999999999993,48.38433850486285,225.68619139081352,485.7642251824792,267.6961274759308,467.6156614951372,456.3138086091865,30.235774817520934,414.3038725240692,243.03825480655723,125.82950722768578,392.84235808679625,139.67619059965142,349.9617451934428,578.1704927723141,201.02831872143992,563.2093939053022,True,,,,
./data/train/PICAI/10966/,16,0,0.39285713434219,0.39285713434219,3.299999999999993,42.63655104226135,236.8146610456753,481.6156539628571,255.87632936272195,473.3634489577387,445.1853389543247,34.38434603714296,426.12367063727805,231.27467325712777,128.93743758468656,381.59815463526417,134.9250035640385,361.7253267428722,575.0625624153133,212.2130049400812,567.9165405052825,True,,,,
./data/train/PICAI/10966/,-1,0,-1.0,-1.0,-1.0,-1.0,-1.0,-1.0,-1.0,-1.0,-1.0,-1.0,-1.0,-1.0,-1.0,-1.0,-1.0,-1.0,-1.0,-1.0,-1.0,False,80.0,60.0,30.0,160.0
./data/train/PICAI/10966/,17,0,0.39285713434219,0.39285713434219,3.299999999999993,48.38433850486285,225.68619139081352,485.7642251824792,267.6961274759308,467.6156614951372,456.3138086091865,30.235774817520934,414.3038725240692,243.03825480655723,125.82950722768578,392.84235808679625,139.67619059965142,349.9617451934428,578.1704927723141,201.02831872143992,563.2093939053022,True,,,,
