path,curFrame,Deleted,pixelSpacingX,pixelSpacingY,pixelSpacingZ,tra_UL_x,tra_UL_y,tra_LL_x,tra_LL_y,tra_LR_x,tra_LR_y,tra_UR_x,tra_UR_y,cor_UL_x,cor_UL_y,cor_LL_x,cor_LL_y,cor_LR_x,cor_LR_y,cor_UR_x,cor_UR_y,Dirty
./data/train/PICAI/11367/,9,0,0.5625,0.5625,3.600000169542111,-22.30081421297725,130.6914937678181,252.63508088515368,125.37608347419204,255.3008142129773,259.3085062321819,-19.635080885153684,264.62391652580794,83.31428895268323,59.481216286256256,191.08222262051208,57.46317937716964,195.6857110473168,334.51878371374374,87.91777737948787,336.5368206228304,True
./data/train/PICAI/11367/,8,0,0.5625,0.5625,3.600000169542111,-22.30081421297725,130.6914937678181,252.63508088515368,125.37608347419204,255.3008142129773,259.3085062321819,-19.635080885153684,264.62391652580794,83.31428895268323,59.481216286256256,191.08222262051208,57.46317937716964,195.6857110473168,334.51878371374374,87.91777737948787,336.5368206228304,True
./data/train/PICAI/11367/,10,0,0.5625,0.5625,3.600000169542111,-22.30081421297725,130.6914937678181,252.63508088515368,125.37608347419204,255.3008142129773,259.3085062321819,-19.635080885153684,264.62391652580794,83.31428895268323,59.481216286256256,191.08222262051208,57.46317937716964,195.6857110473168,334.51878371374374,87.91777737948787,336.5368206228304,True
