path,curFrame,Deleted,pixelSpacingX,pixelSpacingY,pixelSpacingZ,tra_UL_x,tra_UL_y,tra_LL_x,tra_LL_y,tra_LR_x,tra_LR_y,tra_UR_x,tra_UR_y,cor_UL_x,cor_UL_y,cor_LL_x,cor_LL_y,cor_LR_x,cor_LR_y,cor_UR_x,cor_UR_y,Dirty
./data/train/PICAI/10695/,9,0,0.5625,0.5625,3.599999957614445,33.60267650312731,52.94806056183072,281.1135467794277,137.7441046621799,234.3973234968728,272.0519394381693,-11.128454476145208,187.4996340246304,135.62857001262037,30.775428043351923,242.0056517948474,67.00961730566858,154.3714299873796,321.224571956648,47.99434820515256,284.9903826943314,True
./data/train/PICAI/10695/,10,0,0.5625,0.5625,3.599999957614445,33.60267650312731,52.94806056183072,281.1135467794277,137.7441046621799,234.3973234968728,272.0519394381693,-11.128454476145208,187.4996340246304,135.62857001262037,30.775428043351923,242.0056517948474,67.00961730566858,154.3714299873796,321.224571956648,47.99434820515256,284.9903826943314,True
./data/train/PICAI/10695/,11,0,0.5625,0.5625,3.599999957614445,33.60267650312731,52.94806056183072,281.1135467794277,137.7441046621799,234.3973234968728,272.0519394381693,-11.128454476145208,187.4996340246304,135.62857001262037,30.775428043351923,242.0056517948474,67.00961730566858,154.3714299873796,321.224571956648,47.99434820515256,284.9903826943314,True
