path,curFrame,Deleted,pixelSpacingX,pixelSpacingY,pixelSpacingZ,tra_UL_x,tra_UL_y,tra_LL_x,tra_LL_y,tra_LR_x,tra_LR_y,tra_UR_x,tra_UR_y,cor_UL_x,cor_UL_y,cor_LL_x,cor_LL_y,cor_LR_x,cor_LR_y,cor_UR_x,cor_UR_y,Dirty,h_par_cor,h_orth_cor,h_par_tra,h_orth_tra
./data/train/PICAI/11277/,8,0,0.5625,0.5625,3.5999999889566325,142.22364814366944,-15.734978418080658,295.12465368824303,209.65198327992505,157.77635185633056,302.7349784180807,6.23477563914247,76.95820663318182,227.710666441917,15.37567615335149,306.3707081075154,132.69847216442483,73.60679061898128,290.65719688512854,-5.9627893331925,172.87309157576917,True,,,,
./data/train/PICAI/11277/,9,0,0.5625,0.5625,3.5999999889566325,142.22364814366944,-15.734978418080658,295.12465368824303,209.65198327992505,157.77635185633056,302.7349784180807,6.23477563914247,76.95820663318182,227.710666441917,15.37567615335149,306.3707081075154,132.69847216442483,73.60679061898128,290.65719688512854,-5.9627893331925,172.87309157576917,True,,,,
./data/train/PICAI/11277/,-1,0,-1.0,-1.0,-1.0,-1.0,-1.0,-1.0,-1.0,-1.0,-1.0,-1.0,-1.0,-1.0,-1.0,-1.0,-1.0,-1.0,-1.0,-1.0,-1.0,False,80.0,60.0,30.0,160.0
./data/train/PICAI/11277/,10,0,0.5625,0.5625,3.5999999889566325,142.22364814366944,-15.734978418080658,295.12465368824303,209.65198327992505,157.77635185633056,302.7349784180807,6.23477563914247,76.95820663318182,227.710666441917,15.37567615335149,306.3707081075154,132.69847216442483,73.60679061898128,290.65719688512854,-5.9627893331925,172.87309157576917,True,,,,
