path,curFrame,Deleted,pixelSpacingX,pixelSpacingY,pixelSpacingZ,tra_UL_x,tra_UL_y,tra_LL_x,tra_LL_y,tra_LR_x,tra_LR_y,tra_UR_x,tra_UR_y,cor_UL_x,cor_UL_y,cor_LL_x,cor_LL_y,cor_LR_x,cor_LR_y,cor_UR_x,cor_UR_y,Dirty
./data/train/PICAI/11308/,10,0,0.5625,0.5625,3.5999998832013027,-8.092888783201204,89.5784829291555,260.8938965679604,94.48860578384507,259.0928887832012,230.4215170708445,-8.794846209324476,226.4013876482555,87.59459404273545,39.20961657494935,204.4225323912024,41.00762137105741,200.4054059572645,289.79038342505066,83.57746760879768,287.9923786289427,True
./data/train/PICAI/11308/,9,0,0.5625,0.5625,3.5999998832013027,-8.092888783201204,89.5784829291555,260.8938965679604,94.48860578384507,259.0928887832012,230.4215170708445,-8.794846209324476,226.4013876482555,87.59459404273545,39.20961657494935,204.4225323912024,41.00762137105741,200.4054059572645,289.79038342505066,83.57746760879768,287.9923786289427,True
./data/train/PICAI/11308/,11,0,0.5625,0.5625,3.5999998832013027,-8.092888783201204,89.5784829291555,260.8938965679604,94.48860578384507,259.0928887832012,230.4215170708445,-8.794846209324476,226.4013876482555,87.59459404273545,39.20961657494935,204.4225323912024,41.00762137105741,200.4054059572645,289.79038342505066,83.57746760879768,287.9923786289427,True
