path,curFrame,Deleted,pixelSpacingX,pixelSpacingY,pixelSpacingZ,tra_UL_x,tra_UL_y,tra_LL_x,tra_LL_y,tra_LR_x,tra_LR_y,tra_UR_x,tra_UR_y,cor_UL_x,cor_UL_y,cor_LL_x,cor_LL_y,cor_LR_x,cor_LR_y,cor_UR_x,cor_UR_y,Dirty
./data/train/PICAI/11313/,9,0,0.5625,0.5625,3.6000000635782774,43.53913878216878,40.70273656166654,284.6329081423031,157.6890365105171,221.4608612178312,287.2972634383334,-18.396009090547864,169.6253391493616,151.7469097088451,32.18604209934466,259.38740535740976,84.89774570045518,146.25309029115485,319.81395790065534,37.65133294665188,266.8266169437278,True
./data/train/PICAI/11313/,8,0,0.5625,0.5625,3.6000000635782774,43.53913878216878,40.70273656166654,284.6329081423031,157.6890365105171,221.4608612178312,287.2972634383334,-18.396009090547864,169.6253391493616,151.7469097088451,32.18604209934466,259.38740535740976,84.89774570045518,146.25309029115485,319.81395790065534,37.65133294665188,266.8266169437278,True
./data/train/PICAI/11313/,10,0,0.5625,0.5625,3.6000000635782774,43.53913878216878,40.70273656166654,284.6329081423031,157.6890365105171,221.4608612178312,287.2972634383334,-18.396009090547864,169.6253391493616,151.7469097088451,32.18604209934466,259.38740535740976,84.89774570045518,146.25309029115485,319.81395790065534,37.65133294665188,266.8266169437278,True
