path,curFrame,Deleted,pixelSpacingX,pixelSpacingY,pixelSpacingZ,tra_UL_x,tra_UL_y,tra_LL_x,tra_LL_y,tra_LR_x,tra_LR_y,tra_UR_x,tra_UR_y,cor_UL_x,cor_UL_y,cor_LL_x,cor_LL_y,cor_LR_x,cor_LR_y,cor_UR_x,cor_UR_y,Dirty
./data/train/PICAI/10345/,11,0,0.5625,0.5625,3.6000000252755124,101.49882707761893,-35.05182754027288,344.533570067392,138.97299623814888,210.57477448490755,326.85106244333383,-31.643000025778747,153.3127389781968,136.2429248372267,-30.652915441155336,310.2563480215508,93.11674486217402,129.68040035679107,345.1054889063755,-44.333022827532886,221.3358286030462,True
./data/train/PICAI/10345/,10,0,0.5625,0.5625,3.6000000252755124,101.49882707761893,-35.05182754027288,344.533570067392,138.97299623814888,210.57477448490755,326.85106244333383,-31.643000025778747,153.3127389781968,136.2429248372267,-30.652915441155336,310.2563480215508,93.11674486217402,129.68040035679107,345.1054889063755,-44.333022827532886,221.3358286030462,True
./data/train/PICAI/10345/,12,0,0.5625,0.5625,3.6000000252755124,101.49882707761893,-35.05182754027288,344.533570067392,138.97299623814888,210.57477448490755,326.85106244333383,-31.643000025778747,153.3127389781968,136.2429248372267,-30.652915441155336,310.2563480215508,93.11674486217402,129.68040035679107,345.1054889063755,-44.333022827532886,221.3358286030462,True
