path,curFrame,Deleted,pixelSpacingX,pixelSpacingY,pixelSpacingZ,tra_UL_x,tra_UL_y,tra_LL_x,tra_LL_y,tra_LR_x,tra_LR_y,tra_UR_x,tra_UR_y,cor_UL_x,cor_UL_y,cor_LL_x,cor_LL_y,cor_LR_x,cor_LR_y,cor_UR_x,cor_UR_y,Dirty,h_par_cor,h_orth_cor,h_par_tra,h_orth_tra
./data/train/PICAI/10662/,-1,0,-1.0,-1.0,-1.0,-1.0,-1.0,-1.0,-1.0,-1.0,-1.0,-1.0,-1.0,-1.0,-1.0,-1.0,-1.0,-1.0,-1.0,-1.0,-1.0,False,80.0,60.0,30.0,160.0
./data/train/PICAI/10662/,9,0,0.5625,0.5625,3.599999957614445,-2.5345729492253497,81.86907099205472,260.86334337025056,101.42764145511404,250.5345729492253,227.13092900794533,-11.067376041893056,206.24025443654,109.6262820709706,23.407129258442552,205.20731118744536,29.90842705469882,184.3737179290293,297.59287074155736,89.7774965655668,290.9179247676342,True,,,,
./data/train/PICAI/10662/,8,0,0.5625,0.5625,3.599999957614445,-1.2477166279170715,79.67180023886044,261.76873879205334,103.82431932724526,249.24771662791704,229.3281997611396,-11.949796575903392,203.8751234020792,112.02457476907048,22.77574785131088,207.47758314034365,30.94417443625764,181.97542523092943,298.224252148689,87.51010520025147,289.8993910987021,True,,,,
./data/train/PICAI/10662/,10,0,0.5625,0.5625,3.599999957614445,-3.782885613845352,84.08846582981641,259.9162580482322,99.04712993751906,251.7828856138453,224.91153417018364,-10.143812676713395,208.58962488828024,107.23937376939924,24.080270482050537,202.91930872369247,28.91245913132815,186.7606262306007,296.9197295179493,92.0623184597551,291.89673187329527,True,,,,
