path,curFrame,Deleted,pixelSpacingX,pixelSpacingY,pixelSpacingZ,tra_UL_x,tra_UL_y,tra_LL_x,tra_LL_y,tra_LR_x,tra_LR_y,tra_UR_x,tra_UR_y,cor_UL_x,cor_UL_y,cor_LL_x,cor_LL_y,cor_LR_x,cor_LR_y,cor_UR_x,cor_UR_y,Dirty
./data/train/PICAI/10381/,11,0,0.5625,0.5625,3.5999999561302047,110.79396166391128,5.394547053718981,277.1802196897527,225.55951506670272,168.2060383360887,308.6054529462811,2.765298885846562,88.76605308775441,215.95036445950024,41.38721389464008,287.7436370952031,136.9682057510529,79.04963554049978,294.6127861053598,7.256362904796873,199.0317942489471,True
./data/train/PICAI/10381/,10,0,0.5625,0.5625,3.5999999561302047,110.79396166391128,5.394547053718981,277.1802196897527,225.55951506670272,168.2060383360887,308.6054529462811,2.765298885846562,88.76605308775441,215.95036445950024,41.38721389464008,287.7436370952031,136.9682057510529,79.04963554049978,294.6127861053598,7.256362904796873,199.0317942489471,True
./data/train/PICAI/10381/,12,0,0.5625,0.5625,3.5999999561302047,110.79396166391128,5.394547053718981,277.1802196897527,225.55951506670272,168.2060383360887,308.6054529462811,2.765298885846562,88.76605308775441,215.95036445950024,41.38721389464008,287.7436370952031,136.9682057510529,79.04963554049978,294.6127861053598,7.256362904796873,199.0317942489471,True
