path,curFrame,Deleted,pixelSpacingX,pixelSpacingY,pixelSpacingZ,tra_UL_x,tra_UL_y,tra_LL_x,tra_LL_y,tra_LR_x,tra_LR_y,tra_UR_x,tra_UR_y,cor_UL_x,cor_UL_y,cor_LL_x,cor_LL_y,cor_LR_x,cor_LR_y,cor_UR_x,cor_UR_y,Dirty
./data/train/PICAI/10770/,8,0,0.5625,0.5625,3.0,14.194366630180768,44.03403193857368,280.6140292349586,154.76146023687932,230.80563336981925,274.96596806142634,-35.35521018985607,163.2726139368317,128.81877211408434,54.52516851440416,237.69098906826505,100.26181001202428,143.18122788591575,325.474831485596,35.01611771292156,280.9629348593673,True
./data/train/PICAI/10770/,9,0,0.5625,0.5625,3.0,14.194366630180768,44.03403193857368,280.6140292349586,154.76146023687932,230.80563336981925,274.96596806142634,-35.35521018985607,163.2726139368317,128.81877211408434,54.52516851440416,237.69098906826505,100.26181001202428,143.18122788591575,325.474831485596,35.01611771292156,280.9629348593673,True
./data/train/PICAI/10770/,10,0,0.5625,0.5625,3.0,14.194366630180768,44.03403193857368,280.6140292349586,154.76146023687932,230.80563336981925,274.96596806142634,-35.35521018985607,163.2726139368317,128.81877211408434,54.52516851440416,237.69098906826505,100.26181001202428,143.18122788591575,325.474831485596,35.01611771292156,280.9629348593673,True
