path,curFrame,Deleted,pixelSpacingX,pixelSpacingY,pixelSpacingZ,tra_UL_x,tra_UL_y,tra_LL_x,tra_LL_y,tra_LR_x,tra_LR_y,tra_UR_x,tra_UR_y,cor_UL_x,cor_UL_y,cor_LL_x,cor_LL_y,cor_LR_x,cor_LR_y,cor_UR_x,cor_UR_y,Dirty
./data/train/PICAI/10973/,10,0,0.5625,0.5625,3.600000034679045,45.99999999999999,76.99999999999997,302.0,143.0,270.0,264.00000000000006,14.999999999999972,198.0,153.0,24.999999999999943,255.0,51.99999999999999,184.0,324.0,82.99999999999997,297.0,True
./data/train/PICAI/10973/,9,0,0.5625,0.5625,3.600000034679045,45.99999999999999,76.99999999999997,302.0,143.0,270.0,264.00000000000006,14.999999999999972,198.0,153.0,24.999999999999943,255.0,51.99999999999999,184.0,324.0,82.99999999999997,297.0,True
./data/train/PICAI/10973/,11,0,0.5625,0.5625,3.600000034679045,45.99999999999999,76.99999999999997,302.0,143.0,270.0,264.00000000000006,14.999999999999972,198.0,153.0,24.999999999999943,255.0,51.99999999999999,184.0,324.0,82.99999999999997,297.0,True
