path,curFrame,Deleted,pixelSpacingX,pixelSpacingY,pixelSpacingZ,tra_UL_x,tra_UL_y,tra_LL_x,tra_LL_y,tra_LR_x,tra_LR_y,tra_UR_x,tra_UR_y,cor_UL_x,cor_UL_y,cor_LL_x,cor_LL_y,cor_LR_x,cor_LR_y,cor_UR_x,cor_UR_y,Dirty
./data/train/PICAI/11365/,9,0,0.5625,0.5625,3.600000058465775,54.92895525575784,14.300837535361891,295.40921195160035,137.1106341295331,227.07104474424216,270.6991624646381,-12.414690056232132,147.99389433373457,155.67083009556802,3.982748936301903,264.4470737837744,59.657957145018415,140.32916990443198,303.0172510636981,30.55840432085728,247.237514391714,True
./data/train/PICAI/11365/,8,0,0.5625,0.5625,3.600000058465775,54.92895525575784,14.300837535361891,295.40921195160035,137.1106341295331,227.07104474424216,270.6991624646381,-12.414690056232132,147.99389433373457,155.67083009556802,3.982748936301903,264.4470737837744,59.657957145018415,140.32916990443198,303.0172510636981,30.55840432085728,247.237514391714,True
./data/train/PICAI/11365/,10,0,0.5625,0.5625,3.600000058465775,54.92895525575784,14.300837535361891,295.40921195160035,137.1106341295331,227.07104474424216,270.6991624646381,-12.414690056232132,147.99389433373457,155.67083009556802,3.982748936301903,264.4470737837744,59.657957145018415,140.32916990443198,303.0172510636981,30.55840432085728,247.237514391714,True
