path,curFrame,Deleted,pixelSpacingX,pixelSpacingY,pixelSpacingZ,tra_UL_x,tra_UL_y,tra_LL_x,tra_LL_y,tra_LR_x,tra_LR_y,tra_UR_x,tra_UR_y,cor_UL_x,cor_UL_y,cor_LL_x,cor_LL_y,cor_LR_x,cor_LR_y,cor_UR_x,cor_UR_y,Dirty,h_par_cor,h_orth_cor,h_par_tra,h_orth_tra
./data/train/PICAI/11124/,15,0,0.39285713434219,0.39285713434219,3.299999999999993,61,311,494,346,480,527,47,492,218,211,378,224,343,649,183,636,True,,,,
./data/train/PICAI/11124/,16,0,0.39285713434219,0.39285713434219,3.299999999999993,61,311,494,346,480,527,47,492,218,211,378,224,343,649,183,636,True,,,,
./data/train/PICAI/11124/,-1,0,-1.0,-1.0,-1.0,-1,-1,-1,-1,-1,-1,-1,-1,-1,-1,-1,-1,-1,-1,-1,-1,False,80.0,60.0,30.0,160.0
./data/train/PICAI/11124/,17,0,0.39285713434219,0.39285713434219,3.299999999999993,61,311,494,346,480,527,47,492,218,211,378,224,343,649,183,636,True,,,,
