path,curFrame,Deleted,pixelSpacingX,pixelSpacingY,pixelSpacingZ,tra_UL_x,tra_UL_y,tra_LL_x,tra_LL_y,tra_LR_x,tra_LR_y,tra_UR_x,tra_UR_y,cor_UL_x,cor_UL_y,cor_LL_x,cor_LL_y,cor_LR_x,cor_LR_y,cor_UR_x,cor_UR_y,Dirty
./data/train/PICAI/11254/,9,0,0.5625,0.5625,3.599999957614445,12.13929143898632,23.368520760533016,258.9480246454985,114.66720209272243,202.8607085610136,265.631479239467,-43.84349618223089,173.33827601190927,96.48050205997887,5.614424198884507,220.3298653792853,51.813290044297176,126.51949794002113,303.3855758011156,2.565606157447021,258.1812318510711,True
./data/train/PICAI/11254/,8,0,0.5625,0.5625,3.599999957614445,12.13929143898632,23.368520760533016,258.9480246454985,114.66720209272243,202.8607085610136,265.631479239467,-43.84349618223089,173.33827601190927,96.48050205997887,5.614424198884507,220.3298653792853,51.813290044297176,126.51949794002113,303.3855758011156,2.565606157447021,258.1812318510711,True
./data/train/PICAI/11254/,10,0,0.5625,0.5625,3.599999957614445,12.13929143898632,23.368520760533016,258.9480246454985,114.66720209272243,202.8607085610136,265.631479239467,-43.84349618223089,173.33827601190927,96.48050205997887,5.614424198884507,220.3298653792853,51.813290044297176,126.51949794002113,303.3855758011156,2.565606157447021,258.1812318510711,True
