path,curFrame,Deleted,pixelSpacingX,pixelSpacingY,pixelSpacingZ,tra_UL_x,tra_UL_y,tra_LL_x,tra_LL_y,tra_LR_x,tra_LR_y,tra_UR_x,tra_UR_y,cor_UL_x,cor_UL_y,cor_LL_x,cor_LL_y,cor_LR_x,cor_LR_y,cor_UR_x,cor_UR_y,Dirty
./data/train/PICAI/10620/,9,0,0.5625,0.5625,3.5999999576145,75.88150325507712,18.84107837797072,283.7000808279199,191.8047705668241,199.11849674492288,292.1589216220293,-6.832919974925318,119.91196533226638,191.9424874092211,25.989555983020605,280.10638145796673,100.16498461261858,113.52711004405776,299.7228617691253,25.3632159953122,225.5474331395272,True
./data/train/PICAI/10620/,8,0,0.5625,0.5625,3.5999999576145,75.88150325507712,18.84107837797072,283.7000808279199,191.8047705668241,199.11849674492288,292.1589216220293,-6.832919974925318,119.91196533226638,191.9424874092211,25.989555983020605,280.10638145796673,100.16498461261858,113.52711004405776,299.7228617691253,25.3632159953122,225.5474331395272,True
./data/train/PICAI/10620/,10,0,0.5625,0.5625,3.5999999576145,75.88150325507712,18.84107837797072,283.7000808279199,191.8047705668241,199.11849674492288,292.1589216220293,-6.832919974925318,119.91196533226638,191.9424874092211,25.989555983020605,280.10638145796673,100.16498461261858,113.52711004405776,299.7228617691253,25.3632159953122,225.5474331395272,True
