path,curFrame,Deleted,pixelSpacingX,pixelSpacingY,pixelSpacingZ,tra_UL_x,tra_UL_y,tra_LL_x,tra_LL_y,tra_LR_x,tra_LR_y,tra_UR_x,tra_UR_y,cor_UL_x,cor_UL_y,cor_LL_x,cor_LL_y,cor_LR_x,cor_LR_y,cor_UR_x,cor_UR_y,Dirty
./data/train/PICAI/10514/,8,0,0.5625,0.5625,3.5999999443690163,41.46185129516893,43.2879762813281,284.01132663989864,150.8368117468805,231.53814870483103,268.712023718672,-11.01132663989864,161.1631882531195,155.35536941024316,27.015515763531965,250.01915456981385,69.42739828792176,142.64463058975684,309.9844842364681,47.98084543018607,267.57260171207844,True
./data/train/PICAI/10514/,9,0,0.5625,0.5625,3.5999999443690163,60.263973746523774,29.80840637713102,283.00291802022747,173.97623463238338,212.7360262534762,282.19159362286905,-10.002918020227526,138.02376536761662,177.41017386969702,29.75162335834844,264.27381059435595,86.45002382049971,120.589826130303,307.2483766416516,33.726189405643964,250.5499761795004,True
./data/train/PICAI/10514/,10,0,0.5625,0.5625,3.5999999443690163,60.263973746523774,29.80840637713102,283.00291802022747,173.97623463238338,212.7360262534762,282.19159362286905,-10.002918020227526,138.02376536761662,177.41017386969702,29.75162335834844,264.27381059435595,86.45002382049971,120.589826130303,307.2483766416516,33.726189405643964,250.5499761795004,True
