path,curFrame,Deleted,pixelSpacingX,pixelSpacingY,pixelSpacingZ,tra_UL_x,tra_UL_y,tra_LL_x,tra_LL_y,tra_LR_x,tra_LR_y,tra_UR_x,tra_UR_y,cor_UL_x,cor_UL_y,cor_LL_x,cor_LL_y,cor_LR_x,cor_LR_y,cor_UR_x,cor_UR_y,Dirty,h_par_cor,h_orth_cor,h_par_tra,h_orth_tra
./data/train/PICAI/11147/,8,0,0.5625,0.5625,3.5999999443690163,28.01267001826217,54.946874772421125,285.077204579609,125.20230211264972,247.98732998173784,258.0531252275789,-7.0881607888725,188.0067548138856,132.73214626557768,18.89390340290683,247.1051672215803,50.01964961721946,177.26785373442226,303.10609659709314,63.889354673788006,272.0848788460481,True,,,,
./data/train/PICAI/11147/,9,0,0.5625,0.5625,3.5999999443690163,28.01267001826217,54.946874772421125,285.077204579609,125.20230211264972,247.98732998173784,258.0531252275789,-7.0881607888725,188.0067548138856,132.73214626557768,18.89390340290683,247.1051672215803,50.01964961721946,177.26785373442226,303.10609659709314,63.889354673788006,272.0848788460481,True,,,,
./data/train/PICAI/11147/,-1,0,-1.0,-1.0,-1.0,-1.0,-1.0,-1.0,-1.0,-1.0,-1.0,-1.0,-1.0,-1.0,-1.0,-1.0,-1.0,-1.0,-1.0,-1.0,-1.0,False,80.0,60.0,30.0,160.0
./data/train/PICAI/11147/,10,0,0.5625,0.5625,3.5999999443690163,28.01267001826217,54.946874772421125,285.077204579609,125.20230211264972,247.98732998173784,258.0531252275789,-7.0881607888725,188.0067548138856,132.73214626557768,18.89390340290683,247.1051672215803,50.01964961721946,177.26785373442226,303.10609659709314,63.889354673788006,272.0848788460481,True,,,,
