path,curFrame,Deleted,pixelSpacingX,pixelSpacingY,pixelSpacingZ,tra_UL_x,tra_UL_y,tra_LL_x,tra_LL_y,tra_LR_x,tra_LR_y,tra_UR_x,tra_UR_y,cor_UL_x,cor_UL_y,cor_LL_x,cor_LL_y,cor_LR_x,cor_LR_y,cor_UR_x,cor_UR_y,Dirty,h_par_cor,h_orth_cor,h_par_tra,h_orth_tra
./data/train/PICAI/10694/,13,0,0.254629641771,0.254629641771,3.300000031360665,153.156078181501,141.26320350204702,742.9048472159973,518.977896653236,552.843921818499,815.7367964979528,-35.91032532062883,438.12663181003165,455.43952843460266,130.5301037275308,698.5420056780899,285.7917717530927,330.56047156539734,859.4698962724692,87.45799432191001,704.2082282469071,True,,,,
./data/train/PICAI/10694/,14,0,0.254629641771,0.254629641771,3.300000031360665,153.156078181501,141.26320350204702,742.9048472159973,518.977896653236,552.843921818499,815.7367964979528,-35.91032532062883,438.12663181003165,455.43952843460266,130.5301037275308,698.5420056780899,285.7917717530927,330.56047156539734,859.4698962724692,87.45799432191001,704.2082282469071,True,,,,
./data/train/PICAI/10694/,-1,0,-1.0,-1.0,-1.0,-1.0,-1.0,-1.0,-1.0,-1.0,-1.0,-1.0,-1.0,-1.0,-1.0,-1.0,-1.0,-1.0,-1.0,-1.0,-1.0,False,80.0,60.0,30.0,160.0
./data/train/PICAI/10694/,15,0,0.254629641771,0.254629641771,3.300000031360665,153.156078181501,141.26320350204702,742.9048472159973,518.977896653236,552.843921818499,815.7367964979528,-35.91032532062883,438.12663181003165,455.43952843460266,130.5301037275308,698.5420056780899,285.7917717530927,330.56047156539734,859.4698962724692,87.45799432191001,704.2082282469071,True,,,,
