path,curFrame,Deleted,pixelSpacingX,pixelSpacingY,pixelSpacingZ,tra_UL_x,tra_UL_y,tra_LL_x,tra_LL_y,tra_LR_x,tra_LR_y,tra_UR_x,tra_UR_y,cor_UL_x,cor_UL_y,cor_LL_x,cor_LL_y,cor_LR_x,cor_LR_y,cor_UR_x,cor_UR_y,Dirty
./data/train/PICAI/10924/,11,0,0.5625,0.5625,3.600000031687405,92.65288181694868,17.48749586940258,305.0297087672872,168.51425963829894,222.3471181830513,285.51250413059745,9.97029123271281,134.48574036170106,190.08815086591315,19.100930962446,287.3512486514221,88.64868296901008,134.91184913408685,304.899069037554,36.65422945320968,235.24678856772223,True
./data/train/PICAI/10924/,10,0,0.5625,0.5625,3.600000031687405,81.21968534453963,23.649252657389667,305.9512041210683,155.59145389867118,233.7803146554604,279.35074734261025,9.048795878931712,147.40854610132882,177.52869512286097,17.240239282789275,280.48316343932606,78.04630356649385,147.47130487713903,306.7597607172107,43.51698886551763,245.9362440270688,True
./data/train/PICAI/10924/,12,0,0.5625,0.5625,3.600000031687405,92.65288181694868,17.48749586940258,305.0297087672872,168.51425963829894,222.3471181830513,285.51250413059745,9.97029123271281,134.48574036170106,190.08815086591315,19.100930962446,287.3512486514221,88.64868296901008,134.91184913408685,304.899069037554,36.65422945320968,235.24678856772223,True
