path,curFrame,Deleted,pixelSpacingX,pixelSpacingY,pixelSpacingZ,tra_UL_x,tra_UL_y,tra_LL_x,tra_LL_y,tra_LR_x,tra_LR_y,tra_UR_x,tra_UR_y,cor_UL_x,cor_UL_y,cor_LL_x,cor_LL_y,cor_LR_x,cor_LR_y,cor_UR_x,cor_UR_y,Dirty
./data/train/PICAI/10913/,15,0,0.25462964177131,0.25462964177131,3.300000032049969,147.55276478626712,263.8315402012788,699.2184275060092,598.1637052347794,536.4472352137328,865.1684597987212,-14.220863455749338,530.7665382914765,456.1313910698446,257.12872244812297,643.4846717581129,370.3353839806624,310.8686089301554,917.8712775518768,124.51289229214694,804.5948595455935,True
./data/train/PICAI/10913/,14,0,0.25462964177131,0.25462964177131,3.300000032049969,147.55276478626712,263.8315402012788,699.2184275060092,598.1637052347794,536.4472352137328,865.1684597987212,-14.220863455749338,530.7665382914765,456.1313910698446,257.12872244812297,643.4846717581129,370.3353839806624,310.8686089301554,917.8712775518768,124.51289229214694,804.5948595455935,True
./data/train/PICAI/10913/,16,0,0.25462964177131,0.25462964177131,3.300000032049969,147.55276478626712,263.8315402012788,699.2184275060092,598.1637052347794,536.4472352137328,865.1684597987212,-14.220863455749338,530.7665382914765,456.1313910698446,257.12872244812297,643.4846717581129,370.3353839806624,310.8686089301554,917.8712775518768,124.51289229214694,804.5948595455935,True
