path,curFrame,Deleted,pixelSpacingX,pixelSpacingY,pixelSpacingZ,tra_UL_x,tra_UL_y,tra_LL_x,tra_LL_y,tra_LR_x,tra_LR_y,tra_UR_x,tra_UR_y,cor_UL_x,cor_UL_y,cor_LL_x,cor_LL_y,cor_LR_x,cor_LR_y,cor_UR_x,cor_UR_y,Dirty,h_par_cor,h_orth_cor,h_par_tra,h_orth_tra
./data/train/PICAI/10666/,14,0,0.392857134342,0.392857134342,3.2999999999999767,20.75927331874928,130.18961097474934,448.5977303103865,182.7562802530574,421.2407266812506,400.81038902525074,-5.603208415018258,348.1391912836749,187.8711940804955,38.513819450541234,356.0439168836991,60.052976930741096,299.1288059195045,513.4861805494587,131.95060501166915,491.8424946059912,True,,,,
./data/train/PICAI/10666/,15,0,0.392857134342,0.392857134342,3.2999999999999767,20.75927331874928,130.18961097474934,448.5977303103865,182.7562802530574,421.2407266812506,400.81038902525074,-5.603208415018258,348.1391912836749,187.8711940804955,38.513819450541234,356.0439168836991,60.052976930741096,299.1288059195045,513.4861805494587,131.95060501166915,491.8424946059912,True,,,,
./data/train/PICAI/10666/,-1,0,-1.0,-1.0,-1.0,-1.0,-1.0,-1.0,-1.0,-1.0,-1.0,-1.0,-1.0,-1.0,-1.0,-1.0,-1.0,-1.0,-1.0,-1.0,-1.0,False,80.0,60.0,30.0,160.0
./data/train/PICAI/10666/,16,0,0.392857134342,0.392857134342,3.2999999999999767,20.75927331874928,130.18961097474934,448.5977303103865,182.7562802530574,421.2407266812506,400.81038902525074,-5.603208415018258,348.1391912836749,187.8711940804955,38.513819450541234,356.0439168836991,60.052976930741096,299.1288059195045,513.4861805494587,131.95060501166915,491.8424946059912,True,,,,
