path,curFrame,Deleted,pixelSpacingX,pixelSpacingY,pixelSpacingZ,tra_UL_x,tra_UL_y,tra_LL_x,tra_LL_y,tra_LR_x,tra_LR_y,tra_UR_x,tra_UR_y,cor_UL_x,cor_UL_y,cor_LL_x,cor_LL_y,cor_LR_x,cor_LR_y,cor_UR_x,cor_UR_y,Dirty
./data/train/PICAI/11007/,11,0,0.5625,0.5625,3.600000034679045,58.99149952019437,16.517142346499725,283.84144101046587,155.54053538458348,207.0085004798056,279.48285765350033,-16.774120486461896,139.53165703890087,158.02300867149245,13.978585026282389,258.86087141910303,77.16660158396573,119.97699132850754,300.02141497371764,19.069372107152887,237.83096246629407,True
./data/train/PICAI/11007/,12,0,0.5625,0.5625,3.600000034679045,58.99149952019437,16.517142346499725,283.84144101046587,155.54053538458348,207.0085004798056,279.48285765350033,-16.774120486461896,139.53165703890087,158.02300867149245,13.978585026282389,258.86087141910303,77.16660158396573,119.97699132850754,300.02141497371764,19.069372107152887,237.83096246629407,True
./data/train/PICAI/11007/,13,0,0.5625,0.5625,3.600000034679045,58.99149952019437,16.517142346499725,283.84144101046587,155.54053538458348,207.0085004798056,279.48285765350033,-16.774120486461896,139.53165703890087,158.02300867149245,13.978585026282389,258.86087141910303,77.16660158396573,119.97699132850754,300.02141497371764,19.069372107152887,237.83096246629407,True
