path,curFrame,Deleted,pixelSpacingX,pixelSpacingY,pixelSpacingZ,tra_UL_x,tra_UL_y,tra_LL_x,tra_LL_y,tra_LR_x,tra_LR_y,tra_UR_x,tra_UR_y,cor_UL_x,cor_UL_y,cor_LL_x,cor_LL_y,cor_LR_x,cor_LR_y,cor_UR_x,cor_UR_y,Dirty
./data/train/PICAI/10114/,15,0,0.392857134342,0.392857134342,3.2999999388778805,90.2334128895642,179.09046220121337,418.5952809330753,456.8898207587452,293.76658711043586,603.909537798787,-32.78266535900204,326.95541576473624,294.8737865471646,198.05200424708585,409.806303459592,294.6776558939169,141.1262134528354,612.9479957529145,25.28738875337166,515.8997258443428,True
./data/train/PICAI/10114/,16,0,0.392857134342,0.392857134342,3.2999999388778805,101.48953673616592,174.05551044055812,414.86250117781526,468.65928698976165,282.5104632638342,608.9444895594422,-29.096605992097462,315.27965613581017,305.6254229228283,202.3595676444604,415.34343293872325,304.86790036991295,130.3745770771717,608.6404323555399,19.77361946841799,505.6626280673016,True
./data/train/PICAI/10114/,17,0,0.392857134342,0.392857134342,3.2999999388778805,101.48953673616592,174.05551044055812,414.86250117781526,468.65928698976165,282.5104632638342,608.9444895594422,-29.096605992097462,315.27965613581017,305.6254229228283,202.3595676444604,415.34343293872325,304.86790036991295,130.3745770771717,608.6404323555399,19.77361946841799,505.6626280673016,True
