path,curFrame,Deleted,pixelSpacingX,pixelSpacingY,pixelSpacingZ,tra_UL_x,tra_UL_y,tra_LL_x,tra_LL_y,tra_LR_x,tra_LR_y,tra_UR_x,tra_UR_y,cor_UL_x,cor_UL_y,cor_LL_x,cor_LL_y,cor_LR_x,cor_LR_y,cor_UR_x,cor_UR_y,Dirty,h_par_cor,h_orth_cor,h_par_tra,h_orth_tra
./data/train/PICAI/10720/,12,0,0.625,0.625,3.500000021796649,28.859020612716503,71.66806205650897,281.0374000193493,194.2856177320498,222.1409793872835,315.331937943491,-29.05500473063023,191.69708216635647,147.56356164387566,63.811817648436005,242.386960497566,110.16398081083814,128.43643835612434,343.188182351564,34.63033960402764,297.818414477881,True,,,,
./data/train/PICAI/10720/,11,0,0.625,0.625,3.500000021796649,28.859020612716503,71.66806205650897,281.0374000193493,194.2856177320498,222.1409793872835,315.331937943491,-29.05500473063023,191.69708216635647,147.56356164387566,63.811817648436005,242.386960497566,110.16398081083814,128.43643835612434,343.188182351564,34.63033960402764,297.818414477881,True,,,,
./data/train/PICAI/10720/,-1,0,-1.0,-1.0,-1.0,-1.0,-1.0,-1.0,-1.0,-1.0,-1.0,-1.0,-1.0,-1.0,-1.0,-1.0,-1.0,-1.0,-1.0,-1.0,-1.0,False,80.0,60.0,30.0,160.0
./data/train/PICAI/10720/,13,0,0.625,0.625,3.500000021796649,31.0,70.0,281.0,197.0,220.0,317.0,-29.0,189.0,150.0,64.0,244.0,112.0,126.0,343.0,33.0,296.0,True,,,,
