path,curFrame,Deleted,pixelSpacingX,pixelSpacingY,pixelSpacingZ,tra_UL_x,tra_UL_y,tra_LL_x,tra_LL_y,tra_LR_x,tra_LR_y,tra_UR_x,tra_UR_y,cor_UL_x,cor_UL_y,cor_LL_x,cor_LL_y,cor_LR_x,cor_LR_y,cor_UR_x,cor_UR_y,Dirty
./data/train/PICAI/10574/,10,0,0.5625,0.5625,3.600000034679045,15.582635633583749,80.20877122389469,280.4292229260832,96.46562207258356,272.4173643664162,223.79122877610533,7.570777073916787,207.53437792741644,115.98550394289173,23.513054042795943,219.61864326113104,29.609974170729032,203.0144960571083,292.48694595720417,99.38135673886892,286.39002582927094,True
./data/train/PICAI/10574/,11,0,0.5625,0.5625,3.600000034679045,15.582635633583749,80.20877122389469,280.4292229260832,96.46562207258356,272.4173643664162,223.79122877610533,7.570777073916787,207.53437792741644,115.98550394289173,23.513054042795943,219.61864326113104,29.609974170729032,203.0144960571083,292.48694595720417,99.38135673886892,286.39002582927094,True
./data/train/PICAI/10574/,12,0,0.5625,0.5625,3.600000034679045,15.582635633583749,80.20877122389469,280.4292229260832,96.46562207258356,272.4173643664162,223.79122877610533,7.570777073916787,207.53437792741644,115.98550394289173,23.513054042795943,219.61864326113104,29.609974170729032,203.0144960571083,292.48694595720417,99.38135673886892,286.39002582927094,True
