path,curFrame,Deleted,pixelSpacingX,pixelSpacingY,pixelSpacingZ,tra_UL_x,tra_UL_y,tra_LL_x,tra_LL_y,tra_LR_x,tra_LR_y,tra_UR_x,tra_UR_y,cor_UL_x,cor_UL_y,cor_LL_x,cor_LL_y,cor_LR_x,cor_LR_y,cor_UR_x,cor_UR_y,Dirty
./data/train/PICAI/11440/,11,0,0.5625,0.5625,3.600000034679091,-10.755241264688266,108.15335971176373,260.2085876459969,132.31124500954982,247.75524126468832,268.84664028823624,-22.21604149435552,244.566885647045,89.63343383444635,49.059153077075706,197.6463208067449,58.969564163880506,173.36656616555362,328.94084692292427,65.47554853666023,320.02298198776083,True
./data/train/PICAI/11440/,10,0,0.5625,0.5625,3.600000034679091,-10.755241264688266,108.15335971176373,260.2085876459969,132.31124500954982,247.75524126468832,268.84664028823624,-22.21604149435552,244.566885647045,89.63343383444635,49.059153077075706,197.6463208067449,58.969564163880506,173.36656616555362,328.94084692292427,65.47554853666023,320.02298198776083,True
./data/train/PICAI/11440/,12,0,0.5625,0.5625,3.600000034679091,-10.755241264688266,108.15335971176373,260.2085876459969,132.31124500954982,247.75524126468832,268.84664028823624,-22.21604149435552,244.566885647045,89.63343383444635,49.059153077075706,197.6463208067449,58.969564163880506,173.36656616555362,328.94084692292427,65.47554853666023,320.02298198776083,True
