path,curFrame,Deleted,pixelSpacingX,pixelSpacingY,pixelSpacingZ,tra_UL_x,tra_UL_y,tra_LL_x,tra_LL_y,tra_LR_x,tra_LR_y,tra_UR_x,tra_UR_y,cor_UL_x,cor_UL_y,cor_LL_x,cor_LL_y,cor_LR_x,cor_LR_y,cor_UR_x,cor_UR_y,Dirty,h_par_cor,h_orth_cor,h_par_tra,h_orth_tra
./data/train/PICAI/10760/,7,0,0.5625,0.5625,3.600000010596389,52.81258220718664,83.35115215345833,286.42159410994526,224.24767289764404,217.1874177928134,338.6488478465416,-15.512555154601245,198.8356775431953,168.90228373734664,85.3928837889074,256.6301875381426,138.23997353582058,125.09771626265336,356.6071162110926,37.36981246185739,303.7600264641794,True,,,,
./data/train/PICAI/10760/,8,0,0.5625,0.5625,3.600000010596389,52.81258220718664,83.35115215345833,286.42159410994526,224.24767289764404,217.1874177928134,338.6488478465416,-15.512555154601245,198.8356775431953,168.90228373734664,85.3928837889074,256.6301875381426,138.23997353582058,125.09771626265336,356.6071162110926,37.36981246185739,303.7600264641794,True,,,,
./data/train/PICAI/10760/,-1,0,-1.0,-1.0,-1.0,-1.0,-1.0,-1.0,-1.0,-1.0,-1.0,-1.0,-1.0,-1.0,-1.0,-1.0,-1.0,-1.0,-1.0,-1.0,-1.0,False,80.0,60.0,30.0,160.0
./data/train/PICAI/10760/,9,0,0.5625,0.5625,3.600000010596389,52.81258220718664,83.35115215345833,286.42159410994526,224.24767289764404,217.1874177928134,338.6488478465416,-15.512555154601245,198.8356775431953,168.90228373734664,85.3928837889074,256.6301875381426,138.23997353582058,125.09771626265336,356.6071162110926,37.36981246185739,303.7600264641794,True,,,,
