path,curFrame,Deleted,pixelSpacingX,pixelSpacingY,pixelSpacingZ,tra_UL_x,tra_UL_y,tra_LL_x,tra_LL_y,tra_LR_x,tra_LR_y,tra_UR_x,tra_UR_y,cor_UL_x,cor_UL_y,cor_LL_x,cor_LL_y,cor_LR_x,cor_LR_y,cor_UR_x,cor_UR_y,Dirty,h_par_cor,h_orth_cor,h_par_tra,h_orth_tra
./data/train/PICAI/10559/,13,0,0.392857134342,0.392857134342,3.299999872843393,-19.153864720612205,223.6270733709088,394.5678747796264,234.0348716441702,389.1538647206122,436.3729266290912,-23.580186439031223,425.8086938907895,137.73487945509686,111.91415831057992,297.33854841470026,115.99690917652268,286.2651205449031,551.08584168942,126.6614515852998,547.0030908234774,True,,,,
./data/train/PICAI/10559/,14,0,0.392857134342,0.392857134342,3.299999872843393,-19.153864720612205,223.6270733709088,394.5678747796264,234.0348716441702,389.1538647206122,436.3729266290912,-23.580186439031223,425.8086938907895,137.73487945509686,111.91415831057992,297.33854841470026,115.99690917652268,286.2651205449031,551.08584168942,126.6614515852998,547.0030908234774,True,,,,
./data/train/PICAI/10559/,-1,0,-1.0,-1.0,-1.0,-1.0,-1.0,-1.0,-1.0,-1.0,-1.0,-1.0,-1.0,-1.0,-1.0,-1.0,-1.0,-1.0,-1.0,-1.0,-1.0,False,80.0,60.0,30.0,160.0
./data/train/PICAI/10559/,15,0,0.392857134342,0.392857134342,3.299999872843393,-19.153864720612205,223.6270733709088,394.5678747796264,234.0348716441702,389.1538647206122,436.3729266290912,-23.580186439031223,425.8086938907895,137.73487945509686,111.91415831057992,297.33854841470026,115.99690917652268,286.2651205449031,551.08584168942,126.6614515852998,547.0030908234774,True,,,,
