path,curFrame,Deleted,pixelSpacingX,pixelSpacingY,pixelSpacingZ,tra_UL_x,tra_UL_y,tra_LL_x,tra_LL_y,tra_LR_x,tra_LR_y,tra_UR_x,tra_UR_y,cor_UL_x,cor_UL_y,cor_LL_x,cor_LL_y,cor_LR_x,cor_LR_y,cor_UR_x,cor_UR_y,Dirty,h_par_cor,h_orth_cor,h_par_tra,h_orth_tra
./data/train/PICAI/11139/,-1,0,-1.0,-1.0,-1.0,-1.0,-1.0,-1.0,-1.0,-1.0,-1.0,-1.0,-1.0,-1.0,-1.0,-1.0,-1.0,-1.0,-1.0,-1.0,-1.0,False,80.0,60.0,30.0,160.0
./data/train/PICAI/11139/,9,0,0.5625,0.5625,3.5999995708534627,77.10548409336793,16.66616173375772,309.3028555903547,160.1003998705791,227.89451590663205,292.3338382662423,-4.544777485954398,149.86989585569688,160.65101234988492,15.501458486561972,284.1491810651868,90.60939630918398,144.34898765011508,316.49854151343817,20.85081893481319,241.39060369081608,True,,,,
./data/train/PICAI/11139/,8,0,0.5625,0.5625,3.5999995708534627,77.10548409336793,16.66616173375772,309.3028555903547,160.1003998705791,227.89451590663205,292.3338382662423,-4.544777485954398,149.86989585569688,164.65101234988492,15.501458486561972,288.1491810651868,90.60939630918398,148.34898765011508,316.49854151343817,24.85081893481319,241.39060369081608,True,,,,
./data/train/PICAI/11139/,10,0,0.5625,0.5625,3.5999995708534627,77.10548409336793,16.66616173375772,309.3028555903547,160.1003998705791,227.89451590663205,292.3338382662423,-4.544777485954398,149.86989585569688,160.65101234988492,15.501458486561972,284.1491810651868,90.60939630918398,144.34898765011508,316.49854151343817,20.85081893481319,241.39060369081608,True,,,,
