path,curFrame,Deleted,pixelSpacingX,pixelSpacingY,pixelSpacingZ,tra_UL_x,tra_UL_y,tra_LL_x,tra_LL_y,tra_LR_x,tra_LR_y,tra_UR_x,tra_UR_y,cor_UL_x,cor_UL_y,cor_LL_x,cor_LL_y,cor_LR_x,cor_LR_y,cor_UR_x,cor_UR_y,Dirty
./data/train/PICAI/10693/,8,0,0.5625,0.5625,3.599999910293596,51.82189424233561,19.25659346653132,253.20569914209483,182.7483765141688,160.1781057576644,296.7434065334687,-39.25695901252443,133.70152559451896,159.7218008631488,30.804439710212502,240.9648384531432,96.7708617986567,67.27819913685117,311.1955602897873,-13.9648384531432,245.2291382013433,True
./data/train/PICAI/10693/,9,0,0.5625,0.5625,3.599999910293596,51.82189424233561,19.25659346653132,253.20569914209483,182.7483765141688,160.1781057576644,296.7434065334687,-39.25695901252443,133.70152559451896,159.7218008631488,30.804439710212502,240.9648384531432,96.7708617986567,67.27819913685117,311.1955602897873,-13.9648384531432,245.2291382013433,True
./data/train/PICAI/10693/,10,0,0.5625,0.5625,3.599999910293596,51.82189424233561,19.25659346653132,253.20569914209483,182.7483765141688,160.1781057576644,296.7434065334687,-39.25695901252443,133.70152559451896,159.7218008631488,30.804439710212502,240.9648384531432,96.7708617986567,67.27819913685117,311.1955602897873,-13.9648384531432,245.2291382013433,True
