path,curFrame,Deleted,pixelSpacingX,pixelSpacingY,pixelSpacingZ,tra_UL_x,tra_UL_y,tra_LL_x,tra_LL_y,tra_LR_x,tra_LR_y,tra_UR_x,tra_UR_y,cor_UL_x,cor_UL_y,cor_LL_x,cor_LL_y,cor_LR_x,cor_LR_y,cor_UR_x,cor_UR_y,Dirty
./data/train/PICAI/10917/,8,0,0.5625,0.5625,3.599999997350883,33.23419125878954,49.11430016086774,287.3175198348109,111.49748811827844,252.7658087412105,254.8856998391323,-2.3161493695654656,192.4501759254786,132.68010787096443,14.708513172908257,240.4840080343542,40.3857230984806,174.31989212903557,309.2914868270917,67.5669574566434,282.6679833230078,True
./data/train/PICAI/10917/,7,0,0.5625,0.5625,3.599999997350883,31.45530607294656,51.04564765836001,286.5886732784318,108.98496883483848,254.54469392705352,252.9543523416401,-1.5880641054508828,194.98013166845897,130.11268794852091,15.094303599190624,238.34829815955243,38.88616528014517,176.88731205147909,308.90569640080935,69.68599216416925,284.1493433895382,True
./data/train/PICAI/10917/,9,0,0.5625,0.5625,3.599999997350883,44.58998394046155,38.20426748264504,290.7605986864407,126.80465368714616,241.4100160595384,265.79573251735496,-5.748287027035815,177.0389118478136,148.19031418891228,13.339120019463252,252.7196540129777,50.14424352075119,158.80968581108772,310.6608799805367,55.42446879265769,273.0245026036938,True
