path,curFrame,Deleted,pixelSpacingX,pixelSpacingY,pixelSpacingZ,tra_UL_x,tra_UL_y,tra_LL_x,tra_LL_y,tra_LR_x,tra_LR_y,tra_UR_x,tra_UR_y,cor_UL_x,cor_UL_y,cor_LL_x,cor_LL_y,cor_LR_x,cor_LR_y,cor_UR_x,cor_UR_y,Dirty,h_par_cor,h_orth_cor,h_par_tra,h_orth_tra
./data/train/PICAI/11264/,9,0,0.5625,0.5625,3.600000008304604,30.92073723670279,40.88303417491403,276.3398815798767,178.97519032385856,203.0792627632972,309.11696582508586,-41.35219323928166,171.18124414118165,142.07951492699874,29.85293466648301,257.9641484672687,94.86246587237014,126.6876476017826,329.2115224536035,10.981232522654764,263.1758044827697,True,,,,
./data/train/PICAI/11264/,8,0,0.5625,0.5625,3.600000008304604,30.92073723670279,40.88303417491403,276.3398815798767,178.97519032385856,203.0792627632972,309.11696582508586,-41.35219323928166,171.18124414118165,142.07951492699874,29.85293466648301,257.9641484672687,94.86246587237014,126.6876476017826,329.2115224536035,10.981232522654764,263.1758044827697,True,,,,
./data/train/PICAI/11264/,-1,0,-1.0,-1.0,-1.0,-1.0,-1.0,-1.0,-1.0,-1.0,-1.0,-1.0,-1.0,-1.0,-1.0,-1.0,-1.0,-1.0,-1.0,-1.0,-1.0,False,80.0,60.0,30.0,160.0
./data/train/PICAI/11264/,10,0,0.5625,0.5625,3.600000008304604,30.92073723670279,40.88303417491403,276.3398815798767,178.97519032385856,203.0792627632972,309.11696582508586,-41.35219323928166,171.18124414118165,142.07951492699874,29.85293466648301,257.9641484672687,94.86246587237014,126.6876476017826,329.2115224536035,10.981232522654764,263.1758044827697,True,,,,
