path,curFrame,Deleted,pixelSpacingX,pixelSpacingY,pixelSpacingZ,tra_UL_x,tra_UL_y,tra_LL_x,tra_LL_y,tra_LR_x,tra_LR_y,tra_UR_x,tra_UR_y,cor_UL_x,cor_UL_y,cor_LL_x,cor_LL_y,cor_LR_x,cor_LR_y,cor_UR_x,cor_UR_y,Dirty
./data/train/PICAI/10234/,10,0,0.5625,0.5625,3.6,9.778177280950018,80.78553451368316,258.1408950820881,154.41949683021338,220.22182271905,283.21446548631684,-27.057544641248853,210.48954212513075,117.56889075273396,49.28078829368326,211.36021501799848,77.2126248349492,136.43110924726602,333.71921170631674,41.7307460266574,306.8707256058902,True
./data/train/PICAI/10234/,9,0,0.5625,0.5625,3.6,15.219535968891677,75.41736071133953,259.38817746723134,161.94871057285093,214.78046403110832,288.5826392886605,-28.35388714350984,203.01578075746568,125.02499420095091,48.982108659671326,217.22594134097864,81.78432423243116,128.9750057990491,334.0178913403287,35.80956732870472,302.2499660912904,True
./data/train/PICAI/10234/,11,0,0.5625,0.5625,3.6,9.778177280950018,80.78553451368316,258.1408950820881,154.41949683021338,220.22182271905,283.21446548631684,-27.057544641248853,210.48954212513075,117.56889075273396,49.28078829368326,211.36021501799848,77.2126248349492,136.43110924726602,333.71921170631674,41.7307460266574,306.8707256058902,True
