path,curFrame,Deleted,pixelSpacingX,pixelSpacingY,pixelSpacingZ,tra_UL_x,tra_UL_y,tra_LL_x,tra_LL_y,tra_LR_x,tra_LR_y,tra_UR_x,tra_UR_y,cor_UL_x,cor_UL_y,cor_LL_x,cor_LL_y,cor_LR_x,cor_LR_y,cor_UR_x,cor_UR_y,Dirty
./data/train/PICAI/11470/,10,0,0.5625,0.5625,4.000404410149046,44.24975578128081,40.75790392504448,277.77777441107224,170.36370825048294,214.7502442187192,283.2420960749555,-16.78264631055248,153.77580469700527,168.05788690836454,25.979803001152533,260.684994414822,77.56680674228063,129.94211309163546,313.0201969988475,37.315005585178,261.4331932577193,True
./data/train/PICAI/11470/,9,0,0.5625,0.5625,4.000404410149046,46.37870614440246,39.28854777254321,277.6092241521196,172.95023840184373,212.62129385559751,284.7114522274568,-16.616834755935997,151.22407308365155,170.55975710986235,26.334267810471715,262.27243970302527,79.52998052837542,127.44024289013768,312.6657321895283,35.72756029697473,259.47001947162454,True
./data/train/PICAI/11470/,11,0,0.5625,0.5625,4.000404410149046,38.02126724316501,45.385715055129,278.0122875435987,162.59198696562382,220.97873275683497,278.614284944871,-17.01259215328588,161.44291784725075,160.52050198659498,25.17907970783702,255.7205224319308,71.84765700785384,137.47949801340502,313.820920292163,42.27947756806921,267.15234299214615,True
