path,curFrame,Deleted,pixelSpacingX,pixelSpacingY,pixelSpacingZ,tra_UL_x,tra_UL_y,tra_LL_x,tra_LL_y,tra_LR_x,tra_LR_y,tra_UR_x,tra_UR_y,cor_UL_x,cor_UL_y,cor_LL_x,cor_LL_y,cor_LR_x,cor_LR_y,cor_UR_x,cor_UR_y,Dirty
./data/train/PICAI/10122/,10,0,0.5625,0.5625,3.6000000635782783,28.18172375852697,49.7039517042373,295.697933457443,124.303399077027,254.81827624147297,270.2960482957627,-11.70173875935123,195.7837566657206,126.3937886304679,28.13557095095109,249.82258276408407,63.0258672913579,179.6062113695321,314.86442904904897,55.09406679507653,280.88317166398616,True
./data/train/PICAI/10122/,9,0,0.5625,0.5625,3.6000000635782783,28.18172375852697,49.7039517042373,295.697933457443,124.303399077027,254.81827624147297,270.2960482957627,-11.70173875935123,195.7837566657206,126.3937886304679,28.13557095095109,249.82258276408407,63.0258672913579,179.6062113695321,314.86442904904897,55.09406679507653,280.88317166398616,True
./data/train/PICAI/10122/,11,0,0.5625,0.5625,3.6000000635782783,28.18172375852697,49.7039517042373,295.697933457443,124.303399077027,254.81827624147297,270.2960482957627,-11.70173875935123,195.7837566657206,126.3937886304679,28.13557095095109,249.82258276408407,63.0258672913579,179.6062113695321,314.86442904904897,55.09406679507653,280.88317166398616,True
