path,curFrame,Deleted,pixelSpacingX,pixelSpacingY,pixelSpacingZ,tra_UL_x,tra_UL_y,tra_LL_x,tra_LL_y,tra_LR_x,tra_LR_y,tra_UR_x,tra_UR_y,cor_UL_x,cor_UL_y,cor_LL_x,cor_LL_y,cor_LR_x,cor_LR_y,cor_UR_x,cor_UR_y,Dirty
./data/train/PICAI/11397/,13,0,0.625,0.625,3.5,31.49211060986397,64.59492403189908,267.8901062805478,173.613214437149,214.50788939013603,290.40507596810085,-20.893911582456013,181.4739413055987,144.08537881114518,40.61975385300937,245.0096413150432,87.64528764479104,133.4760270571239,329.8461400185299,32.44214636842016,283.8655778803588,True
./data/train/PICAI/11397/,14,0,0.625,0.625,3.5,31.49211060986397,64.59492403189908,267.8901062805478,173.613214437149,214.50788939013603,290.40507596810085,-20.893911582456013,181.4739413055987,144.08537881114518,40.61975385300937,245.0096413150432,87.64528764479104,133.4760270571239,329.8461400185299,32.44214636842016,283.8655778803588,True
./data/train/PICAI/11397/,15,0,0.625,0.625,3.5,31.49211060986397,64.59492403189908,267.8901062805478,173.613214437149,214.50788939013603,290.40507596810085,-20.893911582456013,181.4739413055987,144.08537881114518,40.61975385300937,245.0096413150432,87.64528764479104,133.4760270571239,329.8461400185299,32.44214636842016,283.8655778803588,True
