path,curFrame,Deleted,pixelSpacingX,pixelSpacingY,pixelSpacingZ,tra_UL_x,tra_UL_y,tra_LL_x,tra_LL_y,tra_LR_x,tra_LR_y,tra_UR_x,tra_UR_y,cor_UL_x,cor_UL_y,cor_LL_x,cor_LL_y,cor_LR_x,cor_LR_y,cor_UR_x,cor_UR_y,Dirty
./data/train/PICAI/10121/,10,0,0.5625,0.5625,4.0004043166611725,63.26669955562767,45.56094616810925,269.1126365314966,196.83701906308684,198.7333004443724,292.4390538318907,-6.11324570447772,141.1978804336157,176.6227486990246,49.1629044042376,255.61903387223128,107.95564995020968,105.3772513009753,312.83709559576243,25.38157530074949,254.00945055308785,True
./data/train/PICAI/10121/,9,0,0.5625,0.5625,4.0004043166611725,56.89922476982848,49.275002149560976,270.3802349747958,189.5706124938146,205.1007752301716,288.72499785043897,-7.380387279639564,148.41193509974812,169.67410849368943,47.479231944644,251.63910656184493,102.05705795198207,112.3258915063105,314.52076805535603,29.3610457429985,259.96039445445524,True
./data/train/PICAI/10121/,11,0,0.5625,0.5625,4.0004043166611725,35.4160581582171,65.61378205008813,271.7444853908074,162.597669793209,226.5839418417829,272.38621794991184,-8.766337790073692,175.1944185159732,147.67032074398597,44.46110668705322,238.5433310892187,82.39652537190788,142.32967925601395,317.5388933129468,50.47852131004737,279.81138631890985,True
