path,curFrame,Deleted,pixelSpacingX,pixelSpacingY,pixelSpacingZ,tra_UL_x,tra_UL_y,tra_LL_x,tra_LL_y,tra_LR_x,tra_LR_y,tra_UR_x,tra_UR_y,cor_UL_x,cor_UL_y,cor_LL_x,cor_LL_y,cor_LR_x,cor_LR_y,cor_UR_x,cor_UR_y,Dirty
./data/train/PICAI/11333/,11,0,0.5625,0.5625,3.599999963599146,59.865383317092935,21.07752506570219,275.78584038831445,172.8779078654659,197.1346166829071,284.92247493429784,-17.801032635302278,133.29574031220102,169.0010081909447,23.23716875573752,260.30512689483203,87.06159909167121,106.9989918090553,305.76283124426243,14.883713529822742,240.7799449776496,True
./data/train/PICAI/11333/,10,0,0.5625,0.5625,3.599999963599146,59.865383317092935,21.07752506570219,275.78584038831445,172.8779078654659,197.1346166829071,284.92247493429784,-17.801032635302278,133.29574031220102,169.0010081909447,23.23716875573752,260.30512689483203,87.06159909167121,106.9989918090553,305.76283124426243,14.883713529822742,240.7799449776496,True
./data/train/PICAI/11333/,12,0,0.5625,0.5625,3.599999963599146,59.865383317092935,21.07752506570219,275.78584038831445,172.8779078654659,197.1346166829071,284.92247493429784,-17.801032635302278,133.29574031220102,169.0010081909447,23.23716875573752,260.30512689483203,87.06159909167121,106.9989918090553,305.76283124426243,14.883713529822742,240.7799449776496,True
