path,curFrame,Deleted,pixelSpacingX,pixelSpacingY,pixelSpacingZ,tra_UL_x,tra_UL_y,tra_LL_x,tra_LL_y,tra_LR_x,tra_LR_y,tra_UR_x,tra_UR_y,cor_UL_x,cor_UL_y,cor_LL_x,cor_LL_y,cor_LR_x,cor_LR_y,cor_UR_x,cor_UR_y,Dirty
./data/train/PICAI/10125/,10,0,0.5625,0.5625,3.6000000635782774,17.327434975795114,108.35532796447887,276.56904933385584,173.61469805817904,244.6725650242049,300.6446720355211,-13.57452743848762,235.2807734785533,123.5638936221679,71.5426809660016,229.9717304492709,98.56808127342757,167.4361063778321,345.4573190339984,62.02279144609729,318.32739026330466,True
./data/train/PICAI/10125/,9,0,0.5625,0.5625,3.6000000635782774,22.51504262416244,102.53792850690648,277.9859638219113,181.2755206873484,239.4849573758376,306.4620714930935,-14.98733428715684,227.67214335640864,130.76174854969292,70.58232910831362,235.609356966646,103.13964793596412,160.23825145030708,346.4176708916863,56.38927256810855,313.8080161077928,True
./data/train/PICAI/10125/,11,0,0.5625,0.5625,3.6000000635782774,22.51504262416244,102.53792850690648,277.9859638219113,181.2755206873484,239.4849573758376,306.4620714930935,-14.98733428715684,227.67214335640864,130.76174854969292,70.58232910831362,235.609356966646,103.13964793596412,160.23825145030708,346.4176708916863,56.38927256810855,313.8080161077928,True
