path,curFrame,Deleted,pixelSpacingX,pixelSpacingY,pixelSpacingZ,tra_UL_x,tra_UL_y,tra_LL_x,tra_LL_y,tra_LR_x,tra_LR_y,tra_UR_x,tra_UR_y,cor_UL_x,cor_UL_y,cor_LL_x,cor_LL_y,cor_LR_x,cor_LR_y,cor_UR_x,cor_UR_y,Dirty
./data/train/PICAI/11357/,13,0,0.3125,0.3125,3.300000071525583,543.3689713342421,382.6606037603022,40.66858375246997,494.61291648825176,-20.36897133424196,221.339396239698,482.33141624752994,109.38708351174844,121.89207242184438,76.54703981911052,331.6065874050138,29.15693319996484,446.1079275781557,538.4529601808892,236.3934125949862,585.8430668000351,True
./data/train/PICAI/11357/,12,0,0.3125,0.3125,3.300000071525583,543.3689713342421,382.6606037603022,40.66858375246997,494.61291648825176,-20.36897133424196,221.339396239698,482.33141624752994,109.38708351174844,121.89207242184438,76.54703981911052,331.6065874050138,29.15693319996484,446.1079275781557,538.4529601808892,236.3934125949862,585.8430668000351,True
./data/train/PICAI/11357/,14,0,0.3125,0.3125,3.300000071525583,543.3689713342421,382.6606037603022,40.66858375246997,494.61291648825176,-20.36897133424196,221.339396239698,482.33141624752994,109.38708351174844,121.89207242184438,76.54703981911052,331.6065874050138,29.15693319996484,446.1079275781557,538.4529601808892,236.3934125949862,585.8430668000351,True
