path,curFrame,Deleted,pixelSpacingX,pixelSpacingY,pixelSpacingZ,tra_UL_x,tra_UL_y,tra_LL_x,tra_LL_y,tra_LR_x,tra_LR_y,tra_UR_x,tra_UR_y,cor_UL_x,cor_UL_y,cor_LL_x,cor_LL_y,cor_LR_x,cor_LR_y,cor_UR_x,cor_UR_y,Dirty
./data/train/PICAI/11123/,8,0,0.5625,0.5625,3.6000000635782774,45.44486561791658,85.51490141039908,284.32115950093066,177.0469516480938,238.55513438208348,296.4850985896009,0.6733623944374756,204.84851988863852,153.5568062875437,51.865367583437234,251.60460157114105,89.64398165554631,158.71067832231563,334.69646383730526,59.661979237040526,297.0390521694629,True
./data/train/PICAI/11123/,7,0,0.5625,0.5625,3.6000000635782774,45.44486561791658,85.51490141039908,284.32115950093066,177.0469516480938,238.55513438208348,296.4850985896009,0.6733623944374756,204.84851988863852,153.5568062875437,51.865367583437234,251.60460157114105,89.64398165554631,158.71067832231563,334.69646383730526,59.661979237040526,297.0390521694629,True
./data/train/PICAI/11123/,9,0,0.5625,0.5625,3.6000000635782774,45.44486561791658,85.51490141039908,284.32115950093066,177.0469516480938,238.55513438208348,296.4850985896009,0.6733623944374756,204.84851988863852,153.5568062875437,51.865367583437234,251.60460157114105,89.64398165554631,158.71067832231563,334.69646383730526,59.661979237040526,297.0390521694629,True
