path,curFrame,Deleted,pixelSpacingX,pixelSpacingY,pixelSpacingZ,tra_UL_x,tra_UL_y,tra_LL_x,tra_LL_y,tra_LR_x,tra_LR_y,tra_UR_x,tra_UR_y,cor_UL_x,cor_UL_y,cor_LL_x,cor_LL_y,cor_LR_x,cor_LR_y,cor_UR_x,cor_UR_y,Dirty
./data/train/PICAI/11118/,11,0,0.5625,0.5625,3.6,90.40476647616867,12.09532886494216,310.0389081629402,193.10870904860525,193.59523352383127,337.9046711350579,-25.07298233665088,157.15010999649735,141.64191427137024,7.520309818711028,283.476186186979,122.872170444604,103.42873182960504,342.76513117647784,-38.40554008600341,227.4132705505848,True
./data/train/PICAI/11118/,10,0,0.5625,0.5625,3.6,81.94970421024719,15.01886993909801,310.75635328380747,184.2894147474869,202.0502957897528,334.98113006090205,-25.77820568307348,165.91849694333092,132.84305020151666,6.750068784813038,280.51999310711363,114.52081144599794,112.22759589945862,343.53537221037584,-35.44934700613804,235.7646295491909,True
./data/train/PICAI/11118/,12,0,0.5625,0.5625,3.6,90.40476647616867,12.09532886494216,310.0389081629402,193.10870904860525,193.59523352383127,337.9046711350579,-25.07298233665088,157.15010999649735,141.64191427137024,7.520309818711028,283.476186186979,122.872170444604,103.42873182960504,342.76513117647784,-38.40554008600341,227.4132705505848,True
