path,curFrame,Deleted,pixelSpacingX,pixelSpacingY,pixelSpacingZ,tra_UL_x,tra_UL_y,tra_LL_x,tra_LL_y,tra_LR_x,tra_LR_y,tra_UR_x,tra_UR_y,cor_UL_x,cor_UL_y,cor_LL_x,cor_LL_y,cor_LR_x,cor_LR_y,cor_UR_x,cor_UR_y,Dirty,h_par_cor,h_orth_cor,h_par_tra,h_orth_tra
./data/train/PICAI/10307/,-1,0,-1.0,-1.0,-1.0,-1.0,-1.0,-1.0,-1.0,-1.0,-1.0,-1.0,-1.0,-1.0,-1.0,-1.0,-1.0,-1.0,-1.0,-1.0,-1.0,False,80.0,60.0,30.0,160.0
./data/train/PICAI/10307/,17,0,0.392857134342,0.392857134342,3.3,102.8190911290423,131.27300628905172,499.3339429353719,338.4371255206516,396.18090887095775,537.7269937109482,-0.3339429353719083,330.5628744793484,290.7979124487632,110.970724492975,452.2988862588328,195.4422312772111,246.2020875512368,591.0292755070251,85.69867779142706,506.6275251965331,True,,,,
./data/train/PICAI/10307/,16,0,0.392857134342,0.392857134342,3.3,102.8190911290423,131.27300628905172,499.3339429353719,338.4371255206516,396.18090887095775,537.7269937109482,-0.3339429353719083,330.5628744793484,290.7979124487632,110.970724492975,452.2988862588328,195.4422312772111,246.2020875512368,591.0292755070251,85.69867779142706,506.6275251965331,True,,,,
./data/train/PICAI/10307/,18,0,0.392857134342,0.392857134342,3.3,102.8190911290423,131.27300628905172,499.3339429353719,338.4371255206516,396.18090887095775,537.7269937109482,-0.3339429353719083,330.5628744793484,290.7979124487632,110.970724492975,452.2988862588328,195.4422312772111,246.2020875512368,591.0292755070251,85.69867779142706,506.6275251965331,True,,,,
