path,curFrame,Deleted,pixelSpacingX,pixelSpacingY,pixelSpacingZ,tra_UL_x,tra_UL_y,tra_LL_x,tra_LL_y,tra_LR_x,tra_LR_y,tra_UR_x,tra_UR_y,cor_UL_x,cor_UL_y,cor_LL_x,cor_LL_y,cor_LR_x,cor_LR_y,cor_UR_x,cor_UR_y,Dirty
./data/train/PICAI/10192/,9,0,0.5625,0.5625,3.6000000635782783,42.46216550303295,50.40831501380839,295.1324232604948,139.7545004095926,250.53783449696704,264.59168498619164,-1.1337937257401336,175.29783554665036,148.37581452868312,28.329007088973785,253.6067601038913,64.88646998436059,166.62418547131688,310.67099291102613,61.39323989610871,274.1135300156394,True
./data/train/PICAI/10192/,10,0,0.5625,0.5625,3.6000000635782783,42.46216550303295,50.40831501380839,295.1324232604948,139.7545004095926,250.53783449696704,264.59168498619164,-1.1337937257401336,175.29783554665036,148.37581452868312,28.329007088973785,253.6067601038913,64.88646998436059,166.62418547131688,310.67099291102613,61.39323989610871,274.1135300156394,True
./data/train/PICAI/10192/,11,0,0.5625,0.5625,3.6000000635782783,42.46216550303295,50.40831501380839,295.1324232604948,139.7545004095926,250.53783449696704,264.59168498619164,-1.1337937257401336,175.29783554665036,148.37581452868312,28.329007088973785,253.6067601038913,64.88646998436059,166.62418547131688,310.67099291102613,61.39323989610871,274.1135300156394,True
