path,curFrame,Deleted,pixelSpacingX,pixelSpacingY,pixelSpacingZ,tra_UL_x,tra_UL_y,tra_LL_x,tra_LL_y,tra_LR_x,tra_LR_y,tra_UR_x,tra_UR_y,cor_UL_x,cor_UL_y,cor_LL_x,cor_LL_y,cor_LR_x,cor_LR_y,cor_UR_x,cor_UR_y,Dirty
./data/train/PICAI/10964/,9,0,0.5625,0.5625,3.0,289.08207839720126,190.1991942556864,34.48207860203398,260.08367110355914,-1.0820783972012862,128.80080574431372,253.517921397966,58.91632889644083,68.12119348521227,52.93976589416734,175.09687909018277,23.305281094418632,243.87880651478773,274.0602341058327,135.6662218580619,303.0090945654599,True
./data/train/PICAI/10964/,8,0,0.5625,0.5625,3.0,290.48992013828297,182.56411277026515,39.89631171669171,265.6775498201564,-2.4899201382829688,136.435887229735,248.10368828330823,53.32245017984352,62.45535276097782,57.69050622497562,167.73348280695924,22.49795965583041,249.54464723902225,269.30949377502435,142.99543046298425,303.88208992302725,True
./data/train/PICAI/10964/,10,0,0.5625,0.5625,3.0,290.065084743724,185.1172016193952,38.05911345867851,263.8445185854958,-2.065084743724043,133.88279838060492,249.94088654132145,55.1554814145042,64.31623035413095,56.074042319729614,170.19252065726803,22.72421246040548,247.68376964586903,270.9259576802704,140.54740583206183,303.6337480176742,True
