path,curFrame,Deleted,pixelSpacingX,pixelSpacingY,pixelSpacingZ,tra_UL_x,tra_UL_y,tra_LL_x,tra_LL_y,tra_LR_x,tra_LR_y,tra_UR_x,tra_UR_y,cor_UL_x,cor_UL_y,cor_LL_x,cor_LL_y,cor_LR_x,cor_LR_y,cor_UR_x,cor_UR_y,Dirty
./data/train/PICAI/10334/,8,0,0.5625,0.5625,3.5999999576145,81.53128168709605,-1.940196502497912,301.4143763439105,150.77006734424685,213.468718312904,275.9401965024979,-5.416812293650651,123.2996891294973,180.3210791300299,1.4429638794500477,282.5960181882071,72.7510057867002,128.6789208699701,295.5570361205499,25.476174235277227,223.1816736892959,True
./data/train/PICAI/10334/,9,0,0.5625,0.5625,3.5999999576145,81.53128168709605,-1.940196502497912,301.4143763439105,150.77006734424685,213.468718312904,275.9401965024979,-5.416812293650651,123.2996891294973,180.3210791300299,1.4429638794500477,282.5960181882071,72.7510057867002,128.6789208699701,295.5570361205499,25.476174235277227,223.1816736892959,True
./data/train/PICAI/10334/,10,0,0.5625,0.5625,3.5999999576145,81.53128168709605,-1.940196502497912,301.4143763439105,150.77006734424685,213.468718312904,275.9401965024979,-5.416812293650651,123.2996891294973,180.3210791300299,1.4429638794500477,282.5960181882071,72.7510057867002,128.6789208699701,295.5570361205499,25.476174235277227,223.1816736892959,True
