path,curFrame,Deleted,pixelSpacingX,pixelSpacingY,pixelSpacingZ,tra_UL_x,tra_UL_y,tra_LL_x,tra_LL_y,tra_LR_x,tra_LR_y,tra_UR_x,tra_UR_y,cor_UL_x,cor_UL_y,cor_LL_x,cor_LL_y,cor_LR_x,cor_LR_y,cor_UR_x,cor_UR_y,Dirty
./data/train/PICAI/11371/,10,0,0.5625,0.5625,3.600000010596389,30.826400746191283,36.94034604513544,271.5992743264084,160.20195137268593,214.1735992538088,275.05965395486453,-25.60672817476714,151.91991797071927,150.09152347015538,27.55606139659432,242.1030731601835,74.11650301433986,123.90847652984463,306.4439386034056,32.018796183221696,258.8909508340189,True
./data/train/PICAI/11371/,9,0,0.5625,0.5625,3.600000010596389,22.74453140138742,43.625196397630006,271.52918929845544,149.79107601551314,222.2554685986126,268.37480360237,-25.530559763700893,162.2612599407298,140.33251573499382,26.982521309387835,235.36782213768447,67.01114278136349,133.66748426500618,307.01747869061217,38.68451381855847,265.990227683882,True
./data/train/PICAI/11371/,11,0,0.5625,0.5625,3.600000010596389,17.0,49.0,271.0,142.0,228.0,263.0,-25.0,170.0,133.0,27.0,230.0,62.0,141.0,307.0,44.0,271.0,True
