path,curFrame,Deleted,pixelSpacingX,pixelSpacingY,pixelSpacingZ,tra_UL_x,tra_UL_y,tra_LL_x,tra_LL_y,tra_LR_x,tra_LR_y,tra_UR_x,tra_UR_y,cor_UL_x,cor_UL_y,cor_LL_x,cor_LL_y,cor_LR_x,cor_LR_y,cor_UR_x,cor_UR_y,Dirty
./data/train/PICAI/10546/,8,0,0.5625,0.5625,3.600000042321438,37.13441085575715,58.944624791545436,286.8419463259779,136.47621015769502,250.86558914424285,253.05537520845454,1.0708979312744873,174.52759514421325,148.66214283898796,36.32037776257775,239.46488300997726,64.5136815320867,167.33785716101204,295.6796222374222,76.53511699002276,267.48631846791335,True
./data/train/PICAI/10546/,9,0,0.5625,0.5625,3.600000042321438,37.13441085575715,58.944624791545436,286.8419463259779,136.47621015769502,250.86558914424285,253.05537520845454,1.0708979312744873,174.52759514421325,148.66214283898796,36.32037776257775,239.46488300997726,64.5136815320867,167.33785716101204,295.6796222374222,76.53511699002276,267.48631846791335,True
./data/train/PICAI/10546/,10,0,0.5625,0.5625,3.600000042321438,37.13441085575715,58.944624791545436,286.8419463259779,136.47621015769502,250.86558914424285,253.05537520845454,1.0708979312744873,174.52759514421325,148.66214283898796,36.32037776257775,239.46488300997726,64.5136815320867,167.33785716101204,295.6796222374222,76.53511699002276,267.48631846791335,True
