path,curFrame,Deleted,pixelSpacingX,pixelSpacingY,pixelSpacingZ,tra_UL_x,tra_UL_y,tra_LL_x,tra_LL_y,tra_LR_x,tra_LR_y,tra_UR_x,tra_UR_y,cor_UL_x,cor_UL_y,cor_LL_x,cor_LL_y,cor_LR_x,cor_LR_y,cor_UR_x,cor_UR_y,Dirty,h_par_cor,h_orth_cor,h_par_tra,h_orth_tra
./data/train/PICAI/10932/,16,0,0.392857134342,0.392857134342,3.2999998728434234,58.96393919538929,134.22762076273793,445.277569371908,304.5413874988419,361.0360608046108,493.7723792372621,-23.288525581171456,323.66766942769334,242.0935885455617,97.2669436642544,387.144500046056,161.78231449071544,212.90641145443828,556.7330563357456,66.86097805857577,492.1131570460169,True,,,,
./data/train/PICAI/10932/,15,0,0.392857134342,0.392857134342,3.2999998728434234,58.96393919538929,134.22762076273793,445.277569371908,304.5413874988419,361.0360608046108,493.7723792372621,-23.288525581171456,323.66766942769334,242.0935885455617,97.2669436642544,387.144500046056,161.78231449071544,212.90641145443828,556.7330563357456,66.86097805857577,492.1131570460169,True,,,,
./data/train/PICAI/10932/,-1,0,-1.0,-1.0,-1.0,-1.0,-1.0,-1.0,-1.0,-1.0,-1.0,-1.0,-1.0,-1.0,-1.0,-1.0,-1.0,-1.0,-1.0,-1.0,-1.0,False,80.0,60.0,30.0,160.0
./data/train/PICAI/10932/,17,0,0.392857134342,0.392857134342,3.2999998728434234,58.96393919538929,134.22762076273793,445.277569371908,304.5413874988419,361.0360608046108,493.7723792372621,-23.288525581171456,323.66766942769334,242.0935885455617,97.2669436642544,387.144500046056,161.78231449071544,212.90641145443828,556.7330563357456,66.86097805857577,492.1131570460169,True,,,,
