path,curFrame,Deleted,pixelSpacingX,pixelSpacingY,pixelSpacingZ,tra_UL_x,tra_UL_y,tra_LL_x,tra_LL_y,tra_LR_x,tra_LR_y,tra_UR_x,tra_UR_y,cor_UL_x,cor_UL_y,cor_LL_x,cor_LL_y,cor_LR_x,cor_LR_y,cor_UR_x,cor_UR_y,Dirty
./data/train/PICAI/10177/,9,0,0.5625,0.5625,3.600000169542111,36.22149632799254,46.7930100979391,303.0404600849273,129.3620150554628,260.77850367200745,268.20698990206085,-5.131421129583202,186.72133538537665,137.68361252245168,19.497512478620536,260.85093942782487,57.376392913302624,182.31638747754832,312.50248752137946,59.149060572175145,274.62360708669735,True
./data/train/PICAI/10177/,8,0,0.5625,0.5625,3.600000169542111,40.15351158779666,42.94198653632172,303.9283197249739,134.772540232765,256.84648841220337,272.05801346367826,-6.057642916737763,181.3418752622815,142.81007014289497,18.80792714446937,264.58041297776265,60.96221050783369,177.18992985710503,313.19207285553057,55.41958702223742,271.03778949216627,True
./data/train/PICAI/10177/,10,0,0.5625,0.5625,3.600000169542111,32.42627512973512,50.77891307364765,301.9643166994001,123.98577167849118,264.57372487026487,264.2210869263523,-4.018023120888529,192.06519381250632,132.5843439825738,20.36558852683825,256.99859454309063,53.92291645182273,187.4156560174262,311.6344114731617,63.00140545690935,278.07708354817726,True
