path,curFrame,Deleted,pixelSpacingX,pixelSpacingY,pixelSpacingZ,tra_UL_x,tra_UL_y,tra_LL_x,tra_LL_y,tra_LR_x,tra_LR_y,tra_UR_x,tra_UR_y,cor_UL_x,cor_UL_y,cor_LL_x,cor_LL_y,cor_LR_x,cor_LR_y,cor_UR_x,cor_UR_y,Dirty
./data/train/PICAI/11003/,10,0,0.5625,0.5625,3.600000021636207,69.2169021531326,26.20584900233212,274.9554180132885,180.42861999176924,197.7830978468674,283.7941509976679,-7.0847412050523815,130.68579550327723,173.98847347796703,28.240913875686857,260.70686718837334,93.29412434440216,104.011526522033,302.7590861243131,17.17126346822147,238.6984218072392,True
./data/train/PICAI/11003/,9,0,0.5625,0.5625,3.600000021636207,69.2169021531326,26.20584900233212,274.9554180132885,180.42861999176924,197.7830978468674,283.7941509976679,-7.0847412050523815,130.68579550327723,173.98847347796703,28.240913875686857,260.70686718837334,93.29412434440216,104.011526522033,302.7590861243131,17.17126346822147,238.6984218072392,True
./data/train/PICAI/11003/,8,0,0.5625,0.5625,3.600000021636207,69.2169021531326,26.20584900233212,274.9554180132885,180.42861999176924,197.7830978468674,283.7941509976679,-7.0847412050523815,130.68579550327723,173.98847347796703,28.240913875686857,260.70686718837334,93.29412434440216,104.011526522033,302.7590861243131,17.17126346822147,238.6984218072392,True
