path,curFrame,Deleted,pixelSpacingX,pixelSpacingY,pixelSpacingZ,tra_UL_x,tra_UL_y,tra_LL_x,tra_LL_y,tra_LR_x,tra_LR_y,tra_UR_x,tra_UR_y,cor_UL_x,cor_UL_y,cor_LL_x,cor_LL_y,cor_LR_x,cor_LR_y,cor_UR_x,cor_UR_y,Dirty
./data/train/PICAI/11214/,11,0,0.3125,0.3125,3.3000001040371814,93.13152113281136,86.05369515569015,591.0630754975275,338.618869255244,472.8684788671885,570.94630484431,-23.07798319424484,318.6248694315664,317.455221197706,54.3122575443598,506.3191819925639,149.03503364851815,260.544778802294,632.6877424556402,72.79523350248257,537.0942895432458,True
./data/train/PICAI/11214/,10,0,0.3125,0.3125,3.3000001040371814,119.51418019660936,67.53518106224863,588.3177638835236,370.7647969019726,446.4858198033905,589.4648189377515,-20.369023753953115,286.68510520671515,347.52769083339604,58.87083879948193,525.4558088672437,172.816373213663,230.4723091666039,628.1291612005182,53.743512251885306,513.4342077758957,True
./data/train/PICAI/11214/,12,0,0.3125,0.3125,3.3000001040371814,93.13152113281136,86.05369515569015,591.0630754975275,338.618869255244,472.8684788671885,570.94630484431,-23.07798319424484,318.6248694315664,317.455221197706,54.3122575443598,506.3191819925639,149.03503364851815,260.544778802294,632.6877424556402,72.79523350248257,537.0942895432458,True
