path,curFrame,Deleted,pixelSpacingX,pixelSpacingY,pixelSpacingZ,tra_UL_x,tra_UL_y,tra_LL_x,tra_LL_y,tra_LR_x,tra_LR_y,tra_UR_x,tra_UR_y,cor_UL_x,cor_UL_y,cor_LL_x,cor_LL_y,cor_LR_x,cor_LR_y,cor_UR_x,cor_UR_y,Dirty
./data/train/PICAI/11127/,12,0,0.5625,0.5625,3.6000001213767274,39.73389398280814,41.26990603526485,269.2544757649346,170.63876835690024,206.26610601719185,282.73009396473515,-22.28418003865864,153.60315353869942,153.49760712893868,34.18388303373169,243.7533666797477,85.54435292942644,118.50239287106128,306.8161169662682,28.2466333202523,255.4556470705736,True
./data/train/PICAI/11127/,11,0,0.5625,0.5625,3.6000001213767274,39.73389398280814,41.26990603526485,269.2544757649346,170.63876835690024,206.26610601719185,282.73009396473515,-22.28418003865864,153.60315353869942,153.49760712893868,34.18388303373169,243.7533666797477,85.54435292942644,118.50239287106128,306.8161169662682,28.2466333202523,255.4556470705736,True
./data/train/PICAI/11127/,13,0,0.5625,0.5625,3.6000001213767274,39.73389398280814,41.26990603526485,269.2544757649346,170.63876835690024,206.26610601719185,282.73009396473515,-22.28418003865864,153.60315353869942,153.49760712893868,34.18388303373169,243.7533666797477,85.54435292942644,118.50239287106128,306.8161169662682,28.2466333202523,255.4556470705736,True
