path,curFrame,Deleted,pixelSpacingX,pixelSpacingY,pixelSpacingZ,tra_UL_x,tra_UL_y,tra_LL_x,tra_LL_y,tra_LR_x,tra_LR_y,tra_UR_x,tra_UR_y,cor_UL_x,cor_UL_y,cor_LL_x,cor_LL_y,cor_LR_x,cor_LR_y,cor_UR_x,cor_UR_y,Dirty,h_par_cor,h_orth_cor,h_par_tra,h_orth_tra
./data/train/PICAI/10905/,13,0,0.392857134342,0.392857134342,3.299999872843397,66.58733114689747,209.38478312496028,455.7894068388158,400.4102900006193,365.41266885310256,583.6152168750398,-21.808870701332552,392.8680562013009,271.75433381537,177.89186990217212,415.4555983170454,247.56931661643898,227.24566618463,631.1081300978278,83.68357478391457,560.4404153148195,True,,,,
./data/train/PICAI/10905/,14,0,0.392857134342,0.392857134342,3.299999872843397,66.58733114689747,209.38478312496028,455.7894068388158,400.4102900006193,365.41266885310256,583.6152168750398,-21.808870701332552,392.8680562013009,271.75433381537,177.89186990217212,415.4555983170454,247.56931661643898,227.24566618463,631.1081300978278,83.68357478391457,560.4404153148195,True,,,,
./data/train/PICAI/10905/,15,0,0.392857134342,0.392857134342,3.299999872843397,66.58733114689747,209.38478312496028,455.7894068388158,400.4102900006193,365.41266885310256,583.6152168750398,-21.808870701332552,392.8680562013009,271.75433381537,177.89186990217212,415.4555983170454,247.56931661643898,227.24566618463,631.1081300978278,83.68357478391457,560.4404153148195,True,,,,
./data/train/PICAI/10905/,-1,0,-1.0,-1.0,-1.0,-1.0,-1.0,-1.0,-1.0,-1.0,-1.0,-1.0,-1.0,-1.0,-1.0,-1.0,-1.0,-1.0,-1.0,-1.0,-1.0,False,80.0,60.0,30.0,160.0
