path,curFrame,Deleted,pixelSpacingX,pixelSpacingY,pixelSpacingZ,tra_UL_x,tra_UL_y,tra_LL_x,tra_LL_y,tra_LR_x,tra_LR_y,tra_UR_x,tra_UR_y,cor_UL_x,cor_UL_y,cor_LL_x,cor_LL_y,cor_LR_x,cor_LR_y,cor_UR_x,cor_UR_y,Dirty,h_par_cor,h_orth_cor,h_par_tra,h_orth_tra
./data/train/PICAI/10970/,-1,0,-1.0,-1.0,-1.0,-1.0,-1.0,-1.0,-1.0,-1.0,-1.0,-1.0,-1.0,-1.0,-1.0,-1.0,-1.0,-1.0,-1.0,-1.0,-1.0,False,80.0,60.0,30.0,160.0
./data/train/PICAI/10970/,15,0,0.39285713434219,0.39285713434219,3.3000000095079085,76.49764749818118,123.14174960099557,454.6176609929655,321.85323742871094,354.5023525018188,513.8582503990044,-22.62146629487364,315.2339183140367,262.36970934054835,99.45695297439131,411.2019200089188,176.72255377815003,208.6302906594516,564.5430470256088,59.88523573382881,486.2812515237582,True,,,,
./data/train/PICAI/10970/,16,0,0.39285713434219,0.39285713434219,3.3000000095079085,76.49764749818118,123.14174960099557,454.6176609929655,321.85323742871094,354.5023525018188,513.8582503990044,-22.62146629487364,315.2339183140367,262.36970934054835,99.45695297439131,411.2019200089188,176.72255377815003,208.6302906594516,564.5430470256088,59.88523573382881,486.2812515237582,True,,,,
./data/train/PICAI/10970/,17,0,0.39285713434219,0.39285713434219,3.3000000095079085,76.49764749818118,123.14174960099557,454.6176609929655,321.85323742871094,354.5023525018188,513.8582503990044,-22.62146629487364,315.2339183140367,262.36970934054835,99.45695297439131,411.2019200089188,176.72255377815003,208.6302906594516,564.5430470256088,59.88523573382881,486.2812515237582,True,,,,
