path,curFrame,Deleted,pixelSpacingX,pixelSpacingY,pixelSpacingZ,tra_UL_x,tra_UL_y,tra_LL_x,tra_LL_y,tra_LR_x,tra_LR_y,tra_UR_x,tra_UR_y,cor_UL_x,cor_UL_y,cor_LL_x,cor_LL_y,cor_LR_x,cor_LR_y,cor_UR_x,cor_UR_y,Dirty
./data/train/PICAI/10880/,7,0,0.5625,0.5625,3.6000000635782783,56.663838026212105,49.27843894286724,271.7106452728525,203.60235378767143,190.3361619737879,317.7215610571328,-23.716123377484223,163.50217467559614,152.88183299169373,48.03771052154866,251.0349242093033,118.68451288674872,99.11816700830629,329.96228947845134,1.855069222797411,260.4145374718872,True
./data/train/PICAI/10880/,8,0,0.5625,0.5625,3.6000000635782783,61.3888177377518,47.027654676906025,270.9187973225445,208.76258490286688,185.6111822622482,319.97234532309403,-22.928529253802992,158.37658819809312,157.7849702621882,49.06174338147613,253.41273142244924,123.09100310677728,94.2150297378118,328.9382566185239,-0.5616364546676493,256.0384380629243,True
./data/train/PICAI/10880/,9,0,0.5625,0.5625,3.6000000635782783,73.51951815928746,42.133626929986576,268.1560449408453,221.5148479159414,173.48048184071254,324.86637307001354,-20.18167487606007,145.71010313840242,169.86044154859553,52.36449338783771,258.6722350904134,134.44655798105765,82.13955845140447,325.6355066121622,-5.922816079971938,244.75276313807143,True
