path,curFrame,Deleted,pixelSpacingX,pixelSpacingY,pixelSpacingZ,tra_UL_x,tra_UL_y,tra_LL_x,tra_LL_y,tra_LR_x,tra_LR_y,tra_UR_x,tra_UR_y,cor_UL_x,cor_UL_y,cor_LL_x,cor_LL_y,cor_LR_x,cor_LR_y,cor_UR_x,cor_UR_y,Dirty
./data/train/PICAI/10091/,12,0,0.5625,0.5625,3.599999947981409,18.861819969032737,77.89236622690638,273.5617110188412,109.08476112078662,257.1381800309672,246.1076337730937,3.430835132800212,214.79336953580827,107.11345735970828,35.90746834023585,220.576552463834,49.17871731658019,187.88654264029176,308.0925316597641,75.29412434440215,293.70686718837334,True
./data/train/PICAI/10091/,11,0,0.5625,0.5625,3.599999947981409,20.3478458999964,75.8259282868158,274.4645625692912,111.45869844600304,255.6521541000036,248.17407171318428,2.5299593260772326,212.43677309072936,109.4947506013741,35.22335353523155,222.70894949547903,50.47278528746541,185.50524939862595,308.7766464647684,73.18104393662153,292.42816435389864,True
./data/train/PICAI/10091/,13,0,0.5625,0.5625,3.599999947981409,25.01908653469748,69.7865888682897,276.9226699756491,118.66996691858029,250.98091346530248,254.2134111317104,0.0759595591055983,205.2776971251768,116.70517205925536,33.421760106068774,228.96612123557256,54.57546640147554,178.2948279407447,310.57823989393114,66.98017234293904,288.3735681075269,True
