path,curFrame,Deleted,pixelSpacingX,pixelSpacingY,pixelSpacingZ,tra_UL_x,tra_UL_y,tra_LL_x,tra_LL_y,tra_LR_x,tra_LR_y,tra_UR_x,tra_UR_y,cor_UL_x,cor_UL_y,cor_LL_x,cor_LL_y,cor_LR_x,cor_LR_y,cor_UR_x,cor_UR_y,Dirty
./data/train/PICAI/11344/,10,0,0.5625,0.5625,3.600000062597722,41.10121190865185,35.44127590906172,285.0871753503551,174.75333440876213,217.8987880913482,293.5587240909383,-26.087175350354983,154.24666559123787,162.24482022406033,31.485582548581505,254.7144349910732,84.87444229329081,120.75517977593968,319.51441745141847,27.156123839225188,266.97665267449065,True
./data/train/PICAI/11344/,9,0,0.5625,0.5625,3.600000062597722,41.10121190865185,35.44127590906172,285.0871753503551,174.75333440876213,217.8987880913482,293.5587240909383,-26.087175350354983,154.24666559123787,162.24482022406033,31.485582548581505,254.7144349910732,84.87444229329081,120.75517977593968,319.51441745141847,27.156123839225188,266.97665267449065,True
./data/train/PICAI/11344/,11,0,0.5625,0.5625,3.600000062597722,41.10121190865185,35.44127590906172,285.0871753503551,174.75333440876213,217.8987880913482,293.5587240909383,-26.087175350354983,154.24666559123787,162.24482022406033,31.485582548581505,254.7144349910732,84.87444229329081,120.75517977593968,319.51441745141847,27.156123839225188,266.97665267449065,True
