path,curFrame,Deleted,pixelSpacingX,pixelSpacingY,pixelSpacingZ,tra_UL_x,tra_UL_y,tra_LL_x,tra_LL_y,tra_LR_x,tra_LR_y,tra_UR_x,tra_UR_y,cor_UL_x,cor_UL_y,cor_LL_x,cor_LL_y,cor_LR_x,cor_LR_y,cor_UR_x,cor_UR_y,Dirty
./data/train/PICAI/10674/,15,0,0.392857134342,0.392857134342,3.2999999030597933,52,111,458,247,395,437,-10,301,232,53,373,101,231,526,89,478,True
./data/train/PICAI/10674/,14,0,0.392857134342,0.392857134342,3.2999999030597933,52,111,458,247,395,437,-10,301,232,53,373,101,231,526,89,478,True
./data/train/PICAI/10674/,16,0,0.392857134342,0.392857134342,3.2999999030597933,52,111,458,247,395,437,-10,301,232,53,373,101,231,526,89,478,True
