path,curFrame,Deleted,pixelSpacingX,pixelSpacingY,pixelSpacingZ,tra_UL_x,tra_UL_y,tra_LL_x,tra_LL_y,tra_LR_x,tra_LR_y,tra_UR_x,tra_UR_y,cor_UL_x,cor_UL_y,cor_LL_x,cor_LL_y,cor_LR_x,cor_LR_y,cor_UR_x,cor_UR_y,Dirty
./data/train/PICAI/10095/,17,0,0.392857134342,0.392857134342,3.299999999999983,42.89894495015716,113.81381136231349,468.6173028595576,248.2640986023325,405.1010550498429,449.18618863768654,-19.634907570838493,315.7532014992612,244.1819074571181,54.80086952314096,398.3554895102437,103.49898649811392,262.81809254288186,534.1991304768591,108.64451048975629,485.50101350188606,True
./data/train/PICAI/10095/,16,0,0.392857134342,0.392857134342,3.299999999999983,42.89894495015716,113.81381136231349,468.6173028595576,248.2640986023325,405.1010550498429,449.18618863768654,-19.634907570838493,315.7532014992612,244.1819074571181,54.80086952314096,398.3554895102437,103.49898649811392,262.81809254288186,534.1991304768591,108.64451048975629,485.50101350188606,True
./data/train/PICAI/10095/,18,0,0.392857134342,0.392857134342,3.299999999999983,42.89894495015716,113.81381136231349,468.6173028595576,248.2640986023325,405.1010550498429,449.18618863768654,-19.634907570838493,315.7532014992612,244.1819074571181,54.80086952314096,398.3554895102437,103.49898649811392,262.81809254288186,534.1991304768591,108.64451048975629,485.50101350188606,True
