path,curFrame,Deleted,pixelSpacingX,pixelSpacingY,pixelSpacingZ,tra_UL_x,tra_UL_y,tra_LL_x,tra_LL_y,tra_LR_x,tra_LR_y,tra_UR_x,tra_UR_y,cor_UL_x,cor_UL_y,cor_LL_x,cor_LL_y,cor_LR_x,cor_LR_y,cor_UR_x,cor_UR_y,Dirty
./data/train/PICAI/10176/,9,0,0.5625,0.5625,3.6000000635782774,271.0784481814787,241.7580220027777,6.807973165217192,220.89858685511552,16.92155181852128,85.24197799722232,282.1906563695373,106.15374910112736,115.2936261542884,29.467654479235733,225.03820306480569,37.22186873546872,204.7063738457116,310.53234552076424,94.01550335668271,301.7271657735338,True
./data/train/PICAI/10176/,10,0,0.5625,0.5625,3.6000000635782774,271.0784481814787,241.7580220027777,6.807973165217192,220.89858685511552,16.92155181852128,85.24197799722232,282.1906563695373,106.15374910112736,115.2936261542884,29.467654479235733,225.03820306480569,37.22186873546872,204.7063738457116,310.53234552076424,94.01550335668271,301.7271657735338,True
./data/train/PICAI/10176/,11,0,0.5625,0.5625,3.6000000635782774,271.0784481814787,241.7580220027777,6.807973165217192,220.89858685511552,16.92155181852128,85.24197799722232,282.1906563695373,106.15374910112736,115.2936261542884,29.467654479235733,225.03820306480569,37.22186873546872,204.7063738457116,310.53234552076424,94.01550335668271,301.7271657735338,True
