path,curFrame,Deleted,pixelSpacingX,pixelSpacingY,pixelSpacingZ,tra_UL_x,tra_UL_y,tra_LL_x,tra_LL_y,tra_LR_x,tra_LR_y,tra_UR_x,tra_UR_y,cor_UL_x,cor_UL_y,cor_LL_x,cor_LL_y,cor_LR_x,cor_LR_y,cor_UR_x,cor_UR_y,Dirty
./data/train/PICAI/10845/,8,0,0.5625,0.5625,2.999999991938409,95.7064599364101,-5.7175680855258975,253.5629830888332,150.81459505747983,142.29354006358997,268.71756808552584,-13.708615379699552,112.93461812935202,153.42191733033218,6.023506641435432,236.89711284551024,85.0481340287432,52.57808266966782,276.97649335856465,-31.075083513245147,195.7228916687073,True
./data/train/PICAI/10845/,9,0,0.5625,0.5625,2.999999991938409,95.7064599364101,-5.7175680855258975,253.5629830888332,150.81459505747983,142.29354006358997,268.71756808552584,-13.708615379699552,112.93461812935202,153.42191733033218,6.023506641435432,236.89711284551024,85.0481340287432,52.57808266966782,276.97649335856465,-31.075083513245147,195.7228916687073,True
./data/train/PICAI/10845/,10,0,0.5625,0.5625,2.999999991938409,95.7064599364101,-5.7175680855258975,253.5629830888332,150.81459505747983,142.29354006358997,268.71756808552584,-13.708615379699552,112.93461812935202,153.42191733033218,6.023506641435432,236.89711284551024,85.0481340287432,52.57808266966782,276.97649335856465,-31.075083513245147,195.7228916687073,True
