path,curFrame,Deleted,pixelSpacingX,pixelSpacingY,pixelSpacingZ,tra_UL_x,tra_UL_y,tra_LL_x,tra_LL_y,tra_LR_x,tra_LR_y,tra_UR_x,tra_UR_y,cor_UL_x,cor_UL_y,cor_LL_x,cor_LL_y,cor_LR_x,cor_LR_y,cor_UR_x,cor_UR_y,Dirty
./data/train/PICAI/10729/,9,0,0.5625,0.5625,3.600000066924949,63.61411062182921,16.1064825884157,302.8949671977024,138.60004028153054,230.3858893781708,280.8935174115842,-8.894967197702329,158.39995971846946,164.18204410803423,10.08265657605142,268.674048800906,64.15132546353993,141.81795589196577,312.9173434239486,36.33568313035242,258.7095014355,True
./data/train/PICAI/10729/,10,0,0.5625,0.5625,3.600000066924949,63.61411062182921,16.1064825884157,302.8949671977024,138.60004028153054,230.3858893781708,280.8935174115842,-8.894967197702329,158.39995971846946,164.18204410803423,10.08265657605142,268.674048800906,64.15132546353993,141.81795589196577,312.9173434239486,36.33568313035242,258.7095014355,True
./data/train/PICAI/10729/,11,0,0.5625,0.5625,3.600000066924949,63.61411062182921,16.1064825884157,302.8949671977024,138.60004028153054,230.3858893781708,280.8935174115842,-8.894967197702329,158.39995971846946,164.18204410803423,10.08265657605142,268.674048800906,64.15132546353993,141.81795589196577,312.9173434239486,36.33568313035242,258.7095014355,True
