path,curFrame,Deleted,pixelSpacingX,pixelSpacingY,pixelSpacingZ,tra_UL_x,tra_UL_y,tra_LL_x,tra_LL_y,tra_LR_x,tra_LR_y,tra_UR_x,tra_UR_y,cor_UL_x,cor_UL_y,cor_LL_x,cor_LL_y,cor_LR_x,cor_LR_y,cor_UR_x,cor_UR_y,Dirty,h_par_cor,h_orth_cor,h_par_tra,h_orth_tra
./data/train/PICAI/11008/,-1,0,-1.0,-1.0,-1.0,-1.0,-1.0,-1.0,-1.0,-1.0,-1.0,-1.0,-1.0,-1.0,-1.0,-1.0,-1.0,-1.0,-1.0,-1.0,-1.0,False,80.0,60.0,30.0,160.0
./data/train/PICAI/11008/,14,0,0.392857134342,0.392857134342,3.300000013851436,111.2895811220185,187.13438089065843,438.7973431297341,433.3998186294887,320.7104188779816,590.8656191093414,-5.809654789139216,344.75661583555154,298.8148677618362,204.75377656378532,414.6014317352782,291.9401952494042,181.18513223816385,602.2462234362146,64.41087992412665,514.9033702855555,True,,,,
./data/train/PICAI/11008/,13,0,0.392857134342,0.392857134342,3.300000013851436,111.2895811220185,187.13438089065843,438.7973431297341,433.3998186294887,320.7104188779816,590.8656191093414,-5.809654789139216,344.75661583555154,298.8148677618362,204.75377656378532,414.6014317352782,291.9401952494042,181.18513223816385,602.2462234362146,64.41087992412665,514.9033702855555,True,,,,
./data/train/PICAI/11008/,15,0,0.392857134342,0.392857134342,3.300000013851436,111.2895811220185,187.13438089065843,438.7973431297341,433.3998186294887,320.7104188779816,590.8656191093414,-5.809654789139216,344.75661583555154,298.8148677618362,204.75377656378532,414.6014317352782,291.9401952494042,181.18513223816385,602.2462234362146,64.41087992412665,514.9033702855555,True,,,,
