path,curFrame,Deleted,pixelSpacingX,pixelSpacingY,pixelSpacingZ,tra_UL_x,tra_UL_y,tra_LL_x,tra_LL_y,tra_LR_x,tra_LR_y,tra_UR_x,tra_UR_y,cor_UL_x,cor_UL_y,cor_LL_x,cor_LL_y,cor_LR_x,cor_LR_y,cor_UR_x,cor_UR_y,Dirty
./data/train/PICAI/10596/,10,0,0.5625,0.5625,3.600000029596613,56,41,268,191,184,309,-26,160,131.19121053510577,41.08713885331264,246,122,105,322,-9.808789464894236,241.08713885331264,True
./data/train/PICAI/10596/,9,0,0.5625,0.5625,3.600000029596613,56,41,268,191,184,309,-26,160,131.19121053510577,41.08713885331264,246,122,105,322,-9.808789464894236,241.08713885331264,True
./data/train/PICAI/10596/,11,0,0.5625,0.5625,3.600000029596613,56,41,268,191,184,309,-26,160,131.19121053510577,41.08713885331264,246,122,105,322,-9.808789464894236,241.08713885331264,True
