path,curFrame,Deleted,pixelSpacingX,pixelSpacingY,pixelSpacingZ,tra_UL_x,tra_UL_y,tra_LL_x,tra_LL_y,tra_LR_x,tra_LR_y,tra_UR_x,tra_UR_y,cor_UL_x,cor_UL_y,cor_LL_x,cor_LL_y,cor_LR_x,cor_LR_y,cor_UR_x,cor_UR_y,Dirty
./data/train/PICAI/11327/,9,0,0.5625,0.5625,3.6000000635782783,30.843318882789816,47.05946686251082,276.67628652960724,122.0938057878246,240.1566811172102,244.9405331374892,-5.676286529607239,169.9061942121754,141.26775393782444,16.30493675188245,235.4851231427727,44.802082926516775,159.73224606217556,294.69506324811755,65.51487685722734,266.19791707348327,True
./data/train/PICAI/11327/,8,0,0.5625,0.5625,3.6000000635782783,30.843318882789816,47.05946686251082,276.67628652960724,122.0938057878246,240.1566811172102,244.9405331374892,-5.676286529607239,169.9061942121754,141.26775393782444,16.30493675188245,235.4851231427727,44.802082926516775,159.73224606217556,294.69506324811755,65.51487685722734,266.19791707348327,True
./data/train/PICAI/11327/,10,0,0.5625,0.5625,3.6000000635782783,30.843318882789816,47.05946686251082,276.67628652960724,122.0938057878246,240.1566811172102,244.9405331374892,-5.676286529607239,169.9061942121754,141.26775393782444,16.30493675188245,235.4851231427727,44.802082926516775,159.73224606217556,294.69506324811755,65.51487685722734,266.19791707348327,True
