path,curFrame,Deleted,pixelSpacingX,pixelSpacingY,pixelSpacingZ,tra_UL_x,tra_UL_y,tra_LL_x,tra_LL_y,tra_LR_x,tra_LR_y,tra_UR_x,tra_UR_y,cor_UL_x,cor_UL_y,cor_LL_x,cor_LL_y,cor_LR_x,cor_LR_y,cor_UR_x,cor_UR_y,Dirty
./data/train/PICAI/11010/,9,0,0.5625,0.5625,3.6000000881959457,9.737603524297882,53.511589831636925,283.3825579898962,99.5054904655322,259.2623964757021,239.4884101683631,-12.519335030018794,192.2582246960162,121.34627594231716,15.36416304194168,223.1425559135573,32.08293644243041,177.6537240576829,301.63583695805835,74.7430285913962,284.0463867493334,True
./data/train/PICAI/11010/,10,0,0.5625,0.5625,3.6000000881959457,9.737603524297882,53.511589831636925,283.3825579898962,99.5054904655322,259.2623964757021,239.4884101683631,-12.519335030018794,192.2582246960162,121.34627594231716,15.36416304194168,223.1425559135573,32.08293644243041,177.6537240576829,301.63583695805835,74.7430285913962,284.0463867493334,True
./data/train/PICAI/11010/,11,0,0.5625,0.5625,3.6000000881959457,9.737603524297882,53.511589831636925,283.3825579898962,99.5054904655322,259.2623964757021,239.4884101683631,-12.519335030018794,192.2582246960162,121.34627594231716,15.36416304194168,223.1425559135573,32.08293644243041,177.6537240576829,301.63583695805835,74.7430285913962,284.0463867493334,True
