path,curFrame,Deleted,pixelSpacingX,pixelSpacingY,pixelSpacingZ,tra_UL_x,tra_UL_y,tra_LL_x,tra_LL_y,tra_LR_x,tra_LR_y,tra_UR_x,tra_UR_y,cor_UL_x,cor_UL_y,cor_LL_x,cor_LL_y,cor_LR_x,cor_LR_y,cor_UR_x,cor_UR_y,Dirty,h_par_cor,h_orth_cor,h_par_tra,h_orth_tra
./data/train/PICAI/10577/,-1,0,-1.0,-1.0,-1.0,-1.0,-1.0,-1.0,-1.0,-1.0,-1.0,-1.0,-1.0,-1.0,-1.0,-1.0,-1.0,-1.0,-1.0,-1.0,-1.0,False,80.0,60.0,30.0,160.0
./data/train/PICAI/10577/,8,0,0.5625,0.5625,3.599999986363803,34.4015269548305,29.525677080733004,260.5520871472902,162.61558700870873,191.5984730451695,281.4743229192669,-34.44755868402251,149.37893488665952,139.81961030587718,15.340909273461648,226.6475916267666,66.54541747087809,85.18038969412281,308.65909072653824,0.4459806272376738,258.24004749795483,True,,,,
./data/train/PICAI/10577/,9,0,0.5625,0.5625,3.599999986363803,34.4015269548305,29.525677080733004,260.5520871472902,162.61558700870873,191.5984730451695,281.4743229192669,-34.44755868402251,149.37893488665952,139.81961030587718,15.340909273461648,226.6475916267666,66.54541747087809,85.18038969412281,308.65909072653824,0.4459806272376738,258.24004749795483,True,,,,
./data/train/PICAI/10577/,10,0,0.5625,0.5625,3.599999986363803,34.4015269548305,29.525677080733004,260.5520871472902,162.61558700870873,191.5984730451695,281.4743229192669,-34.44755868402251,149.37893488665952,139.81961030587718,15.340909273461648,226.6475916267666,66.54541747087809,85.18038969412281,308.65909072653824,0.4459806272376738,258.24004749795483,True,,,,
