path,curFrame,Deleted,pixelSpacingX,pixelSpacingY,pixelSpacingZ,tra_UL_x,tra_UL_y,tra_LL_x,tra_LL_y,tra_LR_x,tra_LR_y,tra_UR_x,tra_UR_y,cor_UL_x,cor_UL_y,cor_LL_x,cor_LL_y,cor_LR_x,cor_LR_y,cor_UR_x,cor_UR_y,Dirty
./data/train/PICAI/11179/,10,0,0.5625,0.5625,3.600000010596389,64.00117925805654,35.8762042042822,313.58778880380913,136.5316776543437,259.9988207419434,272.1237957957178,10.41221119619084,171.4683223456563,164.22951023683555,10.065153897799291,279.29132216521805,56.20385170947945,180.77048976316445,303.9348461022007,64.71111378452211,257.7263918167764,True
./data/train/PICAI/11179/,9,0,0.5625,0.5625,3.600000010596389,64.00117925805654,35.8762042042822,313.58778880380913,136.5316776543437,259.9988207419434,272.1237957957178,10.41221119619084,171.4683223456563,164.22951023683555,10.065153897799291,279.29132216521805,56.20385170947945,180.77048976316445,303.9348461022007,64.71111378452211,257.7263918167764,True
./data/train/PICAI/11179/,11,0,0.5625,0.5625,3.600000010596389,64.00117925805654,35.8762042042822,313.58778880380913,136.5316776543437,259.9988207419434,272.1237957957178,10.41221119619084,171.4683223456563,164.22951023683555,10.065153897799291,279.29132216521805,56.20385170947945,180.77048976316445,303.9348461022007,64.71111378452211,257.7263918167764,True
