path,curFrame,Deleted,pixelSpacingX,pixelSpacingY,pixelSpacingZ,tra_UL_x,tra_UL_y,tra_LL_x,tra_LL_y,tra_LR_x,tra_LR_y,tra_UR_x,tra_UR_y,cor_UL_x,cor_UL_y,cor_LL_x,cor_LL_y,cor_LR_x,cor_LR_y,cor_UR_x,cor_UR_y,Dirty
./data/train/PICAI/10582/,9,0,0.5625,0.5625,3.599999890815202,58.68626513737128,30.36911899651776,284.5858429171346,186.661731614404,214.3137348626288,286.6308810034823,-9.645251464582714,130.82211217679532,180.5040386876501,33.13150219151376,266.64190972551023,92.74078983249306,121.49596131234983,302.8684978084864,34.62971644381355,242.04699254563127,True
./data/train/PICAI/10582/,10,0,0.5625,0.5625,3.599999890815202,58.68626513737128,30.36911899651776,284.5858429171346,186.661731614404,214.3137348626288,286.6308810034823,-9.645251464582714,130.82211217679532,180.5040386876501,33.13150219151376,266.64190972551023,92.74078983249306,121.49596131234983,302.8684978084864,34.62971644381355,242.04699254563127,True
./data/train/PICAI/10582/,11,0,0.5625,0.5625,3.599999890815202,58.68626513737128,30.36911899651776,284.5858429171346,186.661731614404,214.3137348626288,286.6308810034823,-9.645251464582714,130.82211217679532,180.5040386876501,33.13150219151376,266.64190972551023,92.74078983249306,121.49596131234983,302.8684978084864,34.62971644381355,242.04699254563127,True
