path,curFrame,Deleted,pixelSpacingX,pixelSpacingY,pixelSpacingZ,tra_UL_x,tra_UL_y,tra_LL_x,tra_LL_y,tra_LR_x,tra_LR_y,tra_UR_x,tra_UR_y,cor_UL_x,cor_UL_y,cor_LL_x,cor_LL_y,cor_LR_x,cor_LR_y,cor_UR_x,cor_UR_y,Dirty
./data/train/PICAI/10682/,8,0,0.5625,0.5625,3.5999999576145,-18.106504897128104,96.76883237539104,242.14600891125767,105.63613503267784,238.10650489712813,234.23116762460896,-22.07625243751366,226.361429017582,83.52374943848062,36.63568874796022,176.9250143763414,39.126413142094975,168.47625056151938,305.36431125203967,75.07498562365858,302.873586857905,True
./data/train/PICAI/10682/,9,0,0.5625,0.5625,3.5999999576145,-18.106504897128104,96.76883237539104,242.14600891125767,105.63613503267784,238.10650489712813,234.23116762460896,-22.07625243751366,226.361429017582,83.52374943848062,36.63568874796022,176.9250143763414,39.126413142094975,168.47625056151938,305.36431125203967,75.07498562365858,302.873586857905,True
./data/train/PICAI/10682/,10,0,0.5625,0.5625,3.5999999576145,-18.106504897128104,96.76883237539104,242.14600891125767,105.63613503267784,238.10650489712813,234.23116762460896,-22.07625243751366,226.361429017582,83.52374943848062,36.63568874796022,176.9250143763414,39.126413142094975,168.47625056151938,305.36431125203967,75.07498562365858,302.873586857905,True
