path,curFrame,Deleted,pixelSpacingX,pixelSpacingY,pixelSpacingZ,tra_UL_x,tra_UL_y,tra_LL_x,tra_LL_y,tra_LR_x,tra_LR_y,tra_UR_x,tra_UR_y,cor_UL_x,cor_UL_y,cor_LL_x,cor_LL_y,cor_LR_x,cor_LR_y,cor_UR_x,cor_UR_y,Dirty,h_par_cor,h_orth_cor,h_par_tra,h_orth_tra,cor_mid_x,cor_mid_y,tra_mid_x,tra_mid_y,Alpha,cor_U_mid_x,cor_U_mid_y,tra_U_mid_x,tra_U_mid_y,tra_L_mid_x,tra_L_mid_y
./data/train/PICAI/10936/,14,0,0.254629641771,0.254629641771,-1.0,90.1685085168112,334.5499779489826,693.1685085168126,509.5499779489826,610.0,800.0,7.0,625.0,351.0795269140294,275.4416245653125,580.0,342.0,405.0,945.0,176.07952691402937,878.4416245653125,True,80.0,60.0,30.0,160.0,493.0,644.0,493.0,644.0,-2.857798544381465,266.0,578.0,40.0,512.0,643.0,687.0
./data/train/PICAI/10936/,15,0,0.254629641771,0.254629641771,-1.0,90.1685085168112,334.5499779489826,693.1685085168126,509.5499779489826,610.0,800.0,7.0,625.0,351.0795269140294,275.4416245653125,580.0,342.0,405.0,945.0,176.07952691402937,878.4416245653125,True,80.0,60.0,30.0,160.0,493.0,644.0,493.0,644.0,-2.857798544381465,266.0,578.0,40.0,512.0,643.0,687.0
./data/train/PICAI/10936/,16,0,0.254629641771,0.254629641771,-1.0,107.03572633132012,316.98607848561426,696.3594657327737,533.6229409487912,593.1327821854911,817.5638994633683,3.8090427840389225,600.9270370001916,374.4982163133158,274.3764788081026,598.2181730638904,356.7414063557577,381.58131060071355,946.0651457572098,157.861353850139,863.7002182095547,True,80.0,60.0,30.0,160.0,493.0,644.0,493.0,644.0,-2.857798544381465,266.0,578.0,40.0,512.0,643.0,687.0
./data/train/PICAI/10936/,-1,0,-1.0,-1.0,-1.0,-1.0,-1.0,-1.0,-1.0,-1.0,-1.0,-1.0,-1.0,-1.0,-1.0,-1.0,-1.0,-1.0,-1.0,-1.0,-1.0,False,80.0,60.0,30.0,160.0,,,,,,,,,,,
