path,curFrame,Deleted,pixelSpacingX,pixelSpacingY,pixelSpacingZ,tra_UL_x,tra_UL_y,tra_LL_x,tra_LL_y,tra_LR_x,tra_LR_y,tra_UR_x,tra_UR_y,cor_UL_x,cor_UL_y,cor_LL_x,cor_LL_y,cor_LR_x,cor_LR_y,cor_UR_x,cor_UR_y,Dirty
./data/train/PICAI/10199/,10,0,0.5625,0.5625,3.6000000375871,0.5468423629457533,81.3630954926533,274.2844995304622,131.75848266687046,249.45315763705423,261.6369045073467,-23.2858699957076,211.2938532893725,118.1890833802609,39.4599819499835,216.37303988980543,57.623425569844414,169.8109166197391,315.5400180500165,70.62833057543999,297.3242384739126,True
./data/train/PICAI/10199/,9,0,0.5625,0.5625,3.6000000375871,0.5468423629457533,81.3630954926533,274.2844995304622,131.75848266687046,249.45315763705423,261.6369045073467,-23.2858699957076,211.2938532893725,118.1890833802609,39.4599819499835,216.37303988980543,57.623425569844414,169.8109166197391,315.5400180500165,70.62833057543999,297.3242384739126,True
./data/train/PICAI/10199/,11,0,0.5625,0.5625,3.6000000375871,0.5468423629457533,81.3630954926533,274.2844995304622,131.75848266687046,249.45315763705423,261.6369045073467,-23.2858699957076,211.2938532893725,118.1890833802609,39.4599819499835,216.37303988980543,57.623425569844414,169.8109166197391,315.5400180500165,70.62833057543999,297.3242384739126,True
