path,curFrame,Deleted,pixelSpacingX,pixelSpacingY,pixelSpacingZ,tra_UL_x,tra_UL_y,tra_LL_x,tra_LL_y,tra_LR_x,tra_LR_y,tra_UR_x,tra_UR_y,cor_UL_x,cor_UL_y,cor_LL_x,cor_LL_y,cor_LR_x,cor_LR_y,cor_UR_x,cor_UR_y,Dirty
./data/train/PICAI/11200/,8,0,0.5625,0.5625,3.599999957614444,53.41778579605915,46.6860476244363,290.7881787634106,165.2790345272258,230.58221420394085,283.3139523755636,-4.656367617180052,164.04614606225957,158.59214702168347,34.64825363794378,263.35269590738983,87.92550254847455,146.84243860047704,318.53851159670023,42.08188971477075,265.2612626861694,True
./data/train/PICAI/11200/,9,0,0.5625,0.5625,3.599999957614444,53.41778579605915,46.6860476244363,290.7881787634106,165.2790345272258,230.58221420394085,283.3139523755636,-4.656367617180052,164.04614606225957,158.59214702168347,34.64825363794378,263.35269590738983,87.92550254847455,146.84243860047704,318.53851159670023,42.08188971477075,265.2612626861694,True
./data/train/PICAI/11200/,10,0,0.5625,0.5625,3.599999957614444,53.41778579605915,46.6860476244363,290.7881787634106,165.2790345272258,230.58221420394085,283.3139523755636,-4.656367617180052,164.04614606225957,158.59214702168347,34.64825363794378,263.35269590738983,87.92550254847455,146.84243860047704,318.53851159670023,42.08188971477075,265.2612626861694,True
