path,curFrame,Deleted,pixelSpacingX,pixelSpacingY,pixelSpacingZ,tra_UL_x,tra_UL_y,tra_LL_x,tra_LL_y,tra_LR_x,tra_LR_y,tra_UR_x,tra_UR_y,cor_UL_x,cor_UL_y,cor_LL_x,cor_LL_y,cor_LR_x,cor_LR_y,cor_UR_x,cor_UR_y,Dirty
./data/train/PICAI/10311/,10,0,0.5625,0.5625,3.6000000635782774,22.177918456618727,45.79110744698497,291.1139088803522,138.5835266136691,246.82208154338127,266.208892553015,-21.11771418226036,173.5036291290786,127.22690464821798,21.957842554191387,245.15179083488945,62.38952836941044,161.77309535178202,304.0421574458086,43.84820916511055,263.6104716305896,True
./data/train/PICAI/10311/,9,0,0.5625,0.5625,3.6000000635782774,22.177918456618727,45.79110744698497,291.1139088803522,138.5835266136691,246.82208154338127,266.208892553015,-21.11771418226036,173.5036291290786,127.22690464821798,21.957842554191387,245.15179083488945,62.38952836941044,161.77309535178202,304.0421574458086,43.84820916511055,263.6104716305896,True
./data/train/PICAI/10311/,11,0,0.5625,0.5625,3.6000000635782774,22.177918456618727,45.79110744698497,291.1139088803522,138.5835266136691,246.82208154338127,266.208892553015,-21.11771418226036,173.5036291290786,127.22690464821798,21.957842554191387,245.15179083488945,62.38952836941044,161.77309535178202,304.0421574458086,43.84820916511055,263.6104716305896,True
