path,curFrame,Deleted,pixelSpacingX,pixelSpacingY,pixelSpacingZ,tra_UL_x,tra_UL_y,tra_LL_x,tra_LL_y,tra_LR_x,tra_LR_y,tra_UR_x,tra_UR_y,cor_UL_x,cor_UL_y,cor_LL_x,cor_LL_y,cor_LR_x,cor_LR_y,cor_UR_x,cor_UR_y,Dirty
./data/train/PICAI/10866/,9,0,0.5625,0.5625,3.599999935435454,67.72558717685267,6.954514494049278,286.3357568370201,146.98877359214603,206.2744128231473,272.04548550595064,-11.087080376334312,131.3472933566137,172.34169755007406,5.993930058555719,263.3186127332705,64.13342527264838,115.65830244992596,294.00606994144425,24.681387266729544,235.8665747273517,True
./data/train/PICAI/10866/,8,0,0.5625,0.5625,3.599999935435454,67.72558717685267,6.954514494049278,286.3357568370201,146.98877359214603,206.2744128231473,272.04548550595064,-11.087080376334312,131.3472933566137,172.34169755007406,5.993930058555719,263.3186127332705,64.13342527264838,115.65830244992596,294.00606994144425,24.681387266729544,235.8665747273517,True
./data/train/PICAI/10866/,10,0,0.5625,0.5625,3.599999935435454,67.72558717685267,6.954514494049278,286.3357568370201,146.98877359214603,206.2744128231473,272.04548550595064,-11.087080376334312,131.3472933566137,172.34169755007406,5.993930058555719,263.3186127332705,64.13342527264838,115.65830244992596,294.00606994144425,24.681387266729544,235.8665747273517,True
