path,curFrame,Deleted,pixelSpacingX,pixelSpacingY,pixelSpacingZ,tra_UL_x,tra_UL_y,tra_LL_x,tra_LL_y,tra_LR_x,tra_LR_y,tra_UR_x,tra_UR_y,cor_UL_x,cor_UL_y,cor_LL_x,cor_LL_y,cor_LR_x,cor_LR_y,cor_UR_x,cor_UR_y,Dirty
./data/train/PICAI/10494/,8,0,0.5625,0.5625,3.5999999576145,102.63741563205,6.834790792382222,269.26016543977823,218.59375576555948,169.36258436795003,297.165209207618,3.679527181007785,85.7482643777662,219.1739718239715,37.13439305517022,283.9955071910057,119.2572799543798,75.8260281760285,281.8656069448298,11.0044928089944,199.7427200456202,True
./data/train/PICAI/10494/,9,0,0.5625,0.5625,3.5999999576145,102.63741563205,6.834790792382222,269.26016543977823,218.59375576555948,169.36258436795003,297.165209207618,3.679527181007785,85.7482643777662,219.1739718239715,37.13439305517022,283.9955071910057,119.2572799543798,75.8260281760285,281.8656069448298,11.0044928089944,199.7427200456202,True
./data/train/PICAI/10494/,10,0,0.5625,0.5625,3.5999999576145,102.63741563205,6.834790792382222,269.26016543977823,218.59375576555948,169.36258436795003,297.165209207618,3.679527181007785,85.7482643777662,221.1739718239715,37.13439305517022,285.9955071910057,119.2572799543798,77.8260281760285,281.8656069448298,13.0044928089944,199.7427200456202,True
