path,curFrame,Deleted,pixelSpacingX,pixelSpacingY,pixelSpacingZ,tra_UL_x,tra_UL_y,tra_LL_x,tra_LL_y,tra_LR_x,tra_LR_y,tra_UR_x,tra_UR_y,cor_UL_x,cor_UL_y,cor_LL_x,cor_LL_y,cor_LR_x,cor_LR_y,cor_UR_x,cor_UR_y,Dirty,cor_mid_x,cor_mid_y,tra_mid_x,tra_mid_y,Alpha,h_par_cor,h_orth_cor,h_par_tra,h_orth_tra,cor_U_mid_x,cor_U_mid_y,tra_U_mid_x,tra_U_mid_y,tra_L_mid_x,tra_L_mid_y
./data/train/PICAI/10869/,8,0,0.5625,0.5625,3.6000000635782774,106.2917255404503,-7.58992733064068,267.24852336948936,226.34651769057467,170,293,9,58,229,25,290,114,55,275,-5,186,True,173.0,195.0,173.0,195.0,-2.17084654019665,80.0,60.0,30.0,160.0,112.0,106.0,52.0,18.0,213.0,253.0
./data/train/PICAI/10869/,9,0,0.5625,0.5625,3.6000000635782774,106.2917255404503,-7.58992733064068,267.24852336948936,226.34651769057467,170,293,9,58,229,25,290,114,55,275,-5,186,True,173.0,195.0,173.0,195.0,-2.17084654019665,80.0,60.0,30.0,160.0,112.0,106.0,52.0,18.0,213.0,253.0
./data/train/PICAI/10869/,10,0,0.5625,0.5625,3.6000000635782774,106.2917255404503,-7.58992733064068,267.24852336948936,226.34651769057467,170,293,9,58,229,25,290,114,55,275,-5,186,True,173.0,195.0,173.0,195.0,-2.17084654019665,80.0,60.0,30.0,160.0,112.0,106.0,52.0,18.0,213.0,253.0
