path,curFrame,Deleted,pixelSpacingX,pixelSpacingY,pixelSpacingZ,tra_UL_x,tra_UL_y,tra_LL_x,tra_LL_y,tra_LR_x,tra_LR_y,tra_UR_x,tra_UR_y,cor_UL_x,cor_UL_y,cor_LL_x,cor_LL_y,cor_LR_x,cor_LR_y,cor_UR_x,cor_UR_y,Dirty
./data/train/PICAI/11323/,8,0,0.5625,0.5625,3.600000169542111,-0.5583919099694867,79.91433123003222,280.71304064192435,114.1835773583829,265.55839190996943,240.0856687699678,-14.734893041190702,205.60851095079937,119.14812611930742,22.97839225760293,218.933233986005,35.50565245413142,186.85187388069247,303.021607742397,87.06676601399498,290.4943475458685,True
./data/train/PICAI/11323/,7,0,0.5625,0.5625,3.600000169542111,-5.820762205601142,89.39110011576753,277.1560090410323,103.95636478313716,270.8207622056011,230.6088998842325,-11.194747345094155,215.76799786104587,109.46317397859885,25.68086520814998,209.8790678347001,31.216952371499616,196.5368260214012,300.31913479184993,96.1209321652999,294.7830476285004,True
./data/train/PICAI/11323/,9,0,0.5625,0.5625,3.600000169542111,-0.5583919099694867,79.91433123003222,280.71304064192435,114.1835773583829,265.55839190996943,240.0856687699678,-14.734893041190702,205.60851095079937,119.14812611930742,22.97839225760293,218.933233986005,35.50565245413142,186.85187388069247,303.021607742397,87.06676601399498,290.4943475458685,True
