path,curFrame,Deleted,pixelSpacingX,pixelSpacingY,pixelSpacingZ,tra_UL_x,tra_UL_y,tra_LL_x,tra_LL_y,tra_LR_x,tra_LR_y,tra_UR_x,tra_UR_y,cor_UL_x,cor_UL_y,cor_LL_x,cor_LL_y,cor_LR_x,cor_LR_y,cor_UR_x,cor_UR_y,Dirty
./data/train/PICAI/10603/,9,0,0.5625,0.5625,3.6000000105963883,45.456531732950594,24.506048738768413,291.156709970438,153.41075157798574,229.5434682670494,272.4939512612316,-16.06955422769039,142.5930537239226,155.65090125508934,13.24672367708007,260.314114923445,67.57546105070335,137.34909874491066,302.75327632292,32.773040819302665,247.4283442512049,True
./data/train/PICAI/10603/,8,0,0.5625,0.5625,3.6000000105963883,45.456531732950594,24.506048738768413,291.156709970438,153.41075157798574,229.5434682670494,272.4939512612316,-16.06955422769039,142.5930537239226,155.65090125508934,13.24672367708007,260.314114923445,67.57546105070335,137.34909874491066,302.75327632292,32.773040819302665,247.4283442512049,True
./data/train/PICAI/10603/,10,0,0.5625,0.5625,3.6000000105963883,45.456531732950594,24.506048738768413,291.156709970438,153.41075157798574,229.5434682670494,272.4939512612316,-16.06955422769039,142.5930537239226,155.65090125508934,13.24672367708007,260.314114923445,67.57546105070335,137.34909874491066,302.75327632292,32.773040819302665,247.4283442512049,True
