path,curFrame,Deleted,pixelSpacingX,pixelSpacingY,pixelSpacingZ,tra_UL_x,tra_UL_y,tra_LL_x,tra_LL_y,tra_LR_x,tra_LR_y,tra_UR_x,tra_UR_y,cor_UL_x,cor_UL_y,cor_LL_x,cor_LL_y,cor_LR_x,cor_LR_y,cor_UR_x,cor_UR_y,Dirty
./data/train/PICAI/10790/,13,0,0.625,0.625,3.0,-5.744117242599458,125.95329760402583,251.39906534222547,109.00090396337885,259.7441172425995,233.04670239597417,2.6009346577745447,249.99909603662115,91.69142206539628,58.17513732223186,181.78975995885807,52.58143471701695,198.3085779346037,313.8248626777681,108.349413142102,320.4088333517245,True
./data/train/PICAI/10790/,12,0,0.625,0.625,3.0,-5.744117242599458,125.95329760402583,251.39906534222547,109.00090396337885,259.7441172425995,233.04670239597417,2.6009346577745447,249.99909603662115,91.69142206539628,58.17513732223186,181.78975995885807,52.58143471701695,198.3085779346037,313.8248626777681,108.349413142102,320.4088333517245,True
./data/train/PICAI/10790/,14,0,0.625,0.625,3.0,-5.744117242599458,125.95329760402583,251.39906534222547,109.00090396337885,259.7441172425995,233.04670239597417,2.6009346577745447,249.99909603662115,91.69142206539628,58.17513732223186,181.78975995885807,52.58143471701695,198.3085779346037,313.8248626777681,108.349413142102,320.4088333517245,True
