path,curFrame,Deleted,pixelSpacingX,pixelSpacingY,pixelSpacingZ,tra_UL_x,tra_UL_y,tra_LL_x,tra_LL_y,tra_LR_x,tra_LR_y,tra_UR_x,tra_UR_y,cor_UL_x,cor_UL_y,cor_LL_x,cor_LL_y,cor_LR_x,cor_LR_y,cor_UR_x,cor_UR_y,Dirty
./data/train/PICAI/10624/,8,0,0.5625,0.5625,3.6000000635782774,41.96888326016804,36.32456760578211,289.74567630571653,157.18672391644654,223.031116739832,293.67543239421786,-22.77606079969212,173.16057243888736,145.01137135795545,21.688664912020982,253.5186808443629,74.3305093707879,133.98862864204452,320.3113350879791,25.481319155637124,267.6694906292121,True
./data/train/PICAI/10624/,9,0,0.5625,0.5625,3.6000000635782774,41.96888326016804,36.32456760578211,289.74567630571653,157.18672391644654,223.031116739832,293.67543239421786,-22.77606079969212,173.16057243888736,145.01137135795545,21.688664912020982,253.5186808443629,74.3305093707879,133.98862864204452,320.3113350879791,25.481319155637124,267.6694906292121,True
./data/train/PICAI/10624/,10,0,0.5625,0.5625,3.6000000635782774,41.96888326016804,36.32456760578211,289.74567630571653,157.18672391644654,223.031116739832,293.67543239421786,-22.77606079969212,173.16057243888736,145.01137135795545,21.688664912020982,253.5186808443629,74.3305093707879,133.98862864204452,320.3113350879791,25.481319155637124,267.6694906292121,True
