path,curFrame,Deleted,pixelSpacingX,pixelSpacingY,pixelSpacingZ,tra_UL_x,tra_UL_y,tra_LL_x,tra_LL_y,tra_LR_x,tra_LR_y,tra_UR_x,tra_UR_y,cor_UL_x,cor_UL_y,cor_LL_x,cor_LL_y,cor_LR_x,cor_LR_y,cor_UR_x,cor_UR_y,Dirty
./data/train/PICAI/10130/,9,0,0.5625,0.5625,3.5999999468993176,19.90975691045652,62.55357612914301,291.5547524965152,150.1263822566742,252.0902430895434,271.446423870857,-17.735810280365257,185.1741750140013,142.32557735510005,30.32664327279275,248.3119089148813,64.32513621733546,166.67442264489995,317.6733567272072,61.67577942571383,283.8312982477048,True
./data/train/PICAI/10130/,10,0,0.5625,0.5625,3.5999999468993176,14.602551084506686,68.77241020563413,290.458473194583,142.00840024331643,257.3974489154932,265.2275897943659,-16.57395786711419,193.1951785785871,134.82297946726604,31.160702665707703,242.44340408222604,59.56570584641018,174.17702053273393,316.83929733429227,67.55111781314226,288.5388226168575,True
./data/train/PICAI/10130/,11,0,0.5625,0.5625,3.5999999468993176,4.999999999999915,81.99999999999994,286.99999999999994,125.99999999999991,266.99999999999994,252.0,-13.000000000000057,209.0,120.0,34.0,230.00000000000003,50.99999999999994,189.0,314.0,79.99999999999999,297.0000000000001,True
