path,curFrame,Deleted,pixelSpacingX,pixelSpacingY,pixelSpacingZ,tra_UL_x,tra_UL_y,tra_LL_x,tra_LL_y,tra_LR_x,tra_LR_y,tra_UR_x,tra_UR_y,cor_UL_x,cor_UL_y,cor_LL_x,cor_LL_y,cor_LR_x,cor_LR_y,cor_UR_x,cor_UR_y,Dirty,h_par_cor,h_orth_cor,h_par_tra,h_orth_tra
./data/train/PICAI/10771/,8,0,0.5625,0.5625,3.599999997350883,69.15002926661612,13.199091068826904,282.0133150535098,170.9020446366256,202.84997073338388,278.800908931173,-10.013315053509842,121.09795536337444,178.95582972610143,12.989318457236095,269.1629472233327,79.1911005544026,111.04417027389854,294.0106815427639,20.06681686675121,226.62284015404583,True,,,,
./data/train/PICAI/10771/,9,0,0.5625,0.5625,3.599999997350883,69.15002926661612,13.199091068826904,282.0133150535098,170.9020446366256,202.84997073338388,278.800908931173,-10.013315053509842,121.09795536337444,178.95582972610143,12.989318457236095,269.1629472233327,79.1911005544026,111.04417027389854,294.0106815427639,20.06681686675121,226.62284015404583,True,,,,
./data/train/PICAI/10771/,-1,0,-1.0,-1.0,-1.0,-1.0,-1.0,-1.0,-1.0,-1.0,-1.0,-1.0,-1.0,-1.0,-1.0,-1.0,-1.0,-1.0,-1.0,-1.0,-1.0,False,80.0,60.0,30.0,160.0
./data/train/PICAI/10771/,10,0,0.5625,0.5625,3.599999997350883,69.15002926661612,13.199091068826904,282.0133150535098,170.9020446366256,202.84997073338388,278.800908931173,-10.013315053509842,121.09795536337444,178.95582972610143,12.989318457236095,269.1629472233327,79.1911005544026,111.04417027389854,294.0106815427639,20.06681686675121,226.62284015404583,True,,,,
