path,curFrame,Deleted,pixelSpacingX,pixelSpacingY,pixelSpacingZ,tra_UL_x,tra_UL_y,tra_LL_x,tra_LL_y,tra_LR_x,tra_LR_y,tra_UR_x,tra_UR_y,cor_UL_x,cor_UL_y,cor_LL_x,cor_LL_y,cor_LR_x,cor_LR_y,cor_UR_x,cor_UR_y,Dirty
./data/train/PICAI/10782/,10,0,0.5625,0.5625,3.599999957614445,38.68214731832593,59.048234662304566,275.6462174134863,151.89234855185583,228.31785268167403,269.9517653376956,-7.73990962644973,177.53026970988478,130.58583951091288,28.29210362926384,240.01500062970035,70.37549434162354,145.4804136931863,310.9647955849307,36.53122324238928,267.8281308119968,True
./data/train/PICAI/10782/,9,0,0.5625,0.5625,3.599999957614445,38.68214731832593,59.048234662304566,275.6462174134863,151.89234855185583,228.31785268167403,269.9517653376956,-7.73990962644973,177.53026970988478,130.58583951091288,28.29210362926384,240.01500062970035,70.37549434162354,145.4804136931863,310.9647955849307,36.53122324238928,267.8281308119968,True
./data/train/PICAI/10782/,11,0,0.5625,0.5625,3.599999957614445,38.68214731832593,59.048234662304566,275.6462174134863,151.89234855185583,228.31785268167403,269.9517653376956,-7.73990962644973,177.53026970988478,130.58583951091288,28.29210362926384,240.01500062970035,70.37549434162354,145.4804136931863,310.9647955849307,36.53122324238928,267.8281308119968,True
