path,curFrame,Deleted,pixelSpacingX,pixelSpacingY,pixelSpacingZ,tra_UL_x,tra_UL_y,tra_LL_x,tra_LL_y,tra_LR_x,tra_LR_y,tra_UR_x,tra_UR_y,cor_UL_x,cor_UL_y,cor_LL_x,cor_LL_y,cor_LR_x,cor_LR_y,cor_UR_x,cor_UR_y,Dirty
./data/train/PICAI/11019/,8,0,0.5625,0.5625,3.599999957614445,124.18619537862186,-29.61614342644799,297.8679500118456,172.23743113469894,165.8819139046858,285.40288631348733,-6.622247019921872,82.76450282285376,183.11596433264168,-7.66428029646074,281.0303857858012,106.83046074748214,70.78495823609265,287.0244123508596,-27.907867875391133,171.34663176295643,True
./data/train/PICAI/11019/,9,0,0.5625,0.5625,3.599999957614445,124.18619537862186,-29.61614342644799,297.8679500118456,172.23743113469894,165.8819139046858,285.40288631348733,-6.622247019921872,82.76450282285376,183.11596433264168,-7.66428029646074,281.0303857858012,106.83046074748214,70.78495823609265,287.0244123508596,-27.907867875391133,171.34663176295643,True
./data/train/PICAI/11019/,10,0,0.5625,0.5625,3.599999957614445,124.18619537862186,-29.61614342644799,297.8679500118456,172.23743113469894,165.8819139046858,285.40288631348733,-6.622247019921872,82.76450282285376,183.11596433264168,-7.66428029646074,281.0303857858012,106.83046074748214,70.78495823609265,287.0244123508596,-27.907867875391133,171.34663176295643,True
