path,curFrame,Deleted,pixelSpacingX,pixelSpacingY,pixelSpacingZ,tra_UL_x,tra_UL_y,tra_LL_x,tra_LL_y,tra_LR_x,tra_LR_y,tra_UR_x,tra_UR_y,cor_UL_x,cor_UL_y,cor_LL_x,cor_LL_y,cor_LR_x,cor_LR_y,cor_UR_x,cor_UR_y,Dirty
./data/train/PICAI/11395/,8,0,0.5625,0.5625,3.600000010596389,52.122143369377326,6.841275818249756,286.6390017885659,148.86184868427588,207.87785663062272,278.15872418175024,-25.648733719824463,136.2773244166842,152.5168374286802,8.59555528922877,260.42927835469914,74.25303843767486,123.4831625713198,301.40444471077126,15.570721645300878,235.7469615623252,True
./data/train/PICAI/11395/,9,0,0.5625,0.5625,3.600000010596389,52.122143369377326,6.841275818249756,286.6390017885659,148.86184868427588,207.87785663062272,278.15872418175024,-25.648733719824463,136.2773244166842,146.5168374286802,8.59555528922877,254.4292783546992,74.25303843767486,117.4831625713198,301.40444471077126,9.570721645300878,235.7469615623252,True
./data/train/PICAI/11395/,10,0,0.5625,0.5625,3.600000010596389,52.122143369377326,6.841275818249756,286.6390017885659,148.86184868427588,207.87785663062272,278.15872418175024,-25.648733719824463,136.2773244166842,144.5168374286802,8.59555528922877,252.4292783546992,74.25303843767486,115.4831625713198,301.40444471077126,7.570721645300878,235.7469615623252,True
