path,curFrame,Deleted,pixelSpacingX,pixelSpacingY,pixelSpacingZ,tra_UL_x,tra_UL_y,tra_LL_x,tra_LL_y,tra_LR_x,tra_LR_y,tra_UR_x,tra_UR_y,cor_UL_x,cor_UL_y,cor_LL_x,cor_LL_y,cor_LR_x,cor_LR_y,cor_UR_x,cor_UR_y,Dirty
./data/train/PICAI/10017/,10,0,0.5625,0.5625,3.5999999576145,44.01284564963359,26.350734089832628,287.0732186612855,139.60997243901377,230.9871543503664,258.6492659101674,-11.073370966129175,145.40747996742354,160.2861580774184,13.926400482865688,255.6933618148388,58.77913626277656,145.53838098975052,295.892780322802,50.12091247957011,252.02443247058812,True
./data/train/PICAI/10017/,9,0,0.5625,0.5625,3.5999999576145,44.01284564963359,26.350734089832628,287.0732186612855,139.60997243901377,230.9871543503664,258.6492659101674,-11.073370966129175,145.40747996742354,160.2861580774184,13.926400482865688,255.6933618148388,58.77913626277656,145.53838098975052,295.892780322802,50.12091247957011,252.02443247058812,True
./data/train/PICAI/10017/,11,0,0.5625,0.5625,3.5999999576145,44.01284564963359,26.350734089832628,287.0732186612855,139.60997243901377,230.9871543503664,258.6492659101674,-11.073370966129175,145.40747996742354,160.2861580774184,13.926400482865688,255.6933618148388,58.77913626277656,145.53838098975052,295.892780322802,50.12091247957011,252.02443247058812,True
