path,curFrame,Deleted,pixelSpacingX,pixelSpacingY,pixelSpacingZ,tra_UL_x,tra_UL_y,tra_LL_x,tra_LL_y,tra_LR_x,tra_LR_y,tra_UR_x,tra_UR_y,cor_UL_x,cor_UL_y,cor_LL_x,cor_LL_y,cor_LR_x,cor_LR_y,cor_UR_x,cor_UR_y,Dirty
./data/train/PICAI/10755/,8,0,0.5625,0.5625,3.599999957614445,21.28036012142809,42.35118242920646,272.3720464593242,123.60365963446816,231.7196398785719,249.6488175707936,-18.37341692456968,168.44867632177477,132.47637504543275,13.48875588819348,227.03641147579825,43.47874605638043,144.52362495456725,299.51124411180655,50.015924480444696,268.522624408865,True
./data/train/PICAI/10755/,9,0,0.5625,0.5625,3.599999957614445,21.28036012142809,42.35118242920646,272.3720464593242,123.60365963446816,231.7196398785719,249.6488175707936,-18.37341692456968,168.44867632177477,132.47637504543275,13.48875588819348,227.03641147579825,43.47874605638043,144.52362495456725,299.51124411180655,50.015924480444696,268.522624408865,True
./data/train/PICAI/10755/,10,0,0.5625,0.5625,3.599999957614445,21.28036012142809,42.35118242920646,272.3720464593242,123.60365963446816,231.7196398785719,249.6488175707936,-18.37341692456968,168.44867632177477,132.47637504543275,13.48875588819348,227.03641147579825,43.47874605638043,144.52362495456725,299.51124411180655,50.015924480444696,268.522624408865,True
