path,curFrame,Deleted,pixelSpacingX,pixelSpacingY,pixelSpacingZ,tra_UL_x,tra_UL_y,tra_LL_x,tra_LL_y,tra_LR_x,tra_LR_y,tra_UR_x,tra_UR_y,cor_UL_x,cor_UL_y,cor_LL_x,cor_LL_y,cor_LR_x,cor_LR_y,cor_UR_x,cor_UR_y,Dirty,h_par_cor,h_orth_cor,h_par_tra,h_orth_tra
./data/train/PICAI/10794/,15,0,0.392857134342,0.392857134342,3.2999999729784064,27.743061242486505,168.88026613158775,434.22467885236006,228.7191710786256,403.2569387575135,441.11973386841214,-2.3346854202594898,380.1817785627384,194.1850017079309,83.5016256832875,352.5170340207194,107.08058969153208,285.8149982920691,553.4983743167126,128.47748787464883,529.8148818452003,True,,,,
./data/train/PICAI/10794/,16,0,0.392857134342,0.392857134342,3.2999999729784064,27.743061242486505,168.88026613158775,434.22467885236006,228.7191710786256,403.2569387575135,441.11973386841214,-2.3346854202594898,380.1817785627384,194.1850017079309,83.5016256832875,352.5170340207194,107.08058969153208,285.8149982920691,553.4983743167126,128.47748787464883,529.8148818452003,True,,,,
./data/train/PICAI/10794/,-1,0,-1.0,-1.0,-1.0,-1.0,-1.0,-1.0,-1.0,-1.0,-1.0,-1.0,-1.0,-1.0,-1.0,-1.0,-1.0,-1.0,-1.0,-1.0,-1.0,False,80.0,60.0,30.0,160.0
./data/train/PICAI/10794/,17,0,0.392857134342,0.392857134342,3.2999999729784064,27.743061242486505,168.88026613158775,434.22467885236006,228.7191710786256,403.2569387575135,441.11973386841214,-2.3346854202594898,380.1817785627384,194.1850017079309,83.5016256832875,352.5170340207194,107.08058969153208,285.8149982920691,553.4983743167126,128.47748787464883,529.8148818452003,True,,,,
