path,curFrame,Deleted,pixelSpacingX,pixelSpacingY,pixelSpacingZ,tra_UL_x,tra_UL_y,tra_LL_x,tra_LL_y,tra_LR_x,tra_LR_y,tra_UR_x,tra_UR_y,cor_UL_x,cor_UL_y,cor_LL_x,cor_LL_y,cor_LR_x,cor_LR_y,cor_UR_x,cor_UR_y,Dirty,h_par_cor,h_orth_cor,h_par_tra,h_orth_tra
./data/train/PICAI/10517/,8,0,0.5625,0.5625,3.599999957614445,-19.72099828590156,94.35517614247684,243.8319658580261,47.07055823189519,269.72099828590166,198.6448238575232,7.995125057259102,245.1159684819532,47.41002137008861,40.5792570820409,155.10962790948707,22.17036296145386,199.6471614900292,277.09468134352227,92.36067789368056,296.45347274856465,True,,,,
./data/train/PICAI/10517/,9,0,0.5625,0.5625,3.599999957614445,-19.72099828590156,94.35517614247684,243.8319658580261,47.07055823189519,269.72099828590166,198.6448238575232,7.995125057259102,245.1159684819532,47.41002137008861,40.5792570820409,155.10962790948707,22.17036296145386,199.6471614900292,277.09468134352227,92.36067789368056,296.45347274856465,True,,,,
./data/train/PICAI/10517/,-1,0,-1.0,-1.0,-1.0,-1.0,-1.0,-1.0,-1.0,-1.0,-1.0,-1.0,-1.0,-1.0,-1.0,-1.0,-1.0,-1.0,-1.0,-1.0,-1.0,False,80.0,60.0,30.0,160.0
./data/train/PICAI/10517/,10,0,0.5625,0.5625,3.599999957614445,-19.72099828590156,94.35517614247684,243.8319658580261,47.07055823189519,269.72099828590166,198.6448238575232,7.995125057259102,245.1159684819532,47.41002137008861,40.5792570820409,155.10962790948707,22.17036296145386,199.6471614900292,277.09468134352227,92.36067789368056,296.45347274856465,True,,,,
