path,curFrame,Deleted,pixelSpacingX,pixelSpacingY,pixelSpacingZ,tra_UL_x,tra_UL_y,tra_LL_x,tra_LL_y,tra_LR_x,tra_LR_y,tra_UR_x,tra_UR_y,cor_UL_x,cor_UL_y,cor_LL_x,cor_LL_y,cor_LR_x,cor_LR_y,cor_UR_x,cor_UR_y,Dirty,h_par_cor,h_orth_cor,h_par_tra,h_orth_tra
./data/train/PICAI/10243/,8,0,0.5625,0.5625,3.5999999576145,-11.848671271755023,98.17604981052284,267.88522735368645,85.56867261257412,273.8486712717551,215.8239501894772,-4.90360017023869,228.24051839204927,90.97007527464676,30.66889576110023,194.93981010040432,25.739976989031163,207.02992472535325,292.33110423889985,103.06018989959564,297.26002301096884,True,,,,
./data/train/PICAI/10243/,-1,0,-1.0,-1.0,-1.0,-1.0,-1.0,-1.0,-1.0,-1.0,-1.0,-1.0,-1.0,-1.0,-1.0,-1.0,-1.0,-1.0,-1.0,-1.0,-1.0,False,80.0,60.0,30.0,160.0
./data/train/PICAI/10243/,9,0,0.5625,0.5625,3.5999999576145,-11.848671271755023,98.17604981052284,267.88522735368645,85.56867261257412,273.8486712717551,215.8239501894772,-4.90360017023869,228.24051839204927,90.97007527464676,30.66889576110023,194.93981010040432,25.739976989031163,207.02992472535325,292.33110423889985,103.06018989959564,297.26002301096884,True,,,,
./data/train/PICAI/10243/,10,0,0.5625,0.5625,3.5999999576145,-11.848671271755023,98.17604981052284,267.88522735368645,85.56867261257412,273.8486712717551,215.8239501894772,-4.90360017023869,228.24051839204927,90.97007527464676,30.66889576110023,194.93981010040432,25.739976989031163,207.02992472535325,292.33110423889985,103.06018989959564,297.26002301096884,True,,,,
