path,curFrame,Deleted,pixelSpacingX,pixelSpacingY,pixelSpacingZ,tra_UL_x,tra_UL_y,tra_LL_x,tra_LL_y,tra_LR_x,tra_LR_y,tra_UR_x,tra_UR_y,cor_UL_x,cor_UL_y,cor_LL_x,cor_LL_y,cor_LR_x,cor_LR_y,cor_UR_x,cor_UR_y,Dirty
./data/train/PICAI/11186/,10,0,0.5625,0.5625,2.9999998940362222,84.61889681608935,-7.636872700649833,302.80756393806126,155.06133116017116,208.8630448367676,282.7491738179238,-9.325622285204645,120.05096995710284,174.2312482992353,12.370469277562762,273.0652760224102,86.1053657921352,113.76875170076464,300.6295307224372,14.934723977589783,226.89463420786484,True
./data/train/PICAI/11186/,9,0,0.5625,0.5625,2.9999998940362222,84.61889681608935,-7.636872700649833,302.80756393806126,155.06133116017116,208.8630448367676,282.7491738179238,-9.325622285204645,120.05096995710284,174.2312482992353,12.370469277562762,273.0652760224102,86.1053657921352,113.76875170076464,300.6295307224372,14.934723977589783,226.89463420786484,True
./data/train/PICAI/11186/,11,0,0.5625,0.5625,2.9999998940362222,84.61889681608935,-7.636872700649833,302.80756393806126,155.06133116017116,208.8630448367676,282.7491738179238,-9.325622285204645,120.05096995710284,174.2312482992353,12.370469277562762,273.0652760224102,86.1053657921352,113.76875170076464,300.6295307224372,14.934723977589783,226.89463420786484,True
