path,curFrame,Deleted,pixelSpacingX,pixelSpacingY,pixelSpacingZ,tra_UL_x,tra_UL_y,tra_LL_x,tra_LL_y,tra_LR_x,tra_LR_y,tra_UR_x,tra_UR_y,cor_UL_x,cor_UL_y,cor_LL_x,cor_LL_y,cor_LR_x,cor_LR_y,cor_UR_x,cor_UR_y,Dirty
./data/train/PICAI/11235/,9,0,0.5625,0.5625,3.599999997350883,25.500388630224705,132.1667743529029,285.0266566555121,173.64105800996794,265.49961136977527,297.83322564709704,5.9733433444878585,256.35894199003206,123.1548243156794,89.59328699833304,229.2146524584973,107.0664908921791,190.8451756843206,349.40671300166696,84.83768349774557,332.9321386425754,True
./data/train/PICAI/11235/,10,0,0.5625,0.5625,3.599999997350883,25.500388630224705,132.1667743529029,285.0266566555121,173.64105800996794,265.49961136977527,297.83322564709704,5.9733433444878585,256.35894199003206,123.1548243156794,89.59328699833304,229.2146524584973,107.0664908921791,190.8451756843206,349.40671300166696,84.83768349774557,332.9321386425754,True
./data/train/PICAI/11235/,11,0,0.5625,0.5625,3.599999997350883,25.500388630224705,132.1667743529029,285.0266566555121,173.64105800996794,265.49961136977527,297.83322564709704,5.9733433444878585,256.35894199003206,123.1548243156794,89.59328699833304,229.2146524584973,107.0664908921791,190.8451756843206,349.40671300166696,84.83768349774557,332.9321386425754,True
