path,curFrame,Deleted,pixelSpacingX,pixelSpacingY,pixelSpacingZ,tra_UL_x,tra_UL_y,tra_LL_x,tra_LL_y,tra_LR_x,tra_LR_y,tra_UR_x,tra_UR_y,cor_UL_x,cor_UL_y,cor_LL_x,cor_LL_y,cor_LR_x,cor_LR_y,cor_UR_x,cor_UR_y,Dirty
./data/train/PICAI/10814/,8,0,0.5625,0.5625,3.599999957614445,25.212570957951016,59.52991247484884,280.0594243221005,119.64714237104208,247.78742904204896,256.47008752515114,-5.929983152398847,197.20395259673944,128.6062747437212,24.35614137887993,230.8019502159176,47.3570960282316,168.3937252562788,314.64385862112005,66.05887668312239,290.65263590302675,True
./data/train/PICAI/10814/,9,0,0.5625,0.5625,3.599999957614445,25.212570957951016,59.52991247484884,280.0594243221005,119.64714237104208,247.78742904204896,256.47008752515114,-5.929983152398847,197.20395259673944,128.6062747437212,24.35614137887993,230.8019502159176,47.3570960282316,168.3937252562788,314.64385862112005,66.05887668312239,290.65263590302675,True
./data/train/PICAI/10814/,10,0,0.5625,0.5625,3.599999957614445,25.212570957951016,59.52991247484884,280.0594243221005,119.64714237104208,247.78742904204896,256.47008752515114,-5.929983152398847,197.20395259673944,128.6062747437212,24.35614137887993,230.8019502159176,47.3570960282316,168.3937252562788,314.64385862112005,66.05887668312239,290.65263590302675,True
