path,curFrame,Deleted,pixelSpacingX,pixelSpacingY,pixelSpacingZ,tra_UL_x,tra_UL_y,tra_LL_x,tra_LL_y,tra_LR_x,tra_LR_y,tra_UR_x,tra_UR_y,cor_UL_x,cor_UL_y,cor_LL_x,cor_LL_y,cor_LR_x,cor_LR_y,cor_UR_x,cor_UR_y,Dirty
./data/train/PICAI/10268/,8,0,0.5625,0.5625,3.600000066924949,58.04167785834141,38.991547255887895,272.5124119131766,202.21931521826693,185.95832214165856,315.00845274411233,-27.585228058609715,152.155291375149,160.9833947612982,46.134955669082615,255.0695497860188,117.58280681006704,95.01660523870189,326.8650443309174,0.9304502139812314,255.41719318993304,True
./data/train/PICAI/10268/,9,0,0.5625,0.5625,3.600000066924949,58.04167785834141,38.991547255887895,272.5124119131766,202.21931521826693,185.95832214165856,315.00845274411233,-27.585228058609715,152.155291375149,160.9833947612982,46.134955669082615,255.0695497860188,117.58280681006704,95.01660523870189,326.8650443309174,0.9304502139812314,255.41719318993304,True
./data/train/PICAI/10268/,10,0,0.5625,0.5625,3.600000066924949,58.04167785834141,38.991547255887895,272.5124119131766,202.21931521826693,185.95832214165856,315.00845274411233,-27.585228058609715,152.155291375149,160.9833947612982,46.134955669082615,255.0695497860188,117.58280681006704,95.01660523870189,326.8650443309174,0.9304502139812314,255.41719318993304,True
