path,curFrame,Deleted,pixelSpacingX,pixelSpacingY,pixelSpacingZ,tra_UL_x,tra_UL_y,tra_LL_x,tra_LL_y,tra_LR_x,tra_LR_y,tra_UR_x,tra_UR_y,cor_UL_x,cor_UL_y,cor_LL_x,cor_LL_y,cor_LR_x,cor_LR_y,cor_UR_x,cor_UR_y,Dirty
./data/train/PICAI/10317/,10,0,0.5625,0.5625,3.6,86.05380279718649,14.493828250612635,288.829271201313,200.5317529151473,205.9461972028135,290.50617174938736,4.155536551699129,104.6418952625196,207.1610264712002,25.83820374577968,285.895778115284,97.60058165749928,104.83897352879973,295.1617962542203,26.27787006238296,222.41461058948863,True
./data/train/PICAI/10317/,9,0,0.5625,0.5625,3.6,86.05380279718649,14.493828250612635,288.829271201313,200.5317529151473,205.9461972028135,290.50617174938736,4.155536551699129,104.6418952625196,207.1610264712002,25.83820374577968,285.895778115284,97.60058165749928,104.83897352879973,295.1617962542203,26.27787006238296,222.41461058948863,True
./data/train/PICAI/10317/,11,0,0.5625,0.5625,3.6,86.05380279718649,14.493828250612635,288.829271201313,200.5317529151473,205.9461972028135,290.50617174938736,4.155536551699129,104.6418952625196,207.1610264712002,25.83820374577968,285.895778115284,97.60058165749928,104.83897352879973,295.1617962542203,26.27787006238296,222.41461058948863,True
