path,curFrame,Deleted,pixelSpacingX,pixelSpacingY,pixelSpacingZ,tra_UL_x,tra_UL_y,tra_LL_x,tra_LL_y,tra_LR_x,tra_LR_y,tra_UR_x,tra_UR_y,cor_UL_x,cor_UL_y,cor_LL_x,cor_LL_y,cor_LR_x,cor_LR_y,cor_UR_x,cor_UR_y,Dirty,h_par_cor,h_orth_cor,h_par_tra,h_orth_tra
./data/train/PICAI/11460/,14,0,0.392857134342,0.392857134342,3.299999999999983,61.00278404661782,176.82382356044175,492.09596312751614,283.86900537599547,439.99721595338224,495.1761764395583,8.904036872483914,388.1309946240045,240.08556162294448,112.3016017426184,410.5455083902249,153.98381075432977,305.91443837705555,580.6983982573819,135.31531850881487,538.0259211769285,True,,,,
./data/train/PICAI/11460/,15,0,0.392857134342,0.392857134342,3.299999999999983,61.00278404661782,176.82382356044175,492.09596312751614,283.86900537599547,439.99721595338224,495.1761764395583,8.904036872483914,388.1309946240045,240.08556162294448,112.3016017426184,410.5455083902249,153.98381075432977,305.91443837705555,580.6983982573819,135.31531850881487,538.0259211769285,True,,,,
./data/train/PICAI/11460/,-1,0,-1.0,-1.0,-1.0,-1.0,-1.0,-1.0,-1.0,-1.0,-1.0,-1.0,-1.0,-1.0,-1.0,-1.0,-1.0,-1.0,-1.0,-1.0,-1.0,False,80.0,60.0,30.0,160.0
./data/train/PICAI/11460/,16,0,0.392857134342,0.392857134342,3.299999999999983,61.00278404661782,176.82382356044175,492.09596312751614,283.86900537599547,439.99721595338224,495.1761764395583,8.904036872483914,388.1309946240045,240.08556162294448,112.3016017426184,410.5455083902249,153.98381075432977,305.91443837705555,580.6983982573819,135.31531850881487,538.0259211769285,True,,,,
