path,curFrame,Deleted,pixelSpacingX,pixelSpacingY,pixelSpacingZ,tra_UL_x,tra_UL_y,tra_LL_x,tra_LL_y,tra_LR_x,tra_LR_y,tra_UR_x,tra_UR_y,cor_UL_x,cor_UL_y,cor_LL_x,cor_LL_y,cor_LR_x,cor_LR_y,cor_UR_x,cor_UR_y,Dirty
./data/train/PICAI/11268/,17,0,0.392857134342,0.392857134342,3.299999827184284,103.7343802640205,177.71967783458012,471.8305798759944,410.68788989627296,368.2656197359795,573.2803221654199,1.165614822097325,340.3992658464747,314.0526768439918,168.6219564951888,453.8694610146565,257.14464773406723,234.94732315600825,602.3780435048112,94.2215000299996,512.7720018250935,True
./data/train/PICAI/11268/,16,0,0.392857134342,0.392857134342,3.299999827184284,103.7343802640205,177.71967783458012,471.8305798759944,410.68788989627296,368.2656197359795,573.2803221654199,1.165614822097325,340.3992658464747,314.0526768439918,168.6219564951888,453.8694610146565,257.14464773406723,234.94732315600825,602.3780435048112,94.2215000299996,512.7720018250935,True
./data/train/PICAI/11268/,18,0,0.392857134342,0.392857134342,3.299999827184284,103.7343802640205,177.71967783458012,471.8305798759944,410.68788989627296,368.2656197359795,573.2803221654199,1.165614822097325,340.3992658464747,314.0526768439918,168.6219564951888,453.8694610146565,257.14464773406723,234.94732315600825,602.3780435048112,94.2215000299996,512.7720018250935,True
