path,curFrame,Deleted,pixelSpacingX,pixelSpacingY,pixelSpacingZ,tra_UL_x,tra_UL_y,tra_LL_x,tra_LL_y,tra_LR_x,tra_LR_y,tra_UR_x,tra_UR_y,cor_UL_x,cor_UL_y,cor_LL_x,cor_LL_y,cor_LR_x,cor_LR_y,cor_UR_x,cor_UR_y,Dirty
./data/train/PICAI/10211/,10,0,0.5625,0.5625,3.0,10.542250228212396,45.06462033916361,272.5888596520728,134.26425312685404,232.45774977178763,251.9353796608364,-28.589468825053583,162.77064636984846,122.82404979369689,19.630372414232284,221.71614759453144,53.10204689505524,139.1759502063031,296.3696275857677,40.28385240546855,262.89795310494475,True
./data/train/PICAI/10211/,11,0,0.5625,0.5625,3.0,7.0,49.0,272.0,129.0,236.0,248.0,-28.0,168.0,118.0,20.0,218.0,50.0,144.0,296.0,44.0,266.0,True
./data/train/PICAI/10211/,12,0,0.5625,0.5625,3.0,7.0,49.0,272.0,129.0,236.0,248.0,-28.0,168.0,118.0,20.0,218.0,50.0,144.0,296.0,44.0,266.0,True
