path,curFrame,Deleted,pixelSpacingX,pixelSpacingY,pixelSpacingZ,tra_UL_x,tra_UL_y,tra_LL_x,tra_LL_y,tra_LR_x,tra_LR_y,tra_UR_x,tra_UR_y,cor_UL_x,cor_UL_y,cor_LL_x,cor_LL_y,cor_LR_x,cor_LR_y,cor_UR_x,cor_UR_y,Dirty,h_par_cor,h_orth_cor,h_par_tra,h_orth_tra
./data/train/PICAI/11381/,8,0,0.5625,0.5625,3.599999911472837,44.83109037458526,42.899547494941984,259.7643354540959,177.26360578283044,185.1689096254148,295.100452505058,-28.779527701083595,160.9100423948365,145.49958529802498,37.96845864761164,236.8607853149017,95.71039428780526,98.50041470197502,316.03154135238844,6.965566507431433,259.27441346520703,True,,,,
./data/train/PICAI/11381/,9,0,0.5625,0.5625,3.599999911472837,44.83109037458526,42.899547494941984,259.7643354540959,177.26360578283044,185.1689096254148,295.100452505058,-28.779527701083595,160.9100423948365,145.49958529802498,37.96845864761164,236.8607853149017,95.71039428780526,98.50041470197502,316.03154135238844,6.965566507431433,259.27441346520703,True,,,,
./data/train/PICAI/11381/,-1,0,-1.0,-1.0,-1.0,-1.0,-1.0,-1.0,-1.0,-1.0,-1.0,-1.0,-1.0,-1.0,-1.0,-1.0,-1.0,-1.0,-1.0,-1.0,-1.0,False,80.0,60.0,30.0,160.0
./data/train/PICAI/11381/,10,0,0.5625,0.5625,3.599999911472837,44.83109037458526,42.899547494941984,259.7643354540959,177.26360578283044,185.1689096254148,295.100452505058,-28.779527701083595,160.9100423948365,145.49958529802498,37.96845864761164,236.8607853149017,95.71039428780526,98.50041470197502,316.03154135238844,6.965566507431433,259.27441346520703,True,,,,
