path,curFrame,Deleted,pixelSpacingX,pixelSpacingY,pixelSpacingZ,tra_UL_x,tra_UL_y,tra_LL_x,tra_LL_y,tra_LR_x,tra_LR_y,tra_UR_x,tra_UR_y,cor_UL_x,cor_UL_y,cor_LL_x,cor_LL_y,cor_LR_x,cor_LR_y,cor_UR_x,cor_UR_y,Dirty
./data/train/PICAI/10108/,9,0,0.5625,0.5625,3.600000488631243,49.780037164852985,24.998672947171684,300.5487378790839,181.72792593491647,230.21996283514704,295.0013270528283,-19.55619172744258,138.3939434084886,170.62737492009086,17.445112157390582,276.4478841984926,82.82874784752099,128.37262507990914,320.55488784260933,23.544661953148733,255.29312149588412,True
./data/train/PICAI/10108/,8,0,0.5625,0.5625,3.600000488631243,49.780037164852985,24.998672947171684,300.5487378790839,181.72792593491647,230.21996283514704,295.0013270528283,-19.55619172744258,138.3939434084886,170.62737492009086,17.445112157390582,276.4478841984926,82.82874784752099,128.37262507990914,320.55488784260933,23.544661953148733,255.29312149588412,True
./data/train/PICAI/10108/,10,0,0.5625,0.5625,3.600000488631243,49.780037164852985,24.998672947171684,300.5487378790839,181.72792593491647,230.21996283514704,295.0013270528283,-19.55619172744258,138.3939434084886,170.62737492009086,17.445112157390582,276.4478841984926,82.82874784752099,128.37262507990914,320.55488784260933,23.544661953148733,255.29312149588412,True
