path,curFrame,Deleted,pixelSpacingX,pixelSpacingY,pixelSpacingZ,tra_UL_x,tra_UL_y,tra_LL_x,tra_LL_y,tra_LR_x,tra_LR_y,tra_UR_x,tra_UR_y,cor_UL_x,cor_UL_y,cor_LL_x,cor_LL_y,cor_LR_x,cor_LR_y,cor_UR_x,cor_UR_y,Dirty
./data/train/PICAI/10697/,9,0,0.5625,0.5625,4.000404357910147,17.950020519771783,63.5819093055412,255.88768335543784,144.4686733915214,212.04997948022825,270.4180906944587,-23.73361999316583,188.93131741578395,113.7527813061633,31.161743137396822,220.8328909216536,67.25675837128483,137.24721869383671,313.83825686260326,29.185481894898786,277.55243263333864,True
./data/train/PICAI/10697/,8,0,0.5625,0.5625,4.000404357910147,17.950020519771783,63.5819093055412,255.88768335543784,144.4686733915214,212.04997948022825,270.4180906944587,-23.73361999316583,188.93131741578395,113.7527813061633,31.161743137396822,220.8328909216536,67.25675837128483,137.24721869383671,313.83825686260326,29.185481894898786,277.55243263333864,True
./data/train/PICAI/10697/,10,0,0.5625,0.5625,4.000404357910147,17.950020519771783,63.5819093055412,255.88768335543784,144.4686733915214,212.04997948022825,270.4180906944587,-23.73361999316583,188.93131741578395,113.7527813061633,31.161743137396822,220.8328909216536,67.25675837128483,137.24721869383671,313.83825686260326,29.185481894898786,277.55243263333864,True
