path,curFrame,Deleted,pixelSpacingX,pixelSpacingY,pixelSpacingZ,tra_UL_x,tra_UL_y,tra_LL_x,tra_LL_y,tra_LR_x,tra_LR_y,tra_UR_x,tra_UR_y,cor_UL_x,cor_UL_y,cor_LL_x,cor_LL_y,cor_LR_x,cor_LR_y,cor_UR_x,cor_UR_y,Dirty,cor_mid_x,cor_mid_y,tra_mid_x,tra_mid_y,Alpha,h_par_cor,h_orth_cor,h_par_tra,h_orth_tra,cor_U_mid_x,cor_U_mid_y,tra_U_mid_x,tra_U_mid_y,tra_L_mid_x,tra_L_mid_y
./data/train/PICAI/10963/,10,0,0.5625,0.5625,3.5999998612837274,70.24243949737541,-0.437177305880283,288.7294211640912,182.92718930941368,197.3168935679913,290.9227361432692,-19.997954486349727,107.63537483562544,172.29168993802858,4.717493919752769,269.6013746523972,87.08500350794833,87.3813338687574,305.3276591388051,-9.928350845611137,222.9601495506096,True,176.0,200.0,176.0,200.0,-2.3725864645003503,80.0,60.0,30.0,160.0,99.0,125.0,22.0,51.0,227.0,249.0
./data/train/PICAI/10963/,11,0,0.5625,0.5625,3.5999998612837274,80.55933306536666,-4.514441162611167,285.72323980045167,193.64414047153616,187.0,295.0,-17.0,97.0,182.673023806786,8.045153058557784,274.0,97.0,77.0,302.0,-14.326976193214003,213.04515305855784,True,176.0,200.0,176.0,200.0,-2.3725864645003503,80.0,60.0,30.0,160.0,99.0,125.0,22.0,51.0,227.0,249.0
./data/train/PICAI/10963/,12,0,0.5625,0.5625,3.5999998612837274,80.55933306536666,-4.514441162611167,285.72323980045167,193.64414047153616,187.0,295.0,-17.0,97.0,182.673023806786,8.045153058557784,274.0,97.0,77.0,302.0,-14.326976193214003,213.04515305855784,True,176.0,200.0,176.0,200.0,-2.3725864645003503,80.0,60.0,30.0,160.0,99.0,125.0,22.0,51.0,227.0,249.0
