path,curFrame,Deleted,pixelSpacingX,pixelSpacingY,pixelSpacingZ,tra_UL_x,tra_UL_y,tra_LL_x,tra_LL_y,tra_LR_x,tra_LR_y,tra_UR_x,tra_UR_y,cor_UL_x,cor_UL_y,cor_LL_x,cor_LL_y,cor_LR_x,cor_LR_y,cor_UR_x,cor_UR_y,Dirty
./data/train/PICAI/11341/,8,0,0.5625,0.5625,3.599999957614445,15.89024744547659,74.3639733051338,276.09363889350414,133.88871672284677,248.10975255452345,256.63602669486613,-11.203645461403482,198.2103336357892,124.05545030665382,33.80603149116672,227.1213792978432,57.7103047740579,170.94454969334618,305.1939685088332,67.87862070215695,281.28969522594207,True
./data/train/PICAI/11341/,9,0,0.5625,0.5625,3.599999957614445,15.89024744547659,74.3639733051338,276.09363889350414,133.88871672284677,248.10975255452345,256.63602669486613,-11.203645461403482,198.2103336357892,124.05545030665382,33.80603149116672,227.1213792978432,57.7103047740579,170.94454969334618,305.1939685088332,67.87862070215695,281.28969522594207,True
./data/train/PICAI/11341/,10,0,0.5625,0.5625,3.599999957614445,15.89024744547659,74.3639733051338,276.09363889350414,133.88871672284677,248.10975255452345,256.63602669486613,-11.203645461403482,198.2103336357892,122.05545030665382,33.80603149116672,225.1213792978432,57.7103047740579,168.94454969334618,305.1939685088332,65.87862070215695,281.28969522594207,True
