path,curFrame,Deleted,pixelSpacingX,pixelSpacingY,pixelSpacingZ,tra_UL_x,tra_UL_y,tra_LL_x,tra_LL_y,tra_LR_x,tra_LR_y,tra_UR_x,tra_UR_y,cor_UL_x,cor_UL_y,cor_LL_x,cor_LL_y,cor_LR_x,cor_LR_y,cor_UR_x,cor_UR_y,Dirty
./data/train/PICAI/10446/,9,0,0.5625,0.5625,3.5999999576145,69.39918152828794,61.41928628552779,288.8178384860722,212.85393548722885,212.60081847171207,322.5807137144722,-4.81905683203388,171.07626551936616,183.0915310613564,57.79400283933401,271.2727099739588,118.7536590521411,118.9084689386436,340.205997160666,29.692999702319668,278.2818496175423,True
./data/train/PICAI/10446/,8,0,0.5625,0.5625,3.5999999576145,58.29078516714678,68.15660783984899,290.0728872198083,199.8914064621177,223.70921483285323,315.843392160151,-6.087794916525496,183.864854851072,166.66249953400828,55.53437306422441,259.8211065530915,108.57656323642638,127.33750046599172,342.4656269357756,33.06447795186209,288.5527599553375,True
./data/train/PICAI/10446/,10,0,0.5625,0.5625,3.5999999576145,69.39918152828794,61.41928628552779,288.8178384860722,212.85393548722885,212.60081847171207,322.5807137144722,-4.81905683203388,171.07626551936616,183.0915310613564,57.79400283933401,271.2727099739588,118.7536590521411,118.9084689386436,340.205997160666,29.692999702319668,278.2818496175423,True
