path,curFrame,Deleted,pixelSpacingX,pixelSpacingY,pixelSpacingZ,tra_UL_x,tra_UL_y,tra_LL_x,tra_LL_y,tra_LR_x,tra_LR_y,tra_UR_x,tra_UR_y,cor_UL_x,cor_UL_y,cor_LL_x,cor_LL_y,cor_LR_x,cor_LR_y,cor_UR_x,cor_UR_y,Dirty,h_par_cor,h_orth_cor,h_par_tra,h_orth_tra
./data/train/PICAI/10711/,8,0,0.5625,0.5625,3.600000169542111,18.675882310650096,51.726437566033,284.4691876742502,78.9829748349548,267.32411768935003,251.27356243396707,1.530812325749821,224.0170251650451,77.56205716465394,13.249549193562643,224.8175968432068,28.895827791944527,197.43794283534604,302.7504508064373,50.04323005583311,288.0944402767972,True,,,,
./data/train/PICAI/10711/,9,0,0.5625,0.5625,3.600000169542111,18.675882310650096,51.726437566033,284.4691876742502,78.9829748349548,267.32411768935003,251.27356243396707,1.530812325749821,224.0170251650451,77.56205716465394,13.249549193562643,224.8175968432068,28.895827791944527,197.43794283534604,302.7504508064373,50.04323005583311,288.0944402767972,True,,,,
./data/train/PICAI/10711/,-1,0,-1.0,-1.0,-1.0,-1.0,-1.0,-1.0,-1.0,-1.0,-1.0,-1.0,-1.0,-1.0,-1.0,-1.0,-1.0,-1.0,-1.0,-1.0,-1.0,False,80.0,60.0,30.0,160.0
./data/train/PICAI/10711/,10,0,0.5625,0.5625,3.600000169542111,22.233664317182203,47.44836778913553,286.9138161481112,83.96435369608389,263.7663356828179,255.5516322108645,-0.9138161481112091,219.035646303916,82.650287620565,11.245923218830768,229.27007595470656,32.021814748475464,192.34971237943492,304.7540767811692,45.55627586762644,284.9629930045369,True,,,,
