path,curFrame,Deleted,pixelSpacingX,pixelSpacingY,pixelSpacingZ,tra_UL_x,tra_UL_y,tra_LL_x,tra_LL_y,tra_LR_x,tra_LR_y,tra_UR_x,tra_UR_y,cor_UL_x,cor_UL_y,cor_LL_x,cor_LL_y,cor_LR_x,cor_LR_y,cor_UR_x,cor_UR_y,Dirty
./data/train/PICAI/10270/,10,0,0.5625,0.5625,3.60000009536745,71.28358297327071,18.27264195843464,293.7221081030296,160.8247466012551,212.7164170267293,288.72735804156537,-9.722108103029626,146.1752533987449,162.23848244178825,16.727084336637972,272.62649113111274,86.85901385241284,129.76151755821175,311.2729156633619,19.37350886888724,241.1409861475872,True
./data/train/PICAI/10270/,9,0,0.5625,0.5625,3.60000009536745,71.28358297327071,18.27264195843464,293.7221081030296,160.8247466012551,212.7164170267293,288.72735804156537,-9.722108103029626,146.1752533987449,162.23848244178825,16.727084336637972,272.62649113111274,86.85901385241284,129.76151755821175,311.2729156633619,19.37350886888724,241.1409861475872,True
./data/train/PICAI/10270/,11,0,0.5625,0.5625,3.60000009536745,71.28358297327071,18.27264195843464,293.7221081030296,160.8247466012551,212.7164170267293,288.72735804156537,-9.722108103029626,146.1752533987449,162.23848244178825,16.727084336637972,272.62649113111274,86.85901385241284,129.76151755821175,311.2729156633619,19.37350886888724,241.1409861475872,True
