path,curFrame,Deleted,pixelSpacingX,pixelSpacingY,pixelSpacingZ,tra_UL_x,tra_UL_y,tra_LL_x,tra_LL_y,tra_LR_x,tra_LR_y,tra_UR_x,tra_UR_y,cor_UL_x,cor_UL_y,cor_LL_x,cor_LL_y,cor_LR_x,cor_LR_y,cor_UR_x,cor_UR_y,Dirty
./data/train/PICAI/10100/,10,0,0.5625,0.5625,3.599999957614445,38.92496631774687,49.73466493847488,287.5002803898431,159.8950626953763,234.07503368225315,281.2653350615251,-13.5016508550886,171.15727326086665,143.23469614873508,38.71810059768231,248.88857574002543,86.31282433161233,146.76530385126492,315.28189940231766,42.11005379472914,267.73951162463067,True
./data/train/PICAI/10100/,9,0,0.5625,0.5625,3.599999957614445,38.92496631774687,49.73466493847488,287.5002803898431,159.8950626953763,234.07503368225315,281.2653350615251,-13.5016508550886,171.15727326086665,143.23469614873508,38.71810059768231,248.88857574002543,86.31282433161233,146.76530385126492,315.28189940231766,42.11005379472914,267.73951162463067,True
./data/train/PICAI/10100/,11,0,0.5625,0.5625,3.599999957614445,38.92496631774687,49.73466493847488,287.5002803898431,159.8950626953763,234.07503368225315,281.2653350615251,-13.5016508550886,171.15727326086665,143.23469614873508,38.71810059768231,248.88857574002543,86.31282433161233,146.76530385126492,315.28189940231766,42.11005379472914,267.73951162463067,True
