path,curFrame,Deleted,pixelSpacingX,pixelSpacingY,pixelSpacingZ,tra_UL_x,tra_UL_y,tra_LL_x,tra_LL_y,tra_LR_x,tra_LR_y,tra_UR_x,tra_UR_y,cor_UL_x,cor_UL_y,cor_LL_x,cor_LL_y,cor_LR_x,cor_LR_y,cor_UR_x,cor_UR_y,Dirty
./data/train/PICAI/10879/,8,0,0.5625,0.5625,3.6000000635782774,7.0,59.0,268.0,128.0,229.0,274.0,-30.0,205.0,88.0,39.0,222.0,75.0,158.0,318.0,24.0,282.0,True
./data/train/PICAI/10879/,9,0,0.5625,0.5625,3.6000000635782774,1.526006346125811,64.95661615685007,265.7794958978327,120.20236947550733,234.4739936538742,268.04338384315,-27.78223682832362,212.6929586120068,80.74710038769923,41.02293837023996,216.44755246955816,69.96058348485015,165.25289961230078,315.97706162976004,29.55244753044184,287.0394165151498,True
./data/train/PICAI/10879/,10,0,0.5625,0.5625,3.6000000635782774,1.526006346125811,64.95661615685007,265.7794958978327,120.20236947550733,234.4739936538742,268.04338384315,-27.78223682832362,212.6929586120068,80.74710038769923,41.02293837023996,216.44755246955816,69.96058348485015,165.25289961230078,315.97706162976004,29.55244753044184,287.0394165151498,True
