path,curFrame,Deleted,pixelSpacingX,pixelSpacingY,pixelSpacingZ,tra_UL_x,tra_UL_y,tra_LL_x,tra_LL_y,tra_LR_x,tra_LR_y,tra_UR_x,tra_UR_y,cor_UL_x,cor_UL_y,cor_LL_x,cor_LL_y,cor_LR_x,cor_LR_y,cor_UR_x,cor_UR_y,Dirty
./data/train/PICAI/10264/,9,0,0.5625,0.5625,3.600000169542111,77.75398841825262,2.789405009365794,294.1165490103285,157.23435434096515,208.24601158174733,278.21059499063426,-7.033198569489173,122.85660670369076,170.17197114664162,7.0884030622685685,277.34151170532687,83.7555026785628,128.57478180616744,292.584284399643,21.405241247482262,215.9171847833488,True
./data/train/PICAI/10264/,8,0,0.5625,0.5625,3.600000169542111,77.75398841825262,2.789405009365794,294.1165490103285,157.23435434096515,208.24601158174733,278.21059499063426,-7.033198569489173,122.85660670369076,170.17197114664162,7.0884030622685685,277.34151170532687,83.7555026785628,128.57478180616744,292.584284399643,21.405241247482262,215.9171847833488,True
./data/train/PICAI/10264/,10,0,0.5625,0.5625,3.600000169542111,77.75398841825262,2.789405009365794,294.1165490103285,157.23435434096515,208.24601158174733,278.21059499063426,-7.033198569489173,122.85660670369076,170.17197114664162,7.0884030622685685,277.34151170532687,83.7555026785628,128.57478180616744,292.584284399643,21.405241247482262,215.9171847833488,True
