path,curFrame,Deleted,pixelSpacingX,pixelSpacingY,pixelSpacingZ,tra_UL_x,tra_UL_y,tra_LL_x,tra_LL_y,tra_LR_x,tra_LR_y,tra_UR_x,tra_UR_y,cor_UL_x,cor_UL_y,cor_LL_x,cor_LL_y,cor_LR_x,cor_LR_y,cor_UR_x,cor_UR_y,Dirty
./data/train/PICAI/11081/,9,0,0.5625,0.5625,3.599999918938892,6.724556880116765,71.90519941563767,263.41505165400963,124.42176720842306,240.2754431198832,238.0948005843623,-16.415051654009574,185.57823279157697,119.55765574404168,24.806419747187192,211.7114419038372,43.37197108332279,160.44234425595835,294.19358025281264,68.2885580961628,275.6280289166771,True
./data/train/PICAI/11081/,8,0,0.5625,0.5625,3.599999918938892,14.411111760056784,62.04374973906704,265.54770123181777,136.73252686449806,232.58888823994323,247.95625026093305,-18.547701231817683,173.26747313550197,131.37476406592327,23.53730178802149,221.5597828311713,50.06393727599574,148.6252359340768,295.4626982119784,58.440217168828624,268.93606272400416,True
./data/train/PICAI/11081/,10,0,0.5625,0.5625,3.599999918938892,14.411111760056784,62.04374973906704,265.54770123181777,136.73252686449806,232.58888823994323,247.95625026093305,-18.547701231817683,173.26747313550197,131.37476406592327,23.53730178802149,221.5597828311713,50.06393727599574,148.6252359340768,295.4626982119784,58.440217168828624,268.93606272400416,True
