path,curFrame,Deleted,pixelSpacingX,pixelSpacingY,pixelSpacingZ,tra_UL_x,tra_UL_y,tra_LL_x,tra_LL_y,tra_LR_x,tra_LR_y,tra_UR_x,tra_UR_y,cor_UL_x,cor_UL_y,cor_LL_x,cor_LL_y,cor_LR_x,cor_LR_y,cor_UR_x,cor_UR_y,Dirty
./data/train/PICAI/10149/,10,0,0.5625,0.5625,3.6,65.34355670138967,15.18249731320944,292.9246358241704,175.5534810518855,215.6564432986103,284.81750268679065,-10.943008640722638,124.637327943491,179.74787642566153,20.82728518890028,269.3241899784834,84.08140798169967,112.25212357433844,305.1727148110998,23.65743720496424,242.1094010136769,True
./data/train/PICAI/10149/,9,0,0.5625,0.5625,3.6,65.34355670138967,15.18249731320944,292.9246358241704,175.5534810518855,215.6564432986103,284.81750268679065,-10.943008640722638,124.637327943491,183.7478764256616,20.82728518890028,273.3241899784834,84.08140798169967,116.25212357433844,305.1727148110998,27.65743720496424,242.1094010136769,True
./data/train/PICAI/10149/,11,0,0.5625,0.5625,3.6,65.34355670138967,15.18249731320944,292.9246358241704,175.5534810518855,215.6564432986103,284.81750268679065,-10.943008640722638,124.637327943491,183.7478764256616,20.82728518890028,273.3241899784834,84.08140798169967,116.25212357433844,305.1727148110998,27.65743720496424,242.1094010136769,True
