path,curFrame,Deleted,pixelSpacingX,pixelSpacingY,pixelSpacingZ,tra_UL_x,tra_UL_y,tra_LL_x,tra_LL_y,tra_LR_x,tra_LR_y,tra_UR_x,tra_UR_y,cor_UL_x,cor_UL_y,cor_LL_x,cor_LL_y,cor_LR_x,cor_LR_y,cor_UR_x,cor_UR_y,Dirty
./data/train/PICAI/11238/,8,0,0.5625,0.5625,3.599999845027938,101.33327764472844,27.325098938262613,286.97597795600564,215.2660147100484,177.66672235527153,323.6749010617375,-6.877095714366334,137.68140866944813,172.00468924306827,32.495092018918115,277.70577058246994,138.07769893468887,93.65970156967704,321.5226347626876,-12.041379769724443,215.94002784691705,True
./data/train/PICAI/11238/,9,0,0.5625,0.5625,3.599999845027938,103.92509921854156,26.681565542472413,286.2595039991362,217.83376886042112,175.07490078145844,324.3184344575277,-6.194776346909322,135.13253605656996,174.52083615628752,33.20075644986622,278.3631481404245,140.61202085559847,91.1435546564578,320.81697033173947,-12.698757327679033,213.4057059260074,True
./data/train/PICAI/11238/,10,0,0.5625,0.5625,3.599999845027938,117.0308536460607,24.14730771431485,282.01140871017617,230.4636096653156,161.9691463539393,326.8526922856853,-2.122107433624734,122.5880099971765,186.8959006656613,37.38139416233016,280.9815527731007,153.43438010826276,78.76849014708404,316.63633261927544,-15.317161960355351,200.5833466733432,True
