path,curFrame,Deleted,pixelSpacingX,pixelSpacingY,pixelSpacingZ,tra_UL_x,tra_UL_y,tra_LL_x,tra_LL_y,tra_LR_x,tra_LR_y,tra_UR_x,tra_UR_y,cor_UL_x,cor_UL_y,cor_LL_x,cor_LL_y,cor_LR_x,cor_LR_y,cor_UR_x,cor_UR_y,Dirty,h_par_cor,h_orth_cor,h_par_tra,h_orth_tra
./data/train/PICAI/10886/,9,0,0.5625,0.5625,4.000404357910126,63.882076794831846,9.980484268081852,269.7952362115933,187.3974247754849,178.1179232051681,294.019515731918,-26.80269005995217,116.72444456792012,159.74335496830707,21.89871060704393,253.56662389240813,102.9369374410254,78.25664503169293,308.10128939295606,-15.566623892408188,227.06306255897465,True,,,,
./data/train/PICAI/10886/,10,0,0.5625,0.5625,4.000404357910126,73.9279938053298,6.342091760148662,266.9635789626436,197.69062941584508,168.07200619467017,297.6579082398512,-23.981951779196024,106.50017957953132,169.62634753964835,25.089410926853844,257.5681267537762,112.4750131085268,68.37365246035164,304.9105890731462,-19.56812675377624,217.5249868914732,True,,,,
./data/train/PICAI/10886/,-1,0,-1.0,-1.0,-1.0,-1.0,-1.0,-1.0,-1.0,-1.0,-1.0,-1.0,-1.0,-1.0,-1.0,-1.0,-1.0,-1.0,-1.0,-1.0,-1.0,False,80.0,60.0,30.0,160.0
./data/train/PICAI/10886/,11,0,0.5625,0.5625,4.000404357910126,79.04005648797043,4.78803329733239,265.28008192350995,202.75685136161644,162.95994351202955,299.21196670266744,-22.305711858724862,101.46809969272726,174.47831647860855,26.94147472647924,259.3168104017612,117.3429677940786,63.52168352139144,303.0585252735208,-21.31681040176116,212.6570322059214,True,,,,
