path,curFrame,Deleted,pixelSpacingX,pixelSpacingY,pixelSpacingZ,tra_UL_x,tra_UL_y,tra_LL_x,tra_LL_y,tra_LR_x,tra_LR_y,tra_UR_x,tra_UR_y,cor_UL_x,cor_UL_y,cor_LL_x,cor_LL_y,cor_LR_x,cor_LR_y,cor_UR_x,cor_UR_y,Dirty,h_par_cor,h_orth_cor,h_par_tra,h_orth_tra
./data/train/PICAI/10818/,14,0,0.39285713434219,0.39285713434219,3.29999987284341,37.098098855195616,202.88514099795805,440.6177637249645,295.9059992147557,391.9019011448044,506.114859002042,-9.642387043774164,412.7811318551637,204.33712415965263,134.15399335559275,355.6374441776859,168.91335414431742,255.66287584034737,598.8460066444073,105.35024416290936,563.9302113906422,True,,,,
./data/train/PICAI/10818/,13,0,0.39285713434219,0.39285713434219,3.29999987284341,37.098098855195616,202.88514099795805,440.6177637249645,295.9059992147557,391.9019011448044,506.114859002042,-9.642387043774164,412.7811318551637,204.33712415965263,134.15399335559275,355.6374441776859,168.91335414431742,255.66287584034737,598.8460066444073,105.35024416290936,563.9302113906422,True,,,,
./data/train/PICAI/10818/,-1,0,-1.0,-1.0,-1.0,-1.0,-1.0,-1.0,-1.0,-1.0,-1.0,-1.0,-1.0,-1.0,-1.0,-1.0,-1.0,-1.0,-1.0,-1.0,-1.0,False,80.0,60.0,30.0,160.0
./data/train/PICAI/10818/,15,0,0.39285713434219,0.39285713434219,3.29999987284341,37.098098855195616,202.88514099795805,440.6177637249645,295.9059992147557,391.9019011448044,506.114859002042,-9.642387043774164,412.7811318551637,204.33712415965263,134.15399335559275,355.6374441776859,168.91335414431742,255.66287584034737,598.8460066444073,105.35024416290936,563.9302113906422,True,,,,
