path,curFrame,Deleted,pixelSpacingX,pixelSpacingY,pixelSpacingZ,tra_UL_x,tra_UL_y,tra_LL_x,tra_LL_y,tra_LR_x,tra_LR_y,tra_UR_x,tra_UR_y,cor_UL_x,cor_UL_y,cor_LL_x,cor_LL_y,cor_LR_x,cor_LR_y,cor_UR_x,cor_UR_y,Dirty,h_par_cor,h_orth_cor,h_par_tra,h_orth_tra
./data/train/PICAI/10841/,14,0,0.25462964177131,0.25462964177131,3.2999998600780245,246.86670166624532,245.8438328798063,768.0178760600041,679.9169297517575,565.1332983337545,922.156167120194,43.89496819724826,489.0792649463342,566.6659407368821,254.63448304036584,758.5097383755226,413.96105743266384,315.3340592631177,947.365516959634,122.5812226691333,786.9555921264969,True,,,,
./data/train/PICAI/10841/,15,0,0.25462964177131,0.25462964177131,3.2999998600780245,240.98929957050547,248.67259470218107,769.6367202262513,673.5842380282108,571.0107004294944,919.3274052978192,42.29352330000461,495.41332602204886,560.6018894275919,252.49406311319424,755.1971004591902,408.4482353676351,321.398110572408,949.5059368868058,125.87509196429414,792.484444108361,True,,,,
./data/train/PICAI/10841/,-1,0,-1.0,-1.0,-1.0,-1.0,-1.0,-1.0,-1.0,-1.0,-1.0,-1.0,-1.0,-1.0,-1.0,-1.0,-1.0,-1.0,-1.0,-1.0,-1.0,False,80.0,60.0,30.0,160.0
./data/train/PICAI/10841/,16,0,0.25462964177131,0.25462964177131,3.2999998600780245,240.98929957050547,248.67259470218107,769.6367202262513,673.5842380282108,571.0107004294944,919.3274052978192,42.29352330000461,495.41332602204886,560.6018894275919,252.49406311319424,755.1971004591902,408.4482353676351,321.398110572408,949.5059368868058,125.87509196429414,792.484444108361,True,,,,
