path,curFrame,Deleted,pixelSpacingX,pixelSpacingY,pixelSpacingZ,tra_UL_x,tra_UL_y,tra_LL_x,tra_LL_y,tra_LR_x,tra_LR_y,tra_UR_x,tra_UR_y,cor_UL_x,cor_UL_y,cor_LL_x,cor_LL_y,cor_LR_x,cor_LR_y,cor_UR_x,cor_UR_y,Dirty
./data/train/PICAI/10133/,16,0,0.392857134342,0.392857134342,3.299999999999983,60.24898166083349,115.96240060311962,414.0497368698606,343.8615572788786,301.75101833916654,520.0375993968804,-52.04973686986068,292.1384427211214,240.82123056245348,106.27130421359992,378.41371789661326,195.5198752340878,153.17876943754652,545.7286957864001,15.586282103386653,456.48012476591225,True
./data/train/PICAI/10133/,15,0,0.392857134342,0.392857134342,3.299999999999983,60.24898166083349,115.96240060311962,414.0497368698606,343.8615572788786,301.75101833916654,520.0375993968804,-52.04973686986068,292.1384427211214,240.82123056245348,106.27130421359992,378.41371789661326,195.5198752340878,153.17876943754652,545.7286957864001,15.586282103386653,456.48012476591225,True
./data/train/PICAI/10133/,14,0,0.392857134342,0.392857134342,3.299999999999983,33.305923052104305,134.73391029841574,415.380945973006,311.1756198230988,328.69407694789567,501.2660897015843,-53.38094597300602,324.82438017690123,209.8144413964557,102.31095223123492,358.4888884873791,171.54178916253474,184.18555860354425,549.689047768765,35.5111115126208,480.4582108374653,True
