path,curFrame,Deleted,pixelSpacingX,pixelSpacingY,pixelSpacingZ,tra_UL_x,tra_UL_y,tra_LL_x,tra_LL_y,tra_LR_x,tra_LR_y,tra_UR_x,tra_UR_y,cor_UL_x,cor_UL_y,cor_LL_x,cor_LL_y,cor_LR_x,cor_LR_y,cor_UR_x,cor_UR_y,Dirty,h_par_cor,h_orth_cor,h_par_tra,h_orth_tra
./data/train/PICAI/11379/,10,0,0.5625,0.5625,3.6000000635783334,81.09436788416895,-3.0176968126826296,291.9600366001031,191.08709384685244,199.90563211583105,292.0176968126827,-9.96551470473483,98.01743461641522,214.12738654886496,16.352269533006762,292.076454469306,87.89206831895848,96.87261345113504,299.64773046699315,19.91806742606224,228.21246014430915,True,,,,
./data/train/PICAI/11379/,9,0,0.5625,0.5625,3.6000000635783334,81.09436788416895,-3.0176968126826296,291.9600366001031,191.08709384685244,199.90563211583105,292.0176968126827,-9.96551470473483,98.01743461641522,218.12738654886496,16.352269533006762,296.076454469306,87.89206831895848,100.87261345113504,299.64773046699315,23.91806742606224,228.21246014430915,True,,,,
./data/train/PICAI/11379/,-1,0,-1.0,-1.0,-1.0,-1.0,-1.0,-1.0,-1.0,-1.0,-1.0,-1.0,-1.0,-1.0,-1.0,-1.0,-1.0,-1.0,-1.0,-1.0,-1.0,False,80.0,60.0,30.0,160.0
./data/train/PICAI/11379/,11,0,0.5625,0.5625,3.6000000635783334,81.09436788416895,-3.0176968126826296,291.9600366001031,191.08709384685244,199.90563211583105,292.0176968126827,-9.96551470473483,98.01743461641522,214.12738654886496,16.352269533006762,292.076454469306,87.89206831895848,96.87261345113504,299.64773046699315,19.91806742606224,228.21246014430915,True,,,,
