path,curFrame,Deleted,pixelSpacingX,pixelSpacingY,pixelSpacingZ,tra_UL_x,tra_UL_y,tra_LL_x,tra_LL_y,tra_LR_x,tra_LR_y,tra_UR_x,tra_UR_y,cor_UL_x,cor_UL_y,cor_LL_x,cor_LL_y,cor_LR_x,cor_LR_y,cor_UR_x,cor_UR_y,Dirty
./data/train/PICAI/11094/,9,0,0.5625,0.5625,3.599999957614445,86.14197972321733,-0.1213452373822008,272.58789154555524,192.70479916408905,163.85802027678264,297.1213452373823,-21.62196571926621,104.55401988101347,178.0966135673944,15.174860452459995,268.7744212935588,109.98986635814174,71.7564041877077,300.48895017661744,-18.921403538456733,205.6739442709357,True
./data/train/PICAI/11094/,8,0,0.5625,0.5625,3.599999957614445,86.14197972321733,-0.1213452373822008,272.58789154555524,192.70479916408905,163.85802027678264,297.1213452373823,-21.62196571926621,104.55401988101347,178.0966135673944,15.174860452459995,268.7744212935588,109.98986635814174,71.7564041877077,300.48895017661744,-18.921403538456733,205.6739442709357,True
./data/train/PICAI/11094/,10,0,0.5625,0.5625,3.599999957614445,86.14197972321733,-0.1213452373822008,272.58789154555524,192.70479916408905,163.85802027678264,297.1213452373823,-21.62196571926621,104.55401988101347,178.0966135673944,15.174860452459995,268.7744212935588,109.98986635814174,71.7564041877077,300.48895017661744,-18.921403538456733,205.6739442709357,True
