path,curFrame,Deleted,pixelSpacingX,pixelSpacingY,pixelSpacingZ,tra_UL_x,tra_UL_y,tra_LL_x,tra_LL_y,tra_LR_x,tra_LR_y,tra_UR_x,tra_UR_y,cor_UL_x,cor_UL_y,cor_LL_x,cor_LL_y,cor_LR_x,cor_LR_y,cor_UR_x,cor_UR_y,Dirty,h_par_cor,h_orth_cor,h_par_tra,h_orth_tra
./data/train/PICAI/10901/,13,0,0.254629641771,0.254629641771,3.300000032049955,144.9880842230595,369.49080538205806,740.7667447642605,692.6699935172669,605.0119157769403,942.509194617942,9.233255235739591,619.3300064827331,449.94559729460127,307.14378668721383,672.7061811684196,428.4851327824158,354.0544027053988,1014.8562133127862,132.1250727071353,894.6589900232194,True,,,,
./data/train/PICAI/10901/,14,0,0.254629641771,0.254629641771,3.300000032049955,144.9880842230595,369.49080538205806,740.7667447642605,692.6699935172669,605.0119157769403,942.509194617942,9.233255235739591,619.3300064827331,449.94559729460127,307.14378668721383,672.7061811684196,428.4851327824158,354.0544027053988,1014.8562133127862,132.1250727071353,894.6589900232194,True,,,,
./data/train/PICAI/10901/,-1,0,-1.0,-1.0,-1.0,-1.0,-1.0,-1.0,-1.0,-1.0,-1.0,-1.0,-1.0,-1.0,-1.0,-1.0,-1.0,-1.0,-1.0,-1.0,-1.0,False,80.0,60.0,30.0,160.0
./data/train/PICAI/10901/,15,0,0.254629641771,0.254629641771,3.300000032049955,144.9880842230595,369.49080538205806,740.7667447642605,692.6699935172669,605.0119157769403,942.509194617942,9.233255235739591,619.3300064827331,449.94559729460127,307.14378668721383,672.7061811684196,428.4851327824158,354.0544027053988,1014.8562133127862,132.1250727071353,894.6589900232194,True,,,,
