path,curFrame,Deleted,pixelSpacingX,pixelSpacingY,pixelSpacingZ,tra_UL_x,tra_UL_y,tra_LL_x,tra_LL_y,tra_LR_x,tra_LR_y,tra_UR_x,tra_UR_y,cor_UL_x,cor_UL_y,cor_LL_x,cor_LL_y,cor_LR_x,cor_LR_y,cor_UR_x,cor_UR_y,Dirty
./data/train/PICAI/10978/,8,0,0.5625,0.5625,3.5999999576145,24.03373136380327,48.58885582292744,274.4769368754744,144.9382243368876,219.9662686361968,286.4111441770725,-29.48241498010612,189.9572471998448,106.5404787953958,36.13443626335982,229.48755454982,83.2625489261536,137.0655108800247,323.2378931678037,15.12080027582833,275.98490142801063,True
./data/train/PICAI/10978/,9,0,0.5625,0.5625,3.5999999576145,34.770311684515804,40.50302571957282,275.8631044122419,158.3133193901418,209.2296883154842,294.4969742804272,-30.863256717085505,176.66922820342091,119.10991479277992,35.350478007706336,237.4816541418004,93.0147976794814,124.49607488264056,324.0218514234572,7.133770310538543,266.3204897564453,True
./data/train/PICAI/10978/,10,0,0.5625,0.5625,3.5999999576145,34.770311684515804,40.50302571957282,275.8631044122419,158.3133193901418,209.2296883154842,294.4969742804272,-30.863256717085505,176.66922820342091,119.10991479277992,35.350478007706336,237.4816541418004,93.0147976794814,124.49607488264056,324.0218514234572,7.133770310538543,266.3204897564453,True
