path,curFrame,Deleted,pixelSpacingX,pixelSpacingY,pixelSpacingZ,tra_UL_x,tra_UL_y,tra_LL_x,tra_LL_y,tra_LR_x,tra_LR_y,tra_UR_x,tra_UR_y,cor_UL_x,cor_UL_y,cor_LL_x,cor_LL_y,cor_LR_x,cor_LR_y,cor_UR_x,cor_UR_y,Dirty
./data/train/PICAI/11209/,10,0,0.5625,0.5625,3.6,51.68054840157277,34.7419344528076,302.27183398628256,145.32225634148003,240.31945159842724,286.2580655471924,-9.362795030938514,174.59439321768056,150.14815014605756,23.644244081663004,262.879366362078,73.00691105232887,154.85184985394244,318.35575591833697,41.03728319708263,268.08404999232704,True
./data/train/PICAI/11209/,9,0,0.5625,0.5625,3.6,51.68054840157277,34.7419344528076,302.27183398628256,145.32225634148003,240.31945159842724,286.2580655471924,-9.362795030938514,174.59439321768056,150.14815014605756,23.644244081663004,262.879366362078,73.00691105232887,154.85184985394244,318.35575591833697,41.03728319708263,268.08404999232704,True
./data/train/PICAI/11209/,11,0,0.5625,0.5625,3.6,51.68054840157277,34.7419344528076,302.27183398628256,145.32225634148003,240.31945159842724,286.2580655471924,-9.362795030938514,174.59439321768056,150.14815014605756,23.644244081663004,262.879366362078,73.00691105232887,154.85184985394244,318.35575591833697,41.03728319708263,268.08404999232704,True
