path,curFrame,Deleted,pixelSpacingX,pixelSpacingY,pixelSpacingZ,tra_UL_x,tra_UL_y,tra_LL_x,tra_LL_y,tra_LR_x,tra_LR_y,tra_UR_x,tra_UR_y,cor_UL_x,cor_UL_y,cor_LL_x,cor_LL_y,cor_LR_x,cor_LR_y,cor_UR_x,cor_UR_y,Dirty
./data/train/PICAI/11009/,9,0,0.5625,0.5625,3.6,47.645327730622014,23.86935255035877,295.4085750252416,149.59275248062326,222.354672269378,293.1306474496412,-24.40918419822256,167.44214701607925,130.30929229613693,18.830848067828555,257.1367391794504,83.296332763597,134.69070770386307,323.1691519321714,8.862651647568768,258.7385667331055,True
./data/train/PICAI/11009/,10,0,0.5625,0.5625,3.6,54.81106794687644,19.48206886815089,295.65490996452024,158.000095717295,215.18893205312355,297.5179311318491,-24.6587152664286,159.08706002545267,138.27621266195595,18.92473781944713,261.5559841509317,89.93951051939985,126.72378733804403,323.0752621805529,4.440210547160035,252.1476452233478,True
./data/train/PICAI/11009/,11,0,0.5625,0.5625,3.6,62.196600452024114,15.475823672157476,295.46090096257217,166.4088091568577,207.80339954797583,301.5241763278425,-24.47063289383064,150.7303639441024,146.2273008303682,19.43545529408076,265.6214956404269,96.80486944242344,118.77269916963182,322.5645447059193,0.3687724283147133,245.3343036585366,True
