path,curFrame,Deleted,pixelSpacingX,pixelSpacingY,pixelSpacingZ,tra_UL_x,tra_UL_y,tra_LL_x,tra_LL_y,tra_LR_x,tra_LR_y,tra_UR_x,tra_UR_y,cor_UL_x,cor_UL_y,cor_LL_x,cor_LL_y,cor_LR_x,cor_LR_y,cor_UR_x,cor_UR_y,Dirty
./data/train/PICAI/10074/,15,0,0.39285713434219,0.39285713434219,3.2999999097445283,22.513413421060136,186.77008983983853,452.6754451707665,245.7753984227517,423.4865865789399,457.2299101601616,-5.693817987318965,398.0337925818718,195.5160504308596,107.01652003163534,361.8984583493717,129.6857576729387,302.48394956914046,562.9834799683647,136.1015416506284,540.3142423270613,True
./data/train/PICAI/10074/,16,0,0.39285713434219,0.39285713434219,3.2999999097445283,29.86555998102025,176.46276050936265,456.3499703682148,257.90014563859563,416.1344400189797,467.53723949063743,-9.359702299473357,385.9606812604443,217.52108175667053,104.529829823113,382.4890521384239,135.87578248250753,300.4789182433295,565.470170176887,135.5109478615762,534.1242175174925,True
./data/train/PICAI/10074/,17,0,0.39285713434219,0.39285713434219,3.2999999097445283,29.86555998102025,176.46276050936265,456.3499703682148,257.90014563859563,416.1344400189797,467.53723949063743,-9.359702299473357,385.9606812604443,217.52108175667053,104.529829823113,382.4890521384239,135.87578248250753,300.4789182433295,565.470170176887,135.5109478615762,534.1242175174925,True
