path,curFrame,Deleted,pixelSpacingX,pixelSpacingY,pixelSpacingZ,tra_UL_x,tra_UL_y,tra_LL_x,tra_LL_y,tra_LR_x,tra_LR_y,tra_UR_x,tra_UR_y,cor_UL_x,cor_UL_y,cor_LL_x,cor_LL_y,cor_LR_x,cor_LR_y,cor_UR_x,cor_UR_y,Dirty,h_par_cor,h_orth_cor,h_par_tra,h_orth_tra
./data/train/PICAI/10592/,9,0,0.5625,0.5625,3.6,63.307175833991394,15.623835571951789,294.9678188508657,151.68759443891986,218.69282416600856,281.376164428048,-11.985423562146536,146.32970566267383,160.0864047526891,-3.72485803514028,280.61321881096586,66.14343408822594,138.34094489581196,309.6975350083532,17.814130837535213,239.8292428849869,True,,,,
./data/train/PICAI/10592/,10,0,0.5625,0.5625,3.6,63.307175833991394,15.623835571951789,294.9678188508657,151.68759443891986,218.69282416600856,281.376164428048,-11.985423562146536,146.32970566267383,161.81669923618898,-2.7218221432750465,280.61321881096586,66.14343408822594,138.34094489581196,309.6975350083532,19.54442532103509,240.83227877685212,True,,,,
./data/train/PICAI/10592/,-1,0,-1.0,-1.0,-1.0,-1.0,-1.0,-1.0,-1.0,-1.0,-1.0,-1.0,-1.0,-1.0,-1.0,-1.0,-1.0,-1.0,-1.0,-1.0,-1.0,False,80.0,60.0,30.0,160.0
./data/train/PICAI/10592/,11,0,0.5625,0.5625,3.6,63.307175833991394,15.623835571951789,294.9678188508657,151.68759443891986,218.69282416600856,281.376164428048,-11.985423562146536,146.32970566267383,158.35611026918923,-4.727893927005512,280.61321881096586,66.14343408822594,138.34094489581196,309.6975350083532,16.083836354035334,238.8262069931217,True,,,,
