path,curFrame,Deleted,pixelSpacingX,pixelSpacingY,pixelSpacingZ,tra_UL_x,tra_UL_y,tra_LL_x,tra_LL_y,tra_LR_x,tra_LR_y,tra_UR_x,tra_UR_y,cor_UL_x,cor_UL_y,cor_LL_x,cor_LL_y,cor_LR_x,cor_LR_y,cor_UR_x,cor_UR_y,Dirty
./data/train/PICAI/10988/,9,0,0.5625,0.5625,3.6000000635782783,40.36778821546798,35.377897244062055,283.8504739300156,151.64561312956013,221.63221178453205,281.622102755938,-19.85534582949586,165.49389981792814,148.2675993639574,18.974424006213127,253.93279599753672,70.47069785575506,138.7324006360426,313.02557599378684,32.069639952203445,261.4595456705008,True
./data/train/PICAI/10988/,8,0,0.5625,0.5625,3.6000000635782783,26.038537156994195,47.34091886914355,281.8758100484438,133.0689177928675,235.96146284300585,269.65908113085646,-17.87855097893467,183.82641029464665,130.31415199113712,19.489306150413768,241.4675533540752,57.7243864491342,156.68584800886288,312.51069384958623,44.533817111170194,274.3279495071087,True
./data/train/PICAI/10988/,10,0,0.5625,0.5625,3.6000000635782783,31.99999999999997,41.99999999999999,283.0000000000001,141.0,230.00000000000009,275.00000000000006,-19.000000000000085,176.0,138.0,18.999999999999943,247.0,62.99999999999999,149.0,313.00000000000006,38.99999999999997,269.0,True
