path,curFrame,Deleted,pixelSpacingX,pixelSpacingY,pixelSpacingZ,tra_UL_x,tra_UL_y,tra_LL_x,tra_LL_y,tra_LR_x,tra_LR_y,tra_UR_x,tra_UR_y,cor_UL_x,cor_UL_y,cor_LL_x,cor_LL_y,cor_LR_x,cor_LR_y,cor_UR_x,cor_UR_y,Dirty
./data/train/PICAI/10481/,8,0,0.5625,0.5625,3.599999954232016,39.282220247455285,28.498438134951925,284.2973452299742,142.28590901729768,223.7177797525447,272.5015618650481,-19.304955833790643,158.88840246819765,141.42938969688305,12.32017247250485,253.32743348012383,64.27041595108655,144.57061030311698,297.67982752749504,32.67256651987613,245.72958404891344,True
./data/train/PICAI/10481/,9,0,0.5625,0.5625,3.599999954232016,33.023533106276545,33.49194272132628,283.6580494724968,134.30037096951835,229.97646689372343,267.50805727867373,-18.6592678184586,166.76942802388666,133.96425695348782,12.597909609453351,248.42781402619784,58.62066596174552,152.03574304651218,297.4020903905466,37.572185973802135,251.37933403825448,True
./data/train/PICAI/10481/,10,0,0.5625,0.5625,3.599999954232016,29.0,37.0,283.0,129.0,234.0,264.0,-18.0,172.0,129.0,13.0,245.0,55.0,157.0,297.0,41.0,255.0,True
