path,curFrame,Deleted,pixelSpacingX,pixelSpacingY,pixelSpacingZ,tra_UL_x,tra_UL_y,tra_LL_x,tra_LL_y,tra_LR_x,tra_LR_y,tra_UR_x,tra_UR_y,cor_UL_x,cor_UL_y,cor_LL_x,cor_LL_y,cor_LR_x,cor_LR_y,cor_UR_x,cor_UR_y,Dirty
./data/train/PICAI/10094/,8,0,0.5625,0.5625,3.5999999311235444,-18.23952887191077,66.26998984063252,220.32772545064043,150.44638299809188,178.23952887191078,269.73001015936745,-60.32772545064043,185.5536170019081,83.35752176504755,42.85476329273297,180.7666664779436,77.56007306374768,97.64247823495243,313.14523670726703,0.2333335220564549,278.43992693625233,True
./data/train/PICAI/10094/,9,0,0.5625,0.5625,3.5999999311235444,-18.23952887191077,66.26998984063252,220.32772545064043,150.44638299809188,178.23952887191078,269.73001015936745,-60.32772545064043,185.5536170019081,83.35752176504755,42.85476329273297,180.7666664779436,77.56007306374768,97.64247823495243,313.14523670726703,0.2333335220564549,278.43992693625233,True
./data/train/PICAI/10094/,10,0,0.5625,0.5625,3.5999999311235444,-18.23952887191077,66.26998984063252,220.32772545064043,150.44638299809188,178.23952887191078,269.73001015936745,-60.32772545064043,185.5536170019081,83.35752176504755,42.85476329273297,180.7666664779436,77.56007306374768,97.64247823495243,313.14523670726703,0.2333335220564549,278.43992693625233,True
