path,curFrame,Deleted,pixelSpacingX,pixelSpacingY,pixelSpacingZ,tra_UL_x,tra_UL_y,tra_LL_x,tra_LL_y,tra_LR_x,tra_LR_y,tra_UR_x,tra_UR_y,cor_UL_x,cor_UL_y,cor_LL_x,cor_LL_y,cor_LR_x,cor_LR_y,cor_UR_x,cor_UR_y,Dirty
./data/train/PICAI/11275/,10,0,0.5625,0.5625,3.6,37.03502956038196,42.913089100162566,289.62070271994367,128.50209373586964,242.96497043961807,264.08691089983745,-7.625574619424043,178.35839331664215,138.02726020433025,21.41809728658928,244.77344980234932,57.05867817837266,159.97273979566975,306.58190271341084,53.15679372390648,269.9437577713676,True
./data/train/PICAI/11275/,9,0,0.5625,0.5625,3.6,37.03502956038196,42.913089100162566,289.62070271994367,128.50209373586964,242.96497043961807,264.08691089983745,-7.625574619424043,178.35839331664215,138.02726020433025,21.41809728658928,244.77344980234932,57.05867817837266,159.97273979566975,306.58190271341084,53.15679372390648,269.9437577713676,True
./data/train/PICAI/11275/,11,0,0.5625,0.5625,3.6,37.03502956038196,42.913089100162566,289.62070271994367,128.50209373586964,242.96497043961807,264.08691089983745,-7.625574619424043,178.35839331664215,138.02726020433025,21.41809728658928,244.77344980234932,57.05867817837266,159.97273979566975,306.58190271341084,53.15679372390648,269.9437577713676,True
