path,curFrame,Deleted,pixelSpacingX,pixelSpacingY,pixelSpacingZ,tra_UL_x,tra_UL_y,tra_LL_x,tra_LL_y,tra_LR_x,tra_LR_y,tra_UR_x,tra_UR_y,cor_UL_x,cor_UL_y,cor_LL_x,cor_LL_y,cor_LR_x,cor_LR_y,cor_UR_x,cor_UR_y,Dirty
./data/train/PICAI/10099/,11,0,0.5625,0.5625,3.6000000635783334,70.98017099027476,55.1221633952029,268.81241071592603,217.8255896809844,168.01982900972527,340.87783660479727,-29.812410715925694,178.17441031901552,155.34222134881048,50.075700978858606,263.59933312493064,139.10973825308625,91.21085341302891,348.2202642019716,-17.046258363091315,259.1862269277442,True
./data/train/PICAI/10099/,10,0,0.5625,0.5625,3.6000000635783334,70.98017099027476,55.1221633952029,268.81241071592603,217.8255896809844,168.01982900972527,340.87783660479727,-29.812410715925694,178.17441031901552,155.34222134881048,50.075700978858606,263.59933312493064,139.10973825308625,91.21085341302891,348.2202642019716,-17.046258363091315,259.1862269277442,True
./data/train/PICAI/10099/,12,0,0.5625,0.5625,3.6000000635783334,70.98017099027476,55.1221633952029,268.81241071592603,217.8255896809844,168.01982900972527,340.87783660479727,-29.812410715925694,178.17441031901552,155.34222134881048,50.075700978858606,263.59933312493064,139.10973825308625,91.21085341302891,348.2202642019716,-17.046258363091315,259.1862269277442,True
