path,curFrame,Deleted,pixelSpacingX,pixelSpacingY,pixelSpacingZ,tra_UL_x,tra_UL_y,tra_LL_x,tra_LL_y,tra_LR_x,tra_LR_y,tra_UR_x,tra_UR_y,cor_UL_x,cor_UL_y,cor_LL_x,cor_LL_y,cor_LR_x,cor_LR_y,cor_UR_x,cor_UR_y,Dirty
./data/train/PICAI/10626/,14,0,0.254629641771,0.254629641771,3.2999999049008486,120.3914210111814,200.0346571849551,726.2700301245366,434.9902083406287,608.6085789888186,740.9653428150448,2.729969875463439,506.0097916593713,425.6119968834071,128.51326536335398,632.09018506099,208.36786953182184,378.3880031165929,865.4867346366459,171.90981493901003,785.632130468178,True
./data/train/PICAI/10626/,15,0,0.254629641771,0.254629641771,3.2999999049008486,120.3914210111814,200.0346571849551,726.2700301245366,434.9902083406287,608.6085789888186,740.9653428150448,2.729969875463439,506.0097916593713,425.6119968834071,128.51326536335398,632.09018506099,208.36786953182184,378.3880031165929,865.4867346366459,171.90981493901003,785.632130468178,True
./data/train/PICAI/10626/,16,0,0.254629641771,0.254629641771,3.2999999049008486,120.3914210111814,200.0346571849551,726.2700301245366,434.9902083406287,608.6085789888186,740.9653428150448,2.729969875463439,506.0097916593713,425.6119968834071,128.51326536335398,632.09018506099,208.36786953182184,378.3880031165929,865.4867346366459,171.90981493901003,785.632130468178,True
