path,curFrame,Deleted,pixelSpacingX,pixelSpacingY,pixelSpacingZ,tra_UL_x,tra_UL_y,tra_LL_x,tra_LL_y,tra_LR_x,tra_LR_y,tra_UR_x,tra_UR_y,cor_UL_x,cor_UL_y,cor_LL_x,cor_LL_y,cor_LR_x,cor_LR_y,cor_UR_x,cor_UR_y,Dirty
./data/train/PICAI/11083/,8,0,0.5625,0.5625,3.600000048226254,44.75835936035607,18.90866865236916,268.0100761021647,172.8036684796387,194.24164063964395,281.0913313476308,-28.011446567410104,127.24866747660424,164.0834284179047,26.494782179451505,246.2454691474104,82.87207426733958,99.91657158209529,295.5052178205485,17.754530852589554,239.1279257326604,True
./data/train/PICAI/11083/,7,0,0.5625,0.5625,3.600000048226254,44.75835936035607,18.90866865236916,268.0100761021647,172.8036684796387,194.24164063964395,281.0913313476308,-28.011446567410104,127.24866747660424,164.0834284179047,26.494782179451505,246.2454691474104,82.87207426733958,99.91657158209529,295.5052178205485,17.754530852589554,239.1279257326604,True
./data/train/PICAI/11083/,9,0,0.5625,0.5625,3.600000048226254,44.75835936035607,18.90866865236916,268.0100761021647,172.8036684796387,194.24164063964395,281.0913313476308,-28.011446567410104,127.24866747660424,164.0834284179047,26.494782179451505,246.2454691474104,82.87207426733958,99.91657158209529,295.5052178205485,17.754530852589554,239.1279257326604,True
