path,curFrame,Deleted,pixelSpacingX,pixelSpacingY,pixelSpacingZ,tra_UL_x,tra_UL_y,tra_LL_x,tra_LL_y,tra_LR_x,tra_LR_y,tra_UR_x,tra_UR_y,cor_UL_x,cor_UL_y,cor_LL_x,cor_LL_y,cor_LR_x,cor_LR_y,cor_UR_x,cor_UR_y,Dirty
./data/train/PICAI/10769/,8,0,0.5625,0.5625,3.600000010596377,-8.24054383724274,90.00997508703725,278.3543802214658,78.90369291057377,284.2405438372429,219.99002491296267,-1.4033237051705785,230.78729009505133,80.73328415738374,39.13845882834208,201.25340086199492,34.67735251858824,212.26671584261624,291.8615411716579,91.74659913800512,296.32264748141193,True
./data/train/PICAI/10769/,9,0,0.5625,0.5625,3.600000010596377,-8.24054383724274,90.00997508703725,278.3543802214658,78.90369291057377,284.2405438372429,219.99002491296267,-1.4033237051705785,230.78729009505133,80.73328415738374,39.13845882834208,201.25340086199492,34.67735251858824,212.26671584261624,291.8615411716579,91.74659913800512,296.32264748141193,True
./data/train/PICAI/10769/,10,0,0.5625,0.5625,3.600000010596377,-8.24054383724274,90.00997508703725,278.3543802214658,78.90369291057377,284.2405438372429,219.99002491296267,-1.4033237051705785,230.78729009505133,80.73328415738374,39.13845882834208,201.25340086199492,34.67735251858824,212.26671584261624,291.8615411716579,91.74659913800512,296.32264748141193,True
