path,curFrame,Deleted,pixelSpacingX,pixelSpacingY,pixelSpacingZ,tra_UL_x,tra_UL_y,tra_LL_x,tra_LL_y,tra_LR_x,tra_LR_y,tra_UR_x,tra_UR_y,cor_UL_x,cor_UL_y,cor_LL_x,cor_LL_y,cor_LR_x,cor_LR_y,cor_UR_x,cor_UR_y,Dirty,h_par_cor,h_orth_cor,h_par_tra,h_orth_tra
./data/train/PICAI/11166/,15,0,0.392857134342,0.392857134342,3.2999999999999696,435.864358604169,524.2695652615953,23.420375051920047,549.9203046574119,11.135641395830817,354.7304347384048,423.57962494808,329.079695342588,154.6534257029667,230.02376894361493,300.9026409507568,221.58771302834435,328.3465742970334,653.9762310563851,182.0973590492432,662.4122869716556,True,,,,
./data/train/PICAI/11166/,16,0,0.392857134342,0.392857134342,3.2999999999999696,435.864358604169,524.2695652615953,23.420375051920047,549.9203046574119,11.135641395830817,354.7304347384048,423.57962494808,329.079695342588,154.6534257029667,230.02376894361493,300.9026409507568,221.58771302834435,328.3465742970334,653.9762310563851,182.0973590492432,662.4122869716556,True,,,,
./data/train/PICAI/11166/,-1,0,-1.0,-1.0,-1.0,-1.0,-1.0,-1.0,-1.0,-1.0,-1.0,-1.0,-1.0,-1.0,-1.0,-1.0,-1.0,-1.0,-1.0,-1.0,-1.0,False,80.0,60.0,30.0,160.0
./data/train/PICAI/11166/,17,0,0.392857134342,0.392857134342,3.2999999999999696,435.864358604169,524.2695652615953,23.420375051920047,549.9203046574119,11.135641395830817,354.7304347384048,423.57962494808,329.079695342588,154.6534257029667,230.02376894361493,300.9026409507568,221.58771302834435,328.3465742970334,653.9762310563851,182.0973590492432,662.4122869716556,True,,,,
