path,curFrame,Deleted,pixelSpacingX,pixelSpacingY,pixelSpacingZ,tra_UL_x,tra_UL_y,tra_LL_x,tra_LL_y,tra_LR_x,tra_LR_y,tra_UR_x,tra_UR_y,cor_UL_x,cor_UL_y,cor_LL_x,cor_LL_y,cor_LR_x,cor_LR_y,cor_UR_x,cor_UR_y,Dirty,h_par_cor,h_orth_cor,h_par_tra,h_orth_tra
./data/train/PICAI/11359/,8,0,0.5625,0.5625,3.5999999031191257,-4.568522047421737,77.53518174447169,269.0432313769156,120.27402108364464,249.56852204742177,245.46481825552831,-24.043231376915685,202.7259789163554,119.59280708668548,25.494035512618986,216.4612629539564,41.29570646320954,174.4593733683233,309.86197625753107,77.63676829580142,295.100034783162,True,,,,
./data/train/PICAI/11359/,7,0,0.5625,0.5625,3.5999999031191257,-4.568522047421737,77.53518174447169,269.0432313769156,120.27402108364464,249.56852204742177,245.46481825552831,-24.043231376915685,202.7259789163554,119.59280708668548,25.494035512618986,216.4612629539564,41.29570646320954,174.4593733683233,309.86197625753107,77.63676829580142,295.100034783162,True,,,,
./data/train/PICAI/11359/,-1,0,-1.0,-1.0,-1.0,-1.0,-1.0,-1.0,-1.0,-1.0,-1.0,-1.0,-1.0,-1.0,-1.0,-1.0,-1.0,-1.0,-1.0,-1.0,-1.0,False,80.0,60.0,30.0,160.0
./data/train/PICAI/11359/,9,0,0.5625,0.5625,3.5999999031191257,-4.568522047421737,77.53518174447169,269.0432313769156,120.27402108364464,249.56852204742177,245.46481825552831,-24.043231376915685,202.7259789163554,119.59280708668548,25.494035512618986,216.4612629539564,41.29570646320954,174.4593733683233,309.86197625753107,77.63676829580142,295.100034783162,True,,,,
