path,curFrame,Deleted,pixelSpacingX,pixelSpacingY,pixelSpacingZ,tra_UL_x,tra_UL_y,tra_LL_x,tra_LL_y,tra_LR_x,tra_LR_y,tra_UR_x,tra_UR_y,cor_UL_x,cor_UL_y,cor_LL_x,cor_LL_y,cor_LR_x,cor_LR_y,cor_UR_x,cor_UR_y,Dirty
./data/train/PICAI/11258/,12,0,0.5625,0.5625,3.6000001213767274,29.729074557284903,58.66089724306799,296.2847641523175,133.7146402844156,260.2709254427151,261.339102756932,-5.288569454225751,186.19820397283672,139.73577473498386,31.103059896923696,246.73909730368405,60.89045587674528,177.26422526501614,310.8969401030763,70.26090269631592,281.1095441232547,True
./data/train/PICAI/11258/,11,0,0.5625,0.5625,3.6000001213767274,39.0,49.0,298.0,147.0,251.0,271.0,-7.0,173.0,152.0,30.0,256.0,69.0,165.0,312.0,61.0,273.0,True
./data/train/PICAI/11258/,13,0,0.5625,0.5625,3.6000001213767274,39.0,49.0,298.0,147.0,251.0,271.0,-7.0,173.0,152.0,30.0,256.0,69.0,165.0,312.0,61.0,273.0,True
