path,curFrame,Deleted,pixelSpacingX,pixelSpacingY,pixelSpacingZ,tra_UL_x,tra_UL_y,tra_LL_x,tra_LL_y,tra_LR_x,tra_LR_y,tra_UR_x,tra_UR_y,cor_UL_x,cor_UL_y,cor_LL_x,cor_LL_y,cor_LR_x,cor_LR_y,cor_UR_x,cor_UR_y,Dirty
./data/train/PICAI/11272/,9,0,0.5625,0.5625,3.600000052636914,48.76106205214784,49.90697799761792,275.7090697761998,159.55916352113454,221.2389379478521,274.0930220023821,-5.709069776199755,164.44083647886546,156.91975426813516,32.1342422956856,250.5027538428286,77.60095749046236,135.08024573186484,316.8657577043143,41.49724615717139,271.39904250953765,True
./data/train/PICAI/11272/,8,0,0.5625,0.5625,3.600000052636914,48.76106205214784,49.90697799761792,275.7090697761998,159.55916352113454,221.2389379478521,274.0930220023821,-5.709069776199755,164.44083647886546,156.91975426813516,32.1342422956856,250.5027538428286,77.60095749046236,135.08024573186484,316.8657577043143,41.49724615717139,271.39904250953765,True
./data/train/PICAI/11272/,10,0,0.5625,0.5625,3.600000052636914,48.76106205214784,49.90697799761792,275.7090697761998,159.55916352113454,221.2389379478521,274.0930220023821,-5.709069776199755,164.44083647886546,156.91975426813516,32.1342422956856,250.5027538428286,77.60095749046236,135.08024573186484,316.8657577043143,41.49724615717139,271.39904250953765,True
