path,curFrame,Deleted,pixelSpacingX,pixelSpacingY,pixelSpacingZ,tra_UL_x,tra_UL_y,tra_LL_x,tra_LL_y,tra_LR_x,tra_LR_y,tra_UR_x,tra_UR_y,cor_UL_x,cor_UL_y,cor_LL_x,cor_LL_y,cor_LR_x,cor_LR_y,cor_UR_x,cor_UR_y,Dirty
./data/train/PICAI/11307/,8,0,0.5625,0.5625,3.5999999576145,19.314640038876945,72.19194646309217,293.2003942972888,95.76297983672588,279.685359961123,243.8080535369077,6.777753303445138,220.0291084724564,111.91242808272357,21.735875236399263,229.72001614426523,32.477020199675735,206.0875719172764,301.2641247636008,88.27998385573476,290.52297980032426,True
./data/train/PICAI/11307/,9,0,0.5625,0.5625,3.5999999576145,19.314640038876945,72.19194646309217,293.2003942972888,95.76297983672588,279.685359961123,243.8080535369077,6.777753303445138,220.0291084724564,111.91242808272357,21.735875236399263,229.72001614426523,32.477020199675735,206.0875719172764,301.2641247636008,88.27998385573476,290.52297980032426,True
./data/train/PICAI/11307/,10,0,0.5625,0.5625,3.5999999576145,19.314640038876945,72.19194646309217,293.2003942972888,95.76297983672588,279.685359961123,243.8080535369077,6.777753303445138,220.0291084724564,111.91242808272357,21.735875236399263,229.72001614426523,32.477020199675735,206.0875719172764,301.2641247636008,88.27998385573476,290.52297980032426,True
