path,curFrame,Deleted,pixelSpacingX,pixelSpacingY,pixelSpacingZ,tra_UL_x,tra_UL_y,tra_LL_x,tra_LL_y,tra_LR_x,tra_LR_y,tra_UR_x,tra_UR_y,cor_UL_x,cor_UL_y,cor_LL_x,cor_LL_y,cor_LR_x,cor_LR_y,cor_UR_x,cor_UR_y,Dirty
./data/train/PICAI/11332/,9,0,0.5625,0.5625,3.599999957614445,37.28493262982454,42.00226368863785,278.3988008949438,154.58158030688136,224.7150673701754,268.99773631136213,-15.587641319598616,157.57687562379775,155.2477718177111,27.846699898139093,243.47849615918545,68.78982242413572,132.7522281822889,305.15330010186096,44.52150384081452,264.2101775758643,True
./data/train/PICAI/11332/,8,0,0.5625,0.5625,3.599999957614445,37.28493262982454,42.00226368863785,278.3988008949438,154.58158030688136,224.7150673701754,268.99773631136213,-15.587641319598616,157.57687562379775,155.2477718177111,27.846699898139093,243.47849615918545,68.78982242413572,132.7522281822889,305.15330010186096,44.52150384081452,264.2101775758643,True
./data/train/PICAI/11332/,10,0,0.5625,0.5625,3.599999957614445,37.28493262982454,42.00226368863785,278.3988008949438,154.58158030688136,224.7150673701754,268.99773631136213,-15.587641319598616,157.57687562379775,155.2477718177111,27.846699898139093,243.47849615918545,68.78982242413572,132.7522281822889,305.15330010186096,44.52150384081452,264.2101775758643,True
