path,curFrame,Deleted,pixelSpacingX,pixelSpacingY,pixelSpacingZ,tra_UL_x,tra_UL_y,tra_LL_x,tra_LL_y,tra_LR_x,tra_LR_y,tra_UR_x,tra_UR_y,cor_UL_x,cor_UL_y,cor_LL_x,cor_LL_y,cor_LR_x,cor_LR_y,cor_UR_x,cor_UR_y,Dirty
./data/train/PICAI/10148/,10,0,0.5625,0.5625,3.600000020530478,55.91379335872345,20.693398315091287,296.82035410439266,148.80674262275224,225.08620664127656,283.3066016849087,-14.66189817371341,156.004416952593,147.19486538139503,13.04596162954769,255.918478926266,71.0474776247832,127.80513461860498,311.9540383704523,19.255169251401,254.93733012822892,True
./data/train/PICAI/10148/,9,0,0.5625,0.5625,3.600000020530478,55.91379335872345,20.693398315091287,296.82035410439266,148.80674262275224,225.08620664127656,283.3066016849087,-14.66189817371341,156.004416952593,147.19486538139503,13.04596162954769,255.918478926266,71.0474776247832,127.80513461860498,311.9540383704523,19.255169251401,254.93733012822892,True
./data/train/PICAI/10148/,11,0,0.5625,0.5625,3.600000020530478,80.0,8.0,295.0,176.0,201.0,296.0,-13.0,129.0,173.0,17.0,270.0,93.0,102.0,308.0,5.0,233.0,True
