path,curFrame,Deleted,pixelSpacingX,pixelSpacingY,pixelSpacingZ,tra_UL_x,tra_UL_y,tra_LL_x,tra_LL_y,tra_LR_x,tra_LR_y,tra_UR_x,tra_UR_y,cor_UL_x,cor_UL_y,cor_LL_x,cor_LL_y,cor_LR_x,cor_LR_y,cor_UR_x,cor_UR_y,Dirty
./data/train/PICAI/11141/,8,0,0.5625,0.5625,3.599999983314186,35.50410752611872,76.59098163728825,295.76914393149355,130.21104154875286,266.4958924738812,269.40901836271166,7.215663821518774,215.61531027358012,135.3310959174014,41.03313608409496,247.01394119870665,63.988354877913096,194.6689040825986,319.966863915905,82.00125104828126,297.1852932997539,True
./data/train/PICAI/11141/,9,0,0.5625,0.5625,3.599999983314186,35.50410752611872,76.59098163728825,295.76914393149355,130.21104154875286,266.4958924738812,269.40901836271166,7.215663821518774,215.61531027358012,135.3310959174014,41.03313608409496,247.01394119870665,63.988354877913096,194.6689040825986,319.966863915905,82.00125104828126,297.1852932997539,True
./data/train/PICAI/11141/,10,0,0.5625,0.5625,3.599999983314186,35.50410752611872,76.59098163728825,295.76914393149355,130.21104154875286,266.4958924738812,269.40901836271166,7.215663821518774,215.61531027358012,135.3310959174014,41.03313608409496,247.01394119870665,63.988354877913096,194.6689040825986,319.966863915905,82.00125104828126,297.1852932997539,True
