path,curFrame,Deleted,pixelSpacingX,pixelSpacingY,pixelSpacingZ,tra_UL_x,tra_UL_y,tra_LL_x,tra_LL_y,tra_LR_x,tra_LR_y,tra_UR_x,tra_UR_y,cor_UL_x,cor_UL_y,cor_LL_x,cor_LL_y,cor_LR_x,cor_LR_y,cor_UR_x,cor_UR_y,Dirty
./data/train/PICAI/10434/,10,0,0.5625,0.5625,3.6000000635782783,-13.668397331548649,73.72109852181282,266.8814268798278,115.09495663253055,247.66839733154865,245.27890147818715,-32.829090923584886,204.903672902224,99.7898430872242,32.65521621129395,207.74225838706545,48.02648912314497,170.2101569127758,306.3447837887061,62.257741612934566,290.973510876855,True
./data/train/PICAI/10434/,9,0,0.5625,0.5625,3.6000000635782783,-13.668397331548649,73.72109852181282,266.8814268798278,115.09495663253055,247.66839733154865,245.27890147818715,-32.829090923584886,204.903672902224,99.7898430872242,32.65521621129395,207.74225838706545,48.02648912314497,170.2101569127758,306.3447837887061,62.257741612934566,290.973510876855,True
./data/train/PICAI/10434/,11,0,0.5625,0.5625,3.6000000635782783,-13.668397331548649,73.72109852181282,266.8814268798278,115.09495663253055,247.66839733154865,245.27890147818715,-32.829090923584886,204.903672902224,99.7898430872242,32.65521621129395,207.74225838706545,48.02648912314497,170.2101569127758,306.3447837887061,62.257741612934566,290.973510876855,True
