path,curFrame,Deleted,pixelSpacingX,pixelSpacingY,pixelSpacingZ,tra_UL_x,tra_UL_y,tra_LL_x,tra_LL_y,tra_LR_x,tra_LR_y,tra_UR_x,tra_UR_y,cor_UL_x,cor_UL_y,cor_LL_x,cor_LL_y,cor_LR_x,cor_LR_y,cor_UR_x,cor_UR_y,Dirty
./data/train/PICAI/10824/,10,0,0.5625,0.5625,3.60000007682375,60.30752082931532,32.453922478748666,289.5490189839977,166.29463199493753,216.6924791706847,291.5460775212514,-11.390563053318488,156.8942084297172,164.9228428882978,34.13060225325265,260.57057027255723,90.59751509808947,127.07715711170222,317.8693977467475,31.255781549775904,262.3872926549228,True
./data/train/PICAI/10824/,9,0,0.5625,0.5625,3.60000007682375,60.30752082931532,32.453922478748666,289.5490189839977,166.29463199493753,216.6924791706847,291.5460775212514,-11.390563053318488,156.8942084297172,164.9228428882978,34.13060225325265,260.57057027255723,90.59751509808947,127.07715711170222,317.8693977467475,31.255781549775904,262.3872926549228,True
./data/train/PICAI/10824/,11,0,0.5625,0.5625,3.60000007682375,60.30752082931532,32.453922478748666,289.5490189839977,166.29463199493753,216.6924791706847,291.5460775212514,-11.390563053318488,156.8942084297172,164.9228428882978,34.13060225325265,260.57057027255723,90.59751509808947,127.07715711170222,317.8693977467475,31.255781549775904,262.3872926549228,True
