path,curFrame,Deleted,pixelSpacingX,pixelSpacingY,pixelSpacingZ,tra_UL_x,tra_UL_y,tra_LL_x,tra_LL_y,tra_LR_x,tra_LR_y,tra_UR_x,tra_UR_y,cor_UL_x,cor_UL_y,cor_LL_x,cor_LL_y,cor_LR_x,cor_LR_y,cor_UR_x,cor_UR_y,Dirty
./data/train/PICAI/11432/,8,0,0.5625,0.5625,3.599999975710104,-18.228669913030814,115.90870772609092,250.37125187241983,59.12770723428973,277.2286699130307,187.09129227390903,8.319731133205295,242.92123624941516,61.752914082843176,42.20365184396982,169.12627829151435,19.933477652642352,222.24708591715688,270.79634815603026,114.87372170848565,293.0665223473576,True
./data/train/PICAI/11432/,7,0,0.5625,0.5625,3.599999975710104,-18.228669913030814,115.90870772609092,250.37125187241983,59.12770723428973,277.2286699130307,187.09129227390903,8.319731133205295,242.92123624941516,61.752914082843176,42.20365184396982,169.12627829151435,19.933477652642352,222.24708591715688,270.79634815603026,114.87372170848565,293.0665223473576,True
./data/train/PICAI/11432/,9,0,0.5625,0.5625,3.599999975710104,-18.228669913030814,115.90870772609092,250.37125187241983,59.12770723428973,277.2286699130307,187.09129227390903,8.319731133205295,242.92123624941516,61.752914082843176,42.20365184396982,169.12627829151435,19.933477652642352,222.24708591715688,270.79634815603026,114.87372170848565,293.0665223473576,True
