path,curFrame,Deleted,pixelSpacingX,pixelSpacingY,pixelSpacingZ,tra_UL_x,tra_UL_y,tra_LL_x,tra_LL_y,tra_LR_x,tra_LR_y,tra_UR_x,tra_UR_y,cor_UL_x,cor_UL_y,cor_LL_x,cor_LL_y,cor_LR_x,cor_LR_y,cor_UR_x,cor_UR_y,Dirty
./data/train/PICAI/11227/,15,0,0.392857134342,0.392857134342,3.2999999414896,41.29623248812476,152.51822532735844,499.7225109069013,262.764981538643,444.7037675118752,490.4817746726415,-11.727382806381684,380.3745314088452,223.9262428444829,87.2958227772485,419.14196116237207,134.02721823715956,313.0737571555171,575.7041772227516,117.85803883762796,528.9727817628404,True
./data/train/PICAI/11227/,16,0,0.392857134342,0.392857134342,3.2999999414896,41.29623248812476,152.51822532735844,499.7225109069013,262.764981538643,444.7037675118752,490.4817746726415,-11.727382806381684,380.3745314088452,223.9262428444829,87.2958227772485,419.14196116237207,134.02721823715956,313.0737571555171,575.7041772227516,117.85803883762796,528.9727817628404,True
./data/train/PICAI/11227/,17,0,0.392857134342,0.392857134342,3.2999999414896,41.29623248812476,152.51822532735844,499.7225109069013,262.764981538643,444.7037675118752,490.4817746726415,-11.727382806381684,380.3745314088452,223.9262428444829,87.2958227772485,419.14196116237207,134.02721823715956,313.0737571555171,575.7041772227516,117.85803883762796,528.9727817628404,True
