path,curFrame,Deleted,pixelSpacingX,pixelSpacingY,pixelSpacingZ,tra_UL_x,tra_UL_y,tra_LL_x,tra_LL_y,tra_LR_x,tra_LR_y,tra_UR_x,tra_UR_y,cor_UL_x,cor_UL_y,cor_LL_x,cor_LL_y,cor_LR_x,cor_LR_y,cor_UR_x,cor_UR_y,Dirty
./data/train/PICAI/10953/,7,0,0.5625,0.5625,3.6000000635782783,39.92604053197799,31.297615346302702,284.10842808384734,137.5753722358264,233.07395946802205,253.7023846536973,-10.108580388690967,147.4420801706109,167.51147117368913,9.213908368289708,249.905448052802,44.65727973790159,140.48852882631087,296.7860916317103,58.11200435363534,260.342872566942,True
./data/train/PICAI/10953/,8,0,0.5625,0.5625,3.6000000635782783,39.92604053197799,31.297615346302702,284.10842808384734,137.5753722358264,233.07395946802205,253.7023846536973,-10.108580388690967,147.4420801706109,167.51147117368913,9.213908368289708,249.905448052802,44.65727973790159,140.48852882631087,296.7860916317103,58.11200435363534,260.342872566942,True
./data/train/PICAI/10953/,9,0,0.5625,0.5625,3.6000000635782783,39.92604053197799,31.297615346302702,284.10842808384734,137.5753722358264,233.07395946802205,253.7023846536973,-10.108580388690967,147.4420801706109,167.51147117368913,9.213908368289708,249.905448052802,44.65727973790159,140.48852882631087,296.7860916317103,58.11200435363534,260.342872566942,True
