path,curFrame,Deleted,pixelSpacingX,pixelSpacingY,pixelSpacingZ,tra_UL_x,tra_UL_y,tra_LL_x,tra_LL_y,tra_LR_x,tra_LR_y,tra_UR_x,tra_UR_y,cor_UL_x,cor_UL_y,cor_LL_x,cor_LL_y,cor_LR_x,cor_LR_y,cor_UR_x,cor_UR_y,Dirty
./data/train/PICAI/10049/,10,0,0.5625,0.5625,3.6000000192076542,20.300426183960624,49.88980959781095,277.7015751678741,119.78007001914013,238.6995738160394,265.11019040218895,-17.830898359637956,196.3343454759064,105.17202718694752,27.23983726175308,233.0019248706681,61.07055197737115,165.82797281305247,312.76016273824695,37.127398321095725,277.8150325275824,True
./data/train/PICAI/10049/,11,0,0.5625,0.5625,3.6000000192076542,14.818198188507054,55.75234974079521,275.524361454824,112.0754927191176,244.18180181149293,259.2476502592048,-15.596553878308242,203.9918278048864,97.74210098934762,29.02272856129832,227.16737504599035,56.11697952645555,173.25789901065238,310.9772714387017,42.90481737749393,282.8156999495405,True
./data/train/PICAI/10049/,12,0,0.5625,0.5625,3.6000000192076542,14.818198188507054,55.75234974079521,275.524361454824,112.0754927191176,244.18180181149293,259.2476502592048,-15.596553878308242,203.9918278048864,97.74210098934762,29.02272856129832,227.16737504599035,56.11697952645555,173.25789901065238,310.9772714387017,42.90481737749393,282.8156999495405,True
