path,curFrame,Deleted,pixelSpacingX,pixelSpacingY,pixelSpacingZ,tra_UL_x,tra_UL_y,tra_LL_x,tra_LL_y,tra_LR_x,tra_LR_y,tra_UR_x,tra_UR_y,cor_UL_x,cor_UL_y,cor_LL_x,cor_LL_y,cor_LR_x,cor_LR_y,cor_UR_x,cor_UR_y,Dirty
./data/train/PICAI/10068/,18,0,0.392857134342,0.392857134342,3.29999987284342,55.84047477040784,97.35186493776854,409.8647467539949,266.3956901621501,320.1595252295921,452.6481350622314,-32.8799390009828,283.7779580155169,224.6915967761734,66.32297286822396,366.1043440190059,133.90577332244317,181.3084032238266,519.6770271317761,39.89565598099409,452.0942266775568,True
./data/train/PICAI/10068/,17,0,0.392857134342,0.392857134342,3.29999987284342,55.84047477040784,97.35186493776854,409.8647467539949,266.3956901621501,320.1595252295921,452.6481350622314,-32.8799390009828,283.7779580155169,224.6915967761734,66.32297286822396,366.1043440190059,133.90577332244317,181.3084032238266,519.6770271317761,39.89565598099409,452.0942266775568,True
./data/train/PICAI/10068/,19,0,0.392857134342,0.392857134342,3.29999987284342,55.84047477040784,97.35186493776854,409.8647467539949,266.3956901621501,320.1595252295921,452.6481350622314,-32.8799390009828,283.7779580155169,224.6915967761734,66.32297286822396,366.1043440190059,133.90577332244317,181.3084032238266,519.6770271317761,39.89565598099409,452.0942266775568,True
