path,curFrame,Deleted,pixelSpacingX,pixelSpacingY,pixelSpacingZ,tra_UL_x,tra_UL_y,tra_LL_x,tra_LL_y,tra_LR_x,tra_LR_y,tra_UR_x,tra_UR_y,cor_UL_x,cor_UL_y,cor_LL_x,cor_LL_y,cor_LR_x,cor_LR_y,cor_UR_x,cor_UR_y,Dirty
./data/train/PICAI/10376/,9,0,0.5625,0.5625,3.5999999576145,10.999454187727409,49.56185703807316,258.91874458383893,131.05434411196563,217.0005458122725,257.43814296192687,-29.990937007323254,177.0129764120383,119.29439481109932,12.207102795027764,218.2346955699943,45.18917194993985,131.70560518890068,307.7928972049723,33.693112006521375,275.8781485740642,True
./data/train/PICAI/10376/,8,0,0.5625,0.5625,3.5999999576145,10.999454187727409,49.56185703807316,258.91874458383893,131.05434411196563,217.0005458122725,257.43814296192687,-29.990937007323254,177.0129764120383,119.29439481109932,12.207102795027764,218.2346955699943,45.18917194993985,131.70560518890068,307.7928972049723,33.693112006521375,275.8781485740642,True
./data/train/PICAI/10376/,10,0,0.5625,0.5625,3.5999999576145,10.999454187727409,49.56185703807316,258.91874458383893,131.05434411196563,217.0005458122725,257.43814296192687,-29.990937007323254,177.0129764120383,119.29439481109932,12.207102795027764,218.2346955699943,45.18917194993985,131.70560518890068,307.7928972049723,33.693112006521375,275.8781485740642,True
