path,curFrame,Deleted,pixelSpacingX,pixelSpacingY,pixelSpacingZ,tra_UL_x,tra_UL_y,tra_LL_x,tra_LL_y,tra_LR_x,tra_LR_y,tra_UR_x,tra_UR_y,cor_UL_x,cor_UL_y,cor_LL_x,cor_LL_y,cor_LR_x,cor_LR_y,cor_UR_x,cor_UR_y,Dirty,h_par_cor,h_orth_cor,h_par_tra,h_orth_tra
./data/train/PICAI/10802/,7,0,0.5625,0.5625,3.5999999576145,94.55427937390638,7.442674505695663,273.3706787980066,193.95191099815648,163.44572062609362,299.55732549430434,-14.933662773557984,114.39308602577134,172.6349809901704,29.114729461482824,264.9262210493648,125.52181949295402,74.36501900982955,307.88527053851715,-18.38021154910436,212.3691870312344,True,,,,
./data/train/PICAI/10802/,6,0,0.5625,0.5625,3.5999999576145,94.55427937390638,7.442674505695663,273.3706787980066,193.95191099815648,163.44572062609362,299.55732549430434,-14.933662773557984,114.39308602577134,172.6349809901704,29.114729461482824,264.9262210493648,125.52181949295402,74.36501900982955,307.88527053851715,-18.38021154910436,212.3691870312344,True,,,,
./data/train/PICAI/10802/,8,0,0.5625,0.5625,3.5999999576145,94.55427937390638,7.442674505695663,273.3706787980066,193.95191099815648,163.44572062609362,299.55732549430434,-14.933662773557984,114.39308602577134,172.6349809901704,29.114729461482824,264.9262210493648,125.52181949295402,74.36501900982955,307.88527053851715,-18.38021154910436,212.3691870312344,True,,,,
