path,curFrame,Deleted,pixelSpacingX,pixelSpacingY,pixelSpacingZ,tra_UL_x,tra_UL_y,tra_LL_x,tra_LL_y,tra_LR_x,tra_LR_y,tra_UR_x,tra_UR_y,cor_UL_x,cor_UL_y,cor_LL_x,cor_LL_y,cor_LR_x,cor_LR_y,cor_UR_x,cor_UR_y,Dirty
./data/train/PICAI/10310/,9,0,0.5625,0.5625,3.599999957614445,98.86185986733902,10.072936116886382,274.5792795028782,202.2925720457578,161.13814013266108,305.92706388311353,-13.85090567220186,114.91964557611784,183.84532837796743,15.20757429329916,274.37430755090406,115.07500607116172,82.15467162203254,290.7924257067007,-8.616229446503695,191.89528965511428,True
./data/train/PICAI/10310/,10,0,0.5625,0.5625,3.599999957614445,98.86185986733902,10.072936116886382,274.5792795028782,202.2925720457578,161.13814013266108,305.92706388311353,-13.85090567220186,114.91964557611784,183.84532837796743,15.20757429329916,274.37430755090406,115.07500607116172,82.15467162203254,290.7924257067007,-8.616229446503695,191.89528965511428,True
./data/train/PICAI/10310/,11,0,0.5625,0.5625,3.599999957614445,98.86185986733902,10.072936116886382,274.5792795028782,202.2925720457578,161.13814013266108,305.92706388311353,-13.85090567220186,114.91964557611784,183.84532837796743,15.20757429329916,274.37430755090406,115.07500607116172,82.15467162203254,290.7924257067007,-8.616229446503695,191.89528965511428,True
