path,curFrame,Deleted,pixelSpacingX,pixelSpacingY,pixelSpacingZ,tra_UL_x,tra_UL_y,tra_LL_x,tra_LL_y,tra_LR_x,tra_LR_y,tra_UR_x,tra_UR_y,cor_UL_x,cor_UL_y,cor_LL_x,cor_LL_y,cor_LR_x,cor_LR_y,cor_UR_x,cor_UR_y,Dirty
./data/train/PICAI/10976/,9,0,0.5625,0.5625,3.0,57.13348944625848,35.526324288110686,288.9512041210683,162.59145389867118,223.8665105537415,281.47367571188937,-6.9513564259118255,154.42599850776608,171.5192835478461,22.318698959335222,262.66755599324455,71.91700971907213,132.4807164521539,310.6813010406647,41.33244400675542,261.0829902809278,True
./data/train/PICAI/10976/,8,0,0.5625,0.5625,3.0,57.13348944625848,35.526324288110686,288.9512041210683,162.59145389867118,223.8665105537415,281.47367571188937,-6.9513564259118255,154.42599850776608,171.5192835478461,22.318698959335222,262.66755599324455,71.91700971907213,132.4807164521539,310.6813010406647,41.33244400675542,261.0829902809278,True
./data/train/PICAI/10976/,10,0,0.5625,0.5625,3.0,57.13348944625848,35.526324288110686,288.9512041210683,162.59145389867118,223.8665105537415,281.47367571188937,-6.9513564259118255,154.42599850776608,171.5192835478461,22.318698959335222,262.66755599324455,71.91700971907213,132.4807164521539,310.6813010406647,41.33244400675542,261.0829902809278,True
