path,curFrame,Deleted,pixelSpacingX,pixelSpacingY,pixelSpacingZ,tra_UL_x,tra_UL_y,tra_LL_x,tra_LL_y,tra_LR_x,tra_LR_y,tra_UR_x,tra_UR_y,cor_UL_x,cor_UL_y,cor_LL_x,cor_LL_y,cor_LR_x,cor_LR_y,cor_UR_x,cor_UR_y,Dirty
./data/train/PICAI/11046/,16,0,0.392857134342,0.392857134342,3.299999999999983,11,76,461,177,403,433,-45,332,140.4042045330719,2.3147354987918938,371,54,265,528,34.40420453307159,476.3147354987914,True
./data/train/PICAI/11046/,15,0,0.392857134342,0.392857134342,3.299999999999983,11,76,461,177,403,433,-45,332,140.4042045330719,2.3147354987918938,371,54,265,528,34.40420453307159,476.3147354987914,True
./data/train/PICAI/11046/,17,0,0.392857134342,0.392857134342,3.299999999999983,11,76,461,177,403,433,-45,332,140.4042045330719,2.3147354987918938,371,54,265,528,34.40420453307159,476.3147354987914,True
