path,curFrame,Deleted,pixelSpacingX,pixelSpacingY,pixelSpacingZ,tra_UL_x,tra_UL_y,tra_LL_x,tra_LL_y,tra_LR_x,tra_LR_y,tra_UR_x,tra_UR_y,cor_UL_x,cor_UL_y,cor_LL_x,cor_LL_y,cor_LR_x,cor_LR_y,cor_UR_x,cor_UR_y,Dirty
./data/train/PICAI/10291/,9,0,0.3515625,0.3515625,3.6000001430511497,97,8,476,247,340,461,-37,222,268,8,435,114,189,504,21,398,True
./data/train/PICAI/10291/,8,0,0.3515625,0.3515625,3.6000001430511497,97,8,476,247,340,461,-37,222,268,8,435,114,189,504,21,398,True
./data/train/PICAI/10291/,10,0,0.3515625,0.3515625,3.6000001430511497,97,8,476,247,340,461,-37,222,268,8,435,114,189,504,21,398,True
