path,curFrame,Deleted,pixelSpacingX,pixelSpacingY,pixelSpacingZ,tra_UL_x,tra_UL_y,tra_LL_x,tra_LL_y,tra_LR_x,tra_LR_y,tra_UR_x,tra_UR_y,cor_UL_x,cor_UL_y,cor_LL_x,cor_LL_y,cor_LR_x,cor_LR_y,cor_UR_x,cor_UR_y,Dirty
./data/train/PICAI/11090/,9,0,0.5625,0.5625,2.999999891972014,15.090650959125682,71.6337198433787,270.5041666649647,116.8436302036426,248.9093490408744,236.3662801566213,-4.519074361682186,190.91263110954708,114.79752729064094,32.091912846529794,208.53156870534536,48.793094842618416,165.20247270935906,294.9080871534702,71.46843129465465,278.2069051573816,True
./data/train/PICAI/11090/,8,0,0.5625,0.5625,2.999999891972014,16.54594661726827,69.605915151017,271.1315398769417,119.26652030862772,247.45405338273173,238.39408484898303,-5.142496086205256,188.5244227648369,119.09475309545384,31.67208313774435,212.523042545461,50.00660605069956,164.90524690454615,295.3279168622556,71.47695745453902,276.9933939493004,True
./data/train/PICAI/11090/,10,0,0.5625,0.5625,2.999999891972014,15.090650959125682,71.6337198433787,270.5041666649647,116.8436302036426,248.9093490408744,236.3662801566213,-4.519074361682186,190.91263110954708,114.79752729064094,32.091912846529794,208.53156870534536,48.793094842618416,165.20247270935906,294.9080871534702,71.46843129465465,278.2069051573816,True
