path,curFrame,Deleted,pixelSpacingX,pixelSpacingY,pixelSpacingZ,tra_UL_x,tra_UL_y,tra_LL_x,tra_LL_y,tra_LR_x,tra_LR_y,tra_UR_x,tra_UR_y,cor_UL_x,cor_UL_y,cor_LL_x,cor_LL_y,cor_LR_x,cor_LR_y,cor_UR_x,cor_UR_y,Dirty
./data/train/PICAI/10416/,13,0,0.5625,0.5625,3.600000027855305,40.99999999999993,28.99999999999993,290.0,126.0,240.00000000000009,254.00000000000006,-8.000000000000057,157.00000000000003,151.00000000000006,12.999999999999915,254.0000000000001,52.99999999999997,157.99999999999994,299.0000000000001,54.99999999999994,259.00000000000006,True
./data/train/PICAI/10416/,12,0,0.5625,0.5625,3.600000027855305,40.99999999999993,28.99999999999993,290.0,126.0,240.00000000000009,254.00000000000006,-8.000000000000057,157.00000000000003,151.00000000000006,12.999999999999915,254.0000000000001,52.99999999999997,157.99999999999994,299.0000000000001,54.99999999999994,259.00000000000006,True
./data/train/PICAI/10416/,11,0,0.5625,0.5625,3.600000027855305,35.248566214588635,34.36160498628328,288.9839081240432,118.197016752984,245.75143378541136,248.6383950137167,-6.98527858928864,164.7506472907731,143.52075488561806,13.379152376946138,248.473035215057,47.93373027410594,165.47924511438194,298.62084762305386,60.52696478494306,264.0662697258941,True
