path,curFrame,Deleted,pixelSpacingX,pixelSpacingY,pixelSpacingZ,tra_UL_x,tra_UL_y,tra_LL_x,tra_LL_y,tra_LR_x,tra_LR_y,tra_UR_x,tra_UR_y,cor_UL_x,cor_UL_y,cor_LL_x,cor_LL_y,cor_LR_x,cor_LR_y,cor_UR_x,cor_UR_y,Dirty,h_par_cor,h_orth_cor,h_par_tra,h_orth_tra
./data/train/PICAI/10417/,-1,0,-1.0,-1.0,-1.0,-1.0,-1.0,-1.0,-1.0,-1.0,-1.0,-1.0,-1.0,-1.0,-1.0,-1.0,-1.0,-1.0,-1.0,-1.0,-1.0,False,80.0,60.0,30.0,160.0
./data/train/PICAI/10417/,16,0,0.392857134342,0.392857134342,3.2999999207090536,178.1698227896032,61.62968992962374,463.4048374447599,373.65851298075273,303.8301772103968,519.3703100703763,18.595162555240194,207.34148701924732,348.0236303699089,98.2255737740212,463.1640911855972,224.4027281370476,139.97636963009114,518.7744262259788,25.792213570365988,392.8896435676751,True,,,,
./data/train/PICAI/10417/,17,0,0.392857134342,0.392857134342,3.2999999207090536,178.1698227896032,61.62968992962374,463.4048374447599,373.65851298075273,303.8301772103968,519.3703100703763,18.595162555240194,207.34148701924732,350.0236303699089,98.2255737740212,465.1640911855972,224.4027281370476,141.97636963009114,518.7744262259788,27.792213570365988,392.8896435676751,True,,,,
./data/train/PICAI/10417/,18,0,0.392857134342,0.392857134342,3.2999999207090536,178.1698227896032,61.62968992962374,463.4048374447599,373.65851298075273,303.8301772103968,519.3703100703763,18.595162555240194,207.34148701924732,350.0236303699089,98.2255737740212,465.1640911855972,224.4027281370476,141.97636963009114,518.7744262259788,27.792213570365988,392.8896435676751,True,,,,
