path,curFrame,Deleted,pixelSpacingX,pixelSpacingY,pixelSpacingZ,tra_UL_x,tra_UL_y,tra_LL_x,tra_LL_y,tra_LR_x,tra_LR_y,tra_UR_x,tra_UR_y,cor_UL_x,cor_UL_y,cor_LL_x,cor_LL_y,cor_LR_x,cor_LR_y,cor_UR_x,cor_UR_y,Dirty,h_par_cor,h_orth_cor,h_par_tra,h_orth_tra
./data/train/PICAI/11282/,14,0,0.39285713434219,0.39285713434219,3.300000076642102,153.96278505793867,155.45153323102173,457.9867425103309,461.8735188896658,307.03721494206127,610.5484667689784,5.249261037785317,304.1434555856249,334.57922091140864,182.0655956412936,452.1877617711632,301.4734308818652,144.4207790885913,605.9344043587062,26.81223822883669,486.5265691181348,True,,,,
./data/train/PICAI/11282/,15,0,0.39285713434219,0.39285713434219,3.300000076642102,153.96278505793867,155.45153323102173,457.9867425103309,461.8735188896658,307.03721494206127,610.5484667689784,5.249261037785317,304.1434555856249,334.57922091140864,182.0655956412936,452.1877617711632,301.4734308818652,144.4207790885913,605.9344043587062,26.81223822883669,486.5265691181348,True,,,,
./data/train/PICAI/11282/,-1,0,-1.0,-1.0,-1.0,-1.0,-1.0,-1.0,-1.0,-1.0,-1.0,-1.0,-1.0,-1.0,-1.0,-1.0,-1.0,-1.0,-1.0,-1.0,-1.0,False,80.0,60.0,30.0,160.0
./data/train/PICAI/11282/,16,0,0.39285713434219,0.39285713434219,3.300000076642102,153.96278505793867,155.45153323102173,457.9867425103309,461.8735188896658,307.03721494206127,610.5484667689784,5.249261037785317,304.1434555856249,334.57922091140864,182.0655956412936,452.1877617711632,301.4734308818652,144.4207790885913,605.9344043587062,26.81223822883669,486.5265691181348,True,,,,
