path,curFrame,Deleted,pixelSpacingX,pixelSpacingY,pixelSpacingZ,tra_UL_x,tra_UL_y,tra_LL_x,tra_LL_y,tra_LR_x,tra_LR_y,tra_UR_x,tra_UR_y,cor_UL_x,cor_UL_y,cor_LL_x,cor_LL_y,cor_LR_x,cor_LR_y,cor_UR_x,cor_UR_y,Dirty
./data/train/PICAI/10054/,12,0,0.5625,0.5625,3.599999861283756,85.14587479393131,-8.004633046758528,281.51140803271414,191.1073388581185,176.85412520606866,294.00463304675844,-17.89117022551082,96.43370930729,173.86940248415002,19.154130135240507,268.95787934149604,115.1498673788806,83.13059751585006,298.84586986475955,-11.957879341496067,202.85013262111943,True
./data/train/PICAI/10054/,11,0,0.5625,0.5625,3.599999861283756,85.14587479393131,-8.004633046758528,281.51140803271414,191.1073388581185,176.85412520606866,294.00463304675844,-17.89117022551082,96.43370930729,173.86940248415002,19.154130135240507,268.95787934149604,115.1498673788806,83.13059751585006,298.84586986475955,-11.957879341496067,202.85013262111943,True
./data/train/PICAI/10054/,13,0,0.5625,0.5625,3.599999861283756,85.14587479393131,-8.004633046758528,281.51140803271414,191.1073388581185,176.85412520606866,294.00463304675844,-17.89117022551082,96.43370930729,173.86940248415002,19.154130135240507,268.95787934149604,115.1498673788806,83.13059751585006,298.84586986475955,-11.957879341496067,202.85013262111943,True
