path,curFrame,Deleted,pixelSpacingX,pixelSpacingY,pixelSpacingZ,tra_UL_x,tra_UL_y,tra_LL_x,tra_LL_y,tra_LR_x,tra_LR_y,tra_UR_x,tra_UR_y,cor_UL_x,cor_UL_y,cor_LL_x,cor_LL_y,cor_LR_x,cor_LR_y,cor_UR_x,cor_UR_y,Dirty
./data/train/PICAI/10677/,8,0,0.5625,0.5625,3.6000000635782783,62.50076825424532,29.56984717206258,280.71654376141873,163.11712464263832,209.4992317457547,278.4301528279375,-7.718979711158965,144.9526318311058,149.63813009102967,31.00006553958343,243.8418268555421,88.71196652975887,111.3618699089703,305.99993446041657,16.230365567942215,247.22071294623728,True
./data/train/PICAI/10677/,9,0,0.5625,0.5625,3.6000000635782783,62.50076825424532,29.56984717206258,280.71654376141873,163.11712464263832,209.4992317457547,278.4301528279375,-7.718979711158965,144.9526318311058,149.63813009102967,31.00006553958343,243.8418268555421,88.71196652975887,111.3618699089703,305.99993446041657,16.230365567942215,247.22071294623728,True
./data/train/PICAI/10677/,10,0,0.5625,0.5625,3.6000000635782783,71.35961737743902,24.745905541027724,279.72804306848786,173.1898315704679,200.64038262256105,283.2540944589724,-6.737774999746307,134.94934153049215,159.18302113601396,32.670016938413056,249.1314637237245,96.81265233831968,101.816978863986,304.3299830615869,11.017441308493945,239.0579064919788,True
