path,curFrame,Deleted,pixelSpacingX,pixelSpacingY,pixelSpacingZ,tra_UL_x,tra_UL_y,tra_LL_x,tra_LL_y,tra_LR_x,tra_LR_y,tra_UR_x,tra_UR_y,cor_UL_x,cor_UL_y,cor_LL_x,cor_LL_y,cor_LR_x,cor_LR_y,cor_UR_x,cor_UR_y,Dirty
./data/train/PICAI/10367/,8,0,0.5625,0.5625,3.599999957614445,85.34423861310125,15.74407938134999,280.24364923182907,217.65549495875763,189.65576138689872,305.25592061865,-4.432489656483824,104.50296097192157,198.08442351812988,45.14383180868228,269.23092818046035,119.62990348878216,81.91557648187019,300.8561681913178,9.784264066527411,226.1964483335509,True
./data/train/PICAI/10367/,9,0,0.5625,0.5625,3.599999957614445,85.34423861310125,15.74407938134999,280.24364923182907,217.65549495875763,189.65576138689872,305.25592061865,-4.432489656483824,104.50296097192157,198.08442351812988,45.14383180868228,269.23092818046035,119.62990348878216,81.91557648187019,300.8561681913178,9.784264066527411,226.1964483335509,True
./data/train/PICAI/10367/,10,0,0.5625,0.5625,3.599999957614445,85.34423861310125,15.74407938134999,280.24364923182907,217.65549495875763,189.65576138689872,305.25592061865,-4.432489656483824,104.50296097192157,198.08442351812988,45.14383180868228,269.23092818046035,119.62990348878216,81.91557648187019,300.8561681913178,9.784264066527411,226.1964483335509,True
