path,curFrame,Deleted,pixelSpacingX,pixelSpacingY,pixelSpacingZ,tra_UL_x,tra_UL_y,tra_LL_x,tra_LL_y,tra_LR_x,tra_LR_y,tra_UR_x,tra_UR_y,cor_UL_x,cor_UL_y,cor_LL_x,cor_LL_y,cor_LR_x,cor_LR_y,cor_UR_x,cor_UR_y,Dirty
./data/train/PICAI/11093/,10,0,0.5625,0.5625,3.6000000635782774,-1.201171619142599,68.43118664789479,262.8607640038347,103.01867217440548,245.2011716191426,231.5688133521052,-16.87172021309823,196.7722708990592,108.72320313175284,22.58248749404632,206.6014597422632,35.42175861382188,172.27679686824712,292.4175125059537,74.39854025773684,279.5782413861781,True
./data/train/PICAI/11093/,9,0,0.5625,0.5625,3.6000000635782774,-1.201171619142599,68.43118664789479,262.8607640038347,103.01867217440548,245.2011716191426,231.5688133521052,-16.87172021309823,196.7722708990592,108.72320313175284,22.58248749404632,206.6014597422632,35.42175861382188,172.27679686824712,292.4175125059537,74.39854025773684,279.5782413861781,True
./data/train/PICAI/11093/,11,0,0.5625,0.5625,3.6000000635782774,1.7205897384322526,64.18121728240679,264.4145801278625,107.96326169878743,242.27941026156776,235.8187827175932,-18.419452027342885,191.8972253537243,113.45111398063584,21.55568137979631,210.821661701694,37.80303305633626,167.54888601936412,293.4443186202037,70.17833829830612,277.19696694366377,True
