path,curFrame,Deleted,pixelSpacingX,pixelSpacingY,pixelSpacingZ,tra_UL_x,tra_UL_y,tra_LL_x,tra_LL_y,tra_LR_x,tra_LR_y,tra_UR_x,tra_UR_y,cor_UL_x,cor_UL_y,cor_LL_x,cor_LL_y,cor_LR_x,cor_LR_y,cor_UR_x,cor_UR_y,Dirty,h_par_cor,h_orth_cor,h_par_tra,h_orth_tra
./data/train/PICAI/10043/,-1,0,-1.0,-1.0,-1.0,-1.0,-1.0,-1.0,-1.0,-1.0,-1.0,-1.0,-1.0,-1.0,-1.0,-1.0,-1.0,-1.0,-1.0,-1.0,-1.0,False,80.0,60.0,30.0,160.0
./data/train/PICAI/10043/,9,0,0.5625,0.5625,3.5999999576145,0.2112487486759562,75.20971301684153,266.9054803373212,71.44317118883583,268.78875125132413,204.79028698315847,3.082208003274019,208.400394346124,93.89203345397208,10.091650765667964,202.0776373382956,9.156176455885486,206.10796654602788,283.90834923433204,99.06648546733982,285.6750774196695,True,,,,
./data/train/PICAI/10043/,10,0,0.5625,0.5625,3.5999999576145,0.2112487486759562,75.20971301684153,266.9054803373212,71.44317118883583,268.78875125132413,204.79028698315847,3.082208003274019,208.400394346124,93.89203345397208,10.091650765667964,202.0776373382956,9.156176455885486,206.10796654602788,283.90834923433204,99.06648546733982,285.6750774196695,True,,,,
./data/train/PICAI/10043/,11,0,0.5625,0.5625,3.5999999576145,5.057911350210162,66.0000291487897,271.3652298708422,80.84631159089429,263.94208864978987,213.9999708512103,-1.3690351727503298,199.0665326663581,103.5789533092179,6.511258728208929,211.5662778889972,13.12470942367753,196.42104669078208,287.4887412717911,89.51707255184216,281.78432953166674,True,,,,
