path,curFrame,Deleted,pixelSpacingX,pixelSpacingY,pixelSpacingZ,tra_UL_x,tra_UL_y,tra_LL_x,tra_LL_y,tra_LR_x,tra_LR_y,tra_UR_x,tra_UR_y,cor_UL_x,cor_UL_y,cor_LL_x,cor_LL_y,cor_LR_x,cor_LR_y,cor_UR_x,cor_UR_y,Dirty,h_par_cor,h_orth_cor,h_par_tra,h_orth_tra
./data/train/PICAI/10850/,-1,0,-1.0,-1.0,-1.0,-1.0,-1.0,-1.0,-1.0,-1.0,-1.0,-1.0,-1.0,-1.0,-1.0,-1.0,-1.0,-1.0,-1.0,-1.0,-1.0,False,80.0,60.0,30.0,160.0
./data/train/PICAI/10850/,9,0,0.5625,0.5625,3.600000010596333,50.89982007526501,33.739950625627614,281.99097082587923,153.79777021584394,221.10017992473496,272.2600493743724,-9.990970825879202,152.20222978415606,156.63620859129915,22.65053838591095,252.2523348576771,72.67609583220103,128.36379140870085,310.34946161408914,32.74766514232286,260.32390416779896,True,,,,
./data/train/PICAI/10850/,10,0,0.5625,0.5625,3.600000010596333,50.89982007526501,33.739950625627614,281.99097082587923,153.79777021584394,221.10017992473496,272.2600493743724,-9.990970825879202,152.20222978415606,156.63620859129915,22.65053838591095,252.2523348576771,72.67609583220103,128.36379140870085,310.34946161408914,32.74766514232286,260.32390416779896,True,,,,
./data/train/PICAI/10850/,11,0,0.5625,0.5625,3.600000010596333,50.89982007526501,33.739950625627614,281.99097082587923,153.79777021584394,221.10017992473496,272.2600493743724,-9.990970825879202,152.20222978415606,156.63620859129915,22.65053838591095,252.2523348576771,72.67609583220103,128.36379140870085,310.34946161408914,32.74766514232286,260.32390416779896,True,,,,
