path,curFrame,Deleted,pixelSpacingX,pixelSpacingY,pixelSpacingZ,tra_UL_x,tra_UL_y,tra_LL_x,tra_LL_y,tra_LR_x,tra_LR_y,tra_UR_x,tra_UR_y,cor_UL_x,cor_UL_y,cor_LL_x,cor_LL_y,cor_LR_x,cor_LR_y,cor_UR_x,cor_UR_y,Dirty,h_par_cor,h_orth_cor,h_par_tra,h_orth_tra
./data/train/PICAI/10847/,14,0,0.392857134342,0.392857134342,3.2999999999999967,68.03061906436835,175.1448086451366,468.4494065487107,288.6780400338759,406.9693809356317,503.85519135486345,6.550593451289245,390.3219599661241,236.70603049647457,118.19168044424003,402.40987719685273,164.92748244546357,284.29396950352543,581.8083195557598,117.59392810505553,535.1596732972843,True,,,,
./data/train/PICAI/10847/,15,0,0.392857134342,0.392857134342,3.2999999999999967,68.03061906436835,175.1448086451366,468.4494065487107,288.6780400338759,406.9693809356317,503.85519135486345,6.550593451289245,390.3219599661241,236.70603049647457,118.19168044424003,402.40987719685273,164.92748244546357,284.29396950352543,581.8083195557598,117.59392810505553,535.1596732972843,True,,,,
./data/train/PICAI/10847/,-1,0,-1.0,-1.0,-1.0,-1.0,-1.0,-1.0,-1.0,-1.0,-1.0,-1.0,-1.0,-1.0,-1.0,-1.0,-1.0,-1.0,-1.0,-1.0,-1.0,False,80.0,60.0,30.0,160.0
./data/train/PICAI/10847/,16,0,0.392857134342,0.392857134342,3.2999999999999967,68.03061906436835,175.1448086451366,468.4494065487107,288.6780400338759,406.9693809356317,503.85519135486345,6.550593451289245,390.3219599661241,236.70603049647457,118.19168044424003,402.40987719685273,164.92748244546357,284.29396950352543,581.8083195557598,117.59392810505553,535.1596732972843,True,,,,
