path,curFrame,Deleted,pixelSpacingX,pixelSpacingY,pixelSpacingZ,tra_UL_x,tra_UL_y,tra_LL_x,tra_LL_y,tra_LR_x,tra_LR_y,tra_UR_x,tra_UR_y,cor_UL_x,cor_UL_y,cor_LL_x,cor_LL_y,cor_LR_x,cor_LR_y,cor_UR_x,cor_UR_y,Dirty
./data/train/PICAI/10730/,6,0,0.5625,0.5625,3.600000169542111,71.22362308863893,56.06132670513159,300.1918137283675,202.31647251261745,227.776376911361,315.9386732948684,-0.2174436635823156,169.90847854172645,189.96158304702524,54.47678584901516,283.947250838752,114.1483389521746,145.03841695297476,333.5232141509848,51.052749161248016,273.85166104782536,True
./data/train/PICAI/10730/,7,0,0.5625,0.5625,3.600000169542111,71.22362308863893,56.06132670513159,300.1918137283675,202.31647251261745,227.776376911361,315.9386732948684,-0.2174436635823156,169.90847854172645,189.96158304702524,54.47678584901516,283.947250838752,114.1483389521746,145.03841695297476,333.5232141509848,51.052749161248016,273.85166104782536,True
./data/train/PICAI/10730/,8,0,0.5625,0.5625,3.600000169542111,71.22362308863893,56.06132670513159,300.1918137283675,202.31647251261745,227.776376911361,315.9386732948684,-0.2174436635823156,169.90847854172645,189.96158304702524,54.47678584901516,283.947250838752,114.1483389521746,145.03841695297476,333.5232141509848,51.052749161248016,273.85166104782536,True
