path,curFrame,Deleted,pixelSpacingX,pixelSpacingY,pixelSpacingZ,tra_UL_x,tra_UL_y,tra_LL_x,tra_LL_y,tra_LR_x,tra_LR_y,tra_UR_x,tra_UR_y,cor_UL_x,cor_UL_y,cor_LL_x,cor_LL_y,cor_LR_x,cor_LR_y,cor_UR_x,cor_UR_y,Dirty
./data/train/PICAI/10473/,8,0,0.5625,0.5625,3.599999904632545,-9.371394365568475,124.58882659462311,248.4756021759601,71.3447999389228,273.3713943655685,193.41117340537687,14.529875928671515,246.7597285243449,70.4331163259277,43.20957487624658,168.8400212300785,22.81150959579847,220.5668836740723,275.7904251237535,122.15997876992148,296.1884904042015,True
./data/train/PICAI/10473/,9,0,0.5625,0.5625,3.599999904632545,-9.371394365568475,124.58882659462311,248.4756021759601,71.3447999389228,273.3713943655685,193.41117340537687,14.529875928671515,246.7597285243449,70.4331163259277,43.20957487624658,168.8400212300785,22.81150959579847,220.5668836740723,275.7904251237535,122.15997876992148,296.1884904042015,True
./data/train/PICAI/10473/,10,0,0.5625,0.5625,3.599999904632545,-9.371394365568475,124.58882659462311,248.4756021759601,71.3447999389228,273.3713943655685,193.41117340537687,14.529875928671515,246.7597285243449,70.4331163259277,43.20957487624658,168.8400212300785,22.81150959579847,220.5668836740723,275.7904251237535,122.15997876992148,296.1884904042015,True
