path,curFrame,Deleted,pixelSpacingX,pixelSpacingY,pixelSpacingZ,tra_UL_x,tra_UL_y,tra_LL_x,tra_LL_y,tra_LR_x,tra_LR_y,tra_UR_x,tra_UR_y,cor_UL_x,cor_UL_y,cor_LL_x,cor_LL_y,cor_LR_x,cor_LR_y,cor_UR_x,cor_UR_y,Dirty
./data/train/PICAI/10370/,11,0,0.3125,0.3125,3.299999942898588,133.52795294423225,187.1292671872148,655.5062316576264,432.1592175022778,543.4720470557677,668.8707328127853,21.49376834237341,423.8407824977222,395.9027660894501,155.36385943513096,590.9909097887695,247.4106746323648,365.0972339105499,726.6361405648688,170.99935827997203,634.7284984685953,True
./data/train/PICAI/10370/,10,0,0.3125,0.3125,3.299999942898588,133.52795294423225,187.1292671872148,655.5062316576264,432.1592175022778,543.4720470557677,668.8707328127853,21.49376834237341,423.8407824977222,395.9027660894501,155.36385943513096,590.9909097887695,247.4106746323648,365.0972339105499,726.6361405648688,170.99935827997203,634.7284984685953,True
./data/train/PICAI/10370/,12,0,0.3125,0.3125,3.299999942898588,133.52795294423225,187.1292671872148,655.5062316576264,432.1592175022778,543.4720470557677,668.8707328127853,21.49376834237341,423.8407824977222,395.9027660894501,155.36385943513096,590.9909097887695,247.4106746323648,365.0972339105499,726.6361405648688,170.99935827997203,634.7284984685953,True
