path,curFrame,Deleted,pixelSpacingX,pixelSpacingY,pixelSpacingZ,tra_UL_x,tra_UL_y,tra_LL_x,tra_LL_y,tra_LR_x,tra_LR_y,tra_UR_x,tra_UR_y,cor_UL_x,cor_UL_y,cor_LL_x,cor_LL_y,cor_LR_x,cor_LR_y,cor_UR_x,cor_UR_y,Dirty
./data/train/PICAI/11182/,10,0,0.5625,0.5625,3.600000169542111,54.73589215968474,16.346212494346986,287.34317171294003,175.98910616279,209.2641078403153,289.653787505653,-22.37724588665114,130.2697128823125,163.18632075493616,18.94609707585141,267.2610941890295,90.31444814719224,117.8136792450638,308.05390292414853,12.772979984681342,236.4267328077052,True
./data/train/PICAI/11182/,9,0,0.5625,0.5625,3.600000169542111,64.45658998327663,11.289422542589191,285.36112457372224,186.76929773452872,199.54341001672336,294.71057745741075,-20.415605998123084,119.5562704199284,173.21462855172683,20.880740856213407,272.05747656084503,99.33513141178636,107.78537144827314,306.1192591437865,7.997004863555588,227.3393004337564,True
./data/train/PICAI/11182/,11,0,0.5625,0.5625,3.600000169542111,64.45658998327663,11.289422542589191,285.36112457372224,186.76929773452872,199.54341001672336,294.71057745741075,-20.415605998123084,119.5562704199284,173.21462855172683,20.880740856213407,272.05747656084503,99.33513141178636,107.78537144827314,306.1192591437865,7.997004863555588,227.3393004337564,True
