path,curFrame,Deleted,pixelSpacingX,pixelSpacingY,pixelSpacingZ,tra_UL_x,tra_UL_y,tra_LL_x,tra_LL_y,tra_LR_x,tra_LR_y,tra_UR_x,tra_UR_y,cor_UL_x,cor_UL_y,cor_LL_x,cor_LL_y,cor_LR_x,cor_LR_y,cor_UR_x,cor_UR_y,Dirty
./data/train/PICAI/10904/,8,0,0.5625,0.5625,3.0,44.00599606606406,40.30207663869214,284.7449538669689,153.35407439607022,227.994003933936,274.69792336130786,-12.7449538669689,161.6459256039298,152.50976747284818,18.66543289277677,253.317279230186,66.56997937110366,140.49023252715182,306.3345671072231,39.45776971547005,259.40439069368153,True
./data/train/PICAI/10904/,9,0,0.5625,0.5625,3.0,44.00599606606406,40.30207663869214,284.7449538669689,153.35407439607022,227.994003933936,274.69792336130786,-12.7449538669689,161.6459256039298,152.50976747284818,18.66543289277677,253.317279230186,66.56997937110366,140.49023252715182,306.3345671072231,39.45776971547005,259.40439069368153,True
./data/train/PICAI/10904/,10,0,0.5625,0.5625,3.0,44.00599606606406,40.30207663869214,284.7449538669689,153.35407439607022,227.994003933936,274.69792336130786,-12.7449538669689,161.6459256039298,152.50976747284818,18.66543289277677,253.317279230186,66.56997937110366,140.49023252715182,306.3345671072231,39.45776971547005,259.40439069368153,True
