path,curFrame,Deleted,pixelSpacingX,pixelSpacingY,pixelSpacingZ,tra_UL_x,tra_UL_y,tra_LL_x,tra_LL_y,tra_LR_x,tra_LR_y,tra_UR_x,tra_UR_y,cor_UL_x,cor_UL_y,cor_LL_x,cor_LL_y,cor_LR_x,cor_LR_y,cor_UR_x,cor_UR_y,Dirty
./data/train/PICAI/11011/,9,0,0.5625,0.5625,3.599999892974243,15.645346313111702,55.68817326086466,273.7168169075251,137.7376465391066,232.35465368688835,265.3118267391354,-23.99302783229841,181.83808128742044,129.50304749475916,23.777908419948744,224.7713768378266,54.12499105042328,142.4969525052408,311.22209158005126,47.00367210782954,279.9006388847915,True
./data/train/PICAI/11011/,10,0,0.5625,0.5625,3.599999892974243,23.2205962436094,48.38505104801398,274.9399357778286,148.23681169576923,224.77940375639065,272.6149489519861,-25.12099356167849,171.46263103355517,139.54442005228086,23.67480371474204,232.4637750605146,60.59354509163411,132.45557994771912,311.3251962852579,39.37979047444517,273.4187665677707,True
./data/train/PICAI/11011/,11,0,0.5625,0.5625,3.599999892974243,15.645346313111702,55.68817326086466,273.7168169075251,137.7376465391066,232.35465368688835,265.3118267391354,-23.99302783229841,181.83808128742044,129.50304749475916,23.777908419948744,224.7713768378266,54.12499105042328,142.4969525052408,311.22209158005126,47.00367210782954,279.9006388847915,True
