path,curFrame,Deleted,pixelSpacingX,pixelSpacingY,pixelSpacingZ,tra_UL_x,tra_UL_y,tra_LL_x,tra_LL_y,tra_LR_x,tra_LR_y,tra_UR_x,tra_UR_y,cor_UL_x,cor_UL_y,cor_LL_x,cor_LL_y,cor_LR_x,cor_LR_y,cor_UR_x,cor_UR_y,Dirty
./data/train/PICAI/10947/,8,0,0.5625,0.5625,3.600000076141965,9.595153121509256,22.95496566646463,245.32812108292947,167.59233226341323,173.40484687849073,286.0450343335353,-63.30974826637711,141.21685874121025,108.88426069503684,26.79627747609097,214.5482271737745,91.14008982801968,84.11573930496316,306.20372252390894,-21.54822717377449,241.85991017198023,True
./data/train/PICAI/10947/,9,0,0.5625,0.5625,3.600000076141965,2.8228657067317187,27.42181204654483,245.8025047176722,159.52364786313416,180.17713429326824,281.5781879534551,-63.79277278641372,149.3371790359058,101.55576058717634,26.33959444662997,210.44241321991572,85.06520111388507,91.44423941282366,306.66040555337,-17.442413219915736,247.9347988861149,True
./data/train/PICAI/10947/,10,0,0.5625,0.5625,3.600000076141965,9.595153121509256,22.95496566646463,245.32812108292947,167.59233226341323,173.40484687849073,286.0450343335353,-63.30974826637711,141.21685874121025,108.88426069503684,26.79627747609097,214.5482271737745,91.14008982801968,84.11573930496316,306.20372252390894,-21.54822717377449,241.85991017198023,True
