path,curFrame,Deleted,pixelSpacingX,pixelSpacingY,pixelSpacingZ,tra_UL_x,tra_UL_y,tra_LL_x,tra_LL_y,tra_LR_x,tra_LR_y,tra_UR_x,tra_UR_y,cor_UL_x,cor_UL_y,cor_LL_x,cor_LL_y,cor_LR_x,cor_LR_y,cor_UR_x,cor_UR_y,Dirty
./data/train/PICAI/10681/,11,0,0.5625,0.5625,3.599999978283871,15.075300535821968,59.38990180345301,267.8428982357444,143.2262993465858,225.924699464178,269.6100981965469,-25.84533418548453,185.8434571271584,119.95535624133942,32.91589715135032,224.8112848280492,67.31406919898703,141.0446437586606,319.08410284864965,36.18871517195079,284.685930801013,True
./data/train/PICAI/10681/,10,0,0.5625,0.5625,3.599999978283871,15.075300535821968,59.38990180345301,267.8428982357444,143.2262993465858,225.924699464178,269.6100981965469,-25.84533418548453,185.8434571271584,119.95535624133942,32.91589715135032,224.8112848280492,67.31406919898703,141.0446437586606,319.08410284864965,36.18871517195079,284.685930801013,True
./data/train/PICAI/10681/,12,0,0.5625,0.5625,3.599999978283871,15.075300535821968,59.38990180345301,267.8428982357444,143.2262993465858,225.924699464178,269.6100981965469,-25.84533418548453,185.8434571271584,119.95535624133942,32.91589715135032,224.8112848280492,67.31406919898703,141.0446437586606,319.08410284864965,36.18871517195079,284.685930801013,True
