path,curFrame,Deleted,pixelSpacingX,pixelSpacingY,pixelSpacingZ,tra_UL_x,tra_UL_y,tra_LL_x,tra_LL_y,tra_LR_x,tra_LR_y,tra_UR_x,tra_UR_y,cor_UL_x,cor_UL_y,cor_LL_x,cor_LL_y,cor_LR_x,cor_LR_y,cor_UR_x,cor_UR_y,Dirty
./data/train/PICAI/11033/,10,0,0.5625,0.5625,3.6,32.26583526594874,34.71740498444869,284.465069417224,133.05125619302402,227.7341647340513,279.2825950155513,-23.41410392622652,180.00245022846437,118.85574615896488,17.001157560603474,246.4271395586129,66.74590186663288,149.1442538410351,317.9988424393965,21.572860441387064,268.2540981333672,True
./data/train/PICAI/11033/,9,0,0.5625,0.5625,3.6,32.26583526594874,34.71740498444869,284.465069417224,133.05125619302402,227.7341647340513,279.2825950155513,-23.41410392622652,180.00245022846437,118.85574615896488,17.001157560603474,246.4271395586129,66.74590186663288,149.1442538410351,317.9988424393965,21.572860441387064,268.2540981333672,True
./data/train/PICAI/11033/,11,0,0.5625,0.5625,3.6,32.26583526594874,34.71740498444869,284.465069417224,133.05125619302402,227.7341647340513,279.2825950155513,-23.41410392622652,180.00245022846437,118.85574615896488,17.001157560603474,246.4271395586129,66.74590186663288,149.1442538410351,317.9988424393965,21.572860441387064,268.2540981333672,True
