path,curFrame,Deleted,pixelSpacingX,pixelSpacingY,pixelSpacingZ,tra_UL_x,tra_UL_y,tra_LL_x,tra_LL_y,tra_LR_x,tra_LR_y,tra_UR_x,tra_UR_y,cor_UL_x,cor_UL_y,cor_LL_x,cor_LL_y,cor_LR_x,cor_LR_y,cor_UR_x,cor_UR_y,Dirty
./data/train/PICAI/11296/,10,0,0.5625,0.5625,3.6000000403987107,66.53717490678515,16.695315237947597,289.95827116944224,167.8773702074199,211.4628250932149,283.3046847620524,-10.963749274073962,132.2271582558478,182.22029208997188,18.579526204098016,271.3689205233076,79.23034687830706,117.77970791002812,306.420473795902,28.5265510134248,246.7641750170612,True
./data/train/PICAI/11296/,9,0,0.5625,0.5625,3.6000000403987107,66.53717490678515,16.695315237947597,289.95827116944224,167.8773702074199,211.4628250932149,283.3046847620524,-10.963749274073962,132.2271582558478,182.22029208997188,18.579526204098016,271.3689205233076,79.23034687830706,117.77970791002812,306.420473795902,28.5265510134248,246.7641750170612,True
./data/train/PICAI/11296/,11,0,0.5625,0.5625,3.6000000403987107,66.53717490678515,16.695315237947597,289.95827116944224,167.8773702074199,211.4628250932149,283.3046847620524,-10.963749274073962,132.2271582558478,182.22029208997188,18.579526204098016,271.3689205233076,79.23034687830706,117.77970791002812,306.420473795902,28.5265510134248,246.7641750170612,True
