path,curFrame,Deleted,pixelSpacingX,pixelSpacingY,pixelSpacingZ,tra_UL_x,tra_UL_y,tra_LL_x,tra_LL_y,tra_LR_x,tra_LR_y,tra_UR_x,tra_UR_y,cor_UL_x,cor_UL_y,cor_LL_x,cor_LL_y,cor_LR_x,cor_LR_y,cor_UR_x,cor_UR_y,Dirty
./data/train/PICAI/10135/,9,0,0.5625,0.5625,3.600000010596389,53.81706175664088,13.650356375111071,282.9521950489988,171.26726755882066,210.18293824335905,278.34964362488904,-18.95219504899876,120.73273244117928,168.62139526995463,19.526239294209773,253.2619906989733,76.72737219751146,105.37860473004538,292.47376070579026,20.92881829640328,234.2910006190408,True
./data/train/PICAI/10135/,10,0,0.5625,0.5625,3.600000010596389,53.81706175664088,13.650356375111071,282.9521950489988,171.26726755882066,210.18293824335905,278.34964362488904,-18.95219504899876,120.73273244117928,168.62139526995463,19.526239294209773,253.2619906989733,76.72737219751146,105.37860473004538,292.47376070579026,20.92881829640328,234.2910006190408,True
./data/train/PICAI/10135/,11,0,0.5625,0.5625,3.600000010596389,53.81706175664088,13.650356375111071,282.9521950489988,171.26726755882066,210.18293824335905,278.34964362488904,-18.95219504899876,120.73273244117928,168.62139526995463,19.526239294209773,253.2619906989733,76.72737219751146,105.37860473004538,292.47376070579026,20.92881829640328,234.2910006190408,True
