path,curFrame,Deleted,pixelSpacingX,pixelSpacingY,pixelSpacingZ,tra_UL_x,tra_UL_y,tra_LL_x,tra_LL_y,tra_LR_x,tra_LR_y,tra_UR_x,tra_UR_y,cor_UL_x,cor_UL_y,cor_LL_x,cor_LL_y,cor_LR_x,cor_LR_y,cor_UR_x,cor_UR_y,Dirty
./data/train/PICAI/11085/,9,0,0.5625,0.5625,3.600000090069244,44.761071185222974,31.30551487513492,265.98692540789114,174.4876416349049,195.238928814777,282.6944851248651,-24.006389270407965,139.79070456701524,157.38204885619567,30.8237879362608,240.66090480261417,84.94062590981265,97.61795114380432,305.1762120637392,13.34882712864416,250.92020098922728,True
./data/train/PICAI/11085/,8,0,0.5625,0.5625,3.600000090069244,44.761071185222974,31.30551487513492,265.98692540789114,174.4876416349049,195.238928814777,282.6944851248651,-24.006389270407965,139.79070456701524,159.38204885619567,30.8237879362608,242.66090480261417,84.94062590981265,99.61795114380432,305.1762120637392,15.34882712864416,250.92020098922728,True
./data/train/PICAI/11085/,10,0,0.5625,0.5625,3.600000090069244,44.761071185222974,31.30551487513492,265.98692540789114,174.4876416349049,195.238928814777,282.6944851248651,-24.006389270407965,139.79070456701524,157.38204885619567,30.8237879362608,240.66090480261417,84.94062590981265,97.61795114380432,305.1762120637392,13.34882712864416,250.92020098922728,True
