path,curFrame,Deleted,pixelSpacingX,pixelSpacingY,pixelSpacingZ,tra_UL_x,tra_UL_y,tra_LL_x,tra_LL_y,tra_LR_x,tra_LR_y,tra_UR_x,tra_UR_y,cor_UL_x,cor_UL_y,cor_LL_x,cor_LL_y,cor_LR_x,cor_LR_y,cor_UR_x,cor_UR_y,Dirty
./data/train/PICAI/11104/,8,0,0.5625,0.5625,3.600000010596389,99.75767738433991,14.752715975481692,303.7796242215844,179.75285297160843,213.24232261566007,292.2472840245183,9.220375778415558,127.24714702839157,194.89008160374377,24.558581166094854,289.249228493343,100.42920392791903,124.10991839625623,305.4414188339051,29.750771506656942,229.57079607208087,True
./data/train/PICAI/11104/,7,0,0.5625,0.5625,3.600000010596389,99.75767738433991,14.752715975481692,303.7796242215844,179.75285297160843,213.24232261566007,292.2472840245183,9.220375778415558,127.24714702839157,194.89008160374377,24.558581166094854,289.249228493343,100.42920392791903,124.10991839625623,305.4414188339051,29.750771506656942,229.57079607208087,True
./data/train/PICAI/11104/,9,0,0.5625,0.5625,3.600000010596389,99.75767738433991,14.752715975481692,303.7796242215844,179.75285297160843,213.24232261566007,292.2472840245183,9.220375778415558,127.24714702839157,194.89008160374377,24.558581166094854,289.249228493343,100.42920392791903,124.10991839625623,305.4414188339051,29.750771506656942,229.57079607208087,True
