path,curFrame,Deleted,pixelSpacingX,pixelSpacingY,pixelSpacingZ,tra_UL_x,tra_UL_y,tra_LL_x,tra_LL_y,tra_LR_x,tra_LR_y,tra_UR_x,tra_UR_y,cor_UL_x,cor_UL_y,cor_LL_x,cor_LL_y,cor_LR_x,cor_LR_y,cor_UR_x,cor_UR_y,Dirty
./data/train/PICAI/11173/,9,0,0.5625,0.5625,3.600000063578272,6.386977091865049,70.39455200298788,280.89646642273016,96.90002817882302,267.6130229081349,231.6054479970121,-6.126230512813919,203.9139125296253,111.35041776141414,18.90306866664983,214.8402043402293,29.62053449917343,187.64958223858588,296.0969313333502,84.36770735058849,286.35761310156045,True
./data/train/PICAI/11173/,8,0,0.5625,0.5625,3.600000063578272,6.386977091865049,70.39455200298788,280.89646642273016,96.90002817882302,267.6130229081349,231.6054479970121,-6.126230512813919,203.9139125296253,115.35041776141414,18.90306866664983,218.8402043402293,29.62053449917343,191.64958223858588,296.0969313333502,88.36770735058849,286.35761310156045,True
./data/train/PICAI/11173/,10,0,0.5625,0.5625,3.600000063578272,6.386977091865049,70.39455200298788,280.89646642273016,96.90002817882302,267.6130229081349,231.6054479970121,-6.126230512813919,203.9139125296253,111.35041776141414,18.90306866664983,214.8402043402293,29.62053449917343,187.64958223858588,296.0969313333502,84.36770735058849,286.35761310156045,True
