path,curFrame,Deleted,pixelSpacingX,pixelSpacingY,pixelSpacingZ,tra_UL_x,tra_UL_y,tra_LL_x,tra_LL_y,tra_LR_x,tra_LR_y,tra_UR_x,tra_UR_y,cor_UL_x,cor_UL_y,cor_LL_x,cor_LL_y,cor_LR_x,cor_LR_y,cor_UR_x,cor_UR_y,Dirty
./data/train/PICAI/11194/,9,0,0.5625,0.5625,3.599999957614445,95.45365325024852,10.38803994812045,297.89322415593915,185.9904890526814,196.54634674975148,303.61196005187946,-4.93196246000079,128.28514830313554,179.751121129469,28.040706562165127,281.31371875237494,116.46038064032317,110.248878870531,313.9592934378349,8.686281247625004,225.5396193596768,True
./data/train/PICAI/11194/,8,0,0.5625,0.5625,3.599999957614445,95.45365325024852,10.38803994812045,297.89322415593915,185.9904890526814,196.54634674975148,303.61196005187946,-4.93196246000079,128.28514830313554,179.751121129469,28.040706562165127,281.31371875237494,116.46038064032317,110.248878870531,313.9592934378349,8.686281247625004,225.5396193596768,True
./data/train/PICAI/11194/,10,0,0.5625,0.5625,3.599999957614445,95.45365325024852,10.38803994812045,297.89322415593915,185.9904890526814,196.54634674975148,303.61196005187946,-4.93196246000079,128.28514830313554,179.751121129469,28.040706562165127,281.31371875237494,116.46038064032317,110.248878870531,313.9592934378349,8.686281247625004,225.5396193596768,True
