path,curFrame,Deleted,pixelSpacingX,pixelSpacingY,pixelSpacingZ,tra_UL_x,tra_UL_y,tra_LL_x,tra_LL_y,tra_LR_x,tra_LR_y,tra_UR_x,tra_UR_y,cor_UL_x,cor_UL_y,cor_LL_x,cor_LL_y,cor_LR_x,cor_LR_y,cor_UR_x,cor_UR_y,Dirty
./data/train/PICAI/10262/,10,0,0.5625,0.5625,3.0,-14.431411948605527,56.74821127644168,236.73299765505783,116.58498382011496,206.4314119486055,247.25178872355832,-45.60367446329394,188.52943167493152,82.96810731671405,22.53101614383548,184.6249265401489,46.3194819492186,125.03189268328596,299.4689838561646,23.37507345985105,275.6805180507814,True
./data/train/PICAI/10262/,9,0,0.5625,0.5625,3.0,-14.431411948605527,56.74821127644168,236.73299765505783,116.58498382011496,206.4314119486055,247.25178872355832,-45.60367446329394,188.52943167493152,82.96810731671405,22.53101614383548,184.6249265401489,46.3194819492186,125.03189268328596,299.4689838561646,23.37507345985105,275.6805180507814,True
./data/train/PICAI/10262/,11,0,0.5625,0.5625,3.0,-14.431411948605527,56.74821127644168,236.73299765505783,116.58498382011496,206.4314119486055,247.25178872355832,-45.60367446329394,188.52943167493152,82.96810731671405,22.53101614383548,184.6249265401489,46.3194819492186,125.03189268328596,299.4689838561646,23.37507345985105,275.6805180507814,True
