path,curFrame,Deleted,pixelSpacingX,pixelSpacingY,pixelSpacingZ,tra_UL_x,tra_UL_y,tra_LL_x,tra_LL_y,tra_LR_x,tra_LR_y,tra_UR_x,tra_UR_y,cor_UL_x,cor_UL_y,cor_LL_x,cor_LL_y,cor_LR_x,cor_LR_y,cor_UR_x,cor_UR_y,Dirty
./data/train/PICAI/10415/,10,0,0.5625,0.5625,3.599999972752143,-22.94366554120308,67.49040633412727,231.16448738931268,79.23973032496473,224.853122088342,218.50754308543867,-29.255030842173767,206.75821909460126,59.88081124238339,13.36548081657924,174.59999186585628,18.168290809537154,162.1226896461763,281.4672025606472,47.403509022703375,276.66439256768933,True
./data/train/PICAI/10415/,11,0,0.5625,0.5625,3.599999972752143,-22.94366554120308,67.49040633412727,231.16448738931268,79.23973032496473,224.853122088342,218.50754308543867,-29.255030842173767,206.75821909460126,59.88081124238339,13.36548081657924,174.59999186585628,18.168290809537154,162.1226896461763,281.4672025606472,47.403509022703375,276.66439256768933,True
./data/train/PICAI/10415/,12,0,0.5625,0.5625,3.599999972752143,-22.94366554120308,67.49040633412727,231.16448738931268,79.23973032496473,224.853122088342,218.50754308543867,-29.255030842173767,206.75821909460126,59.88081124238339,13.36548081657924,174.59999186585628,18.168290809537154,162.1226896461763,281.4672025606472,47.403509022703375,276.66439256768933,True
