path,curFrame,Deleted,pixelSpacingX,pixelSpacingY,pixelSpacingZ,tra_UL_x,tra_UL_y,tra_LL_x,tra_LL_y,tra_LR_x,tra_LR_y,tra_UR_x,tra_UR_y,cor_UL_x,cor_UL_y,cor_LL_x,cor_LL_y,cor_LR_x,cor_LR_y,cor_UR_x,cor_UR_y,Dirty
./data/train/PICAI/10439/,8,0,0.5625,0.5625,3.6000000635782783,78.54720526573173,70.92300313740523,294.42467267778,235.7226362187932,211.4527947342684,344.07699686259485,-3.436984337184839,179.43379824624697,209.4104974575808,68.54142632828197,291.624847664767,131.1736913361048,115.58950254241924,360.458573671718,34.36284067582818,297.9827431289354,True
./data/train/PICAI/10439/,9,0,0.5625,0.5625,3.6000000635782783,78.54720526573173,70.92300313740523,294.42467267778,235.7226362187932,211.4527947342684,344.07699686259485,-3.436984337184839,179.43379824624697,209.4104974575808,68.54142632828197,291.624847664767,131.1736913361048,115.58950254241924,360.458573671718,34.36284067582818,297.9827431289354,True
./data/train/PICAI/10439/,10,0,0.5625,0.5625,3.6000000635782783,78.54720526573173,70.92300313740523,294.42467267778,235.7226362187932,211.4527947342684,344.07699686259485,-3.436984337184839,179.43379824624697,209.4104974575808,68.54142632828197,291.624847664767,131.1736913361048,115.58950254241924,360.458573671718,34.36284067582818,297.9827431289354,True
