path,curFrame,Deleted,pixelSpacingX,pixelSpacingY,pixelSpacingZ,tra_UL_x,tra_UL_y,tra_LL_x,tra_LL_y,tra_LR_x,tra_LR_y,tra_UR_x,tra_UR_y,cor_UL_x,cor_UL_y,cor_LL_x,cor_LL_y,cor_LR_x,cor_LR_y,cor_UR_x,cor_UR_y,Dirty
./data/train/PICAI/11027/,10,0,0.5625,0.5625,3.5999999046325994,61.83672537186814,19.903309670119057,297.47637477027376,159.48825023104249,218.16327462813183,294.0966903298809,-16.50200470548856,154.73670082330145,154.17090880030472,15.883192202614389,276.0411930357275,87.32381887126346,142.3782922230399,315.09394190397745,19.76820246734443,242.4376831051695,True
./data/train/PICAI/11027/,9,0,0.5625,0.5625,3.5999999046325994,61.83672537186814,19.903309670119057,297.47637477027376,159.48825023104249,218.16327462813183,294.0966903298809,-16.50200470548856,154.73670082330145,154.17090880030472,15.883192202614389,276.0411930357275,87.32381887126346,142.3782922230399,315.09394190397745,19.76820246734443,242.4376831051695,True
./data/train/PICAI/11027/,11,0,0.5625,0.5625,3.5999999046325994,61.83672537186814,19.903309670119057,297.47637477027376,159.48825023104249,218.16327462813183,294.0966903298809,-16.50200470548856,154.73670082330145,148.99471033532163,12.848893362502142,276.0411930357275,87.32381887126346,142.3782922230399,315.09394190397745,14.606424237614364,239.3789177485125,True
