path,curFrame,Deleted,pixelSpacingX,pixelSpacingY,pixelSpacingZ,tra_UL_x,tra_UL_y,tra_LL_x,tra_LL_y,tra_LR_x,tra_LR_y,tra_UR_x,tra_UR_y,cor_UL_x,cor_UL_y,cor_LL_x,cor_LL_y,cor_LR_x,cor_LR_y,cor_UR_x,cor_UR_y,Dirty
./data/train/PICAI/10607/,12,0,0.625,0.625,3.5,63.950724162474486,68.12408137566264,261.8487942634356,214.46735539368893,191.0492758375256,311.8759186243374,-6.848794263435622,165.53264460631107,179.3365548958807,66.3956893435059,254.3705450163615,122.2159394916339,99.66344510411932,330.6043106564941,25.399690893554464,275.97011979991765,True
./data/train/PICAI/10607/,11,0,0.625,0.625,3.5,63.950724162474486,68.12408137566264,261.8487942634356,214.46735539368893,191.0492758375256,311.8759186243374,-6.848794263435622,165.53264460631107,179.3365548958807,66.3956893435059,254.3705450163615,122.2159394916339,99.66344510411932,330.6043106564941,25.399690893554464,275.97011979991765,True
./data/train/PICAI/10607/,13,0,0.625,0.625,3.5,63.950724162474486,68.12408137566264,261.8487942634356,214.46735539368893,191.0492758375256,311.8759186243374,-6.848794263435622,165.53264460631107,179.3365548958807,66.3956893435059,254.3705450163615,122.2159394916339,99.66344510411932,330.6043106564941,25.399690893554464,275.97011979991765,True
