path,curFrame,Deleted,pixelSpacingX,pixelSpacingY,pixelSpacingZ,tra_UL_x,tra_UL_y,tra_LL_x,tra_LL_y,tra_LR_x,tra_LR_y,tra_UR_x,tra_UR_y,cor_UL_x,cor_UL_y,cor_LL_x,cor_LL_y,cor_LR_x,cor_LR_y,cor_UR_x,cor_UR_y,Dirty,h_par_cor,h_orth_cor,h_par_tra,h_orth_tra
./data/train/PICAI/10690/,10,0,0.5625,0.5625,3.5999999046325497,22.69665922055248,70.8137561578634,285.8794671561108,149.04935935202946,247.30334077944752,280.18624384213666,-14.88327245801912,202.03779639071823,135.35573561138534,40.00712837842764,244.01592075912063,71.59769918143608,168.64426438861466,324.9928716215724,60.07123498362701,292.4061061204722,True,,,,
./data/train/PICAI/10690/,9,0,0.5625,0.5625,3.5999999046325497,22.69665922055248,70.8137561578634,285.8794671561108,149.04935935202946,247.30334077944752,280.18624384213666,-14.88327245801912,202.03779639071823,135.35573561138534,40.00712837842764,244.01592075912063,71.59769918143608,168.64426438861466,324.9928716215724,60.07123498362701,292.4061061204722,True,,,,
./data/train/PICAI/10690/,-1,0,-1.0,-1.0,-1.0,-1.0,-1.0,-1.0,-1.0,-1.0,-1.0,-1.0,-1.0,-1.0,-1.0,-1.0,-1.0,-1.0,-1.0,-1.0,-1.0,False,80.0,60.0,30.0,160.0
./data/train/PICAI/10690/,11,0,0.5625,0.5625,3.5999999046325497,22.69665922055248,70.8137561578634,285.8794671561108,149.04935935202946,247.30334077944752,280.18624384213666,-14.88327245801912,202.03779639071823,135.35573561138534,40.00712837842764,244.01592075912063,71.59769918143608,168.64426438861466,324.9928716215724,60.07123498362701,292.4061061204722,True,,,,
