path,curFrame,Deleted,pixelSpacingX,pixelSpacingY,pixelSpacingZ,tra_UL_x,tra_UL_y,tra_LL_x,tra_LL_y,tra_LR_x,tra_LR_y,tra_UR_x,tra_UR_y,cor_UL_x,cor_UL_y,cor_LL_x,cor_LL_y,cor_LR_x,cor_LR_y,cor_UR_x,cor_UR_y,Dirty
./data/train/PICAI/10700/,8,0,0.5625,0.5625,3.599999957614445,53.05690967052677,38.57980063606345,301.4134484090888,147.31355650700326,244.94309032947325,274.42019936393655,-2.4140575820697734,165.72134298969925,153.92357031346668,25.92884565514626,257.39382828896674,71.56770754371084,153.07642968653332,308.07115434485377,49.571272214330776,263.4316832833083,True
./data/train/PICAI/10700/,9,0,0.5625,0.5625,3.599999957614445,53.05690967052677,38.57980063606345,301.4134484090888,147.31355650700326,244.94309032947325,274.42019936393655,-2.4140575820697734,165.72134298969925,153.92357031346668,25.92884565514626,257.39382828896674,71.56770754371084,153.07642968653332,308.07115434485377,49.571272214330776,263.4316832833083,True
./data/train/PICAI/10700/,10,0,0.5625,0.5625,3.599999957614445,53.05690967052677,38.57980063606345,301.4134484090888,147.31355650700326,244.94309032947325,274.42019936393655,-2.4140575820697734,165.72134298969925,153.92357031346668,25.92884565514626,257.39382828896674,71.56770754371084,153.07642968653332,308.07115434485377,49.571272214330776,263.4316832833083,True
