path,curFrame,Deleted,pixelSpacingX,pixelSpacingY,pixelSpacingZ,tra_UL_x,tra_UL_y,tra_LL_x,tra_LL_y,tra_LR_x,tra_LR_y,tra_UR_x,tra_UR_y,cor_UL_x,cor_UL_y,cor_LL_x,cor_LL_y,cor_LR_x,cor_LR_y,cor_UR_x,cor_UR_y,Dirty
./data/train/PICAI/10142/,15,0,0.39285713434219,0.39285713434219,3.3,-46.91697914402451,287.41706722418786,365.4439214259321,253.30713199799817,381.9169791440245,448.5829327758122,-30.76948958038909,481.7473494264026,101.49253541561288,156.66400571009362,254.7463930492832,144.0840565687514,289.50746458438704,558.3359942899062,135.30808837511745,571.2415115857057,True
./data/train/PICAI/10142/,14,0,0.39285713434219,0.39285713434219,3.3,-43.97405831699558,279.98311151295974,369.3260627059015,260.2851430273719,378.9740583169955,456.01688848704026,-34.61843441062405,474.7585522166652,108.55887734350507,153.50553637113472,262.1584107614615,146.2817330940424,282.4411226564948,561.4944636288651,127.88528448257536,569.0106386106802,True
./data/train/PICAI/10142/,16,0,0.39285713434219,0.39285713434219,3.3,-46.91697914402451,287.41706722418786,365.4439214259321,253.30713199799817,381.9169791440245,448.5829327758122,-30.76948958038909,481.7473494264026,101.49253541561288,156.66400571009362,254.7463930492832,144.0840565687514,289.50746458438704,558.3359942899062,135.30808837511745,571.2415115857057,True
