path,curFrame,Deleted,pixelSpacingX,pixelSpacingY,pixelSpacingZ,tra_UL_x,tra_UL_y,tra_LL_x,tra_LL_y,tra_LR_x,tra_LR_y,tra_UR_x,tra_UR_y,cor_UL_x,cor_UL_y,cor_LL_x,cor_LL_y,cor_LR_x,cor_LR_y,cor_UR_x,cor_UR_y,Dirty
./data/train/PICAI/11462/,8,0,0.5625,0.5625,3.599999957614445,56.94315949865279,44.53767272998131,292.0058205508149,152.19706794970364,234.0568405013472,278.46232727001865,-1.07557702455901,171.80049610055616,158.94638738288828,30.172731653614733,254.1964312535626,72.92117188989268,144.05361261711172,314.82726834638527,48.80356874643742,272.07882811010734,True
./data/train/PICAI/11462/,7,0,0.5625,0.5625,3.599999957614445,56.94315949865279,44.53767272998131,292.0058205508149,152.19706794970364,234.0568405013472,278.46232727001865,-1.07557702455901,171.80049610055616,158.94638738288828,30.172731653614733,254.1964312535626,72.92117188989268,144.05361261711172,314.82726834638527,48.80356874643742,272.07882811010734,True
./data/train/PICAI/11462/,9,0,0.5625,0.5625,3.599999957614445,56.94315949865279,44.53767272998131,292.0058205508149,152.19706794970364,234.0568405013472,278.46232727001865,-1.07557702455901,171.80049610055616,158.94638738288828,30.172731653614733,254.1964312535626,72.92117188989268,144.05361261711172,314.82726834638527,48.80356874643742,272.07882811010734,True
