path,curFrame,Deleted,pixelSpacingX,pixelSpacingY,pixelSpacingZ,tra_UL_x,tra_UL_y,tra_LL_x,tra_LL_y,tra_LR_x,tra_LR_y,tra_UR_x,tra_UR_y,cor_UL_x,cor_UL_y,cor_LL_x,cor_LL_y,cor_LR_x,cor_LR_y,cor_UR_x,cor_UR_y,Dirty
./data/train/PICAI/11383/,8,0,0.5625,0.5625,3.599999957614489,56.94078761001116,2.9693414509665104,270.39898570495984,147.21079757942377,192.0592123899889,264.0306585490335,-21.398985704959856,119.78920242057626,155.8676620506931,2.4271302061388553,251.5781915995163,67.26149249562123,105.13233794930693,283.5728697938612,9.42180840048374,218.7385075043788,True
./data/train/PICAI/11383/,9,0,0.5625,0.5625,3.599999957614489,56.94078761001116,2.9693414509665104,270.39898570495984,147.21079757942377,192.0592123899889,264.0306585490335,-21.398985704959856,119.78920242057626,155.8676620506931,2.4271302061388553,251.5781915995163,67.26149249562123,105.13233794930693,283.5728697938612,9.42180840048374,218.7385075043788,True
./data/train/PICAI/11383/,10,0,0.5625,0.5625,3.599999957614489,63.86482199678484,-0.3875468014796297,269.4814685135357,154.82777033959877,185.13517800321517,267.38754680147974,-20.481468513535688,112.17222966040127,163.18991211397145,3.9474212897120253,255.37610536060515,73.70203242542345,97.81008788602855,282.052578710288,5.623894639394848,212.29796757457655,True
