path,curFrame,Deleted,pixelSpacingX,pixelSpacingY,pixelSpacingZ,tra_UL_x,tra_UL_y,tra_LL_x,tra_LL_y,tra_LR_x,tra_LR_y,tra_UR_x,tra_UR_y,cor_UL_x,cor_UL_y,cor_LL_x,cor_LL_y,cor_LR_x,cor_LR_y,cor_UR_x,cor_UR_y,Dirty
./data/train/PICAI/10451/,11,0,0.5625,0.5625,3.599999845027938,69.04634419917656,11.979786372633953,274.35999240732053,182.37434573255743,188.95365580082347,287.02021362736605,-16.359992407320505,116.62565426744251,172.69787201126604,20.54789513429796,259.5976369900216,93.02845008965862,90.30212798873391,297.4521048657021,3.297834546710732,225.96607180570965,True
./data/train/PICAI/10451/,10,0,0.5625,0.5625,3.599999845027938,69.04634419917656,11.979786372633953,274.35999240732053,182.37434573255743,188.95365580082347,287.02021362736605,-16.359992407320505,116.62565426744251,172.69787201126604,20.54789513429796,259.5976369900216,93.02845008965862,90.30212798873391,297.4521048657021,3.297834546710732,225.96607180570965,True
./data/train/PICAI/10451/,12,0,0.5625,0.5625,3.599999845027938,69.04634419917656,11.979786372633953,274.35999240732053,182.37434573255743,188.95365580082347,287.02021362736605,-16.359992407320505,116.62565426744251,172.69787201126604,20.54789513429796,259.5976369900216,93.02845008965862,90.30212798873391,297.4521048657021,3.297834546710732,225.96607180570965,True
