path,curFrame,Deleted,pixelSpacingX,pixelSpacingY,pixelSpacingZ,tra_UL_x,tra_UL_y,tra_LL_x,tra_LL_y,tra_LR_x,tra_LR_y,tra_UR_x,tra_UR_y,cor_UL_x,cor_UL_y,cor_LL_x,cor_LL_y,cor_LR_x,cor_LR_y,cor_UR_x,cor_UR_y,Dirty
./data/train/PICAI/10032/,9,0,0.5625,0.5625,3.600000142535989,71.92223959313586,46.5101166995296,301.83010655568967,174.24176003323393,241.0777604068641,283.4898833004704,11.169893444310304,155.75823996676607,184.8843498063772,30.98968683655633,278.9518219905948,83.10792430552151,151.1156501936228,314.0103131634437,57.048178009405206,261.8920756944785,True
./data/train/PICAI/10032/,8,0,0.5625,0.5625,3.600000142535989,71.92223959313586,46.5101166995296,301.83010655568967,174.24176003323393,241.0777604068641,283.4898833004704,11.169893444310304,155.75823996676607,184.8843498063772,30.98968683655633,278.9518219905948,83.10792430552151,151.1156501936228,314.0103131634437,57.048178009405206,261.8920756944785,True
./data/train/PICAI/10032/,10,0,0.5625,0.5625,3.600000142535989,71.92223959313586,46.5101166995296,301.83010655568967,174.24176003323393,241.0777604068641,283.4898833004704,11.169893444310304,155.75823996676607,184.8843498063772,30.98968683655633,278.9518219905948,83.10792430552151,151.1156501936228,314.0103131634437,57.048178009405206,261.8920756944785,True
