path,curFrame,Deleted,pixelSpacingX,pixelSpacingY,pixelSpacingZ,tra_UL_x,tra_UL_y,tra_LL_x,tra_LL_y,tra_LR_x,tra_LR_y,tra_UR_x,tra_UR_y,cor_UL_x,cor_UL_y,cor_LL_x,cor_LL_y,cor_LR_x,cor_LR_y,cor_UR_x,cor_UR_y,Dirty
./data/train/PICAI/10051/,11,0,0.5625,0.5625,3.599999957614445,70.73253657174112,-17.03240739461978,292.4244087075053,121.9017994406302,210.2674634282589,253.03240739461967,-11.215351780969968,112.10915676863324,168.9022439158951,-22.43288980078819,272.6551153899518,42.76942350854053,123.0977560841049,279.4328898007882,19.4494130733158,213.2360545960912,True
./data/train/PICAI/10051/,10,0,0.5625,0.5625,3.599999957614445,59.22917307197628,-10.43793322237488,292.1863546934408,108.64586723337176,221.77082692802367,246.43793322237488,-11.15144988056619,125.35443737631546,155.6604258477805,-23.85460666628876,264.7012423673701,32.056933580257606,136.3395741522195,280.8546066662887,27.316210039067045,223.943218724586,True
./data/train/PICAI/10051/,12,0,0.5625,0.5625,3.599999957614445,70.73253657174112,-17.03240739461978,292.4244087075053,121.9017994406302,210.2674634282589,253.03240739461967,-11.215351780969968,112.10915676863324,168.9022439158951,-22.43288980078819,272.6551153899518,42.76942350854053,123.0977560841049,279.4328898007882,19.4494130733158,213.2360545960912,True
