path,curFrame,Deleted,pixelSpacingX,pixelSpacingY,pixelSpacingZ,tra_UL_x,tra_UL_y,tra_LL_x,tra_LL_y,tra_LR_x,tra_LR_y,tra_UR_x,tra_UR_y,cor_UL_x,cor_UL_y,cor_LL_x,cor_LL_y,cor_LR_x,cor_LR_y,cor_UR_x,cor_UR_y,Dirty
./data/train/PICAI/11030/,10,0,0.3125,0.3125,3.2999999707594934,-0.8627130109728967,152.0238390294141,535.4843351231216,295.9607834107766,471.8627130109728,532.9761609705859,-63.55652754660605,387.9718960652195,226.87742542950943,88.40111117799154,418.95363767172455,140.12855738098452,286.12257457049054,634.5988888220086,94.04636232827544,582.8714426190154,True
./data/train/PICAI/11030/,9,0,0.3125,0.3125,3.2999999707594934,-0.8627130109728967,152.0238390294141,535.4843351231216,295.9607834107766,471.8627130109728,532.9761609705859,-63.55652754660605,387.9718960652195,226.87742542950943,88.40111117799154,418.95363767172455,140.12855738098452,286.12257457049054,634.5988888220086,94.04636232827544,582.8714426190154,True
./data/train/PICAI/11030/,11,0,0.3125,0.3125,3.2999999707594934,-0.8627130109728967,152.0238390294141,535.4843351231216,295.9607834107766,471.8627130109728,532.9761609705859,-63.55652754660605,387.9718960652195,226.87742542950943,88.40111117799154,418.95363767172455,140.12855738098452,286.12257457049054,634.5988888220086,94.04636232827544,582.8714426190154,True
