path,curFrame,Deleted,pixelSpacingX,pixelSpacingY,pixelSpacingZ,tra_UL_x,tra_UL_y,tra_LL_x,tra_LL_y,tra_LR_x,tra_LR_y,tra_UR_x,tra_UR_y,cor_UL_x,cor_UL_y,cor_LL_x,cor_LL_y,cor_LR_x,cor_LR_y,cor_UR_x,cor_UR_y,Dirty
./data/train/PICAI/10652/,9,0,0.5625,0.5625,3.6000000635782774,6.154938088380902,68.0573432083249,280.8152075571942,86.9976804629481,272.845061911619,218.94265679167503,-1.8152075571942987,200.0023195370519,107.6817791848954,10.289429312243016,218.2493486797153,18.34005512693497,200.31822081510464,287.710570687757,89.9414603156613,280.6415720565127,True
./data/train/PICAI/10652/,8,0,0.5625,0.5625,3.6000000635782774,6.154938088380902,68.0573432083249,280.8152075571942,86.9976804629481,272.845061911619,218.94265679167503,-1.8152075571942987,200.0023195370519,107.6817791848954,10.289429312243016,218.2493486797153,18.34005512693497,200.31822081510464,287.710570687757,89.9414603156613,280.6415720565127,True
./data/train/PICAI/10652/,10,0,0.5625,0.5625,3.6000000635782774,6.154938088380902,68.0573432083249,280.8152075571942,86.9976804629481,272.845061911619,218.94265679167503,-1.8152075571942987,200.0023195370519,107.6817791848954,10.289429312243016,218.2493486797153,18.34005512693497,200.31822081510464,287.710570687757,89.9414603156613,280.6415720565127,True
