path,curFrame,Deleted,pixelSpacingX,pixelSpacingY,pixelSpacingZ,tra_UL_x,tra_UL_y,tra_LL_x,tra_LL_y,tra_LR_x,tra_LR_y,tra_UR_x,tra_UR_y,cor_UL_x,cor_UL_y,cor_LL_x,cor_LL_y,cor_LR_x,cor_LR_y,cor_UR_x,cor_UR_y,Dirty
./data/train/PICAI/10510/,8,0,0.5625,0.5625,3.599999957614445,25.15215194801476,23.515383815164355,285.99690448537984,72.31102986807394,253.84784805198512,246.4846161848356,-6.996904485379844,197.68897013192608,108.64727864495494,-8.430663420216604,231.60831590183068,13.605291669436696,178.35272135504505,297.4306634202167,56.2229379737242,274.25058552492806,True
./data/train/PICAI/10510/,9,0,0.5625,0.5625,3.599999957614445,15.870755503884851,33.90568806644066,279.97573578125446,59.78153380508745,263.12924449611506,236.0943119335593,-0.9757357812544568,210.2184661949125,95.45111821275404,-4.811101258396917,219.864811632908,6.424239838158087,191.548881787246,293.811101258397,67.86356219776829,281.3635425399664,True
./data/train/PICAI/10510/,10,0,0.5625,0.5625,3.599999957614445,15.870755503884851,33.90568806644066,279.97573578125446,59.78153380508745,263.12924449611506,236.0943119335593,-0.9757357812544568,210.2184661949125,95.45111821275404,-4.811101258396917,219.864811632908,6.424239838158087,191.548881787246,293.811101258397,67.86356219776829,281.3635425399664,True
