path,curFrame,Deleted,pixelSpacingX,pixelSpacingY,pixelSpacingZ,tra_UL_x,tra_UL_y,tra_LL_x,tra_LL_y,tra_LR_x,tra_LR_y,tra_UR_x,tra_UR_y,cor_UL_x,cor_UL_y,cor_LL_x,cor_LL_y,cor_LR_x,cor_LR_y,cor_UR_x,cor_UR_y,Dirty
./data/train/PICAI/10360/,9,0,0.5625,0.5625,3.0000000860956115,41.55784976732178,20.38195208577708,262.25520000771763,159.21163045775944,193.44215023267824,268.618047914223,-26.26067811234936,129.8928980055082,151.46098008630725,20.06806233465562,236.3686982856752,73.23458742494851,97.53901991369273,293.93193766534444,12.735830177592533,239.7708906796832,True
./data/train/PICAI/10360/,8,0,0.5625,0.5625,3.0000000860956115,41.55784976732178,20.38195208577708,262.25520000771763,159.21163045775944,193.44215023267824,268.618047914223,-26.26067811234936,129.8928980055082,151.46098008630725,20.06806233465562,236.3686982856752,73.23458742494851,97.53901991369273,293.93193766534444,12.735830177592533,239.7708906796832,True
./data/train/PICAI/10360/,10,0,0.5625,0.5625,3.0000000860956115,41.55784976732178,20.38195208577708,262.25520000771763,159.21163045775944,193.44215023267824,268.618047914223,-26.26067811234936,129.8928980055082,151.46098008630725,20.06806233465562,236.3686982856752,73.23458742494851,97.53901991369273,293.93193766534444,12.735830177592533,239.7708906796832,True
