path,curFrame,Deleted,pixelSpacingX,pixelSpacingY,pixelSpacingZ,tra_UL_x,tra_UL_y,tra_LL_x,tra_LL_y,tra_LR_x,tra_LR_y,tra_UR_x,tra_UR_y,cor_UL_x,cor_UL_y,cor_LL_x,cor_LL_y,cor_LR_x,cor_LR_y,cor_UR_x,cor_UR_y,Dirty
./data/train/PICAI/11072/,9,0,0.5625,0.5625,3.5999998271669806,13.383984147089322,76.13167805415455,267.8891604119293,152.0600341169767,231.6160158529107,273.8683219458455,-21.924669081612763,198.97425620674488,128.84210871502904,49.59577750402022,220.9478677069449,76.82681054581113,147.15789128497096,327.4042224959797,54.08764096273848,299.1388991304673,True
./data/train/PICAI/11072/,8,0,0.5625,0.5625,3.5999998271669806,13.383984147089322,76.13167805415455,267.8891604119293,152.0600341169767,231.6160158529107,273.8683219458455,-21.924669081612763,198.97425620674488,128.84210871502904,49.59577750402022,220.9478677069449,76.82681054581113,147.15789128497096,327.4042224959797,54.08764096273848,299.1388991304673,True
./data/train/PICAI/11072/,10,0,0.5625,0.5625,3.5999998271669806,13.383984147089322,76.13167805415455,267.8891604119293,152.0600341169767,231.6160158529107,273.8683219458455,-21.924669081612763,198.97425620674488,128.84210871502904,49.59577750402022,220.9478677069449,76.82681054581113,147.15789128497096,327.4042224959797,54.08764096273848,299.1388991304673,True
