path,curFrame,Deleted,pixelSpacingX,pixelSpacingY,pixelSpacingZ,tra_UL_x,tra_UL_y,tra_LL_x,tra_LL_y,tra_LR_x,tra_LR_y,tra_UR_x,tra_UR_y,cor_UL_x,cor_UL_y,cor_LL_x,cor_LL_y,cor_LR_x,cor_LR_y,cor_UR_x,cor_UR_y,Dirty
./data/train/PICAI/11325/,10,0,0.5625,0.5625,3.600000024646353,32.205250932199434,28.109938654679752,286.1369345841678,147.3059957944891,227.79474906780047,271.89006134532025,-25.14241268879954,152.79853266877856,141.9637823235372,15.474024119175368,248.3836311052448,64.86851556587928,137.0362176764628,301.5259758808246,31.61089079012353,252.2360128973884,True
./data/train/PICAI/11325/,9,0,0.5625,0.5625,3.600000024646353,32.205250932199434,28.109938654679752,286.1369345841678,147.3059957944891,227.79474906780047,271.89006134532025,-25.14241268879954,152.79853266877856,141.9637823235372,15.474024119175368,248.3836311052448,64.86851556587928,137.0362176764628,301.5259758808246,31.61089079012353,252.2360128973884,True
./data/train/PICAI/11325/,11,0,0.5625,0.5625,3.600000024646353,32.205250932199434,28.109938654679752,286.1369345841678,147.3059957944891,227.79474906780047,271.89006134532025,-25.14241268879954,152.79853266877856,141.9637823235372,15.474024119175368,248.3836311052448,64.86851556587928,137.0362176764628,301.5259758808246,31.61089079012353,252.2360128973884,True
