path,curFrame,Deleted,pixelSpacingX,pixelSpacingY,pixelSpacingZ,tra_UL_x,tra_UL_y,tra_LL_x,tra_LL_y,tra_LR_x,tra_LR_y,tra_UR_x,tra_UR_y,cor_UL_x,cor_UL_y,cor_LL_x,cor_LL_y,cor_LR_x,cor_LR_y,cor_UR_x,cor_UR_y,Dirty
./data/train/PICAI/10705/,10,0,0.5625,0.5625,3.5999999046325497,10.378406125944563,32.28890880506954,294.3659338639761,113.28325483762148,257.6215938740554,240.71109119493048,-24.38084156069354,159.47300647556824,132.86140633836288,0.4366150925353054,234.1350261271822,29.309680999530244,158.13859366163712,296.56338490746475,56.86497387281783,267.69031900046974,True
./data/train/PICAI/10705/,11,0,0.5625,0.5625,3.5999999046325497,10.378406125944563,32.28890880506954,294.3659338639761,113.28325483762148,257.6215938740554,240.71109119493048,-24.38084156069354,159.47300647556824,132.86140633836288,0.4366150925353054,234.1350261271822,29.309680999530244,158.13859366163712,296.56338490746475,56.86497387281783,267.69031900046974,True
./data/train/PICAI/10705/,12,0,0.5625,0.5625,3.5999999046325497,10.378406125944563,32.28890880506954,294.3659338639761,113.28325483762148,257.6215938740554,240.71109119493048,-24.38084156069354,159.47300647556824,132.86140633836288,0.4366150925353054,234.1350261271822,29.309680999530244,158.13859366163712,296.56338490746475,56.86497387281783,267.69031900046974,True
