path,curFrame,Deleted,pixelSpacingX,pixelSpacingY,pixelSpacingZ,tra_UL_x,tra_UL_y,tra_LL_x,tra_LL_y,tra_LR_x,tra_LR_y,tra_UR_x,tra_UR_y,cor_UL_x,cor_UL_y,cor_LL_x,cor_LL_y,cor_LR_x,cor_LR_y,cor_UR_x,cor_UR_y,Dirty
./data/train/PICAI/10379/,10,0,0.3515625,0.3515625,3.6,69.83302880647742,83.01595850111639,457.9366014042271,261.3460371105966,369.1669711935226,455.9840414988836,-18.93660140422702,277.6539628894034,237.2118043831172,54.84285585193555,402.7550290521623,130.82601692183357,225.7881956168829,517.1571441480644,60.24497094783766,441.1739830781664,True
./data/train/PICAI/10379/,9,0,0.3515625,0.3515625,3.6,69.83302880647742,83.01595850111639,457.9366014042271,261.3460371105966,369.1669711935226,455.9840414988836,-18.93660140422702,277.6539628894034,237.2118043831172,54.84285585193555,402.7550290521623,130.82601692183357,225.7881956168829,517.1571441480644,60.24497094783766,441.1739830781664,True
./data/train/PICAI/10379/,11,0,0.3515625,0.3515625,3.6,69.83302880647742,83.01595850111639,457.9366014042271,261.3460371105966,369.1669711935226,455.9840414988836,-18.93660140422702,277.6539628894034,237.2118043831172,54.84285585193555,402.7550290521623,130.82601692183357,225.7881956168829,517.1571441480644,60.24497094783766,441.1739830781664,True
