path,curFrame,Deleted,pixelSpacingX,pixelSpacingY,pixelSpacingZ,tra_UL_x,tra_UL_y,tra_LL_x,tra_LL_y,tra_LR_x,tra_LR_y,tra_UR_x,tra_UR_y,cor_UL_x,cor_UL_y,cor_LL_x,cor_LL_y,cor_LR_x,cor_LR_y,cor_UR_x,cor_UR_y,Dirty
./data/train/PICAI/10698/,10,0,0.5625,0.5625,3.0000001059638333,36.96766189306781,24.703008935142165,274.6233194900864,130.8198709888645,217.0323381069322,261.29699106485776,-20.53616374733869,154.1839343130438,139.46155166253212,8.583542351701993,243.8258165747773,54.85556639784369,136.53844833746788,294.4164576482979,32.17418342522272,248.1444336021563,True
./data/train/PICAI/10698/,9,0,0.5625,0.5625,3.0000001059638333,36.96766189306781,24.703008935142165,274.6233194900864,130.8198709888645,217.0323381069322,261.29699106485776,-20.53616374733869,154.1839343130438,139.46155166253212,8.583542351701993,243.8258165747773,54.85556639784369,136.53844833746788,294.4164576482979,32.17418342522272,248.1444336021563,True
./data/train/PICAI/10698/,11,0,0.5625,0.5625,3.0000001059638333,36.96766189306781,24.703008935142165,274.6233194900864,130.8198709888645,217.0323381069322,261.29699106485776,-20.53616374733869,154.1839343130438,139.46155166253212,8.583542351701993,243.8258165747773,54.85556639784369,136.53844833746788,294.4164576482979,32.17418342522272,248.1444336021563,True
