path,curFrame,Deleted,pixelSpacingX,pixelSpacingY,pixelSpacingZ,tra_UL_x,tra_UL_y,tra_LL_x,tra_LL_y,tra_LR_x,tra_LR_y,tra_UR_x,tra_UR_y,cor_UL_x,cor_UL_y,cor_LL_x,cor_LL_y,cor_LR_x,cor_LR_y,cor_UR_x,cor_UR_y,Dirty
./data/train/PICAI/10737/,9,0,0.5625,0.5625,3.5999999576145,27.550657285689056,12.585345801249332,253.20684500298103,166.78419451581752,178.44934271431094,274.41465419875067,-45.07503385675065,119.5409860736678,143.38046651928067,21.33541505109099,225.5457351761132,77.88511555030264,79.6195334807193,289.6645849489089,-2.702169641153432,234.10257279029247,True
./data/train/PICAI/10737/,8,0,0.5625,0.5625,3.5999999576145,27.550657285689056,12.585345801249332,253.20684500298103,166.78419451581752,178.44934271431094,274.41465419875067,-45.07503385675065,119.5409860736678,143.38046651928067,21.33541505109099,225.5457351761132,77.88511555030264,79.6195334807193,289.6645849489089,-2.702169641153432,234.10257279029247,True
./data/train/PICAI/10737/,10,0,0.5625,0.5625,3.5999999576145,27.550657285689056,12.585345801249332,253.20684500298103,166.78419451581752,178.44934271431094,274.41465419875067,-45.07503385675065,119.5409860736678,143.38046651928067,21.33541505109099,225.5457351761132,77.88511555030264,79.6195334807193,289.6645849489089,-2.702169641153432,234.10257279029247,True
