path,curFrame,Deleted,pixelSpacingX,pixelSpacingY,pixelSpacingZ,tra_UL_x,tra_UL_y,tra_LL_x,tra_LL_y,tra_LR_x,tra_LR_y,tra_UR_x,tra_UR_y,cor_UL_x,cor_UL_y,cor_LL_x,cor_LL_y,cor_LR_x,cor_LR_y,cor_UR_x,cor_UR_y,Dirty
./data/train/PICAI/11113/,9,0,0.5625,0.5625,3.5999999576145,66.72139066340166,22.915589414666528,294.18948977013304,180.1137569891339,214.2786093365984,295.08441058533344,-12.215119705347774,138.11119406521,174.2833354796391,31.6528009911639,268.1186180644317,96.42115547259353,118.7166645203609,312.34719900883607,25.855752000353466,247.8037955817504,True
./data/train/PICAI/11113/,8,0,0.5625,0.5625,3.5999999576145,66.72139066340166,22.915589414666528,294.18948977013304,180.1137569891339,214.2786093365984,295.08441058533344,-12.215119705347774,138.11119406521,174.2833354796391,31.6528009911639,268.1186180644317,96.42115547259353,118.7166645203609,312.34719900883607,25.855752000353466,247.8037955817504,True
./data/train/PICAI/11113/,10,0,0.5625,0.5625,3.5999999576145,66.72139066340166,22.915589414666528,294.18948977013304,180.1137569891339,214.2786093365984,295.08441058533344,-12.215119705347774,138.11119406521,174.2833354796391,31.6528009911639,268.1186180644317,96.42115547259353,118.7166645203609,312.34719900883607,25.855752000353466,247.8037955817504,True
