path,curFrame,Deleted,pixelSpacingX,pixelSpacingY,pixelSpacingZ,tra_UL_x,tra_UL_y,tra_LL_x,tra_LL_y,tra_LR_x,tra_LR_y,tra_UR_x,tra_UR_y,cor_UL_x,cor_UL_y,cor_LL_x,cor_LL_y,cor_LR_x,cor_LR_y,cor_UR_x,cor_UR_y,Dirty
./data/train/PICAI/10944/,8,0,0.5625,0.5625,3.600000023841877,-3.8949758767178366,74.89391985542035,274.93776604829515,97.30601548655824,263.8949758767178,227.1060801445797,-12.95722991081189,204.41563831152155,102.92743760832448,32.55031683304496,207.1357619420462,41.13082611617442,186.0725623916755,286.44968316695497,81.86423805795378,277.86917388382545,True
./data/train/PICAI/10944/,9,0,0.5625,0.5625,3.600000023841877,-5.202817266388621,77.2423007189652,273.9786020835384,94.78468053928556,265.2028172663886,224.75769928103483,-12.003225402347963,206.902450530634,100.71819184322388,33.295193140184736,205.06039527985328,40.05570953976937,188.2818081567761,285.7048068598152,83.93960472014669,278.9442904602305,True
./data/train/PICAI/10944/,10,0,0.5625,0.5625,3.600000023841877,-10.0185470121221,86.8532425401394,269.7064949892232,84.87817865616358,270.01854701212204,215.14675745986065,-7.757754859652522,216.6719192351486,92.0212398313287,36.65668625782233,196.5808606893316,36.12219020480852,196.97876016867127,282.34331374217766,92.41913931066836,282.8778097951913,True
