path,curFrame,Deleted,pixelSpacingX,pixelSpacingY,pixelSpacingZ,tra_UL_x,tra_UL_y,tra_LL_x,tra_LL_y,tra_LR_x,tra_LR_y,tra_UR_x,tra_UR_y,cor_UL_x,cor_UL_y,cor_LL_x,cor_LL_y,cor_LR_x,cor_LR_y,cor_UR_x,cor_UR_y,Dirty,h_par_cor,h_orth_cor,h_par_tra,h_orth_tra,cor_mid_x,cor_mid_y,tra_mid_x,tra_mid_y,Alpha,cor_U_mid_x,cor_U_mid_y,tra_U_mid_x,tra_U_mid_y,tra_L_mid_x,tra_L_mid_y
./data/train/PICAI/10512/,14,0,0.392857134342,0.392857134342,-1.0,114.80052438529492,230.3388077474943,501.8005243852949,355.3388077474947,440,546,53,421,268.7697152753176,197.0971001228761,430,249,305,636,143.76971527531737,584.0971001228763,True,80.0,60.0,30.0,160.0,368.0,443.0,368.0,443.0,-2.830045826687105,222.0,396.0,77.0,349.0,464.0,474.0
./data/train/PICAI/10512/,15,0,0.392857134342,0.392857134342,-1.0,114.80052438529492,230.3388077474943,501.8005243852949,355.3388077474947,440,546,53,421,268.7697152753176,197.0971001228761,430,249,305,636,143.76971527531737,584.0971001228763,True,80.0,60.0,30.0,160.0,368.0,443.0,368.0,443.0,-2.830045826687105,222.0,396.0,77.0,349.0,464.0,474.0
./data/train/PICAI/10512/,16,0,0.392857134342,0.392857134342,-1.0,114.80052438529492,230.3388077474943,501.8005243852949,355.3388077474947,440,546,53,421,268.7697152753176,197.0971001228761,430,249,305,636,143.76971527531737,584.0971001228763,True,80.0,60.0,30.0,160.0,368.0,443.0,368.0,443.0,-2.830045826687105,222.0,396.0,77.0,349.0,464.0,474.0
./data/train/PICAI/10512/,-1,0,-1.0,-1.0,-1.0,-1.0,-1.0,-1.0,-1.0,-1,-1,-1,-1,-1.0,-1.0,-1,-1,-1,-1,-1.0,-1.0,False,80.0,60.0,30.0,160.0,,,,,,,,,,,
