path,curFrame,Deleted,pixelSpacingX,pixelSpacingY,pixelSpacingZ,tra_UL_x,tra_UL_y,tra_LL_x,tra_LL_y,tra_LR_x,tra_LR_y,tra_UR_x,tra_UR_y,cor_UL_x,cor_UL_y,cor_LL_x,cor_LL_y,cor_LR_x,cor_LR_y,cor_UR_x,cor_UR_y,Dirty
./data/train/PICAI/10912/,12,0,0.703125,0.703125,3.0000000829281737,39.40299125598136,42.867399156678914,238.10161643696,149.03168859144623,179.5970087440186,259.1326008433211,-18.174432582393194,153.34291800196976,114.05469433934176,35.069137282254204,216.1855584935314,89.27510177988553,113.94530566065826,280.93086271774564,12.189048099884474,225.7977143655476,True
./data/train/PICAI/10912/,11,0,0.703125,0.703125,3.0000000829281737,39.40299125598136,42.867399156678914,238.10161643696,149.03168859144623,179.5970087440186,259.1326008433211,-18.174432582393194,153.34291800196976,114.05469433934176,35.069137282254204,216.1855584935314,89.27510177988553,113.94530566065826,280.93086271774564,12.189048099884474,225.7977143655476,True
./data/train/PICAI/10912/,13,0,0.703125,0.703125,3.0000000829281737,39.40299125598136,42.867399156678914,238.10161643696,149.03168859144623,179.5970087440186,259.1326008433211,-18.174432582393194,153.34291800196976,114.05469433934176,35.069137282254204,216.1855584935314,89.27510177988553,113.94530566065826,280.93086271774564,12.189048099884474,225.7977143655476,True
