path,curFrame,Deleted,pixelSpacingX,pixelSpacingY,pixelSpacingZ,tra_UL_x,tra_UL_y,tra_LL_x,tra_LL_y,tra_LR_x,tra_LR_y,tra_UR_x,tra_UR_y,cor_UL_x,cor_UL_y,cor_LL_x,cor_LL_y,cor_LR_x,cor_LR_y,cor_UR_x,cor_UR_y,Dirty
./data/train/PICAI/10071/,10,0,0.5625,0.5625,3.599999957614445,11.485257023925795,57.43275459758655,269.6214551778019,108.0262640890503,243.51474297607416,244.56724540241345,-14.621455177801948,193.9737359109497,118.60953995957873,23.141723417881224,223.6366731765512,43.69169393426712,173.39046004042126,299.8582765821188,68.36332682344884,279.30830606573284,True
./data/train/PICAI/10071/,9,0,0.5625,0.5625,3.599999957614445,6.747319935978055,63.63272776745299,267.1776111006201,100.6470958412134,248.2526800640219,238.367272232547,-12.177611100620112,201.35290415878657,111.40596492406948,24.7648445455036,217.36466446288065,39.789956593137006,180.5940350759305,298.2351554544964,74.63533553711935,283.2100434068629,True
./data/train/PICAI/10071/,11,0,0.5625,0.5625,3.599999957614445,11.485257023925795,57.43275459758655,269.6214551778019,108.0262640890503,243.51474297607416,244.56724540241345,-14.621455177801948,193.9737359109497,118.60953995957873,23.141723417881224,223.6366731765512,43.69169393426712,173.39046004042126,299.8582765821188,68.36332682344884,279.30830606573284,True
