path,curFrame,Deleted,pixelSpacingX,pixelSpacingY,pixelSpacingZ,tra_UL_x,tra_UL_y,tra_LL_x,tra_LL_y,tra_LR_x,tra_LR_y,tra_UR_x,tra_UR_y,cor_UL_x,cor_UL_y,cor_LL_x,cor_LL_y,cor_LR_x,cor_LR_y,cor_UR_x,cor_UR_y,Dirty
./data/train/PICAI/11310/,9,0,0.5625,0.5625,3.5999999576145,7.584262717960485,80.15169192340662,281.4750343244682,101.3612470529198,270.4157372820395,238.8483080765934,-2.4788396263764128,217.55159720433247,99.9768621044447,30.62486848374334,216.1952114972009,39.52965733150582,195.0231378955553,302.3751315162567,79.80098320089076,293.3831869257465,True
./data/train/PICAI/11310/,8,0,0.5625,0.5625,3.5999999576145,7.584262717960485,80.15169192340662,281.4750343244682,101.3612470529198,270.4157372820395,238.8483080765934,-2.4788396263764128,217.55159720433247,101.9768621044447,30.62486848374334,218.1952114972009,39.52965733150582,197.0231378955553,302.3751315162567,81.80098320089076,293.3831869257465,True
./data/train/PICAI/11310/,10,0,0.5625,0.5625,3.5999999576145,7.584262717960485,80.15169192340662,281.4750343244682,101.3612470529198,270.4157372820395,238.8483080765934,-2.4788396263764128,217.55159720433247,99.9768621044447,30.62486848374334,216.1952114972009,39.52965733150582,195.0231378955553,302.3751315162567,79.80098320089076,293.3831869257465,True
