path,curFrame,Deleted,pixelSpacingX,pixelSpacingY,pixelSpacingZ,tra_UL_x,tra_UL_y,tra_LL_x,tra_LL_y,tra_LR_x,tra_LR_y,tra_UR_x,tra_UR_y,cor_UL_x,cor_UL_y,cor_LL_x,cor_LL_y,cor_LR_x,cor_LR_y,cor_UR_x,cor_UR_y,Dirty
./data/train/PICAI/11320/,9,0,0.5625,0.5625,3.600000010596389,16.4610720938133,83.66533640245632,289.1831142620206,109.4274736508015,275.53892790618664,250.33466359754368,3.867851228976889,225.5188199277101,108.93644332815396,41.25365354497421,225.61484465957165,51.16075517686592,202.06355667184604,308.7463464550258,84.33418984943083,297.8929512446224,True
./data/train/PICAI/11320/,8,0,0.5625,0.5625,3.600000010596389,16.4610720938133,83.66533640245632,289.1831142620206,109.4274736508015,275.53892790618664,250.33466359754368,3.867851228976889,225.5188199277101,108.93644332815396,41.25365354497421,225.61484465957165,51.16075517686592,202.06355667184604,308.7463464550258,84.33418984943083,297.8929512446224,True
./data/train/PICAI/11320/,10,0,0.5625,0.5625,3.600000010596389,16.4610720938133,83.66533640245632,289.1831142620206,109.4274736508015,275.53892790618664,250.33466359754368,3.867851228976889,225.5188199277101,108.93644332815396,41.25365354497421,225.61484465957165,51.16075517686592,202.06355667184604,308.7463464550258,84.33418984943083,297.8929512446224,True
