path,curFrame,Deleted,pixelSpacingX,pixelSpacingY,pixelSpacingZ,tra_UL_x,tra_UL_y,tra_LL_x,tra_LL_y,tra_LR_x,tra_LR_y,tra_UR_x,tra_UR_y,cor_UL_x,cor_UL_y,cor_LL_x,cor_LL_y,cor_LR_x,cor_LR_y,cor_UR_x,cor_UR_y,Dirty
./data/train/PICAI/10241/,8,0,0.5625,0.5625,3.6000000432597536,-29.49705362009601,112.2098781041073,247.27957738989448,101.78411545768334,252.497053620096,249.79012189589272,-23.291889049299385,260.0594500772765,64.76038739500724,52.12513372392533,179.5469407334162,48.1192414776709,189.2396126049928,313.8748662760747,74.60949373162401,318.8684468629243,True
./data/train/PICAI/10241/,9,0,0.5625,0.5625,3.6000000432597536,-29.49705362009601,112.2098781041073,247.27957738989448,101.78411545768334,252.497053620096,249.79012189589272,-23.291889049299385,260.0594500772765,64.76038739500724,52.12513372392533,179.5469407334162,48.1192414776709,189.2396126049928,313.8748662760747,74.60949373162401,318.8684468629243,True
./data/train/PICAI/10241/,10,0,0.5625,0.5625,3.6000000432597536,-29.49705362009601,112.2098781041073,247.27957738989448,101.78411545768334,252.497053620096,249.79012189589272,-23.291889049299385,260.0594500772765,64.76038739500724,52.12513372392533,179.5469407334162,48.1192414776709,189.2396126049928,313.8748662760747,74.60949373162401,318.8684468629243,True
