path,curFrame,Deleted,pixelSpacingX,pixelSpacingY,pixelSpacingZ,tra_UL_x,tra_UL_y,tra_LL_x,tra_LL_y,tra_LR_x,tra_LR_y,tra_UR_x,tra_UR_y,cor_UL_x,cor_UL_y,cor_LL_x,cor_LL_y,cor_LR_x,cor_LR_y,cor_UR_x,cor_UR_y,Dirty
./data/train/PICAI/11410/,9,0,0.5625,0.5625,3.599999997350883,57.36887321021038,23.029052366774607,268.51645180539566,191.39977444573407,169.63112678978965,313.97094763322525,-39.63706656382367,146.28426584091724,138.2171267613724,33.86195832555518,250.8800690727354,124.8842711381096,86.78287323862756,330.13804167444493,-26.22208921606115,240.0554214826762,True
./data/train/PICAI/11410/,8,0,0.5625,0.5625,3.599999997350883,57.36887321021038,23.029052366774607,268.51645180539566,191.39977444573407,169.63112678978965,313.97094763322525,-39.63706656382367,146.28426584091724,138.2171267613724,33.86195832555518,250.8800690727354,124.8842711381096,86.78287323862756,330.13804167444493,-26.22208921606115,240.0554214826762,True
./data/train/PICAI/11410/,10,0,0.5625,0.5625,3.599999997350883,57.36887321021038,23.029052366774607,268.51645180539566,191.39977444573407,169.63112678978965,313.97094763322525,-39.63706656382367,146.28426584091724,138.2171267613724,33.86195832555518,250.8800690727354,124.8842711381096,86.78287323862756,330.13804167444493,-26.22208921606115,240.0554214826762,True
