path,curFrame,Deleted,pixelSpacingX,pixelSpacingY,pixelSpacingZ,tra_UL_x,tra_UL_y,tra_LL_x,tra_LL_y,tra_LR_x,tra_LR_y,tra_UR_x,tra_UR_y,cor_UL_x,cor_UL_y,cor_LL_x,cor_LL_y,cor_LR_x,cor_LR_y,cor_UR_x,cor_UR_y,Dirty
./data/train/PICAI/11392/,14,0,0.254629641771,0.254629641771,3.300000030671389,46.110159521524366,239.4114184538002,662.9659440559483,511.04893627197714,537.8898404784755,797.5885815461999,-77.96655322892923,525.9161642313204,330.82969446882214,191.76366308420089,539.1598641812843,283.5489581350787,272.17030553117786,890.236336915799,63.87503531541813,799.4504326919405,True
./data/train/PICAI/11392/,15,0,0.254629641771,0.254629641771,3.300000030671389,46.110159521524366,239.4114184538002,662.9659440559483,511.04893627197714,537.8898404784755,797.5885815461999,-77.96655322892923,525.9161642313204,330.82969446882214,191.76366308420089,539.1598641812843,283.5489581350787,272.17030553117786,890.236336915799,63.87503531541813,799.4504326919405,True
./data/train/PICAI/11392/,16,0,0.254629641771,0.254629641771,3.300000030671389,46.110159521524366,239.4114184538002,662.9659440559483,511.04893627197714,537.8898404784755,797.5885815461999,-77.96655322892923,525.9161642313204,330.82969446882214,191.76366308420089,539.1598641812843,283.5489581350787,272.17030553117786,890.236336915799,63.87503531541813,799.4504326919405,True
