path,curFrame,Deleted,pixelSpacingX,pixelSpacingY,pixelSpacingZ,tra_UL_x,tra_UL_y,tra_LL_x,tra_LL_y,tra_LR_x,tra_LR_y,tra_UR_x,tra_UR_y,cor_UL_x,cor_UL_y,cor_LL_x,cor_LL_y,cor_LR_x,cor_LR_y,cor_UR_x,cor_UR_y,Dirty
./data/train/PICAI/10479/,8,0,0.5625,0.5625,3.0000000250966843,64.44729700903575,33.71637803938667,303.0135239221405,154.98531625707307,242.5527029909642,273.28362196061323,4.1601242555263696,151.02987598991473,172.47459285983538,26.254123523292577,272.9297921444783,78.49159031373618,156.52540714016462,306.7458764767074,55.89655967785484,255.4932174392761,True
./data/train/PICAI/10479/,9,0,0.5625,0.5625,3.0000000250966843,64.44729700903575,33.71637803938667,303.0135239221405,154.98531625707307,242.5527029909642,273.28362196061323,4.1601242555263696,151.02987598991473,172.47459285983538,26.254123523292577,272.9297921444783,78.49159031373618,156.52540714016462,306.7458764767074,55.89655967785484,255.4932174392761,True
./data/train/PICAI/10479/,10,0,0.5625,0.5625,3.0000000250966843,64.44729700903575,33.71637803938667,303.0135239221405,154.98531625707307,242.5527029909642,273.28362196061323,4.1601242555263696,151.02987598991473,172.47459285983538,26.254123523292577,272.9297921444783,78.49159031373618,156.52540714016462,306.7458764767074,55.89655967785484,255.4932174392761,True
