path,curFrame,Deleted,pixelSpacingX,pixelSpacingY,pixelSpacingZ,tra_UL_x,tra_UL_y,tra_LL_x,tra_LL_y,tra_LR_x,tra_LR_y,tra_UR_x,tra_UR_y,cor_UL_x,cor_UL_y,cor_LL_x,cor_LL_y,cor_LR_x,cor_LR_y,cor_UR_x,cor_UR_y,Dirty
./data/train/PICAI/11103/,10,0,0.5625,0.5625,3.5999999576145,49.130409408714655,41.1048235691724,286.8107665829841,152.80552998373284,229.8695905912853,273.89517643082775,-6.829139399536331,162.0036610208906,161.97021459078445,16.899548454233923,255.08461953490985,60.94166002828827,137.02978540921552,313.1004515457661,42.93375328164247,269.2491489670883,True
./data/train/PICAI/11103/,9,0,0.5625,0.5625,3.5999999576145,59.61880103831332,33.67151356637095,286.6593546628739,165.66237313571088,219.38119896168664,281.3284864336292,-6.664832767505459,149.2330984010215,174.8305665151406,18.54996619999688,263.75212009003417,70.53993936624636,124.16943348485938,311.45003380000304,34.25335801459748,259.5645890970213,True
./data/train/PICAI/11103/,11,0,0.5625,0.5625,3.5999999576145,49.130409408714655,41.1048235691724,286.8107665829841,152.80552998373284,229.8695905912853,273.89517643082775,-6.829139399536331,162.0036610208906,161.97021459078445,16.899548454233923,255.08461953490985,60.94166002828827,137.02978540921552,313.1004515457661,42.93375328164247,269.2491489670883,True
