path,curFrame,Deleted,pixelSpacingX,pixelSpacingY,pixelSpacingZ,tra_UL_x,tra_UL_y,tra_LL_x,tra_LL_y,tra_LR_x,tra_LR_y,tra_UR_x,tra_UR_y,cor_UL_x,cor_UL_y,cor_LL_x,cor_LL_y,cor_LR_x,cor_LR_y,cor_UR_x,cor_UR_y,Dirty
./data/train/PICAI/11331/,8,0,0.5625,0.5625,3.599999998228388,59.20730941126234,27.924010933559074,252.59859733224863,182.34165809949093,171.79269058873768,283.0759890664409,-20.60832926350697,128.79751500146912,164.91246696306513,32.539121870115565,242.9776927258769,95.01168005850133,81.08753303693487,298.46087812988446,2.032039205381565,235.84914684053868,True
./data/train/PICAI/11331/,9,0,0.5625,0.5625,3.599999998228388,44.07930456882335,35.73529625082729,254.84786042603696,165.43346841167397,186.92069543117665,275.2647037491727,-22.848012730880555,145.5839839947633,148.3962028737235,28.422347264053712,233.4930319288717,80.91548667063606,97.60379712627652,302.5776527359463,11.507120375971937,250.06706092292663,True
./data/train/PICAI/11331/,10,0,0.5625,0.5625,3.599999998228388,42.0,37.0,255.0,163.0,189.0,274.0,-23.0,148.0,146.0,28.0,232.0,79.0,100.0,303.0,13.0,252.0,True
