path,curFrame,Deleted,pixelSpacingX,pixelSpacingY,pixelSpacingZ,tra_UL_x,tra_UL_y,tra_LL_x,tra_LL_y,tra_LR_x,tra_LR_y,tra_UR_x,tra_UR_y,cor_UL_x,cor_UL_y,cor_LL_x,cor_LL_y,cor_LR_x,cor_LR_y,cor_UR_x,cor_UR_y,Dirty
./data/train/PICAI/11168/,11,0,0.3125,0.3125,3.299999930641909,148.59569559184553,143.38151812231956,515.1549602268036,533.8470166113398,329.4043044081544,711.6184818776804,-37.15496022680358,321.15298338866023,400.8314671927526,196.31217733920977,537.6073309149328,341.80912955145254,143.16853280724732,716.6878226607902,5.418299020282007,570.9659193942036,True
./data/train/PICAI/11168/,10,0,0.3125,0.3125,3.299999930641909,87.0,171.0,532.0,469.0,391.0,684.0,-54.0,386.0,339.0,174.0,505.0,285.0,205.0,739.0,38.0,628.0,True
./data/train/PICAI/11168/,12,0,0.3125,0.3125,3.299999930641909,87.0,171.0,532.0,469.0,391.0,684.0,-54.0,386.0,339.0,174.0,505.0,285.0,205.0,739.0,38.0,628.0,True
