path,curFrame,Deleted,pixelSpacingX,pixelSpacingY,pixelSpacingZ,tra_UL_x,tra_UL_y,tra_LL_x,tra_LL_y,tra_LR_x,tra_LR_y,tra_UR_x,tra_UR_y,cor_UL_x,cor_UL_y,cor_LL_x,cor_LL_y,cor_LR_x,cor_LR_y,cor_UR_x,cor_UR_y,Dirty
./data/train/PICAI/11145/,8,0,0.5625,0.5625,3.6000000635783334,40.43159198047408,34.981028530757214,288.13635230115773,140.97325331386438,237.56840801952595,260.01897146924284,-9.140157603065944,154.11390242888325,159.19437648142676,16.702860060098715,255.9377067799286,58.29285937189215,153.80562351857324,296.29713993990123,57.0622932200714,254.70714062810785,True
./data/train/PICAI/11145/,9,0,0.5625,0.5625,3.6000000635783334,40.43159198047408,34.981028530757214,288.13635230115773,140.97325331386438,237.56840801952595,260.01897146924284,-9.140157603065944,154.11390242888325,159.19437648142676,16.702860060098715,255.9377067799286,58.29285937189215,153.80562351857324,296.29713993990123,57.0622932200714,254.70714062810785,True
./data/train/PICAI/11145/,10,0,0.5625,0.5625,3.6000000635783334,40.43159198047408,34.981028530757214,288.13635230115773,140.97325331386438,237.56840801952595,260.01897146924284,-9.140157603065944,154.11390242888325,159.19437648142676,16.702860060098715,255.9377067799286,58.29285937189215,153.80562351857324,296.29713993990123,57.0622932200714,254.70714062810785,True
