path,curFrame,Deleted,pixelSpacingX,pixelSpacingY,pixelSpacingZ,tra_UL_x,tra_UL_y,tra_LL_x,tra_LL_y,tra_LR_x,tra_LR_y,tra_UR_x,tra_UR_y,cor_UL_x,cor_UL_y,cor_LL_x,cor_LL_y,cor_LR_x,cor_LR_y,cor_UR_x,cor_UR_y,Dirty
./data/train/PICAI/10899/,11,0,0.5625,0.5625,3.599999928988044,111.27022770327156,28.03573984695879,286.5090198353659,230.4421768297896,191.7297722967284,312.9642601530412,16.49098016463401,110.55782317021044,227.77047154713884,59.2502735399911,293.54517305258963,134.3947253768957,96.22952845286108,305.74972646000896,30.696748843010056,229.6349788968284,True
./data/train/PICAI/10899/,12,0,0.5625,0.5625,3.599999928988044,111.27022770327156,28.03573984695879,286.5090198353659,230.4421768297896,191.7297722967284,312.9642601530412,16.49098016463401,110.55782317021044,227.77047154713884,59.2502735399911,293.54517305258963,134.3947253768957,96.22952845286108,305.74972646000896,30.696748843010056,229.6349788968284,True
./data/train/PICAI/10899/,13,0,0.5625,0.5625,3.599999928988044,111.27022770327156,28.03573984695879,286.5090198353659,230.4421768297896,191.7297722967284,312.9642601530412,16.49098016463401,110.55782317021044,227.77047154713884,59.2502735399911,293.54517305258963,134.3947253768957,96.22952845286108,305.74972646000896,30.696748843010056,229.6349788968284,True
