path,curFrame,Deleted,pixelSpacingX,pixelSpacingY,pixelSpacingZ,tra_UL_x,tra_UL_y,tra_LL_x,tra_LL_y,tra_LR_x,tra_LR_y,tra_UR_x,tra_UR_y,cor_UL_x,cor_UL_y,cor_LL_x,cor_LL_y,cor_LR_x,cor_LR_y,cor_UR_x,cor_UR_y,Dirty
./data/train/PICAI/10314/,8,0,0.5625,0.5625,3.5999999576145,22.77235704090808,60.08845871583429,284.60324337791553,107.97986671327254,260.2276429590919,240.91154128416565,0.3955382761226076,192.9503342933225,113.14979539942826,17.131964531911052,229.9516187512059,38.068393589898406,182.85020460057177,293.86803546808903,67.04777207581319,272.89670691339904,True
./data/train/PICAI/10314/,9,0,0.5625,0.5625,3.5999999576145,19.68936542617044,64.28706996789306,283.03213749713984,103.0115376592305,263.31063457382953,236.7129300321069,1.9629906033797224,197.8489493932813,108.3420504048998,18.432509201078176,225.80339207864256,35.279859503255324,187.65794959510023,292.5674907989219,71.19417197161725,275.6503840230005,True
./data/train/PICAI/10314/,10,0,0.5625,0.5625,3.5999999576145,18.20329468074968,66.42608931768454,282.18179352122,100.54869399452296,264.7967053192503,234.5739106823154,2.8105958749634112,200.27699451998177,105.95593294394932,19.14551189863116,223.69341149128329,33.94031319219651,190.04406705605072,291.8544881013689,73.30278320680847,276.9725310650558,True
