path,curFrame,Deleted,pixelSpacingX,pixelSpacingY,pixelSpacingZ,tra_UL_x,tra_UL_y,tra_LL_x,tra_LL_y,tra_LR_x,tra_LR_y,tra_UR_x,tra_UR_y,cor_UL_x,cor_UL_y,cor_LL_x,cor_LL_y,cor_LR_x,cor_LR_y,cor_UR_x,cor_UR_y,Dirty
./data/train/PICAI/10205/,9,0,0.5625,0.5625,3.6,11.386129292964824,58.61492700562313,299.76373554751035,115.60050597871349,269.6138707070352,266.38507299437686,-16.76647647800121,209.29482210880064,111.26511305954936,20.616584907505256,233.6693654521411,44.24282024474627,180.73488694045068,314.3834150924947,57.279669056861394,289.8108861767421,True
./data/train/PICAI/10205/,10,0,0.5625,0.5625,3.6,11.386129292964824,58.61492700562313,299.76373554751035,115.60050597871349,269.6138707070352,266.38507299437686,-16.76647647800121,209.29482210880064,111.26511305954936,20.616584907505256,233.6693654521411,44.24282024474627,180.73488694045068,314.3834150924947,57.279669056861394,289.8108861767421,True
./data/train/PICAI/10205/,11,0,0.5625,0.5625,3.6,11.386129292964824,58.61492700562313,299.76373554751035,115.60050597871349,269.6138707070352,266.38507299437686,-16.76647647800121,209.29482210880064,111.26511305954936,20.616584907505256,233.6693654521411,44.24282024474627,180.73488694045068,314.3834150924947,57.279669056861394,289.8108861767421,True
