path,curFrame,Deleted,pixelSpacingX,pixelSpacingY,pixelSpacingZ,tra_UL_x,tra_UL_y,tra_LL_x,tra_LL_y,tra_LR_x,tra_LR_y,tra_UR_x,tra_UR_y,cor_UL_x,cor_UL_y,cor_LL_x,cor_LL_y,cor_LR_x,cor_LR_y,cor_UR_x,cor_UR_y,Dirty
./data/train/PICAI/10290/,9,0,0.5625,0.5625,3.600000063578272,-9.845015948146198,62.28702639696547,259.93469980999373,77.08246371585662,250.8450159481462,234.71297360303447,-18.14388162192253,218.74510010531924,76.12418460039147,14.498588142435407,197.68046210851227,21.43194219143305,181.8758153996085,296.50141185756456,60.31953789148778,289.568057808567,True
./data/train/PICAI/10290/,8,0,0.5625,0.5625,3.600000063578272,-9.845015948146198,62.28702639696547,259.93469980999373,77.08246371585662,250.8450159481462,234.71297360303447,-18.14388162192253,218.74510010531924,76.12418460039147,14.498588142435407,197.68046210851227,21.43194219143305,181.8758153996085,296.50141185756456,60.31953789148778,289.568057808567,True
./data/train/PICAI/10290/,10,0,0.5625,0.5625,3.600000063578272,-9.845015948146198,62.28702639696547,259.93469980999373,77.08246371585662,250.8450159481462,234.71297360303447,-18.14388162192253,218.74510010531924,76.12418460039147,14.498588142435407,197.68046210851227,21.43194219143305,181.8758153996085,296.50141185756456,60.31953789148778,289.568057808567,True
