path,curFrame,Deleted,pixelSpacingX,pixelSpacingY,pixelSpacingZ,tra_UL_x,tra_UL_y,tra_LL_x,tra_LL_y,tra_LR_x,tra_LR_y,tra_UR_x,tra_UR_y,cor_UL_x,cor_UL_y,cor_LL_x,cor_LL_y,cor_LR_x,cor_LR_y,cor_UR_x,cor_UR_y,Dirty
./data/train/PICAI/11112/,8,0,0.5625,0.5625,3.599999915808419,76.96150972166795,17.3513019999869,279.55624455237296,174.2728537985731,197.038490278332,280.6486980000132,-4.594982856434626,124.00278355724387,185.3967727298001,22.67739615872881,267.8893003589541,86.90342581457222,105.6032272701999,297.32260384127136,22.149437945107607,232.8209368296109,True
./data/train/PICAI/11112/,7,0,0.5625,0.5625,3.599999915808419,76.96150972166795,17.3513019999869,279.55624455237296,174.2728537985731,197.038490278332,280.6486980000132,-4.594982856434626,124.00278355724387,185.3967727298001,22.67739615872881,267.8893003589541,86.90342581457222,105.6032272701999,297.32260384127136,22.149437945107607,232.8209368296109,True
./data/train/PICAI/11112/,9,0,0.5625,0.5625,3.599999915808419,76.96150972166795,17.3513019999869,279.55624455237296,174.2728537985731,197.038490278332,280.6486980000132,-4.594982856434626,124.00278355724387,185.3967727298001,22.67739615872881,267.8893003589541,86.90342581457222,105.6032272701999,297.32260384127136,22.149437945107607,232.8209368296109,True
