path,curFrame,Deleted,pixelSpacingX,pixelSpacingY,pixelSpacingZ,tra_UL_x,tra_UL_y,tra_LL_x,tra_LL_y,tra_LR_x,tra_LR_y,tra_UR_x,tra_UR_y,cor_UL_x,cor_UL_y,cor_LL_x,cor_LL_y,cor_LR_x,cor_LR_y,cor_UR_x,cor_UR_y,Dirty
./data/train/PICAI/10930/,8,0,0.5625,0.5625,3.6000000635782783,63.80770103229888,41.38116567225603,290.4505617690646,206.59924481934928,206.1922989677012,322.618834327744,-20.675512823408383,158.375125245436,183.1028554870158,41.68307884284772,274.5394958335503,107.95027134516006,107.89714451298416,336.31692115715214,17.434874231235,270.27467970918394,True
./data/train/PICAI/10930/,9,0,0.5625,0.5625,3.6000000635782783,56.54584644346552,45.29979594116273,291.5249471772531,198.4298786105738,213.4541535565345,318.70020405883724,-21.69859535491992,166.55492914243845,175.34135014091612,39.9169901639786,270.120836636841,101.30794177387652,115.65864985908384,338.08300983602135,21.863971116171328,276.8657064037906,True
./data/train/PICAI/10930/,10,0,0.5625,0.5625,3.6000000635782783,63.80770103229888,41.38116567225603,290.4505617690646,206.59924481934928,206.1922989677012,322.618834327744,-20.675512823408383,158.375125245436,183.1028554870158,41.68307884284772,274.5394958335503,107.95027134516006,107.89714451298416,336.31692115715214,17.434874231235,270.27467970918394,True
