path,curFrame,Deleted,pixelSpacingX,pixelSpacingY,pixelSpacingZ,tra_UL_x,tra_UL_y,tra_LL_x,tra_LL_y,tra_LR_x,tra_LR_y,tra_UR_x,tra_UR_y,cor_UL_x,cor_UL_y,cor_LL_x,cor_LL_y,cor_LR_x,cor_LR_y,cor_UR_x,cor_UR_y,Dirty
./data/train/PICAI/10062/,10,0,0.5625,0.5625,3.5999998871525576,27.17828507169685,53.677676421609135,287.855944134329,117.12180984327476,249.82171492830315,270.32232357839086,-8.911021021062822,205.7748887094848,111.25963119856765,26.40724108253346,237.02612388912377,56.86687529432767,172.74036880143237,320.59275891746654,46.97387611087626,290.13312470567234,True
./data/train/PICAI/10062/,11,0,0.5625,0.5625,3.5999998871525576,29.085725125400288,51.75134262193693,288.61642891540043,119.73526564986454,247.9142748745997,272.24865737806306,-9.652546758064773,203.19554452971133,113.8314357182394,25.893150611821767,239.04717964659983,58.54307362041823,170.1685642817606,321.1068493881782,44.952820353400185,288.4569263795818,True
./data/train/PICAI/10062/,12,0,0.5625,0.5625,3.5999998871525576,43.33721402455387,39.23887355766303,292.6482592425627,138.3448911968756,233.66278597544616,284.761126442337,-13.568714103631637,184.833225590528,134.0301497419171,23.56050525017957,254.33352982363027,71.22702118028383,153.96985025808291,323.4394947498204,33.666470176369785,275.7729788197162,True
