path,curFrame,Deleted,pixelSpacingX,pixelSpacingY,pixelSpacingZ,tra_UL_x,tra_UL_y,tra_LL_x,tra_LL_y,tra_LR_x,tra_LR_y,tra_UR_x,tra_UR_y,cor_UL_x,cor_UL_y,cor_LL_x,cor_LL_y,cor_LR_x,cor_LR_y,cor_UR_x,cor_UR_y,Dirty
./data/train/PICAI/10489/,10,0,0.5625,0.5625,3.599999861283756,35.239215320990475,20.421340454646845,305.8238912225356,89.91994709924994,261.19241860502547,266.75196028231585,-8.484892228799282,198.37690619504883,104.19404062887187,15.035330778868587,261.5106446348517,54.75305735513403,193.8668066080156,318.4750912791108,37.543133000670224,278.87771460393265,True
./data/train/PICAI/10489/,11,0,0.5625,0.5625,3.599999861283756,35.239215320990475,20.421340454646845,305.8238912225356,89.91994709924994,261.19241860502547,266.75196028231585,-8.484892228799282,198.37690619504883,104.19404062887187,15.035330778868587,261.5106446348517,54.75305735513403,193.8668066080156,318.4750912791108,37.543133000670224,278.87771460393265,True
./data/train/PICAI/10489/,12,0,0.5625,0.5625,3.599999861283756,35.239215320990475,20.421340454646845,305.8238912225356,89.91994709924994,261.19241860502547,266.75196028231585,-8.484892228799282,198.37690619504883,104.19404062887187,15.035330778868587,261.5106446348517,54.75305735513403,193.8668066080156,318.4750912791108,37.543133000670224,278.87771460393265,True
