path,curFrame,Deleted,pixelSpacingX,pixelSpacingY,pixelSpacingZ,tra_UL_x,tra_UL_y,tra_LL_x,tra_LL_y,tra_LR_x,tra_LR_y,tra_UR_x,tra_UR_y,cor_UL_x,cor_UL_y,cor_LL_x,cor_LL_y,cor_LR_x,cor_LR_y,cor_UR_x,cor_UR_y,Dirty,h_par_cor,h_orth_cor,h_par_tra,h_orth_tra
./data/train/PICAI/10642/,14,0,0.392857134342,0.392857134342,3.299999868617309,118.98138964256049,153.6379154542487,461.1971238445167,409.3201230178884,333.0186103574395,579.3620845457514,-8.20943550392164,323.83631144715184,293.99444716660605,169.05959440802977,425.9950566203582,268.93871687032424,183.005552833394,594.94040559197,49.86082057400648,495.8925370052307,True,,,,
./data/train/PICAI/10642/,15,0,0.392857134342,0.392857134342,3.299999868617309,118.98138964256049,153.6379154542487,461.1971238445167,409.3201230178884,333.0186103574395,579.3620845457514,-8.20943550392164,323.83631144715184,293.99444716660605,169.05959440802977,425.9950566203582,268.93871687032424,183.005552833394,594.94040559197,49.86082057400648,495.8925370052307,True,,,,
./data/train/PICAI/10642/,-1,0,-1.0,-1.0,-1.0,-1.0,-1.0,-1.0,-1.0,-1.0,-1.0,-1.0,-1.0,-1.0,-1.0,-1.0,-1.0,-1.0,-1.0,-1.0,-1.0,False,80.0,60.0,30.0,160.0
./data/train/PICAI/10642/,16,0,0.392857134342,0.392857134342,3.299999868617309,118.98138964256049,153.6379154542487,461.1971238445167,409.3201230178884,333.0186103574395,579.3620845457514,-8.20943550392164,323.83631144715184,293.99444716660605,169.05959440802977,425.9950566203582,268.93871687032424,183.005552833394,594.94040559197,49.86082057400648,495.8925370052307,True,,,,
