path,curFrame,Deleted,pixelSpacingX,pixelSpacingY,pixelSpacingZ,tra_UL_x,tra_UL_y,tra_LL_x,tra_LL_y,tra_LR_x,tra_LR_y,tra_UR_x,tra_UR_y,cor_UL_x,cor_UL_y,cor_LL_x,cor_LL_y,cor_LR_x,cor_LR_y,cor_UR_x,cor_UR_y,Dirty,h_par_cor,h_orth_cor,h_par_tra,h_orth_tra
./data/train/PICAI/10878/,14,0,0.392857134342,0.392857134342,3.299999883244052,57.14667711575902,56.544246748893045,466.0316273002967,239.55544179604945,364.853322884241,465.45575325110696,-43.05347969956284,282.6524698947684,235.94620812734183,20.73611495312491,409.5651942311196,98.5335934745802,213.0537918726581,537.2638850468747,39.43480576888052,459.46640652541976,True,,,,
./data/train/PICAI/10878/,15,0,0.392857134342,0.392857134342,3.299999883244052,57.14667711575902,56.544246748893045,466.0316273002967,239.55544179604945,364.853322884241,465.45575325110696,-43.05347969956284,282.6524698947684,235.94620812734183,20.73611495312491,409.5651942311196,98.5335934745802,213.0537918726581,537.2638850468747,39.43480576888052,459.46640652541976,True,,,,
./data/train/PICAI/10878/,-1,0,-1.0,-1.0,-1.0,-1.0,-1.0,-1.0,-1.0,-1.0,-1.0,-1.0,-1.0,-1.0,-1.0,-1.0,-1.0,-1.0,-1.0,-1.0,-1.0,False,80.0,60.0,30.0,160.0
./data/train/PICAI/10878/,16,0,0.392857134342,0.392857134342,3.299999883244052,57.14667711575902,56.544246748893045,466.0316273002967,239.55544179604945,364.853322884241,465.45575325110696,-43.05347969956284,282.6524698947684,235.94620812734183,20.73611495312491,409.5651942311196,98.5335934745802,213.0537918726581,537.2638850468747,39.43480576888052,459.46640652541976,True,,,,
