path,curFrame,Deleted,pixelSpacingX,pixelSpacingY,pixelSpacingZ,tra_UL_x,tra_UL_y,tra_LL_x,tra_LL_y,tra_LR_x,tra_LR_y,tra_UR_x,tra_UR_y,cor_UL_x,cor_UL_y,cor_LL_x,cor_LL_y,cor_LR_x,cor_LR_y,cor_UR_x,cor_UR_y,Dirty,cor_mid_x,cor_mid_y,tra_mid_x,tra_mid_y,Alpha,h_par_cor,h_orth_cor,h_par_tra,h_orth_tra,cor_U_mid_x,cor_U_mid_y,tra_U_mid_x,tra_U_mid_y,tra_L_mid_x,tra_L_mid_y
./data/train/PICAI/10253/,14,0,0.392857134342,0.392857134342,3.2999999999999767,123.969649567525,34.12842597530104,459.3465394476148,264.99709369432674,347.8145731833266,429.7772981143412,12.43768330323644,198.90863039531544,270.3194022060136,9.969275089334888,423.352880456666,114.80006228818992,192.4842127376402,450.1769521682801,39.45073448698757,345.3461649694253,True,311.0,279.0,311.0,279.0,-2.5919507533947463,80.0,60.0,30.0,160.0,180.0,199.0,50.0,119.0,397.0,332.0
./data/train/PICAI/10253/,15,0,0.392857134342,0.392857134342,3.2999999999999767,123.969649567525,34.12842597530104,459.3465394476148,264.99709369432674,347.8145731833266,429.7772981143412,12.43768330323644,198.90863039531544,270.3194022060136,9.969275089334888,423.352880456666,114.80006228818992,192.4842127376402,450.1769521682801,39.45073448698757,345.3461649694253,True,311.0,279.0,311.0,279.0,-2.5919507533947463,80.0,60.0,30.0,160.0,180.0,199.0,50.0,119.0,397.0,332.0
./data/train/PICAI/10253/,-1,0,-1.0,-1.0,-1.0,-1.0,-1.0,-1.0,-1.0,-1.0,-1.0,-1.0,-1.0,-1.0,-1.0,-1.0,-1.0,-1.0,-1.0,-1.0,-1.0,False,,,,,,80.0,60.0,30.0,160.0,,,,,,
./data/train/PICAI/10253/,16,0,0.392857134342,0.392857134342,3.2999999999999767,123.969649567525,34.12842597530104,459.3465394476148,264.99709369432674,347.8145731833266,429.7772981143412,12.43768330323644,198.90863039531544,270.3194022060136,9.969275089334888,423.352880456666,114.80006228818992,192.4842127376402,450.1769521682801,39.45073448698757,345.3461649694253,True,311.0,279.0,311.0,279.0,-2.5919507533947463,80.0,60.0,30.0,160.0,180.0,199.0,50.0,119.0,397.0,332.0
