path,curFrame,Deleted,pixelSpacingX,pixelSpacingY,pixelSpacingZ,tra_UL_x,tra_UL_y,tra_LL_x,tra_LL_y,tra_LR_x,tra_LR_y,tra_UR_x,tra_UR_y,cor_UL_x,cor_UL_y,cor_LL_x,cor_LL_y,cor_LR_x,cor_LR_y,cor_UR_x,cor_UR_y,Dirty
./data/train/PICAI/10820/,8,0,0.5625,0.5625,3.60000007682375,41.12285712509113,17.682106150335983,285.7364926029826,129.86574728525915,225.87714287490883,259.317893849664,-17.741970707614428,147.23878117800854,149.7340505364653,-6.223568937917605,254.3739124539716,40.972821791514505,138.2659494635347,294.2235689379176,33.73061600929606,246.0326563131172,True
./data/train/PICAI/10820/,7,0,0.5625,0.5625,3.60000007682375,41.12285712509113,17.682106150335983,285.7364926029826,129.86574728525915,225.87714287490883,259.317893849664,-17.741970707614428,147.23878117800854,149.7340505364653,-6.223568937917605,254.3739124539716,40.972821791514505,138.2659494635347,294.2235689379176,33.73061600929606,246.0326563131172,True
./data/train/PICAI/10820/,9,0,0.5625,0.5625,3.60000007682375,41.12285712509113,17.682106150335983,285.7364926029826,129.86574728525915,225.87714287490883,259.317893849664,-17.741970707614428,147.23878117800854,149.7340505364653,-6.223568937917605,254.3739124539716,40.972821791514505,138.2659494635347,294.2235689379176,33.73061600929606,246.0326563131172,True
