path,curFrame,Deleted,pixelSpacingX,pixelSpacingY,pixelSpacingZ,tra_UL_x,tra_UL_y,tra_LL_x,tra_LL_y,tra_LR_x,tra_LR_y,tra_UR_x,tra_UR_y,cor_UL_x,cor_UL_y,cor_LL_x,cor_LL_y,cor_LR_x,cor_LR_y,cor_UR_x,cor_UR_y,Dirty
./data/train/PICAI/10454/,9,0,0.5625,0.5625,3.6000000340376683,52.704672574919,20.86984315609226,256.0305351170066,184.9874644571462,172.29532742508113,288.13015684390774,-30.10335126243996,124.38714213626967,169.30216724593248,29.63956741904667,245.59385836614908,91.7409189825792,75.69783275406752,301.36043258095344,-0.5938583661490782,239.2590810174208,True
./data/train/PICAI/10454/,8,0,0.5625,0.5625,3.6000000340376683,52.704672574919,20.86984315609226,256.0305351170066,184.9874644571462,172.29532742508113,288.13015684390774,-30.10335126243996,124.38714213626967,169.30216724593248,29.63956741904667,245.59385836614908,91.7409189825792,75.69783275406752,301.36043258095344,-0.5938583661490782,239.2590810174208,True
./data/train/PICAI/10454/,10,0,0.5625,0.5625,3.6000000340376683,52.704672574919,20.86984315609226,256.0305351170066,184.9874644571462,172.29532742508113,288.13015684390774,-30.10335126243996,124.38714213626967,169.30216724593248,29.63956741904667,245.59385836614908,91.7409189825792,75.69783275406752,301.36043258095344,-0.5938583661490782,239.2590810174208,True
