path,curFrame,Deleted,pixelSpacingX,pixelSpacingY,pixelSpacingZ,tra_UL_x,tra_UL_y,tra_LL_x,tra_LL_y,tra_LR_x,tra_LR_y,tra_UR_x,tra_UR_y,cor_UL_x,cor_UL_y,cor_LL_x,cor_LL_y,cor_LR_x,cor_LR_y,cor_UR_x,cor_UR_y,Dirty
./data/train/PICAI/10111/,17,0,0.392857134342,0.392857134342,3.299999965114043,96.4235377696834,180.1780207895692,460.4700235387461,408.8593628338991,349.57646223031657,587.8219792104309,-14.470023538746034,359.1406371661009,279.9786358869316,165.19731460504036,424.57993009296297,255.68745613405324,192.0213641130684,626.8026853949596,47.42006990703709,536.3125438659467,True
./data/train/PICAI/10111/,16,0,0.392857134342,0.392857134342,3.299999965114043,99.99999999999994,177.99999999999991,460.0000000000001,413.0,346.00000000000006,590.0000000000001,-14.000000000000083,355.0,284.0,165.99999999999997,427.0000000000001,259.0,188.0,626.0,44.99999999999997,533.0,True
./data/train/PICAI/10111/,18,0,0.392857134342,0.392857134342,3.299999965114043,118.42213514073283,168.0637358351384,456.5706269080617,433.5455572758556,327.57786485926715,599.9362641648617,-10.570626908061657,334.4544427241444,303.8631663403652,171.0586950907861,438.2135240919527,276.1680732262336,168.13683365963482,620.9413049092137,33.78647590804741,515.8319267737666,True
