path,curFrame,Deleted,pixelSpacingX,pixelSpacingY,pixelSpacingZ,tra_UL_x,tra_UL_y,tra_LL_x,tra_LL_y,tra_LR_x,tra_LR_y,tra_UR_x,tra_UR_y,cor_UL_x,cor_UL_y,cor_LL_x,cor_LL_y,cor_LR_x,cor_LR_y,cor_UR_x,cor_UR_y,Dirty
./data/train/PICAI/10661/,10,0,0.5625,0.5625,3.599999957614445,53.29765371298869,25.41156825425472,276.9428384079888,185.8323629248314,206.70234628701127,285.5884317457453,-16.94283840798886,125.1676370751686,176.11727612380315,28.887172608760665,260.8837112237751,88.4829063523959,110.88272387619683,298.1128273912393,26.11628877622493,238.51709364760413,True
./data/train/PICAI/10661/,9,0,0.5625,0.5625,3.599999957614445,53.29765371298869,25.41156825425472,276.9428384079888,185.8323629248314,206.70234628701127,285.5884317457453,-16.94283840798886,125.1676370751686,176.11727612380315,28.887172608760665,260.8837112237751,88.4829063523959,110.88272387619683,298.1128273912393,26.11628877622493,238.51709364760413,True
./data/train/PICAI/10661/,11,0,0.5625,0.5625,3.599999957614445,53.29765371298869,25.41156825425472,276.9428384079888,185.8323629248314,206.70234628701127,285.5884317457453,-16.94283840798886,125.1676370751686,176.11727612380315,28.887172608760665,260.8837112237751,88.4829063523959,110.88272387619683,298.1128273912393,26.11628877622493,238.51709364760413,True
