path,curFrame,Deleted,pixelSpacingX,pixelSpacingY,pixelSpacingZ,tra_UL_x,tra_UL_y,tra_LL_x,tra_LL_y,tra_LR_x,tra_LR_y,tra_UR_x,tra_UR_y,cor_UL_x,cor_UL_y,cor_LL_x,cor_LL_y,cor_LR_x,cor_LR_y,cor_UR_x,cor_UR_y,Dirty
./data/train/PICAI/11464/,8,0,0.5625,0.5625,3.6000000635782774,53.89185936253644,76.20495478427428,273.9822769364633,221.63262784595327,202.1081406374636,329.79504521572574,-16.012661430438726,184.71466850938057,174.67585848796102,79.38369916982944,253.75550224867976,131.9137852413163,112.324141512039,346.61630083017053,33.24449775132021,294.0862147586838,True
./data/train/PICAI/11464/,7,0,0.5625,0.5625,3.6000000635782774,45.227607825991214,81.68334370832625,274.92641786201,211.40403083276715,210.7723921740088,324.3166562916737,-16.93737407127327,194.80502609376816,165.27931368293056,77.5344638090539,247.8306369757996,124.42027213733418,121.72068631706944,348.46553619094607,39.16936302420045,301.5797278626659,True
./data/train/PICAI/11464/,9,0,0.5625,0.5625,3.6000000635782774,53.89185936253644,76.20495478427428,273.9822769364633,221.63262784595327,202.1081406374636,329.79504521572574,-16.012661430438726,184.71466850938057,174.67585848796102,79.38369916982944,253.75550224867976,131.9137852413163,112.324141512039,346.61630083017053,33.24449775132021,294.0862147586838,True
