path,curFrame,Deleted,pixelSpacingX,pixelSpacingY,pixelSpacingZ,tra_UL_x,tra_UL_y,tra_LL_x,tra_LL_y,tra_LR_x,tra_LR_y,tra_UR_x,tra_UR_y,cor_UL_x,cor_UL_y,cor_LL_x,cor_LL_y,cor_LR_x,cor_LR_y,cor_UR_x,cor_UR_y,Dirty
./data/train/PICAI/10299/,9,0,0.5625,0.5625,3.6000000168312187,88.87346190907454,28.25021515056736,266.569107815891,223.22010366097163,160.12653809092555,319.74978484943256,-16.59473775110584,125.00484739337224,180.83904903710464,47.552253051474,263.5038517763429,138.4782140751708,65.16095096289533,317.44774694852595,-16.754432765901527,227.72110704395823,True
./data/train/PICAI/10299/,8,0,0.5625,0.5625,3.6000000168312187,101.7119623963201,25.69977969614024,261.7386772761264,235.4149449197772,147.28803760367995,322.30022030385965,-11.787620759831327,112.8940720745978,192.38042511085388,53.10677524909895,266.80594365041816,150.89144782162936,53.61957488914607,311.893224750901,-20.16390412849796,215.36862568904064,True
./data/train/PICAI/10299/,10,0,0.5625,0.5625,3.6000000168312187,93.98175876922568,27.09565373284448,264.76480630857554,228.148260463452,155.01824123077438,320.90434626715546,-14.798880482286506,120.11055858165054,185.51342350083,49.65301327389517,264.9545987988496,143.4085446694845,60.48657649916992,315.3469867261048,-18.24749201766297,222.81620020190692,True
