path,curFrame,Deleted,pixelSpacingX,pixelSpacingY,pixelSpacingZ,tra_UL_x,tra_UL_y,tra_LL_x,tra_LL_y,tra_LR_x,tra_LR_y,tra_UR_x,tra_UR_y,cor_UL_x,cor_UL_y,cor_LL_x,cor_LL_y,cor_LR_x,cor_LR_y,cor_UR_x,cor_UR_y,Dirty
./data/train/PICAI/11245/,8,0,0.5625,0.5625,3.600000078054,55.89904418226968,45.05639855279144,292.0503541451076,159.88478704116,235.10095581773035,276.9436014472086,-0.0858628147909996,161.0809226351184,165.2634531631072,20.966910761018767,265.5530904458761,69.35931797365919,145.9720442993295,312.68086120914336,46.689436430025054,264.23781216659097,True
./data/train/PICAI/11245/,9,0,0.5625,0.5625,3.600000078054,44.27048110834794,55.05739995183873,291.13096447448027,144.57221298431668,246.72951889165205,266.9426000481613,0.7201304933011841,176.2983458459817,149.96440750794312,20.75767987116408,254.7630316239589,58.40186674687426,161.27108995449356,312.89009209899814,57.46868512679026,275.09027757756417,True
./data/train/PICAI/11245/,10,0,0.5625,0.5625,3.600000078054,44.27048110834794,55.05739995183873,291.13096447448027,144.57221298431668,246.72951889165205,266.9426000481613,0.7201304933011841,176.2983458459817,149.96440750794312,20.75767987116408,254.7630316239589,58.40186674687426,161.27108995449356,312.89009209899814,57.46868512679026,275.09027757756417,True
