path,curFrame,Deleted,pixelSpacingX,pixelSpacingY,pixelSpacingZ,tra_UL_x,tra_UL_y,tra_LL_x,tra_LL_y,tra_LR_x,tra_LR_y,tra_UR_x,tra_UR_y,cor_UL_x,cor_UL_y,cor_LL_x,cor_LL_y,cor_LR_x,cor_LR_y,cor_UR_x,cor_UR_y,Dirty
./data/train/PICAI/10683/,9,0,0.5625,0.5625,3.5999999576145,24.87587437037857,62.00296444579655,288.6003337884431,108.53692521263608,263.1241256296214,249.99703555420348,1.553729573828889,204.0630839800584,117.28886920744316,20.20890317965336,235.43590055477296,41.048264585729896,188.71113079255687,303.79109682034664,71.54572662867467,282.7609264188936,True
./data/train/PICAI/10683/,8,0,0.5625,0.5625,3.5999999576145,24.87587437037857,62.00296444579655,288.6003337884431,108.53692521263608,263.1241256296214,249.99703555420348,1.553729573828889,204.0630839800584,117.28886920744316,20.20890317965336,235.43590055477296,41.048264585729896,188.71113079255687,303.79109682034664,71.54572662867467,282.7609264188936,True
./data/train/PICAI/10683/,10,0,0.5625,0.5625,3.5999999576145,24.87587437037857,62.00296444579655,288.6003337884431,108.53692521263608,263.1241256296214,249.99703555420348,1.553729573828889,204.0630839800584,117.28886920744316,20.20890317965336,235.43590055477296,41.048264585729896,188.71113079255687,303.79109682034664,71.54572662867467,282.7609264188936,True
