path,curFrame,Deleted,pixelSpacingX,pixelSpacingY,pixelSpacingZ,tra_UL_x,tra_UL_y,tra_LL_x,tra_LL_y,tra_LR_x,tra_LR_y,tra_UR_x,tra_UR_y,cor_UL_x,cor_UL_y,cor_LL_x,cor_LL_y,cor_LR_x,cor_LR_y,cor_UR_x,cor_UR_y,Dirty,h_par_cor,h_orth_cor,h_par_tra,h_orth_tra
./data/train/PICAI/10915/,16,0,0.392857134342,0.392857134342,3.2999999437097767,84.02203142551582,118.73406312375816,450.8958238392451,276.7107083595903,365.9779685744842,473.2659368762418,-0.8260673655009327,314.29172759015,256.22325204498947,77.42684536710257,401.1632024252647,140.69145461874797,227.7767479550105,541.5731546328974,82.76704110099118,479.3061094315119,True,,,,
./data/train/PICAI/10915/,15,0,0.392857134342,0.392857134342,3.2999999437097767,90.2944033743523,113.92198859354735,451.4314007768612,284.6061094340649,359.7055966256477,478.0780114064526,-1.3268723135934977,306.39936867056696,264.3138239189929,78.0646024003411,406.9575777756801,146.34900388173995,219.68617608100712,540.9353975996589,76.93789376105232,473.64551801362825,True,,,,
./data/train/PICAI/10915/,-1,0,-1.0,-1.0,-1.0,-1.0,-1.0,-1.0,-1.0,-1.0,-1.0,-1.0,-1.0,-1.0,-1.0,-1.0,-1.0,-1.0,-1.0,-1.0,-1.0,False,80.0,60.0,30.0,160.0
./data/train/PICAI/10915/,17,0,0.392857134342,0.392857134342,3.2999999437097767,72.0,129.0,449.0,261.0,378.0,463.0,1.0,330.0,240.0,77.0,389.0,130.0,244.0,542.0,95.0,490.0,True,,,,
