path,curFrame,Deleted,pixelSpacingX,pixelSpacingY,pixelSpacingZ,tra_UL_x,tra_UL_y,tra_LL_x,tra_LL_y,tra_LR_x,tra_LR_y,tra_UR_x,tra_UR_y,cor_UL_x,cor_UL_y,cor_LL_x,cor_LL_y,cor_LR_x,cor_LR_y,cor_UR_x,cor_UR_y,Dirty,h_par_cor,h_orth_cor,h_par_tra,h_orth_tra
./data/train/PICAI/10392/,-1,0,-1.0,-1.0,-1.0,-1.0,-1.0,-1.0,-1.0,-1.0,-1.0,-1.0,-1.0,-1.0,-1.0,-1.0,-1.0,-1.0,-1.0,-1.0,-1.0,False,80.0,60.0,30.0,160.0
./data/train/PICAI/10392/,14,0,0.392857134342,0.392857134342,3.2999999999999803,-32.9084059256264,217.26080960941488,416.22897329731273,278.4213735763223,389.9084059256264,478.7391903905853,-59.22897329731268,417.5786264236777,161.44407771660002,130.8555372013638,333.3926844125131,154.41387577756626,274.66698826486635,588.515583459043,102.7183815689532,564.9572448828408,True,,,,
./data/train/PICAI/10392/,15,0,0.392857134342,0.392857134342,3.2999999999999803,-30.594493913446428,213.5911363968886,417.4070804909073,282.5809134020411,387.5944939134464,482.4088636031115,-60.407080490907305,413.4190865979589,165.4463344841395,129.90238299579914,336.95760287458205,156.45805049331076,270.66473149732684,589.4687376646077,99.15346310688427,562.9130701670963,True,,,,
./data/train/PICAI/10392/,16,0,0.392857134342,0.392857134342,3.2999999999999803,-20.70926187041769,199.3328550585454,421.38851964689457,299.4055864965915,377.70926187041766,496.6671449414547,-64.38851964689454,396.5944135034085,181.6033520241416,126.79229109259892,350.8443978623634,165.24729160906932,254.5077139573248,592.5788295678078,85.26666811910297,554.1238290513378,True,,,,
