path,curFrame,Deleted,pixelSpacingX,pixelSpacingY,pixelSpacingZ,tra_UL_x,tra_UL_y,tra_LL_x,tra_LL_y,tra_LR_x,tra_LR_y,tra_UR_x,tra_UR_y,cor_UL_x,cor_UL_y,cor_LL_x,cor_LL_y,cor_LR_x,cor_LR_y,cor_UR_x,cor_UR_y,Dirty
./data/train/PICAI/10330/,15,0,0.392857134342,0.392857134342,3.2999999999999967,76.76395500907196,144.68021511400244,458.31475930302463,316.0277675991136,370.236044990928,513.3197848859977,-11.314759303024744,341.9722324008864,245.0681730578613,118.00718180930149,398.27937942724975,186.4420138967457,226.9318269421387,567.9928181906987,74.70542832576257,499.38433792558726,True
./data/train/PICAI/10330/,14,0,0.392857134342,0.392857134342,3.2999999999999967,76.76395500907196,144.68021511400244,458.31475930302463,316.0277675991136,370.236044990928,513.3197848859977,-11.314759303024744,341.9722324008864,245.0681730578613,118.00718180930149,398.27937942724975,186.4420138967457,226.9318269421387,567.9928181906987,74.70542832576257,499.38433792558726,True
./data/train/PICAI/10330/,16,0,0.392857134342,0.392857134342,3.2999999999999967,76.76395500907196,144.68021511400244,458.31475930302463,316.0277675991136,370.236044990928,513.3197848859977,-11.314759303024744,341.9722324008864,245.0681730578613,118.00718180930149,398.27937942724975,186.4420138967457,226.9318269421387,567.9928181906987,74.70542832576257,499.38433792558726,True
