path,curFrame,Deleted,pixelSpacingX,pixelSpacingY,pixelSpacingZ,tra_UL_x,tra_UL_y,tra_LL_x,tra_LL_y,tra_LR_x,tra_LR_y,tra_UR_x,tra_UR_y,cor_UL_x,cor_UL_y,cor_LL_x,cor_LL_y,cor_LR_x,cor_LR_y,cor_UR_x,cor_UR_y,Dirty
./data/train/PICAI/10319/,11,0,0.46875,0.46875,3.2999999512861016,11,89,294,119,271,337,-11,307,76.1273969481627,40.53042037394786,245,58,208,395,40.12915818662137,377.5134539777728,True
./data/train/PICAI/10319/,10,0,0.46875,0.46875,3.2999999512861016,11,89,294,119,271,337,-11,307,80.1273969481627,40.53042037394786,249,58,212,395,44.12915818662137,377.5134539777728,True
./data/train/PICAI/10319/,12,0,0.46875,0.46875,3.2999999512861016,11,89,294,119,271,337,-11,307,76.1273969481627,40.53042037394786,245,58,208,395,40.12915818662137,377.5134539777728,True
