path,curFrame,Deleted,pixelSpacingX,pixelSpacingY,pixelSpacingZ,tra_UL_x,tra_UL_y,tra_LL_x,tra_LL_y,tra_LR_x,tra_LR_y,tra_UR_x,tra_UR_y,cor_UL_x,cor_UL_y,cor_LL_x,cor_LL_y,cor_LR_x,cor_LR_y,cor_UR_x,cor_UR_y,Dirty
./data/train/PICAI/10147/,11,0,0.3125,0.3125,3.3000000317891662,601.3695022747354,487.7941225627653,73.13910233259807,559.0025811682556,39.63049772526449,306.2058774372348,567.860897667402,234.99741883174457,211.44512008945492,150.54152860182424,413.5989792136954,123.1404840747125,483.5548799105451,642.4584713981756,281.2618476853444,668.869247856546,True
./data/train/PICAI/10147/,12,0,0.3125,0.3125,3.3000000317891662,601.3695022747354,487.7941225627653,73.13910233259807,559.0025811682556,39.63049772526449,306.2058774372348,567.860897667402,234.99741883174457,211.44512008945492,150.54152860182424,413.5989792136954,123.1404840747125,483.5548799105451,642.4584713981756,281.2618476853444,668.869247856546,True
./data/train/PICAI/10147/,13,0,0.3125,0.3125,3.3000000317891662,601.3695022747354,487.7941225627653,73.13910233259807,559.0025811682556,39.63049772526449,306.2058774372348,567.860897667402,234.99741883174457,211.44512008945492,150.54152860182424,413.5989792136954,123.1404840747125,483.5548799105451,642.4584713981756,281.2618476853444,668.869247856546,True
