path,curFrame,Deleted,pixelSpacingX,pixelSpacingY,pixelSpacingZ,tra_UL_x,tra_UL_y,tra_LL_x,tra_LL_y,tra_LR_x,tra_LR_y,tra_UR_x,tra_UR_y,cor_UL_x,cor_UL_y,cor_LL_x,cor_LL_y,cor_LR_x,cor_LR_y,cor_UR_x,cor_UR_y,Dirty,h_par_cor,h_orth_cor,h_par_tra,h_orth_tra
./data/train/PICAI/11000/,-1,0,-1.0,-1.0,-1.0,-1.0,-1.0,-1.0,-1.0,-1.0,-1.0,-1.0,-1.0,-1.0,-1.0,-1.0,-1.0,-1.0,-1.0,-1.0,-1.0,False,80.0,60.0,30.0,160.0
./data/train/PICAI/11000/,9,0,0.5625,0.5625,3.5999999708599777,50.45584544566863,76.83286727634784,289.14841498105994,223.0069321736221,226.54415455433144,325.1671327236521,-11.484481929819594,180.2417442870637,175.70054624457586,75.35744233099746,268.2185095931808,131.8766997378869,140.29945375542414,341.6425576690027,47.78149040681926,285.12330026211305,True,,,,
./data/train/PICAI/11000/,10,0,0.5625,0.5625,3.5999999708599777,54.8428500047978,73.83580985717606,288.2886131802119,228.2510800070178,222.1571499952023,328.16419014282394,-10.668662759069749,175.0200067230387,180.3363718023884,76.05628933503291,270.8254820699734,135.76994709421606,135.66362819761167,340.9437106649673,45.1745179300266,281.2300529057839,True,,,,
./data/train/PICAI/11000/,11,0,0.5625,0.5625,3.5999999708599777,42.00885524735851,83.27698192653735,290.31656900008693,212.44462218869128,234.9911447526416,318.72301807346264,-12.567149989645486,190.75469893043785,166.36987327528695,74.44704322039118,262.6050516104524,124.37489567569844,149.63012672471305,342.55295677960896,53.39494838954767,292.6251043243015,True,,,,
