path,curFrame,Deleted,pixelSpacingX,pixelSpacingY,pixelSpacingZ,tra_UL_x,tra_UL_y,tra_LL_x,tra_LL_y,tra_LR_x,tra_LR_y,tra_UR_x,tra_UR_y,cor_UL_x,cor_UL_y,cor_LL_x,cor_LL_y,cor_LR_x,cor_LR_y,cor_UR_x,cor_UR_y,Dirty
./data/train/PICAI/11260/,15,0,0.254629641771,0.254629641771,3.2999999042115675,-14.288528301726217,400.2305896403653,617.8342695513377,345.63417552354895,646.2885283017262,679.7694103596348,15.150538201674635,734.192176298784,198.74107907909053,218.80732986328428,447.778469487803,197.23470419048704,509.2589209209095,897.1926701367158,260.2215305121971,918.7652958095128,True
./data/train/PICAI/11260/,14,0,0.254629641771,0.254629641771,3.2999999042115675,-14.288528301726217,400.2305896403653,617.8342695513377,345.63417552354895,646.2885283017262,679.7694103596348,15.150538201674635,734.192176298784,198.74107907909053,218.80732986328428,447.778469487803,197.23470419048704,509.2589209209095,897.1926701367158,260.2215305121971,918.7652958095128,True
./data/train/PICAI/11260/,16,0,0.254629641771,0.254629641771,3.2999999042115675,-14.288528301726217,400.2305896403653,617.8342695513377,345.63417552354895,646.2885283017262,679.7694103596348,15.150538201674635,734.192176298784,198.74107907909053,218.80732986328428,447.778469487803,197.23470419048704,509.2589209209095,897.1926701367158,260.2215305121971,918.7652958095128,True
