path,curFrame,Deleted,pixelSpacingX,pixelSpacingY,pixelSpacingZ,tra_UL_x,tra_UL_y,tra_LL_x,tra_LL_y,tra_LR_x,tra_LR_y,tra_UR_x,tra_UR_y,cor_UL_x,cor_UL_y,cor_LL_x,cor_LL_y,cor_LR_x,cor_LR_y,cor_UR_x,cor_UR_y,Dirty
./data/train/PICAI/11097/,15,0,0.392857134342,0.392857134342,3.2999999999999763,66,142,495,301,415,517,-14,358,254,116,424,179,278,571,108,509,True
./data/train/PICAI/11097/,14,0,0.392857134342,0.392857134342,3.2999999999999763,66,142,495,301,415,517,-14,358,254,116,424,179,278,571,108,509,True
./data/train/PICAI/11097/,16,0,0.392857134342,0.392857134342,3.2999999999999763,66,142,495,301,415,517,-14,358,254,116,424,179,278,571,108,509,True
