path,curFrame,Deleted,pixelSpacingX,pixelSpacingY,pixelSpacingZ,tra_UL_x,tra_UL_y,tra_LL_x,tra_LL_y,tra_LR_x,tra_LR_y,tra_UR_x,tra_UR_y,cor_UL_x,cor_UL_y,cor_LL_x,cor_LL_y,cor_LR_x,cor_LR_y,cor_UR_x,cor_UR_y,Dirty
./data/train/PICAI/10763/,10,0,0.5625,0.5625,3.6000000635783334,64.63587008828273,20.0909888789744,268.8423283060348,180.0432393231662,190.36412991171724,279.9090111210256,-12.864180705301166,120.1646723676515,178.42116835084855,29.691885316616847,256.9603416834371,91.11876350141448,94.42806096532436,297.8438411397327,16.119966502938468,235.4094777976597,True
./data/train/PICAI/10763/,9,0,0.5625,0.5625,3.6000000635783334,64.63587008828273,20.0909888789744,268.8423283060348,180.0432393231662,190.36412991171724,279.9090111210256,-12.864180705301166,120.1646723676515,178.42116835084855,29.691885316616847,256.9603416834371,91.11876350141448,94.42806096532436,297.8438411397327,16.119966502938468,235.4094777976597,True
./data/train/PICAI/10763/,11,0,0.5625,0.5625,3.6000000635783334,64.63587008828273,20.0909888789744,268.8423283060348,180.0432393231662,190.36412991171724,279.9090111210256,-12.864180705301166,120.1646723676515,178.42116835084855,29.691885316616847,256.9603416834371,91.11876350141448,94.42806096532436,297.8438411397327,16.119966502938468,235.4094777976597,True
