path,curFrame,Deleted,pixelSpacingX,pixelSpacingY,pixelSpacingZ,tra_UL_x,tra_UL_y,tra_LL_x,tra_LL_y,tra_LR_x,tra_LR_y,tra_UR_x,tra_UR_y,cor_UL_x,cor_UL_y,cor_LL_x,cor_LL_y,cor_LR_x,cor_LR_y,cor_UR_x,cor_UR_y,Dirty
./data/train/PICAI/10823/,10,0,0.5625,0.5625,3.6,10.491191017970747,83.10761544628977,270.04512588234365,112.58226381435064,253.5088089820292,253.89238455371023,-5.062730593624593,223.40043608405568,100.56252683525922,34.69324032594062,212.8072547893343,47.736286232310746,182.4374731647408,313.3067596740594,70.19274521066566,300.2637137676893,True
./data/train/PICAI/10823/,9,0,0.5625,0.5625,3.6,10.491191017970747,83.10761544628977,270.04512588234365,112.58226381435064,253.5088089820292,253.89238455371023,-5.062730593624593,223.40043608405568,100.56252683525922,34.69324032594062,212.8072547893343,47.736286232310746,182.4374731647408,313.3067596740594,70.19274521066566,300.2637137676893,True
./data/train/PICAI/10823/,11,0,0.5625,0.5625,3.6,10.491191017970747,83.10761544628977,270.04512588234365,112.58226381435064,253.5088089820292,253.89238455371023,-5.062730593624593,223.40043608405568,100.56252683525922,34.69324032594062,212.8072547893343,47.736286232310746,182.4374731647408,313.3067596740594,70.19274521066566,300.2637137676893,True
