path,curFrame,Deleted,pixelSpacingX,pixelSpacingY,pixelSpacingZ,tra_UL_x,tra_UL_y,tra_LL_x,tra_LL_y,tra_LR_x,tra_LR_y,tra_UR_x,tra_UR_y,cor_UL_x,cor_UL_y,cor_LL_x,cor_LL_y,cor_LR_x,cor_LR_y,cor_UR_x,cor_UR_y,Dirty,h_par_cor,h_orth_cor,h_par_tra,h_orth_tra
./data/train/PICAI/10390/,-1,0,-1.0,-1.0,-1.0,-1.0,-1.0,-1.0,-1.0,-1.0,-1.0,-1.0,-1.0,-1.0,-1.0,-1.0,-1.0,-1.0,-1.0,-1.0,-1.0,False,80.0,60.0,30.0,160.0
./data/train/PICAI/10390/,15,0,0.392857134342,0.392857134342,3.3,-30.70015245309424,277.8091907431203,421.8249834890605,227.98950246093167,446.7001524530943,452.1908092568797,-4.600238617668964,502.7176043202549,103.61466814018696,167.11512951572763,273.5854279557052,148.48878237691738,321.385331859813,581.8848704842726,152.38049787058395,600.25239857798,True,,,,
./data/train/PICAI/10390/,16,0,0.392857134342,0.392857134342,3.3,-30.70015245309424,277.8091907431203,421.8249834890605,227.98950246093167,446.7001524530943,452.1908092568797,-4.600238617668964,502.7176043202549,103.61466814018696,167.11512951572763,273.5854279557052,148.48878237691738,321.385331859813,581.8848704842726,152.38049787058395,600.25239857798,True,,,,
./data/train/PICAI/10390/,17,0,0.392857134342,0.392857134342,3.3,-30.70015245309424,277.8091907431203,421.8249834890605,227.98950246093167,446.7001524530943,452.1908092568797,-4.600238617668964,502.7176043202549,103.61466814018696,167.11512951572763,273.5854279557052,148.48878237691738,321.385331859813,581.8848704842726,152.38049787058395,600.25239857798,True,,,,
