path,curFrame,Deleted,pixelSpacingX,pixelSpacingY,pixelSpacingZ,tra_UL_x,tra_UL_y,tra_LL_x,tra_LL_y,tra_LR_x,tra_LR_y,tra_UR_x,tra_UR_y,cor_UL_x,cor_UL_y,cor_LL_x,cor_LL_y,cor_LR_x,cor_LR_y,cor_UR_x,cor_UR_y,Dirty
./data/train/PICAI/11433/,12,0,0.5625,0.5625,3.5999999695227256,-15.18746239511148,44.17800639215703,254.189477033319,97.51715246867116,226.1874623951115,241.82199360784296,-43.189477033318965,188.4828475313288,79.04840881148223,9.023714157574233,197.99560985169376,32.78425633782594,146.9515911885178,291.9762858424258,28.074146622050435,269.2133077124339,True
./data/train/PICAI/11433/,11,0,0.5625,0.5625,3.5999999695227256,-15.18746239511148,44.17800639215703,254.189477033319,97.51715246867116,226.1874623951115,241.82199360784296,-43.189477033318965,188.4828475313288,79.04840881148223,9.023714157574233,197.99560985169376,32.78425633782594,146.9515911885178,291.9762858424258,28.074146622050435,269.2133077124339,True
./data/train/PICAI/11433/,13,0,0.5625,0.5625,3.5999999695227256,-15.18746239511148,44.17800639215703,254.189477033319,97.51715246867116,226.1874623951115,241.82199360784296,-43.189477033318965,188.4828475313288,79.04840881148223,9.023714157574233,197.99560985169376,32.78425633782594,146.9515911885178,291.9762858424258,28.074146622050435,269.2133077124339,True
