path,curFrame,Deleted,pixelSpacingX,pixelSpacingY,pixelSpacingZ,tra_UL_x,tra_UL_y,tra_LL_x,tra_LL_y,tra_LR_x,tra_LR_y,tra_UR_x,tra_UR_y,cor_UL_x,cor_UL_y,cor_LL_x,cor_LL_y,cor_LR_x,cor_LR_y,cor_UR_x,cor_UR_y,Dirty
./data/train/PICAI/10151/,8,0,0.3515625,0.3515625,3.6000000635782774,22.22031513285472,95.84339636057628,455.0196957156329,210.16616822674428,400.7796848671453,418.1566036394236,-32.345263870090065,302.88831319765654,203.27154541650708,45.440364090807606,364.03094721372827,88.44518630645649,256.728454583493,495.55963590919225,96.2946209407288,453.500332269143,True
./data/train/PICAI/10151/,9,0,0.3515625,0.3515625,3.6000000635782774,19.4365727988893,99.17132728251246,454.1652434193391,205.9232965410553,403.5634272011107,414.8286727174874,-31.50726356266472,307.137010838159,199.34778405108804,45.94111761628898,360.8332390488305,86.13375157043623,260.652215948912,495.05888238371085,99.5087810944951,455.8059410503498,True
./data/train/PICAI/10151/,10,0,0.3515625,0.3515625,3.6000000635782774,40.10266117508053,76.94111451045839,458.5811378068106,235.87746842606447,382.89733882491953,437.0588854895415,-35.80608886115448,277.1481615091504,226.94310457252524,43.87938004156476,382.3266215668671,103.4525505671383,233.0568954274748,497.1206199584351,77.89832948747673,438.521819497647,True
