path,curFrame,Deleted,pixelSpacingX,pixelSpacingY,pixelSpacingZ,tra_UL_x,tra_UL_y,tra_LL_x,tra_LL_y,tra_LR_x,tra_LR_y,tra_UR_x,tra_UR_y,cor_UL_x,cor_UL_y,cor_LL_x,cor_LL_y,cor_LR_x,cor_LR_y,cor_UR_x,cor_UR_y,Dirty
./data/train/PICAI/10567/,8,0,0.5625,0.5625,3.599999900276651,41.02688820240803,59.896063241078494,285.08570413563586,169.2729088953159,233.973111797592,283.1039367589216,-9.087074600881408,173.67475514844108,160.75776629241506,45.430252838346064,253.04187840750225,86.65697537519154,146.24223370758492,322.5697471616539,53.95812159249773,281.34302462480844,True
./data/train/PICAI/10567/,9,0,0.5625,0.5625,3.599999900276651,44.980578238403,56.59718629685452,285.0735232709728,174.4249323738608,230.01942176159704,286.4028137031455,-9.073675575816535,168.55761521970186,165.58935949142253,45.76795817507736,256.37846275161286,90.19023557291584,141.41064050857744,322.2320418249226,50.621537248387085,277.80976442708413,True
./data/train/PICAI/10567/,10,0,0.5625,0.5625,3.599999900276651,53.22116600701396,50.42325516110566,284.5100086169635,184.7120159869844,221.77883399298605,292.57674483889446,-8.51137908220906,158.34031996925853,175.20249021546755,46.94799556939142,262.67169435620383,97.5951902299668,131.79750978453242,321.0520044306085,44.3283056437961,270.4048097700332,True
