path,curFrame,Deleted,pixelSpacingX,pixelSpacingY,pixelSpacingZ,tra_UL_x,tra_UL_y,tra_LL_x,tra_LL_y,tra_LR_x,tra_LR_y,tra_UR_x,tra_UR_y,cor_UL_x,cor_UL_y,cor_LL_x,cor_LL_y,cor_LR_x,cor_LR_y,cor_UR_x,cor_UR_y,Dirty
./data/train/PICAI/10225/,10,0,0.5625,0.5625,3.600000143883225,20.76344107253955,72.92966791510547,293.37787424972004,154.6998998059633,256.2365589274605,277.0703320848945,-15.378026554563547,195.317552600474,148.480678591592,39.74238878479579,250.9588714060191,70.53556980737139,175.519321408408,324.25761121520424,72.04128089882448,293.4469777861914,True
./data/train/PICAI/10225/,9,0,0.5625,0.5625,3.600000143883225,20.76344107253955,72.92966791510547,293.37787424972004,154.6998998059633,256.2365589274605,277.0703320848945,-15.378026554563547,195.317552600474,148.480678591592,39.74238878479579,250.9588714060191,70.53556980737139,175.519321408408,324.25761121520424,72.04128089882448,293.4469777861914,True
./data/train/PICAI/10225/,11,0,0.5625,0.5625,3.600000143883225,10.739159303270569,85.79564144917059,290.40749877197857,138.62195968937667,266.2608406967295,264.2043585508294,-12.411304073886782,211.29088456787568,133.6847693603646,41.93484475493463,238.8203398034965,61.84744949658648,190.3152306396354,322.0651552450654,84.18346549841175,302.23970624616123,True
