path,curFrame,Deleted,pixelSpacingX,pixelSpacingY,pixelSpacingZ,tra_UL_x,tra_UL_y,tra_LL_x,tra_LL_y,tra_LR_x,tra_LR_y,tra_UR_x,tra_UR_y,cor_UL_x,cor_UL_y,cor_LL_x,cor_LL_y,cor_LR_x,cor_LR_y,cor_UR_x,cor_UR_y,Dirty,h_par_cor,h_orth_cor,h_par_tra,h_orth_tra,cor_mid_x,cor_mid_y,tra_mid_x,tra_mid_y,Alpha,cor_U_mid_x,cor_U_mid_y,tra_U_mid_x,tra_U_mid_y,tra_L_mid_x,tra_L_mid_y
./data/train/PICAI/11321/,9,0,0.5625,0.5625,-1.0,110.14114298054656,0.1209873609140856,302.21842713640274,210.35018826152827,204.0439240762969,298.91111894331505,11.966639920440798,88.68191804270091,221.0586010535145,5.863066046776368,303.9899268163514,96.64962197049633,93.7607259157372,288.7269061263523,10.829400152900234,197.9403502026325,True,80.0,60.0,30.0,160.0,197.0,187.0,197.0,187.0,-2.4165238757320378,117.0,116.0,37.0,45.0,250.0,234.0
./data/train/PICAI/11321/,10,0,0.5625,0.5625,-1.0,110.14114298054656,0.1209873609140856,302.21842713640274,210.35018826152827,204.0439240762969,298.91111894331505,11.966639920440798,88.68191804270091,221.0586010535145,5.863066046776368,303.9899268163514,96.64962197049633,93.7607259157372,288.7269061263523,10.829400152900234,197.9403502026325,True,80.0,60.0,30.0,160.0,197.0,187.0,197.0,187.0,-2.4165238757320378,117.0,116.0,37.0,45.0,250.0,234.0
./data/train/PICAI/11321/,11,0,0.5625,0.5625,-1.0,110.14114298054656,0.1209873609140856,302.21842713640274,210.35018826152827,204.0439240762969,298.91111894331505,11.966639920440798,88.68191804270091,221.0586010535145,5.863066046776368,303.9899268163514,96.64962197049633,93.7607259157372,288.7269061263523,10.829400152900234,197.9403502026325,True,80.0,60.0,30.0,160.0,197.0,187.0,197.0,187.0,-2.4165238757320378,117.0,116.0,37.0,45.0,250.0,234.0
./data/train/PICAI/11321/,12,0,0.5625,0.5625,-1.0,61.87653648089216,25.18893357082198,314.272764446017,157.0454620742561,252.30853057595127,273.84317273340724,-0.0876973891733428,141.986644229973,168.84753487614074,-7.376764268244868,277.82832059654527,49.57050847624885,145.97179209311096,301.9667364413735,36.99100637270647,245.01946369688,True,80.0,60.0,30.0,160.0,197.0,187.0,197.0,187.0,-2.4165238757320378,117.0,116.0,37.0,45.0,250.0,234.0
