path,curFrame,Deleted,pixelSpacingX,pixelSpacingY,pixelSpacingZ,tra_UL_x,tra_UL_y,tra_LL_x,tra_LL_y,tra_LR_x,tra_LR_y,tra_UR_x,tra_UR_y,cor_UL_x,cor_UL_y,cor_LL_x,cor_LL_y,cor_LR_x,cor_LR_y,cor_UR_x,cor_UR_y,Dirty
./data/train/PICAI/10175/,9,0,0.5625,0.5625,3.6,70.09535913902036,2.6617847706413897,267.5258215438944,204.1120578272885,166.90464086097964,302.33821522935864,-29.54767394316048,101.0958538635292,166.96622391483385,33.40478881165245,246.79180946302665,114.77969828556934,58.033776085166096,300.59521118834755,-22.76995706376033,219.0123900236129,True
./data/train/PICAI/10175/,10,0,0.5625,0.5625,3.6,70.09535913902036,2.6617847706413897,267.5258215438944,204.1120578272885,166.90464086097964,302.33821522935864,-29.54767394316048,101.0958538635292,166.96622391483385,33.40478881165245,246.79180946302665,114.77969828556934,58.033776085166096,300.59521118834755,-22.76995706376033,219.0123900236129,True
./data/train/PICAI/10175/,11,0,0.5625,0.5625,3.6,70.09535913902036,2.6617847706413897,267.5258215438944,204.1120578272885,166.90464086097964,302.33821522935864,-29.54767394316048,101.0958538635292,166.96622391483385,33.40478881165245,246.79180946302665,114.77969828556934,58.033776085166096,300.59521118834755,-22.76995706376033,219.0123900236129,True
