path,curFrame,Deleted,pixelSpacingX,pixelSpacingY,pixelSpacingZ,tra_UL_x,tra_UL_y,tra_LL_x,tra_LL_y,tra_LR_x,tra_LR_y,tra_UR_x,tra_UR_y,cor_UL_x,cor_UL_y,cor_LL_x,cor_LL_y,cor_LR_x,cor_LR_y,cor_UR_x,cor_UR_y,Dirty,h_par_cor,h_orth_cor,h_par_tra,h_orth_tra
./data/train/PICAI/11250/,14,0,0.392857134342,0.392857134342,3.29999999999999,203.18042574687323,56.17669663386562,454.08363866637967,397.9771907041188,296.8195742531268,514.8233033661346,45.91636133362036,173.02280929588113,415.98919268405314,97.8897858884074,508.14726097764856,222.7732933999805,149.01080731594683,487.11021411159305,56.8527390223517,362.2267066000196,True,,,,
./data/train/PICAI/11250/,-1,0,-1.0,-1.0,-1.0,-1.0,-1.0,-1.0,-1.0,-1.0,-1.0,-1.0,-1.0,-1.0,-1.0,-1.0,-1.0,-1.0,-1.0,-1.0,-1.0,False,80.0,60.0,30.0,160.0
./data/train/PICAI/11250/,15,0,0.392857134342,0.392857134342,3.29999999999999,211.2122148361188,54.68241461690852,450.03391908177457,405.0310889132455,288.7877851638813,516.3175853830917,49.96608091822554,165.96891108675442,408.6996732002878,102.6670428125488,496.4432297301096,230.6907448661065,128.30032679971217,482.33295718745165,40.556770269890734,354.30925513389354,True,,,,
./data/train/PICAI/11250/,16,0,0.392857134342,0.392857134342,3.29999999999999,215.24644471665016,54.04062906167036,447.91734780140746,408.5039570065,284.7535552833499,516.9593709383298,52.0826521985928,162.4960429934999,411.9913620350139,105.14277697047072,497.4872331143365,234.6783166049201,125.00863796498612,479.8572230295298,39.51276688566398,350.32168339507984,True,,,,
