path,curFrame,Deleted,pixelSpacingX,pixelSpacingY,pixelSpacingZ,tra_UL_x,tra_UL_y,tra_LL_x,tra_LL_y,tra_LR_x,tra_LR_y,tra_UR_x,tra_UR_y,cor_UL_x,cor_UL_y,cor_LL_x,cor_LL_y,cor_LR_x,cor_LR_y,cor_UR_x,cor_UR_y,Dirty
./data/train/PICAI/11158/,11,0,0.5625,0.5625,3.599999947981364,53.52307686864383,68.12659520620737,302.37461959185214,168.6895589865142,249.47692313135616,298.87340479379264,0.6253804081479188,198.3104410134858,154.66093090536526,47.252773425386295,268.46054680772136,93.40087653349067,173.33906909463474,328.7472265746137,59.53945319227867,282.5991234665093,True
./data/train/PICAI/11158/,10,0,0.5625,0.5625,3.599999947981364,53.52307686864383,68.12659520620737,302.37461959185214,168.6895589865142,249.47692313135616,298.87340479379264,0.6253804081479188,198.3104410134858,154.66093090536526,47.252773425386295,268.46054680772136,93.40087653349067,173.33906909463474,328.7472265746137,59.53945319227867,282.5991234665093,True
./data/train/PICAI/11158/,12,0,0.5625,0.5625,3.599999947981364,53.52307686864383,68.12659520620737,302.37461959185214,168.6895589865142,249.47692313135616,298.87340479379264,0.6253804081479188,198.3104410134858,154.66093090536526,47.252773425386295,268.46054680772136,93.40087653349067,173.33906909463474,328.7472265746137,59.53945319227867,282.5991234665093,True
