path,curFrame,Deleted,pixelSpacingX,pixelSpacingY,pixelSpacingZ,tra_UL_x,tra_UL_y,tra_LL_x,tra_LL_y,tra_LR_x,tra_LR_y,tra_UR_x,tra_UR_y,cor_UL_x,cor_UL_y,cor_LL_x,cor_LL_y,cor_LR_x,cor_LR_y,cor_UR_x,cor_UR_y,Dirty
./data/train/PICAI/11305/,10,0,0.3125,0.3125,3.3000000173395,22.093572710300123,249.53279076792103,591.0813067171965,288.48094283830125,573.9064272896999,542.4672092320791,6.903785586086087,503.2753184748884,246.91079992002904,134.99636087272972,461.3346809959591,149.97632163153793,427.0892000799709,667.0036391272703,212.6653190040409,652.0236783684621,True
./data/train/PICAI/11305/,9,0,0.3125,0.3125,3.3000000173395,22.093572710300123,249.53279076792103,591.0813067171965,288.48094283830125,573.9064272896999,542.4672092320791,6.903785586086087,503.2753184748884,246.91079992002904,134.99636087272972,461.3346809959591,149.97632163153793,427.0892000799709,667.0036391272703,212.6653190040409,652.0236783684621,True
./data/train/PICAI/11305/,11,0,0.3125,0.3125,3.3000000173395,22.093572710300123,249.53279076792103,591.0813067171965,288.48094283830125,573.9064272896999,542.4672092320791,6.903785586086087,503.2753184748884,246.91079992002904,134.99636087272972,461.3346809959591,149.97632163153793,427.0892000799709,667.0036391272703,212.6653190040409,652.0236783684621,True
