path,curFrame,Deleted,pixelSpacingX,pixelSpacingY,pixelSpacingZ,tra_UL_x,tra_UL_y,tra_LL_x,tra_LL_y,tra_LR_x,tra_LR_y,tra_UR_x,tra_UR_y,cor_UL_x,cor_UL_y,cor_LL_x,cor_LL_y,cor_LR_x,cor_LR_y,cor_UR_x,cor_UR_y,Dirty,h_par_cor,h_orth_cor,h_par_tra,h_orth_tra
./data/train/PICAI/10146/,-1,0,-1.0,-1.0,-1.0,-1.0,-1.0,-1.0,-1.0,-1.0,-1.0,-1.0,-1.0,-1.0,-1.0,-1.0,-1.0,-1.0,-1.0,-1.0,-1.0,False,80.0,60.0,30.0,160.0
./data/train/PICAI/10146/,10,0,0.5625,0.5625,3.600000169542111,42.85204780089431,49.906487427389095,300.12368128188814,123.42727772524456,259.14795219910576,264.09351257261096,2.866586786853333,190.7118953757156,106.3479779775911,17.906858435835545,252.76920065398355,59.923532936782,181.35206323255,309.4121949688033,34.930840556157776,267.3955204678569,True,,,,
./data/train/PICAI/10146/,9,0,0.5625,0.5625,3.600000169542111,39.18041892242705,53.74603500283338,298.86116805411643,118.24338789738768,262.81958107757305,260.2539649971667,4.133353841251761,195.86114056588,101.2841284431416,19.304449436252952,249.08251606004447,56.18550153637507,186.41591276699947,308.01460396838587,38.61752515009685,271.1335518682639,True,,,,
./data/train/PICAI/10146/,11,0,0.5625,0.5625,3.600000169542111,48.60510219865053,44.393228870324094,301.67637298334944,131.27781843267206,253.3948978013496,269.606771129676,1.305254200098176,182.9129905627045,114.02747849233155,16.143902140150118,258.0490531336976,65.76608895199463,173.67256271780957,311.1751512644887,29.65098807644368,261.55296445264435,True,,,,
