path,curFrame,Deleted,pixelSpacingX,pixelSpacingY,pixelSpacingZ,tra_UL_x,tra_UL_y,tra_LL_x,tra_LL_y,tra_LR_x,tra_LR_y,tra_UR_x,tra_UR_y,cor_UL_x,cor_UL_y,cor_LL_x,cor_LL_y,cor_LR_x,cor_LR_y,cor_UR_x,cor_UR_y,Dirty
./data/train/PICAI/10575/,7,0,0.5625,0.5625,3.599999957614445,80.1158552214006,3.92446119080887,313.2419073138411,161.80493444761407,215.88414477859936,305.0755388091911,-16.257099560829033,147.36871373005283,146.8459610219139,15.14926140163189,286.52463072677585,109.84281572018156,141.1540389780861,323.85073859836814,1.475369273224203,229.1571842798184,True
./data/train/PICAI/10575/,8,0,0.5625,0.5625,3.599999957614445,80.1158552214006,3.92446119080887,313.2419073138411,161.80493444761407,215.88414477859936,305.0755388091911,-16.257099560829033,147.36871373005283,146.8459610219139,15.14926140163189,286.52463072677585,109.84281572018156,141.1540389780861,323.85073859836814,1.475369273224203,229.1571842798184,True
./data/train/PICAI/10575/,9,0,0.5625,0.5625,3.599999957614445,80.1158552214006,3.92446119080887,313.2419073138411,161.80493444761407,215.88414477859936,305.0755388091911,-16.257099560829033,147.36871373005283,146.8459610219139,15.14926140163189,286.52463072677585,109.84281572018156,141.1540389780861,323.85073859836814,1.475369273224203,229.1571842798184,True
