path,curFrame,Deleted,pixelSpacingX,pixelSpacingY,pixelSpacingZ,tra_UL_x,tra_UL_y,tra_LL_x,tra_LL_y,tra_LR_x,tra_LR_y,tra_UR_x,tra_UR_y,cor_UL_x,cor_UL_y,cor_LL_x,cor_LL_y,cor_LR_x,cor_LR_y,cor_UR_x,cor_UR_y,Dirty
./data/train/PICAI/10884/,8,0,0.5625,0.5625,3.5999999607416373,55.39102437306492,32.708831347359705,290.20862104343416,155.23922061447928,225.6089756269351,279.2911686526403,-8.216074891792886,156.88264872892583,150.04419261033698,26.32991411418408,259.9391644343092,83.14624246975812,143.95580738966302,305.67008588581587,34.06083556569092,248.85375753024184,True
./data/train/PICAI/10884/,9,0,0.5625,0.5625,3.5999999607416373,55.39102437306492,32.708831347359705,290.20862104343416,155.23922061447928,225.6089756269351,279.2911686526403,-8.216074891792886,156.88264872892583,150.04419261033698,26.32991411418408,259.9391644343092,83.14624246975812,143.95580738966302,305.67008588581587,34.06083556569092,248.85375753024184,True
./data/train/PICAI/10884/,10,0,0.5625,0.5625,3.5999999607416373,55.39102437306492,32.708831347359705,290.20862104343416,155.23922061447928,225.6089756269351,279.2911686526403,-8.216074891792886,156.88264872892583,150.04419261033698,26.32991411418408,259.9391644343092,83.14624246975812,143.95580738966302,305.67008588581587,34.06083556569092,248.85375753024184,True
