path,curFrame,Deleted,pixelSpacingX,pixelSpacingY,pixelSpacingZ,tra_UL_x,tra_UL_y,tra_LL_x,tra_LL_y,tra_LR_x,tra_LR_y,tra_UR_x,tra_UR_y,cor_UL_x,cor_UL_y,cor_LL_x,cor_LL_y,cor_LR_x,cor_LR_y,cor_UR_x,cor_UR_y,Dirty
./data/train/PICAI/10946/,9,0,0.5625,0.5625,3.599999851650667,25.83158343123668,59.55532084586332,290.3376076288449,145.43059763245867,250.1684165687633,267.4446791541368,-12.35251532556228,181.8131410543516,139.64988834119984,35.776731928184944,238.45220894051184,68.05832798833654,159.35011165880016,310.2232680718149,60.54779105948819,277.9416720116636,True
./data/train/PICAI/10946/,10,0,0.5625,0.5625,3.599999851650667,25.83158343123671,59.555320845863335,290.3376076288449,145.43059763245867,250.1684165687633,267.4446791541367,-12.352515325562251,181.8131410543516,139.64988834119984,35.77673192818497,238.4522089405118,68.05832798833656,159.35011165880016,310.2232680718149,60.54779105948819,277.9416720116636,True
./data/train/PICAI/10946/,11,0,0.5625,0.5625,3.599999851650667,33.35563433869038,51.98405165474247,291.2269786649458,156.1011481152654,242.64436566130968,275.0159483452575,-13.263724298050532,171.28046987548765,149.24609401447043,35.42389185708686,245.55588681860127,74.51895305444775,149.75390598552957,310.57610814291303,53.44411318139868,271.48104694555235,True
