path,curFrame,Deleted,pixelSpacingX,pixelSpacingY,pixelSpacingZ,tra_UL_x,tra_UL_y,tra_LL_x,tra_LL_y,tra_LR_x,tra_LR_y,tra_UR_x,tra_UR_y,cor_UL_x,cor_UL_y,cor_LL_x,cor_LL_y,cor_LR_x,cor_LR_y,cor_UR_x,cor_UR_y,Dirty
./data/train/PICAI/10558/,10,0,0.5625,0.5625,3.599999957614445,71.89865264037257,33.16364557740229,294.0733903904047,183.77369141002416,215.10134735962745,298.83635442259765,-5.098013709214541,148.53917752005628,178.07391850616838,37.52427213098912,270.32158658434616,100.73319344861906,123.9260814938316,315.4757278690108,31.67841341565378,252.2668065513809,True
./data/train/PICAI/10558/,9,0,0.5625,0.5625,3.599999957614445,71.89865264037257,33.16364557740229,294.0733903904047,183.77369141002416,215.10134735962745,298.83635442259765,-5.098013709214541,148.53917752005628,178.07391850616838,37.52427213098912,270.32158658434616,100.73319344861906,123.9260814938316,315.4757278690108,31.67841341565378,252.2668065513809,True
./data/train/PICAI/10558/,11,0,0.5625,0.5625,3.599999957614445,71.89865264037257,33.16364557740229,294.0733903904047,183.77369141002416,215.10134735962745,298.83635442259765,-5.098013709214541,148.53917752005628,178.07391850616838,37.52427213098912,270.32158658434616,100.73319344861906,123.9260814938316,315.4757278690108,31.67841341565378,252.2668065513809,True
