path,curFrame,Deleted,pixelSpacingX,pixelSpacingY,pixelSpacingZ,tra_UL_x,tra_UL_y,tra_LL_x,tra_LL_y,tra_LR_x,tra_LR_y,tra_UR_x,tra_UR_y,cor_UL_x,cor_UL_y,cor_LL_x,cor_LL_y,cor_LR_x,cor_LR_y,cor_UR_x,cor_UR_y,Dirty
./data/train/PICAI/11111/,10,0,0.5625,0.5625,3.6000000635783334,85.2777074083331,6.421816363939428,304.16820047857937,165.17931843392012,211.22763893130707,292.45797304260645,-5.555541173549301,134.18588825307228,172.7994314786555,12.90646841193194,282.66346230625527,92.3287242997639,124.2005685213445,310.0935315880681,14.33653769374476,230.67127570023607,True
./data/train/PICAI/11111/,9,0,0.5625,0.5625,3.6000000635783334,85.2777074083331,6.421816363939428,304.16820047857937,165.17931843392012,211.22763893130707,292.45797304260645,-5.555541173549301,134.18588825307228,172.7994314786555,12.90646841193194,282.66346230625527,92.3287242997639,124.2005685213445,310.0935315880681,14.33653769374476,230.67127570023607,True
./data/train/PICAI/11111/,11,0,0.5625,0.5625,3.6000000635783334,85.2777074083331,6.421816363939428,304.16820047857937,165.17931843392012,211.22763893130707,292.45797304260645,-5.555541173549301,134.18588825307228,172.7994314786555,12.90646841193194,282.66346230625527,92.3287242997639,124.2005685213445,310.0935315880681,14.33653769374476,230.67127570023607,True
