path,curFrame,Deleted,pixelSpacingX,pixelSpacingY,pixelSpacingZ,tra_UL_x,tra_UL_y,tra_LL_x,tra_LL_y,tra_LR_x,tra_LR_y,tra_UR_x,tra_UR_y,cor_UL_x,cor_UL_y,cor_LL_x,cor_LL_y,cor_LR_x,cor_LR_y,cor_UR_x,cor_UR_y,Dirty
./data/train/PICAI/10601/,9,0,0.5625,0.5625,3.5999999532599296,34.41212992688523,78.60513633398179,302.6132311409592,118.71958893598249,280.5878700731148,260.3948636660181,13.36491645977469,220.07249937319972,122.3302113123127,32.3379273611676,256.4273283671285,51.721010925146814,216.8137891308712,312.6592555524485,82.71667207605536,293.2761719884692,True
./data/train/PICAI/10601/,10,0,0.5625,0.5625,3.5999999532599296,34.41212992688523,78.60513633398179,302.6132311409592,118.71958893598249,280.5878700731148,260.3948636660181,13.36491645977469,220.07249937319972,124.30963982042928,32.62404408779389,256.4273283671285,51.721010925146814,216.8137891308712,312.6592555524485,84.69610058417194,293.56228871509546,True
./data/train/PICAI/10601/,11,0,0.5625,0.5625,3.5999999532599296,34.41212992688523,78.60513633398179,302.6132311409592,118.71958893598249,280.5878700731148,260.3948636660181,13.36491645977469,220.07249937319972,126.28906832854588,32.91016081442018,256.4273283671285,51.721010925146814,216.8137891308712,312.6592555524485,86.67552909228853,293.8484054417217,True
