path,curFrame,Deleted,pixelSpacingX,pixelSpacingY,pixelSpacingZ,tra_UL_x,tra_UL_y,tra_LL_x,tra_LL_y,tra_LR_x,tra_LR_y,tra_UR_x,tra_UR_y,cor_UL_x,cor_UL_y,cor_LL_x,cor_LL_y,cor_LR_x,cor_LR_y,cor_UR_x,cor_UR_y,Dirty
./data/train/PICAI/10985/,10,0,0.5625,0.5625,3.599999943061868,69.60487172842407,-44.13739748280732,283.64936483192616,108.08268979894704,203.395128271576,220.13739748280733,-9.413079993474412,66.05408724117547,182.58291249827545,-42.47807819570944,267.9255606224248,17.368662827988928,107.4170875017246,241.4780781957095,22.31817806438549,179.64624486872844,True
./data/train/PICAI/10985/,9,0,0.5625,0.5625,3.599999943061868,69.60487172842407,-44.13739748280732,283.64936483192616,108.08268979894704,203.395128271576,220.13739748280733,-9.413079993474412,66.05408724117547,182.58291249827545,-42.47807819570944,267.9255606224248,17.368662827988928,107.4170875017246,241.4780781957095,22.31817806438549,179.64624486872844,True
./data/train/PICAI/10985/,11,0,0.5625,0.5625,3.599999943061868,69.60487172842407,-44.13739748280732,283.64936483192616,108.08268979894704,203.395128271576,220.13739748280733,-9.413079993474412,66.05408724117547,182.58291249827545,-42.47807819570944,267.9255606224248,17.368662827988928,107.4170875017246,241.4780781957095,22.31817806438549,179.64624486872844,True
