path,curFrame,Deleted,pixelSpacingX,pixelSpacingY,pixelSpacingZ,tra_UL_x,tra_UL_y,tra_LL_x,tra_LL_y,tra_LR_x,tra_LR_y,tra_UR_x,tra_UR_y,cor_UL_x,cor_UL_y,cor_LL_x,cor_LL_y,cor_LR_x,cor_LR_y,cor_UR_x,cor_UR_y,Dirty
./data/train/PICAI/10951/,9,0,0.5625,0.5625,4.000404357910147,77.69089325030362,0.2118510498935109,272.1811177233106,175.65002416064902,177.30910674969635,281.7881489501064,-17.18111772331055,106.34997583935096,187.38415983836268,10.857725385860704,270.69565389217354,85.45795969193942,83.61584016163732,294.1422746141393,0.3043461078263476,219.54204030806065,True
./data/train/PICAI/10951/,10,0,0.5625,0.5625,4.000404357910147,82.63467115237398,-1.4406973705000894,270.8837134916104,180.67821449304148,172.36532884762602,283.44069737050006,-15.883713491610308,101.32178550695846,192.29579750588312,12.754741097700418,272.95302981734693,90.21706016868217,78.70420249411688,292.24525890229955,-1.953029817346959,214.7829398313179,True
./data/train/PICAI/10951/,11,0,0.5625,0.5625,4.000404357910147,82.63467115237398,-1.4406973705000894,270.8837134916104,180.67821449304148,172.36532884762602,283.44069737050006,-15.883713491610308,101.32178550695846,192.29579750588312,12.754741097700418,272.95302981734693,90.21706016868217,78.70420249411688,292.24525890229955,-1.953029817346959,214.7829398313179,True
