path,curFrame,Deleted,pixelSpacingX,pixelSpacingY,pixelSpacingZ,tra_UL_x,tra_UL_y,tra_LL_x,tra_LL_y,tra_LR_x,tra_LR_y,tra_UR_x,tra_UR_y,cor_UL_x,cor_UL_y,cor_LL_x,cor_LL_y,cor_LR_x,cor_LR_y,cor_UR_x,cor_UR_y,Dirty
./data/train/PICAI/10398/,9,0,0.5625,0.5625,3.600000010596389,40.42968932951996,45.02460640213104,287.3125664376071,148.93728604630704,236.57031067048007,269.975393597869,-10.31256643760716,166.06271395369296,146.33842865222712,24.40352291334432,248.97177139653172,67.51265137971542,147.66157134777288,307.5964770866556,45.02822860346822,264.48734862028454,True
./data/train/PICAI/10398/,10,0,0.5625,0.5625,3.600000010596389,40.42968932951996,45.02460640213104,287.3125664376071,148.93728604630704,236.57031067048007,269.975393597869,-10.31256643760716,166.06271395369296,146.33842865222712,24.40352291334432,248.97177139653172,67.51265137971542,147.66157134777288,307.5964770866556,45.02822860346822,264.48734862028454,True
./data/train/PICAI/10398/,11,0,0.5625,0.5625,3.600000010596389,40.42968932951996,45.02460640213104,287.3125664376071,148.93728604630704,236.57031067048007,269.975393597869,-10.31256643760716,166.06271395369296,146.33842865222712,24.40352291334432,248.97177139653172,67.51265137971542,147.66157134777288,307.5964770866556,45.02822860346822,264.48734862028454,True
