path,curFrame,Deleted,pixelSpacingX,pixelSpacingY,pixelSpacingZ,tra_UL_x,tra_UL_y,tra_LL_x,tra_LL_y,tra_LR_x,tra_LR_y,tra_UR_x,tra_UR_y,cor_UL_x,cor_UL_y,cor_LL_x,cor_LL_y,cor_LR_x,cor_LR_y,cor_UR_x,cor_UR_y,Dirty
./data/train/PICAI/10377/,9,0,0.5625,0.5625,3.599999957614445,72.65876425578665,22.908941698138,279.2716367419782,186.3351358134169,194.3412357442133,293.09105830186195,-11.290009558530445,129.85567318195967,178.92952199449832,30.32622090882049,268.94261795120315,101.81497915995436,107.07047800550166,305.6737790911794,17.057382048796754,234.18502084004564,True
./data/train/PICAI/10377/,8,0,0.5625,0.5625,3.599999957614445,72.65876425578665,22.908941698138,279.2716367419782,186.3351358134169,194.3412357442133,293.09105830186195,-11.290009558530445,129.85567318195967,178.92952199449832,30.32622090882049,268.94261795120315,101.81497915995436,107.07047800550166,305.6737790911794,17.057382048796754,234.18502084004564,True
./data/train/PICAI/10377/,10,0,0.5625,0.5625,3.599999957614445,72.65876425578665,22.908941698138,279.2716367419782,186.3351358134169,194.3412357442133,293.09105830186195,-11.290009558530445,129.85567318195967,178.92952199449832,30.32622090882049,268.94261795120315,101.81497915995436,107.07047800550166,305.6737790911794,17.057382048796754,234.18502084004564,True
