path,curFrame,Deleted,pixelSpacingX,pixelSpacingY,pixelSpacingZ,tra_UL_x,tra_UL_y,tra_LL_x,tra_LL_y,tra_LR_x,tra_LR_y,tra_UR_x,tra_UR_y,cor_UL_x,cor_UL_y,cor_LL_x,cor_LL_y,cor_LR_x,cor_LR_y,cor_UR_x,cor_UR_y,Dirty
./data/train/PICAI/10882/,8,0,0.5625,0.5625,3.599999906934213,28.44842695090981,50.64713053710212,284.84167805325484,145.76548202181783,236.55157304909017,276.352869462898,-19.549306348532184,180.2782132222192,128.0181510674528,27.54114260076733,247.42225314169923,71.36648239229618,156.9818489325472,312.4588573992326,38.8264233189866,267.9695845564636,True
./data/train/PICAI/10882/,9,0,0.5625,0.5625,3.599999906934213,22.68476317740464,56.24743004665429,283.7047461211571,137.81683916577953,242.31523682259527,270.75256995334576,-18.46282422555754,188.2128651079445,118.58227741083834,28.49429892578684,240.1163813786923,66.01044975087663,162.41772258916166,311.5057010742131,42.09583624318341,273.26117641844706,True
./data/train/PICAI/10882/,10,0,0.5625,0.5625,3.599999906934213,12.075396216146956,68.31378879531964,280.19180936723467,122.15233445728262,252.92460378385303,258.6862112046804,-15.052636266274677,203.85739747397585,107.91097151157147,31.560507822829067,232.7008045350305,56.16736812594834,181.08902848842848,308.4394921771709,57.428636634671165,282.9815369062701,True
