path,curFrame,Deleted,pixelSpacingX,pixelSpacingY,pixelSpacingZ,tra_UL_x,tra_UL_y,tra_LL_x,tra_LL_y,tra_LR_x,tra_LR_y,tra_UR_x,tra_UR_y,cor_UL_x,cor_UL_y,cor_LL_x,cor_LL_y,cor_LR_x,cor_LR_y,cor_UR_x,cor_UR_y,Dirty
./data/train/PICAI/10561/,8,0,0.5625,0.5625,3.5999999576145,33.18459040109346,40.82002119906642,281.54631428207927,135.9486399784063,224.8154095989065,282.17997880093355,-22.547684747324723,187.10369597783665,124.74216622238374,24.33860034569176,239.593055451437,68.40982954679,142.25783377761624,320.66139965430824,28.405574083317543,276.6425064094529,True
./data/train/PICAI/10561/,9,0,0.5625,0.5625,3.5999999576145,33.18459040109346,40.82002119906642,281.54631428207927,135.9486399784063,224.8154095989065,282.17997880093355,-22.547684747324723,187.10369597783665,124.74216622238374,24.33860034569176,239.593055451437,68.40982954679,142.25783377761624,320.66139965430824,28.405574083317543,276.6425064094529,True
./data/train/PICAI/10561/,10,0,0.5625,0.5625,3.5999999576145,33.18459040109346,40.82002119906642,281.54631428207927,135.9486399784063,224.8154095989065,282.17997880093355,-22.547684747324723,187.10369597783665,124.74216622238374,24.33860034569176,239.593055451437,68.40982954679,142.25783377761624,320.66139965430824,28.405574083317543,276.6425064094529,True
