path,curFrame,Deleted,pixelSpacingX,pixelSpacingY,pixelSpacingZ,tra_UL_x,tra_UL_y,tra_LL_x,tra_LL_y,tra_LR_x,tra_LR_y,tra_UR_x,tra_UR_y,cor_UL_x,cor_UL_y,cor_LL_x,cor_LL_y,cor_LR_x,cor_LR_y,cor_UR_x,cor_UR_y,Dirty
./data/train/PICAI/11187/,9,0,0.5625,0.5625,3.599999957614445,63.27144626538882,34.503129560715564,293.5050770182021,150.711886848526,228.7285537346112,278.4968704392844,-0.4541115272045886,161.34181957296235,163.51020972086246,23.196661762718605,266.852814505186,76.67849079269023,148.48979027913754,309.8033382372814,45.09484953857108,257.3201387420644,True
./data/train/PICAI/11187/,10,0,0.5625,0.5625,3.599999957614445,63.27144626538882,34.503129560715564,293.5050770182021,150.711886848526,228.7285537346112,278.4968704392844,-0.4541115272045886,161.34181957296235,163.51020972086246,23.196661762718605,266.852814505186,76.67849079269023,148.48979027913754,309.8033382372814,45.09484953857108,257.3201387420644,True
./data/train/PICAI/11187/,11,0,0.5625,0.5625,3.599999957614445,63.27144626538882,34.503129560715564,293.5050770182021,150.711886848526,228.7285537346112,278.4968704392844,-0.4541115272045886,161.34181957296235,163.51020972086246,23.196661762718605,266.852814505186,76.67849079269023,148.48979027913754,309.8033382372814,45.09484953857108,257.3201387420644,True
