path,curFrame,Deleted,pixelSpacingX,pixelSpacingY,pixelSpacingZ,tra_UL_x,tra_UL_y,tra_LL_x,tra_LL_y,tra_LR_x,tra_LR_y,tra_UR_x,tra_UR_y,cor_UL_x,cor_UL_y,cor_LL_x,cor_LL_y,cor_LR_x,cor_LR_y,cor_UR_x,cor_UR_y,Dirty
./data/train/PICAI/10530/,10,0,0.5625,0.5625,3.5999998731745726,39.79517470962146,80.24956399922276,303.1055379200262,121.40357505531225,282.2048252903785,258.75043600077737,17.9163144792399,217.8043366355056,132.32972516862645,38.22055625158748,249.6363998644248,56.22455780163601,210.67027483137352,305.77944374841263,93.36360013557518,287.775442198364,True
./data/train/PICAI/10530/,9,0,0.5625,0.5625,3.5999998731745726,39.79517470962146,80.24956399922276,303.1055379200262,121.40357505531225,282.2048252903785,258.75043600077737,17.9163144792399,217.8043366355056,132.32972516862645,38.22055625158748,249.6363998644248,56.22455780163601,210.67027483137352,305.77944374841263,93.36360013557518,287.775442198364,True
./data/train/PICAI/10530/,11,0,0.5625,0.5625,3.5999998731745726,39.79517470962146,80.24956399922276,303.1055379200262,121.40357505531225,282.2048252903785,258.75043600077737,17.9163144792399,217.8043366355056,132.32972516862645,38.22055625158748,249.6363998644248,56.22455780163601,210.67027483137352,305.77944374841263,93.36360013557518,287.775442198364,True
