path,curFrame,Deleted,pixelSpacingX,pixelSpacingY,pixelSpacingZ,tra_UL_x,tra_UL_y,tra_LL_x,tra_LL_y,tra_LR_x,tra_LR_y,tra_UR_x,tra_UR_y,cor_UL_x,cor_UL_y,cor_LL_x,cor_LL_y,cor_LR_x,cor_LR_y,cor_UR_x,cor_UR_y,Dirty
./data/train/PICAI/10571/,8,0,0.5625,0.5625,3.600000010596389,52.64588028868639,25.625674646402416,261.483951566678,185.111285235222,183.3541197113136,287.3743253535976,-24.518025740389,128.14753380988066,162.3981500106151,32.52860236128336,248.37915179031864,98.0134657493872,91.60184998938487,304.4713976387166,5.879667254783897,238.02060842432368,True
./data/train/PICAI/10571/,9,0,0.5625,0.5625,3.600000010596389,52.64588028868639,25.625674646402416,261.483951566678,185.111285235222,183.3541197113136,287.3743253535976,-24.518025740389,128.14753380988066,162.3981500106151,32.52860236128336,248.37915179031864,98.0134657493872,91.60184998938487,304.4713976387166,5.879667254783897,238.02060842432368,True
./data/train/PICAI/10571/,10,0,0.5625,0.5625,3.600000010596389,52.64588028868639,25.625674646402416,261.483951566678,185.111285235222,183.3541197113136,287.3743253535976,-24.518025740389,128.14753380988066,162.3981500106151,32.52860236128336,248.37915179031864,98.0134657493872,91.60184998938487,304.4713976387166,5.879667254783897,238.02060842432368,True
