path,curFrame,Deleted,pixelSpacingX,pixelSpacingY,pixelSpacingZ,tra_UL_x,tra_UL_y,tra_LL_x,tra_LL_y,tra_LR_x,tra_LR_y,tra_UR_x,tra_UR_y,cor_UL_x,cor_UL_y,cor_LL_x,cor_LL_y,cor_LR_x,cor_LR_y,cor_UR_x,cor_UR_y,Dirty
./data/train/PICAI/11454/,14,0,0.5625,0.5625,3.6000000347232244,21.218987892481607,41.01009521331841,275.71807062079426,106.97384958227096,239.78101210751836,247.9899047866816,-14.61354215752658,181.0316285223608,108.7622758410522,12.318996854934738,230.09695006463272,44.17644231212094,164.2377241589478,297.68100314506523,42.90304993536731,265.8235576878791,True
./data/train/PICAI/11454/,15,0,0.5625,0.5625,3.6000000347232244,21.218987892481607,41.01009521331841,275.71807062079426,106.97384958227096,239.78101210751836,247.9899047866816,-14.61354215752658,181.0316285223608,108.7622758410522,12.318996854934738,230.09695006463272,44.17644231212094,164.2377241589478,297.68100314506523,42.90304993536731,265.8235576878791,True
./data/train/PICAI/11454/,16,0,0.5625,0.5625,3.6000000347232244,21.218987892481607,41.01009521331841,275.71807062079426,106.97384958227096,239.78101210751836,247.9899047866816,-14.61354215752658,181.0316285223608,112.7622758410522,12.318996854934738,234.09695006463272,44.17644231212094,168.2377241589478,297.68100314506523,46.90304993536731,265.8235576878791,True
