path,curFrame,Deleted,pixelSpacingX,pixelSpacingY,pixelSpacingZ,tra_UL_x,tra_UL_y,tra_LL_x,tra_LL_y,tra_LR_x,tra_LR_y,tra_UR_x,tra_UR_y,cor_UL_x,cor_UL_y,cor_LL_x,cor_LL_y,cor_LR_x,cor_LR_y,cor_UR_x,cor_UR_y,Dirty
./data/train/PICAI/10673/,7,0,0.5625,0.5625,3.6000000635783334,6.012343444606103,73.39092979966179,264.0145775633556,119.05105671291074,241.98765655539387,244.60907020033824,-16.014577563355687,198.9489432870893,113.99587983524104,27.24918070648536,211.83475326159493,44.84335152132924,165.00412016475897,304.75081929351467,68.16144143649679,287.2438042214185,True
./data/train/PICAI/10673/,8,0,0.5625,0.5625,3.6000000635783334,6.012343444606103,73.39092979966179,264.0145775633556,119.05105671291074,241.98765655539387,244.60907020033824,-16.014577563355687,198.9489432870893,113.99587983524104,27.24918070648536,211.83475326159493,44.84335152132924,165.00412016475897,304.75081929351467,68.16144143649679,287.2438042214185,True
./data/train/PICAI/10673/,9,0,0.5625,0.5625,3.6000000635783334,6.012343444606103,73.39092979966179,264.0145775633556,119.05105671291074,241.98765655539387,244.60907020033824,-16.014577563355687,198.9489432870893,113.99587983524104,27.24918070648536,211.83475326159493,44.84335152132924,165.00412016475897,304.75081929351467,68.16144143649679,287.2438042214185,True
