path,curFrame,Deleted,pixelSpacingX,pixelSpacingY,pixelSpacingZ,tra_UL_x,tra_UL_y,tra_LL_x,tra_LL_y,tra_LR_x,tra_LR_y,tra_UR_x,tra_UR_y,cor_UL_x,cor_UL_y,cor_LL_x,cor_LL_y,cor_LR_x,cor_LR_y,cor_UR_x,cor_UR_y,Dirty
./data/train/PICAI/10096/,9,0,0.5625,0.5625,3.599999957614445,-5.137791404395998,93.83435710498584,246.90869933764355,95.0859579291365,246.13779140439595,223.1656428950141,-5.097539762298325,220.7555861401844,87.2199211085098,27.192454506475883,183.90232484267432,28.422417182337256,181.78007889149023,292.80754549352406,85.27132333499263,292.562390570675,True
./data/train/PICAI/10096/,8,0,0.5625,0.5625,3.599999957614445,-5.137791404395998,93.83435710498584,246.90869933764355,95.0859579291365,246.13779140439595,223.1656428950141,-5.097539762298325,220.7555861401844,87.2199211085098,27.192454506475883,183.90232484267432,28.422417182337256,181.78007889149023,292.80754549352406,85.27132333499263,292.562390570675,True
./data/train/PICAI/10096/,10,0,0.5625,0.5625,3.599999957614445,-5.137791404395998,93.83435710498584,246.90869933764355,95.0859579291365,246.13779140439595,223.1656428950141,-5.097539762298325,220.7555861401844,87.2199211085098,27.192454506475883,183.90232484267432,28.422417182337256,181.78007889149023,292.80754549352406,85.27132333499263,292.562390570675,True
