path,curFrame,Deleted,pixelSpacingX,pixelSpacingY,pixelSpacingZ,tra_UL_x,tra_UL_y,tra_LL_x,tra_LL_y,tra_LR_x,tra_LR_y,tra_UR_x,tra_UR_y,cor_UL_x,cor_UL_y,cor_LL_x,cor_LL_y,cor_LR_x,cor_LR_y,cor_UR_x,cor_UR_y,Dirty
./data/train/PICAI/10599/,8,0,0.5625,0.5625,3.599999957614445,16.893728505071834,62.99935885637503,280.61961212821075,127.28511394406638,251.1062714949281,252.000641143625,-12.671948084453676,186.71625652117905,124.00548314425876,35.89017775216689,224.4398857722499,60.6678041267526,164.99451685574124,302.1098222478331,65.55874376250466,277.27985991700444,True
./data/train/PICAI/10599/,7,0,0.5625,0.5625,3.599999957614445,16.893728505071834,62.99935885637503,280.61961212821075,127.28511394406638,251.1062714949281,252.000641143625,-12.671948084453676,186.71625652117905,124.00548314425876,35.89017775216689,224.4398857722499,60.6678041267526,164.99451685574124,302.1098222478331,65.55874376250466,277.27985991700444,True
./data/train/PICAI/10599/,9,0,0.5625,0.5625,3.599999957614445,16.893728505071834,62.99935885637503,280.61961212821075,127.28511394406638,251.1062714949281,252.000641143625,-12.671948084453676,186.71625652117905,124.00548314425876,35.89017775216689,224.4398857722499,60.6678041267526,164.99451685574124,302.1098222478331,65.55874376250466,277.27985991700444,True
