path,curFrame,Deleted,pixelSpacingX,pixelSpacingY,pixelSpacingZ,tra_UL_x,tra_UL_y,tra_LL_x,tra_LL_y,tra_LR_x,tra_LR_y,tra_UR_x,tra_UR_y,cor_UL_x,cor_UL_y,cor_LL_x,cor_LL_y,cor_LR_x,cor_LR_y,cor_UR_x,cor_UR_y,Dirty,h_par_cor,h_orth_cor,h_par_tra,h_orth_tra
./data/train/PICAI/10687/,14,0,0.39285713434219,0.39285713434219,3.2999999999999763,47.478819329851405,157.6400223057322,489.0387592901766,212.3923685772314,459.5211806701485,448.3599776942677,17.961240709823443,393.6076314227686,203.66164409024748,82.75777383645337,407.29072056664086,108.37415947867764,351.3383559097525,554.2422261635465,148.69090661680684,528.435031525946,True,,,,
./data/train/PICAI/10687/,15,0,0.39285713434219,0.39285713434219,3.2999999999999763,47.478819329851405,157.6400223057322,489.0387592901766,212.3923685772314,459.5211806701485,448.3599776942677,17.961240709823443,393.6076314227686,203.66164409024748,82.75777383645337,407.29072056664086,108.37415947867764,351.3383559097525,554.2422261635465,148.69090661680684,528.435031525946,True,,,,
./data/train/PICAI/10687/,-1,0,-1.0,-1.0,-1.0,-1.0,-1.0,-1.0,-1.0,-1.0,-1.0,-1.0,-1.0,-1.0,-1.0,-1.0,-1.0,-1.0,-1.0,-1.0,-1.0,False,80.0,60.0,30.0,160.0
./data/train/PICAI/10687/,16,0,0.39285713434219,0.39285713434219,3.2999999999999763,52.67731192882636,150.5385361612052,492.05743617612166,220.66774845131656,454.3226880711736,455.4614638387948,14.942563823878402,385.33225154868336,211.93390946625703,80.32446017249993,414.5449416448837,113.03179328774377,343.06609053374297,556.6755398275,141.4427466957115,523.8117722472161,True,,,,
