path,curFrame,Deleted,pixelSpacingX,pixelSpacingY,pixelSpacingZ,tra_UL_x,tra_UL_y,tra_LL_x,tra_LL_y,tra_LR_x,tra_LR_y,tra_UR_x,tra_UR_y,cor_UL_x,cor_UL_y,cor_LL_x,cor_LL_y,cor_LR_x,cor_LR_y,cor_UR_x,cor_UR_y,Dirty
./data/train/PICAI/10627/,15,0,0.392857134342,0.392857134342,3.2999999999999736,-28.38560201507741,261.54676349729533,394.248094110516,183.4586152338128,431.38560201507744,387.4532365027047,9.744452041125356,465.41951542278207,112.76112622131598,132.3480613389951,277.2976401113653,102.0704194739222,356.238873778684,531.651938661005,192.694906040276,561.8077111826725,True
./data/train/PICAI/10627/,16,0,0.392857134342,0.392857134342,3.2999999999999736,-28.38560201507741,261.54676349729533,394.248094110516,183.4586152338128,431.38560201507744,387.4532365027047,9.744452041125356,465.41951542278207,112.76112622131598,132.3480613389951,277.2976401113653,102.0704194739222,356.238873778684,531.651938661005,192.694906040276,561.8077111826725,True
./data/train/PICAI/10627/,17,0,0.392857134342,0.392857134342,3.2999999999999736,-28.38560201507741,261.54676349729533,394.248094110516,183.4586152338128,431.38560201507744,387.4532365027047,9.744452041125356,465.41951542278207,112.76112622131598,132.3480613389951,277.2976401113653,102.0704194739222,356.238873778684,531.651938661005,192.694906040276,561.8077111826725,True
