path,curFrame,Deleted,pixelSpacingX,pixelSpacingY,pixelSpacingZ,tra_UL_x,tra_UL_y,tra_LL_x,tra_LL_y,tra_LR_x,tra_LR_y,tra_UR_x,tra_UR_y,cor_UL_x,cor_UL_y,cor_LL_x,cor_LL_y,cor_LR_x,cor_LR_y,cor_UR_x,cor_UR_y,Dirty
./data/train/PICAI/10080/,14,0,0.625,0.625,3.5,30.553517879489007,85.55117155483094,273.1992761002721,157.12655850775843,237.44648212051092,279.44882844516894,-4.19988527325313,207.8385419955391,129.1379165263006,51.45142434621229,232.2972632668359,82.87035462822563,159.8620834736994,329.5485756537877,56.73763622986653,299.1290361987935,True
./data/train/PICAI/10080/,13,0,0.625,0.625,3.5,45.05292102157173,72.09770318872312,275.3758988485451,176.7462860024219,222.94707897842827,292.9022968112768,-6.381376953177011,188.35824246084573,148.6392407244708,50.66664673181532,246.4219778376668,96.13681632300566,140.3607592755292,330.33335326818457,42.47349369906546,285.8577055723626,True
./data/train/PICAI/10080/,15,0,0.625,0.625,3.5,43.139682336965,73.6668585670137,275.2539504591713,174.27981267379138,224.860317663035,291.33314143298617,-6.25775576107975,190.80734306895627,146.198181783335,50.61570431735089,244.75958999252492,94.37240451082326,142.801818216665,330.384295682649,44.15325426472727,287.62379018726847,True
