path,curFrame,Deleted,pixelSpacingX,pixelSpacingY,pixelSpacingZ,tra_UL_x,tra_UL_y,tra_LL_x,tra_LL_y,tra_LR_x,tra_LR_y,tra_UR_x,tra_UR_y,cor_UL_x,cor_UL_y,cor_LL_x,cor_LL_y,cor_LR_x,cor_LR_y,cor_UR_x,cor_UR_y,Dirty
./data/train/PICAI/10667/,8,0,0.5625,0.5625,3.5999999576145,41.95463823064088,39.57089541370161,277.3496545168021,157.8510133864106,221.0453617693592,270.4291045862983,-13.361966176206836,152.30542107862962,157.46410941263528,30.272631323401583,247.58915615856165,74.92099018511787,132.53589058736472,302.7273686765985,43.39853218203352,258.2354442799224,True
./data/train/PICAI/10667/,9,0,0.5625,0.5625,3.5999999576145,41.95463823064088,39.57089541370161,277.3496545168021,157.8510133864106,221.0453617693592,270.4291045862983,-13.361966176206836,152.30542107862962,157.46410941263528,30.272631323401583,247.58915615856165,74.92099018511787,132.53589058736472,302.7273686765985,43.39853218203352,258.2354442799224,True
./data/train/PICAI/10667/,10,0,0.5625,0.5625,3.5999999576145,41.95463823064088,39.57089541370161,277.3496545168021,157.8510133864106,221.0453617693592,270.4291045862983,-13.361966176206836,152.30542107862962,157.46410941263528,30.272631323401583,247.58915615856165,74.92099018511787,132.53589058736472,302.7273686765985,43.39853218203352,258.2354442799224,True
