path,curFrame,Deleted,pixelSpacingX,pixelSpacingY,pixelSpacingZ,tra_UL_x,tra_UL_y,tra_LL_x,tra_LL_y,tra_LR_x,tra_LR_y,tra_UR_x,tra_UR_y,cor_UL_x,cor_UL_y,cor_LL_x,cor_LL_y,cor_LR_x,cor_LR_y,cor_UR_x,cor_UR_y,Dirty
./data/train/PICAI/11202/,8,0,0.5625,0.5625,3.6000000635782783,73.43880042359655,31.18594163547671,291.29324895851204,174.79805551709848,217.56119957640345,286.8140583645233,-0.0176116026951262,142.24068278696325,179.8951762272804,31.204637174367942,274.0795276321456,94.2172183946868,134.31939863311962,305.89410976966815,39.84993219383361,243.8570887507628,True
./data/train/PICAI/11202/,9,0,0.5625,0.5625,3.6000000635782783,58.39931830695184,40.92069932199668,292.13182684200314,156.91257168343492,232.60068169304816,277.0793006780033,-0.975392376962958,160.09973997596995,162.98720592702475,29.451238966303563,264.1488233583416,80.51594889676666,151.22736893337523,307.6475079777325,49.90165255306753,257.5858333529165,True
./data/train/PICAI/11202/,10,0,0.5625,0.5625,3.6000000635782783,58.39931830695184,40.92069932199668,292.13182684200314,156.91257168343492,232.60068169304816,277.0793006780033,-0.975392376962958,160.09973997596995,162.98720592702475,29.451238966303563,264.1488233583416,80.51594889676666,151.22736893337523,307.6475079777325,49.90165255306753,257.5858333529165,True
