path,curFrame,Deleted,pixelSpacingX,pixelSpacingY,pixelSpacingZ,tra_UL_x,tra_UL_y,tra_LL_x,tra_LL_y,tra_LR_x,tra_LR_y,tra_UR_x,tra_UR_y,cor_UL_x,cor_UL_y,cor_LL_x,cor_LL_y,cor_LR_x,cor_LR_y,cor_UR_x,cor_UR_y,Dirty
./data/train/PICAI/10277/,15,0,0.392857134342,0.392857134342,3.299999927102697,40.62536539031004,159.30994873771775,476.4587483275973,297.510029480965,409.37463460969,510.6900512622823,-26.45874832759725,372.489970519035,241.79666882287407,97.01065613545204,409.231686405902,149.7981062251391,268.2033311771258,596.989343864548,99.66926323546215,543.3119003427603,True
./data/train/PICAI/10277/,16,0,0.392857134342,0.392857134342,3.299999927102697,40.62536539031004,159.30994873771775,476.4587483275973,297.510029480965,409.37463460969,510.6900512622823,-26.45874832759725,372.489970519035,241.79666882287407,97.01065613545204,409.231686405902,149.7981062251391,268.2033311771258,596.989343864548,99.66926323546215,543.3119003427603,True
./data/train/PICAI/10277/,17,0,0.392857134342,0.392857134342,3.299999927102697,40.62536539031004,159.30994873771775,476.4587483275973,297.510029480965,409.37463460969,510.6900512622823,-26.45874832759725,372.489970519035,241.79666882287407,97.01065613545204,409.231686405902,149.7981062251391,268.2033311771258,596.989343864548,99.66926323546215,543.3119003427603,True
