path,curFrame,Deleted,pixelSpacingX,pixelSpacingY,pixelSpacingZ,tra_UL_x,tra_UL_y,tra_LL_x,tra_LL_y,tra_LR_x,tra_LR_y,tra_UR_x,tra_UR_y,cor_UL_x,cor_UL_y,cor_LL_x,cor_LL_y,cor_LR_x,cor_LR_y,cor_UR_x,cor_UR_y,Dirty
./data/train/PICAI/10537/,10,0,0.5625,0.5625,3.6000000635782783,24.65901416407914,41.61389377877465,292.56176409986045,133.11862904884828,250.3409858359209,257.3861062212253,-16.567242204492146,165.98589941441938,140.67462616694462,14.991452267217142,248.4533449711316,51.45715907413354,164.32537383305538,297.00854773278286,56.5466550288684,260.54284092586647,True
./data/train/PICAI/10537/,9,0,0.5625,0.5625,3.6000000635782783,24.65901416407914,41.61389377877465,292.56176409986045,133.11862904884828,250.3409858359209,257.3861062212253,-16.567242204492146,165.98589941441938,140.67462616694462,14.991452267217142,248.4533449711316,51.45715907413354,164.32537383305538,297.00854773278286,56.5466550288684,260.54284092586647,True
./data/train/PICAI/10537/,11,0,0.5625,0.5625,3.6000000635782783,24.65901416407914,41.61389377877465,292.56176409986045,133.11862904884828,250.3409858359209,257.3861062212253,-16.567242204492146,165.98589941441938,140.67462616694462,14.991452267217142,248.4533449711316,51.45715907413354,164.32537383305538,297.00854773278286,56.5466550288684,260.54284092586647,True
