path,curFrame,Deleted,pixelSpacingX,pixelSpacingY,pixelSpacingZ,tra_UL_x,tra_UL_y,tra_LL_x,tra_LL_y,tra_LR_x,tra_LR_y,tra_UR_x,tra_UR_y,cor_UL_x,cor_UL_y,cor_LL_x,cor_LL_y,cor_LR_x,cor_LR_y,cor_UR_x,cor_UR_y,Dirty
./data/train/PICAI/10039/,10,0,0.5625,0.5625,3.599999904632556,79.46216309321197,32.41199139919827,299.38974632931007,183.24517143967125,214.0124118873524,307.9564040631873,-4.925004499614687,157.47913765460368,167.13554719901975,32.35331238561193,271.4194961705932,104.22025879976184,122.86445280098026,320.64668761438804,17.634985253807514,248.45417304578123,True
./data/train/PICAI/10039/,9,0,0.5625,0.5625,3.599999904632556,79.46216309321197,32.41199139919827,299.38974632931007,183.24517143967125,214.0124118873524,307.9564040631873,-4.925004499614687,157.47913765460368,167.13554719901975,32.35331238561193,271.4194961705932,104.22025879976184,122.86445280098026,320.64668761438804,17.634985253807514,248.45417304578123,True
./data/train/PICAI/10039/,11,0,0.5625,0.5625,3.599999904632556,91.7258042253068,27.07284280359005,297.6705187718202,196.5000089238665,201.74877075525748,313.2955526587955,-3.240564742866553,144.30924453876594,179.6145263826697,34.831074108315875,277.23802635049,115.51349012341204,110.38547361733028,318.16892589168407,11.84842819186744,237.0797732335124,True
