path,curFrame,Deleted,pixelSpacingX,pixelSpacingY,pixelSpacingZ,tra_UL_x,tra_UL_y,tra_LL_x,tra_LL_y,tra_LR_x,tra_LR_y,tra_UR_x,tra_UR_y,cor_UL_x,cor_UL_y,cor_LL_x,cor_LL_y,cor_LR_x,cor_LR_y,cor_UR_x,cor_UR_y,Dirty,h_par_cor,h_orth_cor,h_par_tra,h_orth_tra
./data/train/PICAI/10424/,-1,0,-1.0,-1.0,-1.0,-1.0,-1.0,-1.0,-1.0,-1.0,-1.0,-1.0,-1.0,-1.0,-1.0,-1.0,-1.0,-1.0,-1.0,-1.0,-1.0,False,80.0,60.0,30.0,160.0
./data/train/PICAI/10424/,18,0,0.39285713434219,0.39285713434219,3.299999978721496,45.05271498541839,185.53015235421603,509.9756622941552,281.8143829725142,467.9472850145816,482.469847645784,3.024337705844829,386.1856170274858,233.11822055740683,102.9074557561193,430.7406132529169,145.8305253726044,344.88177944259314,570.0925442438808,147.2593867470831,527.1694746273956,True,,,,
./data/train/PICAI/10424/,17,0,0.39285713434219,0.39285713434219,3.299999978721496,45.05271498541839,185.53015235421603,509.9756622941552,281.8143829725142,467.9472850145816,482.469847645784,3.024337705844829,386.1856170274858,233.11822055740683,102.9074557561193,430.7406132529169,145.8305253726044,344.88177944259314,570.0925442438808,147.2593867470831,527.1694746273956,True,,,,
./data/train/PICAI/10424/,19,0,0.39285713434219,0.39285713434219,3.299999978721496,45.05271498541839,185.53015235421603,509.9756622941552,281.8143829725142,467.9472850145816,482.469847645784,3.024337705844829,386.1856170274858,233.11822055740683,102.9074557561193,430.7406132529169,145.8305253726044,344.88177944259314,570.0925442438808,147.2593867470831,527.1694746273956,True,,,,
