path,curFrame,Deleted,pixelSpacingX,pixelSpacingY,pixelSpacingZ,tra_UL_x,tra_UL_y,tra_LL_x,tra_LL_y,tra_LR_x,tra_LR_y,tra_UR_x,tra_UR_y,cor_UL_x,cor_UL_y,cor_LL_x,cor_LL_y,cor_LR_x,cor_LR_y,cor_UR_x,cor_UR_y,Dirty
./data/train/PICAI/10848/,9,0,0.5625,0.5625,3.600000169542111,15.914696306132171,71.2430697590719,277.01269321238715,98.14727038910914,262.08530369386784,243.7569302409281,1.986697614631936,216.8178301141884,109.24222211152215,29.427087321430093,222.69687801521752,40.47430659933399,195.75777788847788,300.57291267857,82.26822248807997,288.52630257364694,True
./data/train/PICAI/10848/,10,0,0.5625,0.5625,3.600000169542111,19.0,66.99999999999999,279.0,103.0,259.0,248.00000000000009,-8.526512829121202e-14,212.00000000000003,110.0,27.999999999999943,223.0,43.0,187.00000000000009,302.0000000000001,74.0,286.0,True
./data/train/PICAI/10848/,11,0,0.5625,0.5625,3.600000169542111,25.60527484266443,58.84967660219085,282.46069485543023,112.89866558501711,252.3947251573356,256.1503233978092,-3.4631308051704366,202.171090888727,119.65042096794193,25.64810087525524,231.32881154114017,48.49404316223877,177.3495790320581,304.3518991247448,65.74094493260395,280.5083927875014,True
