path,curFrame,Deleted,pixelSpacingX,pixelSpacingY,pixelSpacingZ,tra_UL_x,tra_UL_y,tra_LL_x,tra_LL_y,tra_LR_x,tra_LR_y,tra_UR_x,tra_UR_y,cor_UL_x,cor_UL_y,cor_LL_x,cor_LL_y,cor_LR_x,cor_LR_y,cor_UR_x,cor_UR_y,Dirty
./data/train/PICAI/10208/,11,0,0.5625,0.5625,3.599999854962012,42.29857494867724,67.32886667426405,294.1316373885571,181.17573163835368,234.7014250513228,311.67113332573587,-15.945578097005496,197.0540324517303,150.57830920739903,45.06682180689504,267.02523195622746,98.44391597966153,157.421690792601,339.933178193105,40.97476804377244,286.55608402033846,True
./data/train/PICAI/10208/,12,0,0.5625,0.5625,3.599999854962012,42.29857494867724,67.32886667426405,294.1316373885571,181.17573163835368,234.7014250513228,311.67113332573587,-15.945578097005496,197.0540324517303,148.57830920739903,45.06682180689504,265.02523195622746,98.44391597966153,155.421690792601,339.933178193105,38.97476804377244,286.55608402033846,True
./data/train/PICAI/10208/,13,0,0.5625,0.5625,3.599999854962012,42.29857494867724,67.32886667426405,294.1316373885571,181.17573163835368,234.7014250513228,311.67113332573587,-15.945578097005496,197.0540324517303,148.57830920739903,45.06682180689504,265.02523195622746,98.44391597966153,155.421690792601,339.933178193105,38.97476804377244,286.55608402033846,True
