path,curFrame,Deleted,pixelSpacingX,pixelSpacingY,pixelSpacingZ,tra_UL_x,tra_UL_y,tra_LL_x,tra_LL_y,tra_LR_x,tra_LR_y,tra_UR_x,tra_UR_y,cor_UL_x,cor_UL_y,cor_LL_x,cor_LL_y,cor_LR_x,cor_LR_y,cor_UR_x,cor_UR_y,Dirty
./data/train/PICAI/10089/,9,0,0.5625,0.5625,3.6000000635782774,54.68282119506398,51.47760863413495,297.3513910303768,202.26542383842755,226.317178804936,315.522391365865,-14.351695640064063,164.6996713486979,152.527133782565,45.63759819375039,251.62916191987745,107.91751485290564,113.472866217435,329.36240180624964,13.370990384966134,267.0999375535316,True
./data/train/PICAI/10089/,8,0,0.5625,0.5625,3.6000000635782774,54.68282119506398,51.47760863413495,297.3513910303768,202.26542383842755,226.317178804936,315.522391365865,-14.351695640064063,164.6996713486979,152.527133782565,45.63759819375039,251.62916191987745,107.91751485290564,113.472866217435,329.36240180624964,13.370990384966134,267.0999375535316,True
./data/train/PICAI/10089/,10,0,0.5625,0.5625,3.6000000635782774,54.68282119506398,51.47760863413495,297.3513910303768,202.26542383842755,226.317178804936,315.522391365865,-14.351695640064063,164.6996713486979,152.527133782565,45.63759819375039,251.62916191987745,107.91751485290564,113.472866217435,329.36240180624964,13.370990384966134,267.0999375535316,True
